{"mean":{"confidence_interval":{"confidence_level":0.95,"lower_bound":295946.26901014266,"upper_bound":299505.8024503022},"point_estimate":297803.5918274246,"standard_error":904.4918097200245},"median":{"confidence_interval":{"confidence_level":0.95,"lower_bound":298090.05892916804,"upper_bound":300836.0140845071},"point_estimate":299055.7057049419,"standard_error":654.283439811468},"median_abs_dev":{"confidence_interval":{"confidence_level":0.95,"lower_bound":4319.091502808093,"upper_bound":7260.64490138623},"point_estimate":5975.111801561239,"standard_error":732.9346039444729},"slope":{"confidence_interval":{"confidence_level":0.95,"lower_bound":298222.87605037563,"upper_bound":300519.4660353132},"point_estimate":299394.94730678294,"standard_error":585.4626557607224},"std_dev":{"confidence_interval":{"confidence_level":0.95,"lower_bound":6428.297961017194,"upper_bound":11382.916693220242},"point_estimate":9073.558239773753,"standard_error":1268.4637905124328}}