{"mean":{"confidence_interval":{"confidence_level":0.95,"lower_bound":375005.79587674397,"upper_bound":375948.51200910046},"point_estimate":375593.5459549293,"standard_error":263.15611004780266},"median":{"confidence_interval":{"confidence_level":0.95,"lower_bound":375757.99333333335,"upper_bound":375835.663003663},"point_estimate":375798.13556763285,"standard_error":21.934000272371552},"median_abs_dev":{"confidence_interval":{"confidence_level":0.95,"lower_bound":120.45018126058994,"upper_bound":248.78470034009086},"point_estimate":163.14058374001954,"standard_error":31.113992616816734},"slope":{"confidence_interval":{"confidence_level":0.95,"lower_bound":375569.9878460905,"upper_bound":375917.6992709753},"point_estimate":375741.5398798089,"standard_error":88.78878617466819},"std_dev":{"confidence_interval":{"confidence_level":0.95,"lower_bound":495.92145216378265,"upper_bound":4443.321874914267},"point_estimate":2629.944075276654,"standard_error":1345.8528277999146}}