{"mean":{"confidence_interval":{"confidence_level":0.95,"lower_bound":384062.61950808554,"upper_bound":389671.6451399002},"point_estimate":386836.07646186353,"standard_error":1428.713650878998},"median":{"confidence_interval":{"confidence_level":0.95,"lower_bound":383201.67195767193,"upper_bound":387264.22714285715},"point_estimate":385904.67234848486,"standard_error":1067.192254954932},"median_abs_dev":{"confidence_interval":{"confidence_level":0.95,"lower_bound":8886.017155992107,"upper_bound":14492.424851344373},"point_estimate":12480.083502572126,"standard_error":1453.09409257005},"slope":{"confidence_interval":{"confidence_level":0.95,"lower_bound":384402.3719358867,"upper_bound":391009.60128964746},"point_estimate":387571.3644510123,"standard_error":1687.1941887482637},"std_dev":{"confidence_interval":{"confidence_level":0.95,"lower_bound":12158.74308487451,"upper_bound":16411.05702992911},"point_estimate":14402.642493998183,"standard_error":1083.9207772241696}}