{"mean":{"confidence_interval":{"confidence_level":0.95,"lower_bound":447809.66859235795,"upper_bound":449937.4167910049},"point_estimate":449041.112537214,"standard_error":551.1995672582902},"median":{"confidence_interval":{"confidence_level":0.95,"lower_bound":449891.82239977573,"upper_bound":450758.7417929293},"point_estimate":450583.30049818836,"standard_error":266.81293907479693},"median_abs_dev":{"confidence_interval":{"confidence_level":0.95,"lower_bound":981.173328637398,"upper_bound":2184.7164597144306},"point_estimate":1353.1577531288754,"standard_error":329.9533729312269},"slope":{"confidence_interval":{"confidence_level":0.95,"lower_bound":448888.4220960478,"upper_bound":449993.1935020193},"point_estimate":449452.50972661446,"standard_error":282.0835818708725},"std_dev":{"confidence_interval":{"confidence_level":0.95,"lower_bound":2299.107163875587,"upper_bound":8800.32173766877},"point_estimate":5574.078743349417,"standard_error":2030.1065728131837}}