{"mean":{"confidence_interval":{"confidence_level":0.95,"lower_bound":771359.1477801566,"upper_bound":787310.9565441518},"point_estimate":779283.3696231644,"standard_error":4083.677651542152},"median":{"confidence_interval":{"confidence_level":0.95,"lower_bound":774289.7271780303,"upper_bound":789187.435},"point_estimate":781824.4563492064,"standard_error":4086.4245659228914},"median_abs_dev":{"confidence_interval":{"confidence_level":0.95,"lower_bound":20217.014229747234,"upper_bound":45364.10901928951},"point_estimate":29237.375241349586,"standard_error":6574.725447640358},"slope":{"confidence_interval":{"confidence_level":0.95,"lower_bound":774029.5092357239,"upper_bound":784981.6641428785},"point_estimate":779704.2477597162,"standard_error":2782.700467897177},"std_dev":{"confidence_interval":{"confidence_level":0.95,"lower_bound":34041.96317324171,"upper_bound":47761.11708900696},"point_estimate":41136.5635811543,"standard_error":3511.3815567021584}}