{"mean":{"confidence_interval":{"confidence_level":0.95,"lower_bound":416631.676398032,"upper_bound":423212.3137477143},"point_estimate":419929.2094754544,"standard_error":1681.3241460949046},"median":{"confidence_interval":{"confidence_level":0.95,"lower_bound":415192.1296296296,"upper_bound":427903.54037267086},"point_estimate":422666.6268518518,"standard_error":3146.75284770573},"median_abs_dev":{"confidence_interval":{"confidence_level":0.95,"lower_bound":15239.385710258448,"upper_bound":23890.003741492637},"point_estimate":20680.78722699015,"standard_error":2159.1114997379323},"slope":{"confidence_interval":{"confidence_level":0.95,"lower_bound":406450.0888600101,"upper_bound":414539.0128197874},"point_estimate":410221.8870843801,"standard_error":2047.135396557179},"std_dev":{"confidence_interval":{"confidence_level":0.95,"lower_bound":15177.282084314027,"upper_bound":18494.67265971122},"point_estimate":16952.297896705255,"standard_error":843.9304939444933}}