{"mean":{"confidence_interval":{"confidence_level":0.95,"lower_bound":377240.5183195206,"upper_bound":378174.9281837986},"point_estimate":377841.83665270207,"standard_error":280.4720133735189},"median":{"confidence_interval":{"confidence_level":0.95,"lower_bound":378042.31481481483,"upper_bound":378222.3783783784},"point_estimate":378115.28771929827,"standard_error":53.67542350298698},"median_abs_dev":{"confidence_interval":{"confidence_level":0.95,"lower_bound":241.07850792237303,"upper_bound":401.4392642674279},"point_estimate":313.9524883403158,"standard_error":40.65237587751448},"slope":{"confidence_interval":{"confidence_level":0.95,"lower_bound":378052.137634331,"upper_bound":378208.4691830843},"point_estimate":378133.22591399436,"standard_error":40.0951020254879},"std_dev":{"confidence_interval":{"confidence_level":0.95,"lower_bound":283.21051009616485,"upper_bound":4846.855083793715},"point_estimate":2835.7683528373077,"standard_error":1622.549552832308}}