{"mean":{"confidence_interval":{"confidence_level":0.95,"lower_bound":375305.73342262517,"upper_bound":376446.954457866},"point_estimate":375959.20751292125,"standard_error":289.415104899271},"median":{"confidence_interval":{"confidence_level":0.95,"lower_bound":376009.2620614035,"upper_bound":376086.5333333333},"point_estimate":376043.44566276803,"standard_error":17.358544789809862},"median_abs_dev":{"confidence_interval":{"confidence_level":0.95,"lower_bound":91.25257485051426,"upper_bound":159.40997209104503},"point_estimate":129.7060264476013,"standard_error":18.387622326090316},"slope":{"confidence_interval":{"confidence_level":0.95,"lower_bound":376042.67132245924,"upper_bound":376473.09105442907},"point_estimate":376205.6825821388,"standard_error":114.22749773932108},"std_dev":{"confidence_interval":{"confidence_level":0.95,"lower_bound":313.28595792545303,"upper_bound":4842.8216006050225},"point_estimate":2918.560204197152,"standard_error":1295.741028224043}}