{"mean":{"confidence_interval":{"confidence_level":0.95,"lower_bound":261694.0128524752,"upper_bound":262294.2629820501},"point_estimate":261939.3062983729,"standard_error":156.9425645190264},"median":{"confidence_interval":{"confidence_level":0.95,"lower_bound":261587.33361872146,"upper_bound":261700.52777777775},"point_estimate":261646.7421875,"standard_error":31.952307705866104},"median_abs_dev":{"confidence_interval":{"confidence_level":0.95,"lower_bound":149.5843843368275,"upper_bound":275.2264838083776},"point_estimate":208.5408134851461,"standard_error":33.23924923085935},"slope":{"confidence_interval":{"confidence_level":0.95,"lower_bound":261781.5581484572,"upper_bound":262901.0592161375},"point_estimate":262197.8994946062,"standard_error":307.0184743103145},"std_dev":{"confidence_interval":{"confidence_level":0.95,"lower_bound":501.59976452757417,"upper_bound":2524.4616781291948},"point_estimate":1571.31982993485,"standard_error":615.1855088601334}}