{"mean":{"confidence_interval":{"confidence_level":0.95,"lower_bound":375110.92623655626,"upper_bound":376120.10030173033},"point_estimate":375746.16161260963,"standard_error":283.35571313643555},"median":{"confidence_interval":{"confidence_level":0.95,"lower_bound":376010.7916666667,"upper_bound":376061.9885294117},"point_estimate":376034.2144261006,"standard_error":12.432526815334699},"median_abs_dev":{"confidence_interval":{"confidence_level":0.95,"lower_bound":86.90347800846429,"upper_bound":160.64073678537002},"point_estimate":116.44299066684941,"standard_error":18.635370537758813},"slope":{"confidence_interval":{"confidence_level":0.95,"lower_bound":375863.4790617235,"upper_bound":376178.6532059758},"point_estimate":376033.54938574455,"standard_error":80.00194926760265},"std_dev":{"confidence_interval":{"confidence_level":0.95,"lower_bound":371.5729268428713,"upper_bound":4808.610805310531},"point_estimate":2845.5811398587075,"standard_error":1476.052093185448}}