{"mean":{"confidence_interval":{"confidence_level":0.95,"lower_bound":330982.1941747128,"upper_bound":331882.1864493511},"point_estimate":331562.44902641897,"standard_error":274.3834355630578},"median":{"confidence_interval":{"confidence_level":0.95,"lower_bound":331747.6477987421,"upper_bound":331800.3970822281},"point_estimate":331770.40887786046,"standard_error":13.480352874839769},"median_abs_dev":{"confidence_interval":{"confidence_level":0.95,"lower_bound":72.25048634753148,"upper_bound":122.17381694864248},"point_estimate":99.30481796206884,"standard_error":12.621591548138417},"slope":{"confidence_interval":{"confidence_level":0.95,"lower_bound":331762.448433611,"upper_bound":331802.38136340206},"point_estimate":331781.7534870203,"standard_error":10.190797536142714},"std_dev":{"confidence_interval":{"confidence_level":0.95,"lower_bound":138.02971076338798,"upper_bound":4707.25434475617},"point_estimate":2748.72961214056,"standard_error":1603.4247999027043}}