{"mean":{"confidence_interval":{"confidence_level":0.95,"lower_bound":261868.51613955895,"upper_bound":262590.3077217265},"point_estimate":262183.56093424046,"standard_error":184.81120346103225},"median":{"confidence_interval":{"confidence_level":0.95,"lower_bound":261496.69565217392,"upper_bound":261679.0941455696},"point_estimate":261590.37678258008,"standard_error":44.4709142885636},"median_abs_dev":{"confidence_interval":{"confidence_level":0.95,"lower_bound":236.21516385607234,"upper_bound":493.1982504727238},"point_estimate":341.86845983972165,"standard_error":63.337207960628476},"slope":{"confidence_interval":{"confidence_level":0.95,"lower_bound":261838.56782751105,"upper_bound":262309.5793635895},"point_estimate":262045.4011955076,"standard_error":120.45924444026564},"std_dev":{"confidence_interval":{"confidence_level":0.95,"lower_bound":929.4135823798108,"upper_bound":2775.965312953261},"point_estimate":1854.8367202134498,"standard_error":519.6381453607585}}