{"mean":{"confidence_interval":{"confidence_level":0.95,"lower_bound":309324.6244948094,"upper_bound":310044.6935740947},"point_estimate":309646.07554175303,"standard_error":185.765630220387},"median":{"confidence_interval":{"confidence_level":0.95,"lower_bound":309107.36875,"upper_bound":309220.7875},"point_estimate":309179.2376302084,"standard_error":30.625038083714813},"median_abs_dev":{"confidence_interval":{"confidence_level":0.95,"lower_bound":185.64665835539827,"upper_bound":332.90559654299614},"point_estimate":275.1872080611985,"standard_error":40.759498409409666},"slope":{"confidence_interval":{"confidence_level":0.95,"lower_bound":309227.9139739977,"upper_bound":310143.6108425516},"point_estimate":309571.0196416433,"standard_error":247.9052309743339},"std_dev":{"confidence_interval":{"confidence_level":0.95,"lower_bound":934.1627913413913,"upper_bound":2584.6463107639183},"point_estimate":1867.277360406198,"standard_error":433.15970439995635}}