{"mean":{"confidence_interval":{"confidence_level":0.95,"lower_bound":374449.413929485,"upper_bound":375429.47175843496},"point_estimate":375080.5210024748,"standard_error":293.1786938838921},"median":{"confidence_interval":{"confidence_level":0.95,"lower_bound":375308.51666666666,"upper_bound":375428.4305691256},"point_estimate":375364.3915216727,"standard_error":23.92487722477135},"median_abs_dev":{"confidence_interval":{"confidence_level":0.95,"lower_bound":205.2131703197109,"upper_bound":319.91299804676663},"point_estimate":273.1240470187646,"standard_error":30.16289641081569},"slope":{"confidence_interval":{"confidence_level":0.95,"lower_bound":375287.53909635596,"upper_bound":375400.01076261513},"point_estimate":375343.0443987981,"standard_error":28.785242980303433},"std_dev":{"confidence_interval":{"confidence_level":0.95,"lower_bound":300.97288938169265,"upper_bound":5050.5428885760975},"point_estimate":2956.8213835461543,"standard_error":1682.5625098182172}}