{"mean":{"confidence_interval":{"confidence_level":0.95,"lower_bound":309253.7233281857,"upper_bound":310659.6221343416},"point_estimate":309766.0548138026,"standard_error":396.63721085090157},"median":{"confidence_interval":{"confidence_level":0.95,"lower_bound":309118.6770833333,"upper_bound":309201.95955882355},"point_estimate":309168.3485671937,"standard_error":19.153199287379962},"median_abs_dev":{"confidence_interval":{"confidence_level":0.95,"lower_bound":129.6222770892855,"upper_bound":243.50379072468792},"point_estimate":190.91334588918042,"standard_error":30.648256667608365},"slope":{"confidence_interval":{"confidence_level":0.95,"lower_bound":309249.8458972046,"upper_bound":310716.4099563556},"point_estimate":309756.90247081424,"standard_error":409.6311316763734},"std_dev":{"confidence_interval":{"confidence_level":0.95,"lower_bound":455.9807455668727,"upper_bound":6743.048618100814},"point_estimate":3986.9839074187057,"standard_error":2097.7217301088435}}