{"mean":{"confidence_interval":{"confidence_level":0.95,"lower_bound":309147.72317353595,"upper_bound":310052.37367627694},"point_estimate":309468.79112324776,"standard_error":269.9693711238663},"median":{"confidence_interval":{"confidence_level":0.95,"lower_bound":309040.24418604653,"upper_bound":309149.74240491656},"point_estimate":309093.825140647,"standard_error":27.386541250770826},"median_abs_dev":{"confidence_interval":{"confidence_level":0.95,"lower_bound":132.8427240835677,"upper_bound":258.9807025279728},"point_estimate":177.30592787544842,"standard_error":30.942356866458073},"slope":{"confidence_interval":{"confidence_level":0.95,"lower_bound":309193.6183598951,"upper_bound":310771.0580478234},"point_estimate":309704.42028077436,"standard_error":460.3596141655909},"std_dev":{"confidence_interval":{"confidence_level":0.95,"lower_bound":292.6063254722346,"upper_bound":4641.158510739487},"point_estimate":2719.8173350495017,"standard_error":1541.4881162403437}}