{"mean":{"confidence_interval":{"confidence_level":0.95,"lower_bound":309132.533515611,"upper_bound":309426.4241152984},"point_estimate":309258.20954015106,"standard_error":76.42663798567872},"median":{"confidence_interval":{"confidence_level":0.95,"lower_bound":309069.18798685493,"upper_bound":309159.02540650405},"point_estimate":309127.65275032935,"standard_error":23.82153560137455},"median_abs_dev":{"confidence_interval":{"confidence_level":0.95,"lower_bound":122.70321311570211,"upper_bound":211.20001299506563},"point_estimate":166.86059603956838,"standard_error":23.477306759343694},"slope":{"confidence_interval":{"confidence_level":0.95,"lower_bound":309128.0189220744,"upper_bound":309331.40431759274},"point_estimate":309207.98038273974,"standard_error":53.03005898397775},"std_dev":{"confidence_interval":{"confidence_level":0.95,"lower_bound":207.66068627847733,"upper_bound":1165.1887890949013},"point_estimate":771.5199964168836,"standard_error":254.11462836322403}}