{"mean":{"confidence_interval":{"confidence_level":0.95,"lower_bound":309444.32160206465,"upper_bound":312021.38473248953},"point_estimate":310524.1447478395,"standard_error":664.5593807571645},"median":{"confidence_interval":{"confidence_level":0.95,"lower_bound":309151.7751436782,"upper_bound":309229.80386904767},"point_estimate":309186.2616269841,"standard_error":18.830736704104904},"median_abs_dev":{"confidence_interval":{"confidence_level":0.95,"lower_bound":135.2456783863267,"upper_bound":255.8345273677273},"point_estimate":192.7417981166429,"standard_error":31.021333306572714},"slope":{"confidence_interval":{"confidence_level":0.95,"lower_bound":309396.1910535883,"upper_bound":311146.83476763434},"point_estimate":310112.4987815871,"standard_error":453.04299819563107},"std_dev":{"confidence_interval":{"confidence_level":0.95,"lower_bound":1030.9254177023233,"upper_bound":10526.27794619874},"point_estimate":6642.547815944262,"standard_error":2373.579512246101}}