{"mean":{"confidence_interval":{"confidence_level":0.95,"lower_bound":309970.7842870621,"upper_bound":312578.47044953913},"point_estimate":311147.6083104323,"standard_error":672.291400155471},"median":{"confidence_interval":{"confidence_level":0.95,"lower_bound":309084.35893707036,"upper_bound":309224.40555555554},"point_estimate":309126.6350517184,"standard_error":34.18703999048825},"median_abs_dev":{"confidence_interval":{"confidence_level":0.95,"lower_bound":169.4617085625123,"upper_bound":331.5576930511793},"point_estimate":228.23857035362414,"standard_error":39.0379639164714},"slope":{"confidence_interval":{"confidence_level":0.95,"lower_bound":309940.4406972237,"upper_bound":314938.9116605994},"point_estimate":312175.8890830501,"standard_error":1290.9665727468064},"std_dev":{"confidence_interval":{"confidence_level":0.95,"lower_bound":3557.9524154686164,"upper_bound":9215.445905752124},"point_estimate":6720.765921748629,"standard_error":1449.2203330519521}}