{"mean":{"confidence_interval":{"confidence_level":0.95,"lower_bound":309058.9567250029,"upper_bound":309214.35231594613},"point_estimate":309126.50342070195,"standard_error":39.88152437252421},"median":{"confidence_interval":{"confidence_level":0.95,"lower_bound":308999.853125,"upper_bound":309063.125},"point_estimate":309028.3771551724,"standard_error":13.747867229176782},"median_abs_dev":{"confidence_interval":{"confidence_level":0.95,"lower_bound":98.95029267278177,"upper_bound":169.51318845877856},"point_estimate":130.78729995079397,"standard_error":17.73572025580469},"slope":{"confidence_interval":{"confidence_level":0.95,"lower_bound":309059.6352070908,"upper_bound":309157.9024343896},"point_estimate":309105.36417688784,"standard_error":25.096260576767087},"std_dev":{"confidence_interval":{"confidence_level":0.95,"lower_bound":196.2846292050741,"upper_bound":606.0963578782818},"point_estimate":400.0118908530672,"standard_error":121.92914384022143}}