{"mean":{"confidence_interval":{"confidence_level":0.95,"lower_bound":309118.23864881723,"upper_bound":309388.55839738867},"point_estimate":309240.3161182459,"standard_error":69.06700595450452},"median":{"confidence_interval":{"confidence_level":0.95,"lower_bound":309037.61907573615,"upper_bound":309113.0},"point_estimate":309072.83827561326,"standard_error":21.401643857217785},"median_abs_dev":{"confidence_interval":{"confidence_level":0.95,"lower_bound":113.93511435357509,"upper_bound":206.10262080001164},"point_estimate":163.82678134474662,"standard_error":24.110043782621343},"slope":{"confidence_interval":{"confidence_level":0.95,"lower_bound":309174.8638705767,"upper_bound":309723.87568473694},"point_estimate":309416.2085296291,"standard_error":142.3946536467575},"std_dev":{"confidence_interval":{"confidence_level":0.95,"lower_bound":369.77823991230827,"upper_bound":960.6751781828576},"point_estimate":694.173704313622,"standard_error":151.03181443061695}}