{"mean":{"confidence_interval":{"confidence_level":0.95,"lower_bound":309237.21454660874,"upper_bound":309565.3376758782},"point_estimate":309383.9731541075,"standard_error":84.26444998669142},"median":{"confidence_interval":{"confidence_level":0.95,"lower_bound":309114.67253521126,"upper_bound":309192.98244566517},"point_estimate":309151.97284836066,"standard_error":19.821829079855018},"median_abs_dev":{"confidence_interval":{"confidence_level":0.95,"lower_bound":94.33311043118262,"upper_bound":215.8766166674111},"point_estimate":155.21378867795374,"standard_error":30.82033812947567},"slope":{"confidence_interval":{"confidence_level":0.95,"lower_bound":309214.7306992782,"upper_bound":309570.53115376644},"point_estimate":309367.53069159156,"standard_error":91.91770768305895},"std_dev":{"confidence_interval":{"confidence_level":0.95,"lower_bound":417.4393653859931,"upper_bound":1216.0014878390696},"point_estimate":849.1789986182847,"standard_error":208.9309630941854}}