{"mean":{"confidence_interval":{"confidence_level":0.95,"lower_bound":261175.03933429017,"upper_bound":261465.1647777728},"point_estimate":261302.6110376927,"standard_error":74.5037143221704},"median":{"confidence_interval":{"confidence_level":0.95,"lower_bound":261127.6875,"upper_bound":261320.15625},"point_estimate":261232.64375,"standard_error":47.63688341354614},"median_abs_dev":{"confidence_interval":{"confidence_level":0.95,"lower_bound":325.0740438878858,"upper_bound":551.4076627429391},"point_estimate":424.4780799640159,"standard_error":58.38381519296544},"slope":{"confidence_interval":{"confidence_level":0.95,"lower_bound":261032.4748697183,"upper_bound":261630.2860527662},"point_estimate":261271.21294000297,"standard_error":157.99991873502123},"std_dev":{"confidence_interval":{"confidence_level":0.95,"lower_bound":405.1440598627135,"upper_bound":1129.0945726130255},"point_estimate":745.7130618356659,"standard_error":230.04383419607245}}