{"mean":{"confidence_interval":{"confidence_level":0.95,"lower_bound":432381.2328215244,"upper_bound":436099.16069006245},"point_estimate":434281.652379761,"standard_error":953.0477499172478},"median":{"confidence_interval":{"confidence_level":0.95,"lower_bound":433369.82608695654,"upper_bound":437246.61904761905},"point_estimate":435087.74395965284,"standard_error":985.8706977516574},"median_abs_dev":{"confidence_interval":{"confidence_level":0.95,"lower_bound":6802.447228323312,"upper_bound":11302.981550998638},"point_estimate":9530.484119383069,"standard_error":1168.3663237909104},"slope":{"confidence_interval":{"confidence_level":0.95,"lower_bound":432262.1248051692,"upper_bound":436803.2745203023},"point_estimate":434500.27609083295,"standard_error":1156.3641154383308},"std_dev":{"confidence_interval":{"confidence_level":0.95,"lower_bound":7543.1816676433045,"upper_bound":11822.614385493076},"point_estimate":9550.676137053768,"standard_error":1122.2987699989767}}