{"mean":{"confidence_interval":{"confidence_level":0.95,"lower_bound":374988.35879475623,"upper_bound":375851.9013708951},"point_estimate":375537.1825486181,"standard_error":253.06935603188097},"median":{"confidence_interval":{"confidence_level":0.95,"lower_bound":375662.6458333333,"upper_bound":375712.44217687077},"point_estimate":375688.23574849893,"standard_error":14.186031142190302},"median_abs_dev":{"confidence_interval":{"confidence_level":0.95,"lower_bound":73.77815582209342,"upper_bound":126.07222972798442},"point_estimate":100.07045124628333,"standard_error":13.700659854371041},"slope":{"confidence_interval":{"confidence_level":0.95,"lower_bound":375692.0219962384,"upper_bound":375772.17954595166},"point_estimate":375728.250770898,"standard_error":20.49886570909858},"std_dev":{"confidence_interval":{"confidence_level":0.95,"lower_bound":212.71993036115842,"upper_bound":4330.180507427161},"point_estimate":2534.759191881146,"standard_error":1410.2100091977281}}