{"mean":{"confidence_interval":{"confidence_level":0.95,"lower_bound":309118.1306473462,"upper_bound":313043.6773913923},"point_estimate":310746.3772418776,"standard_error":1036.6849928725876},"median":{"confidence_interval":{"confidence_level":0.95,"lower_bound":309026.57407407404,"upper_bound":309093.6904761905},"point_estimate":309058.00040924567,"standard_error":19.009083264091988},"median_abs_dev":{"confidence_interval":{"confidence_level":0.95,"lower_bound":93.24572702104324,"upper_bound":155.72765522466682},"point_estimate":115.32280173968695,"standard_error":15.894476985459475},"slope":{"confidence_interval":{"confidence_level":0.95,"lower_bound":309157.8938987975,"upper_bound":313575.8142091698},"point_estimate":310901.5374493867,"standard_error":1166.9422249434544},"std_dev":{"confidence_interval":{"confidence_level":0.95,"lower_bound":455.42241987192006,"upper_bound":16288.1440169321},"point_estimate":10419.989397532881,"standard_error":4091.498667743834}}