{"mean":{"confidence_interval":{"confidence_level":0.95,"lower_bound":-0.004383670554562918,"upper_bound":0.006020359737227714},"point_estimate":0.00025539347674974344,"standard_error":0.002662742798942234},"median":{"confidence_interval":{"confidence_level":0.95,"lower_bound":-0.008924886070016513,"upper_bound":-0.006320230479819111},"point_estimate":-0.007265543213557324,"standard_error":0.0007070597878698872}}