{"mean":{"confidence_interval":{"confidence_level":0.95,"lower_bound":-0.04573678702392791,"upper_bound":-0.02968790899437445},"point_estimate":-0.037847694498387985,"standard_error":0.004092425904823895},"median":{"confidence_interval":{"confidence_level":0.95,"lower_bound":-0.03755463541856006,"upper_bound":-0.03219870543881043},"point_estimate":-0.034866292894338624,"standard_error":0.0012813976536557154}}