{"mean":{"confidence_interval":{"confidence_level":0.95,"lower_bound":0.14224524434479532,"upper_bound":0.15047516052430826},"point_estimate":0.1463043725455644,"standard_error":0.002122435402579803},"median":{"confidence_interval":{"confidence_level":0.95,"lower_bound":0.15082199129251883,"upper_bound":0.15650860440725545},"point_estimate":0.15360253590321715,"standard_error":0.0014349178360355847}}