{"mean":{"confidence_interval":{"confidence_level":0.95,"lower_bound":0.0832745775635554,"upper_bound":0.087108591820526},"point_estimate":0.08517191128206325,"standard_error":0.0009785472233609727},"median":{"confidence_interval":{"confidence_level":0.95,"lower_bound":0.08377278023683554,"upper_bound":0.08624392597769615},"point_estimate":0.08472578241299811,"standard_error":0.0006195900782978695}}