{"mean":{"confidence_interval":{"confidence_level":0.95,"lower_bound":0.032648865218522394,"upper_bound":0.034202552406037305},"point_estimate":0.033383499568834685,"standard_error":0.00039749869882454227},"median":{"confidence_interval":{"confidence_level":0.95,"lower_bound":0.03217576389208153,"upper_bound":0.033397499879145975},"point_estimate":0.032923248439959085,"standard_error":0.00030427134811614767}}