{"mean":{"confidence_interval":{"confidence_level":0.95,"lower_bound":-0.09248570659883733,"upper_bound":-0.09007270281805602},"point_estimate":-0.09136428544781405,"standard_error":0.0006321177915847791},"median":{"confidence_interval":{"confidence_level":0.95,"lower_bound":-0.09302650643614119,"upper_bound":-0.09011934244604736},"point_estimate":-0.09121143973414303,"standard_error":0.000770864538023882}}