{"mean":{"confidence_interval":{"confidence_level":0.95,"lower_bound":-0.010672842610746589,"upper_bound":-0.007214706664323531},"point_estimate":-0.00889947761271237,"standard_error":0.0008847124067406277},"median":{"confidence_interval":{"confidence_level":0.95,"lower_bound":-0.008921931009493012,"upper_bound":-0.005957832441222055},"point_estimate":-0.007231420688096901,"standard_error":0.0007653011071737407}}