{"mean":{"confidence_interval":{"confidence_level":0.95,"lower_bound":0.19315184338486258,"upper_bound":0.21557754097014595},"point_estimate":0.20534314496940365,"standard_error":0.005713097549109688},"median":{"confidence_interval":{"confidence_level":0.95,"lower_bound":0.238228044324337,"upper_bound":0.24157207780951231},"point_estimate":0.24023941672613613,"standard_error":0.0008910112466661914}}