{"mean":{"confidence_interval":{"confidence_level":0.95,"lower_bound":-0.035031497310784095,"upper_bound":-0.026973515680452476},"point_estimate":-0.030791162104600756,"standard_error":0.0020583703718607166},"median":{"confidence_interval":{"confidence_level":0.95,"lower_bound":-0.033634454802814684,"upper_bound":-0.02595576861328419},"point_estimate":-0.029970266898299402,"standard_error":0.0021025542719970733}}