{"mean":{"confidence_interval":{"confidence_level":0.95,"lower_bound":0.16137747996716517,"upper_bound":0.16791162184221878},"point_estimate":0.16491848386232855,"standard_error":0.0016265630782411353},"median":{"confidence_interval":{"confidence_level":0.95,"lower_bound":0.16509554822062822,"upper_bound":0.16697532645438917},"point_estimate":0.16631536384455536,"standard_error":0.0004881861264500126}}