{"mean":{"confidence_interval":{"confidence_level":0.95,"lower_bound":0.3421880819027511,"upper_bound":0.36738819128992894},"point_estimate":0.3545307454565019,"standard_error":0.006420776050250049},"median":{"confidence_interval":{"confidence_level":0.95,"lower_bound":0.4029882300542428,"upper_bound":0.4072576039293155},"point_estimate":0.4048976363433012,"standard_error":0.001072111452482819}}