{"mean":{"confidence_interval":{"confidence_level":0.95,"lower_bound":0.12285360988052518,"upper_bound":0.12815850055798117},"point_estimate":0.12507980888741477,"standard_error":0.0013843197181595897},"median":{"confidence_interval":{"confidence_level":0.95,"lower_bound":0.12200399507368598,"upper_bound":0.1251850955336602},"point_estimate":0.12442757312087349,"standard_error":0.0008616343897051348}}