{"mean":{"confidence_interval":{"confidence_level":0.95,"lower_bound":-0.012456316090453168,"upper_bound":-0.00974261524458705},"point_estimate":-0.010997666179614396,"standard_error":0.0007015786753669049},"median":{"confidence_interval":{"confidence_level":0.95,"lower_bound":-0.010524292766894816,"upper_bound":-0.00715440351973895},"point_estimate":-0.008589797956345846,"standard_error":0.0010056202533102042}}