{"mean":{"confidence_interval":{"confidence_level":0.95,"lower_bound":-0.10109012740737533,"upper_bound":-0.09493734350165965},"point_estimate":-0.09784957118397442,"standard_error":0.0015717439160489708},"median":{"confidence_interval":{"confidence_level":0.95,"lower_bound":-0.09585217959133552,"upper_bound":-0.09109358074152085},"point_estimate":-0.09296547689009427,"standard_error":0.0011958727008195224}}