{"mean":{"confidence_interval":{"confidence_level":0.95,"lower_bound":0.002736830595484507,"upper_bound":0.003991826295056722},"point_estimate":0.0034675631105827165,"standard_error":0.00032625419915244497},"median":{"confidence_interval":{"confidence_level":0.95,"lower_bound":0.0034637521099762925,"upper_bound":0.003993537988412954},"point_estimate":0.003701594043582057,"standard_error":0.00013648692482691777}}