{"mean":{"confidence_interval":{"confidence_level":0.95,"lower_bound":-0.010134339700338373,"upper_bound":0.004828581617691846},"point_estimate":-0.003271981750651798,"standard_error":0.003908098647666512},"median":{"confidence_interval":{"confidence_level":0.95,"lower_bound":-0.006021962251626903,"upper_bound":-0.0033490452489334244},"point_estimate":-0.004840111682920423,"standard_error":0.0006958918986491903}}