{"mean":{"confidence_interval":{"confidence_level":0.95,"lower_bound":-0.013181280768350678,"upper_bound":0.01859214196894472},"point_estimate":0.0018147602189775291,"standard_error":0.007952583788853367},"median":{"confidence_interval":{"confidence_level":0.95,"lower_bound":-0.025706369906716153,"upper_bound":0.0027847002563836654},"point_estimate":-0.010042823364762254,"standard_error":0.007414677335558503}}