{"mean":{"confidence_interval":{"confidence_level":0.95,"lower_bound":0.06066704096475924,"upper_bound":0.0624655916595511},"point_estimate":0.061571858395358614,"standard_error":0.0004554199248655372},"median":{"confidence_interval":{"confidence_level":0.95,"lower_bound":0.061529171914210146,"upper_bound":0.06323868852855341},"point_estimate":0.06257238958302613,"standard_error":0.0004559567219742602}}