{"mean":{"confidence_interval":{"confidence_level":0.95,"lower_bound":-0.07681032659718046,"upper_bound":-0.07290472287316306},"point_estimate":-0.07499925890022496,"standard_error":0.0009966862778690332},"median":{"confidence_interval":{"confidence_level":0.95,"lower_bound":-0.07991494721693759,"upper_bound":-0.07570121108332795},"point_estimate":-0.0782049201199484,"standard_error":0.0009710957674843668}}