{"mean":{"confidence_interval":{"confidence_level":0.95,"lower_bound":0.20942827084200769,"upper_bound":0.22414511700195164},"point_estimate":0.21594188439860806,"standard_error":0.0038975416761376693},"median":{"confidence_interval":{"confidence_level":0.95,"lower_bound":0.2014494264764355,"upper_bound":0.22276130909778358},"point_estimate":0.21514080618117704,"standard_error":0.004632053257955201}}