{"mean":{"confidence_interval":{"confidence_level":0.95,"lower_bound":-0.00971300207428874,"upper_bound":-0.0042188994967519225},"point_estimate":-0.006989791101565168,"standard_error":0.0014007167705786985},"median":{"confidence_interval":{"confidence_level":0.95,"lower_bound":-0.008370222698729779,"upper_bound":-0.0057827744185501295},"point_estimate":-0.007320208765793423,"standard_error":0.0006734910604604158}}