{"mean":{"confidence_interval":{"confidence_level":0.95,"lower_bound":0.15037419293690896,"upper_bound":0.1591758255475623},"point_estimate":0.15467618715903497,"standard_error":0.0022917852051295142},"median":{"confidence_interval":{"confidence_level":0.95,"lower_bound":0.14685790698358692,"upper_bound":0.15590344314783589},"point_estimate":0.15107506206958687,"standard_error":0.002278106291414761}}