{"mean":{"confidence_interval":{"confidence_level":0.95,"lower_bound":-0.6093885522198899,"upper_bound":-0.5989063490102261},"point_estimate":-0.6050597628042513,"standard_error":0.0026952297976880926},"median":{"confidence_interval":{"confidence_level":0.95,"lower_bound":-0.6122325391718306,"upper_bound":-0.6096231198274819},"point_estimate":-0.610898597937692,"standard_error":0.0007226775392354524}}