{"mean":{"confidence_interval":{"confidence_level":0.95,"lower_bound":0.08653385216308762,"upper_bound":0.09142911880921588},"point_estimate":0.0889398807488726,"standard_error":0.001241710011419448},"median":{"confidence_interval":{"confidence_level":0.95,"lower_bound":0.08815916601326701,"upper_bound":0.09063110670205532},"point_estimate":0.08960603645485388,"standard_error":0.0006139253913435254}}