{"mean":{"confidence_interval":{"confidence_level":0.95,"lower_bound":0.08609018214179806,"upper_bound":0.08704138168626625},"point_estimate":0.08657842255962889,"standard_error":0.0002400638354230999},"median":{"confidence_interval":{"confidence_level":0.95,"lower_bound":0.08608548520631754,"upper_bound":0.08724369558501333},"point_estimate":0.08650085996957357,"standard_error":0.0003063334328444831}}