{"mean":{"confidence_interval":{"confidence_level":0.95,"lower_bound":-0.05985366350410817,"upper_bound":-0.03233251633849439},"point_estimate":-0.04762725388808253,"standard_error":0.006804592005832683},"median":{"confidence_interval":{"confidence_level":0.95,"lower_bound":-0.077346715178788,"upper_bound":-0.07506715662383245},"point_estimate":-0.07644620587812456,"standard_error":0.0005732465967730931}}