{"mean":{"confidence_interval":{"confidence_level":0.95,"lower_bound":-0.1306310373934606,"upper_bound":-0.10837786844847486},"point_estimate":-0.11942810294142092,"standard_error":0.0056527252037212455},"median":{"confidence_interval":{"confidence_level":0.95,"lower_bound":-0.1190890936370097,"upper_bound":-0.0907107982849572},"point_estimate":-0.10566104165765,"standard_error":0.007623740678279424}}