{"mean":{"confidence_interval":{"confidence_level":0.95,"lower_bound":0.11323285917859051,"upper_bound":0.11746315982490654},"point_estimate":0.11532357730483866,"standard_error":0.0010763498716772845},"median":{"confidence_interval":{"confidence_level":0.95,"lower_bound":0.11420326594247454,"upper_bound":0.11648785668331763},"point_estimate":0.11549290549462676,"standard_error":0.000581266979827148}}