{"mean":{"confidence_interval":{"confidence_level":0.95,"lower_bound":0.02029111770940765,"upper_bound":0.021754958599715192},"point_estimate":0.02095800516886137,"standard_error":0.00037904289717398144},"median":{"confidence_interval":{"confidence_level":0.95,"lower_bound":0.02030025572773142,"upper_bound":0.021820118670139},"point_estimate":0.021057931088305226,"standard_error":0.00041142350691705137}}