{"mean":{"confidence_interval":{"confidence_level":0.95,"lower_bound":0.09991670532616093,"upper_bound":0.10280879559594605},"point_estimate":0.1013624380930338,"standard_error":0.000734641524082369},"median":{"confidence_interval":{"confidence_level":0.95,"lower_bound":0.10001450634541365,"upper_bound":0.10214588598125607},"point_estimate":0.10120806473970223,"standard_error":0.0005200399273826507}}