{"mean":{"confidence_interval":{"confidence_level":0.95,"lower_bound":-0.06060155324890494,"upper_bound":-0.05502108140475944},"point_estimate":-0.05775524294509771,"standard_error":0.0014208572556069306},"median":{"confidence_interval":{"confidence_level":0.95,"lower_bound":-0.05966088744786657,"upper_bound":-0.05322014748505999},"point_estimate":-0.05668628057141056,"standard_error":0.0017562737980639437}}