{"mean":{"confidence_interval":{"confidence_level":0.95,"lower_bound":-0.0038432018583239224,"upper_bound":-0.0002570712101211958},"point_estimate":-0.0018831597715179837,"standard_error":0.0009218860169217285},"median":{"confidence_interval":{"confidence_level":0.95,"lower_bound":-0.0003200124040787511,"upper_bound":0.0004833707329465753},"point_estimate":0.00002485554738429485,"standard_error":0.00020471051763879368}}