{"mean":{"confidence_interval":{"confidence_level":0.95,"lower_bound":-0.0038693307145298917,"upper_bound":-0.0014441007152206837},"point_estimate":-0.0026303572577578427,"standard_error":0.0006171792772492635},"median":{"confidence_interval":{"confidence_level":0.95,"lower_bound":-0.0027465373985184893,"upper_bound":-0.0009872112707781655},"point_estimate":-0.0021052889095435345,"standard_error":0.0004710146755964657}}