{"mean":{"confidence_interval":{"confidence_level":0.95,"lower_bound":-0.04080437400873877,"upper_bound":-0.03150222881758265},"point_estimate":-0.036277671768869646,"standard_error":0.0023628840791468215},"median":{"confidence_interval":{"confidence_level":0.95,"lower_bound":-0.046920069698878075,"upper_bound":-0.03806566899881181},"point_estimate":-0.04358080536321507,"standard_error":0.002101938020661091}}