{"mean":{"confidence_interval":{"confidence_level":0.95,"lower_bound":-0.19502145003881352,"upper_bound":-0.18416222638459953},"point_estimate":-0.18942983873751917,"standard_error":0.0027665770777075224},"median":{"confidence_interval":{"confidence_level":0.95,"lower_bound":-0.19141126045794732,"upper_bound":-0.18114004907814396},"point_estimate":-0.18507489293184076,"standard_error":0.0025786040989225468}}