{"mean":{"confidence_interval":{"confidence_level":0.95,"lower_bound":0.2501193441741372,"upper_bound":0.2695733225511686},"point_estimate":0.2585299624195929,"standard_error":0.004580995668346847},"median":{"confidence_interval":{"confidence_level":0.95,"lower_bound":0.24407619193444033,"upper_bound":0.2677794404021212},"point_estimate":0.25468691890231754,"standard_error":0.0055659094149665194}}