{"mean":{"confidence_interval":{"confidence_level":0.95,"lower_bound":0.01568205547779322,"upper_bound":0.02672672288175492},"point_estimate":0.021267987278090095,"standard_error":0.0028129469356576514},"median":{"confidence_interval":{"confidence_level":0.95,"lower_bound":0.024514761444764072,"upper_bound":0.026972427198093785},"point_estimate":0.025698718848808255,"standard_error":0.0006496228007020465}}