{"mean":{"confidence_interval":{"confidence_level":0.95,"lower_bound":-0.005016174241611791,"upper_bound":0.004039619179852366},"point_estimate":-0.0006141115221856008,"standard_error":0.0023108718882984053},"median":{"confidence_interval":{"confidence_level":0.95,"lower_bound":-0.006010362734314265,"upper_bound":-0.003046678460588037},"point_estimate":-0.004786041160144139,"standard_error":0.0007583745328571437}}