{"mean":{"confidence_interval":{"confidence_level":0.95,"lower_bound":-0.0000532555366804609,"upper_bound":0.03160207701829284},"point_estimate":0.016597094690149028,"standard_error":0.0080299965044212},"median":{"confidence_interval":{"confidence_level":0.95,"lower_bound":-0.0038456042551141545,"upper_bound":0.013635905686603913},"point_estimate":0.011268556182919776,"standard_error":0.005522046758092697}}