{"mean":{"confidence_interval":{"confidence_level":0.95,"lower_bound":0.03723318733172875,"upper_bound":0.04337033469329683},"point_estimate":0.04070018987158086,"standard_error":0.0015871424674902418},"median":{"confidence_interval":{"confidence_level":0.95,"lower_bound":0.04183101788342647,"upper_bound":0.04554775754871421},"point_estimate":0.043596160104461434,"standard_error":0.0008821311252641132}}