{"mean":{"confidence_interval":{"confidence_level":0.95,"lower_bound":-0.13208276049476295,"upper_bound":-0.11891332368476007},"point_estimate":-0.12518392583533944,"standard_error":0.003357380302315052},"median":{"confidence_interval":{"confidence_level":0.95,"lower_bound":-0.1233466406556959,"upper_bound":-0.11252816670602528},"point_estimate":-0.11844151424684335,"standard_error":0.003285095850983788}}