{"mean":{"confidence_interval":{"confidence_level":0.95,"lower_bound":-0.034294337836732414,"upper_bound":-0.0242889984275797},"point_estimate":-0.02943944985623803,"standard_error":0.002452351933769997},"median":{"confidence_interval":{"confidence_level":0.95,"lower_bound":-0.03422682153283241,"upper_bound":-0.020170431932038824},"point_estimate":-0.025022574191336577,"standard_error":0.003544433606616084}}