{"mean":{"confidence_interval":{"confidence_level":0.95,"lower_bound":0.09363399396234359,"upper_bound":0.09794416937967831},"point_estimate":0.09594532128955358,"standard_error":0.001099716644452677},"median":{"confidence_interval":{"confidence_level":0.95,"lower_bound":0.09614260549112141,"upper_bound":0.09856273406647387},"point_estimate":0.09755099878472961,"standard_error":0.0006091342040554123}}