{"mean":{"confidence_interval":{"confidence_level":0.95,"lower_bound":0.010946332304647,"upper_bound":0.011747865903560806},"point_estimate":0.011316777134147138,"standard_error":0.00020429004484218412},"median":{"confidence_interval":{"confidence_level":0.95,"lower_bound":0.010882632467758668,"upper_bound":0.011820306505215594},"point_estimate":0.01131514293617708,"standard_error":0.00024172972565155858}}