{"mean":{"confidence_interval":{"confidence_level":0.95,"lower_bound":0.06510908573854264,"upper_bound":0.07184758657959693},"point_estimate":0.06858357007808236,"standard_error":0.001708001781888175},"median":{"confidence_interval":{"confidence_level":0.95,"lower_bound":0.0656465976133227,"upper_bound":0.07245990176272676},"point_estimate":0.06954005417444442,"standard_error":0.0015752170747451767}}