{"mean":{"confidence_interval":{"confidence_level":0.95,"lower_bound":0.0051898127165448,"upper_bound":0.006080627681337547},"point_estimate":0.0056319991024667004,"standard_error":0.0002279555440023143},"median":{"confidence_interval":{"confidence_level":0.95,"lower_bound":0.004312406839722671,"upper_bound":0.005030748894976567},"point_estimate":0.004667597653672084,"standard_error":0.00019049349510150138}}