{"mean":{"confidence_interval":{"confidence_level":0.95,"lower_bound":-0.14029875045397378,"upper_bound":-0.1276580579334028},"point_estimate":-0.13392435037111194,"standard_error":0.0032171832326511967},"median":{"confidence_interval":{"confidence_level":0.95,"lower_bound":-0.13956246420142096,"upper_bound":-0.12376750316900031},"point_estimate":-0.13075497565183636,"standard_error":0.003935804906277344}}