{"mean":{"confidence_interval":{"confidence_level":0.95,"lower_bound":-0.18083643256063076,"upper_bound":-0.16404163592540788},"point_estimate":-0.17242246562697228,"standard_error":0.004294700512771455},"median":{"confidence_interval":{"confidence_level":0.95,"lower_bound":-0.189421228407611,"upper_bound":-0.16504993197954798},"point_estimate":-0.18103057267159872,"standard_error":0.0066214175573527006}}