{"mean":{"confidence_interval":{"confidence_level":0.95,"lower_bound":-0.12777271815278923,"upper_bound":-0.1118273214168326},"point_estimate":-0.11972548221562895,"standard_error":0.004057109322176985},"median":{"confidence_interval":{"confidence_level":0.95,"lower_bound":-0.12820393452976608,"upper_bound":-0.10743664876049265},"point_estimate":-0.12045428800487146,"standard_error":0.004940203020798891}}