{"mean":{"confidence_interval":{"confidence_level":0.95,"lower_bound":0.12832969871639743,"upper_bound":0.13776181958686187},"point_estimate":0.1335109949405342,"standard_error":0.0024029302958617467},"median":{"confidence_interval":{"confidence_level":0.95,"lower_bound":0.1334692651229619,"upper_bound":0.13720520507097222},"point_estimate":0.13541513647354742,"standard_error":0.000990544214518231}}