{"mean":{"confidence_interval":{"confidence_level":0.95,"lower_bound":0.13665602999657742,"upper_bound":0.13902645054168436},"point_estimate":0.13785811491974198,"standard_error":0.0006099874542974086},"median":{"confidence_interval":{"confidence_level":0.95,"lower_bound":0.13777952048035358,"upper_bound":0.14037417234707972},"point_estimate":0.13952474318322428,"standard_error":0.0006687206018785551}}