{"mean":{"confidence_interval":{"confidence_level":0.95,"lower_bound":0.0712465842268315,"upper_bound":0.07230320944950996},"point_estimate":0.07177108882304717,"standard_error":0.0002679158941128292},"median":{"confidence_interval":{"confidence_level":0.95,"lower_bound":0.07104123650639838,"upper_bound":0.07246345055457226},"point_estimate":0.07172215501255064,"standard_error":0.0003668050194420465}}