{"mean":{"confidence_interval":{"confidence_level":0.95,"lower_bound":0.09669370758404885,"upper_bound":0.10187251732782443},"point_estimate":0.09919882404050928,"standard_error":0.0013084698834874972},"median":{"confidence_interval":{"confidence_level":0.95,"lower_bound":0.09777249863403475,"upper_bound":0.10035490904756394},"point_estimate":0.09925740050311815,"standard_error":0.0006653337018610677}}