{"mean":{"confidence_interval":{"confidence_level":0.95,"lower_bound":-0.026409018745804116,"upper_bound":-0.02333198838177042},"point_estimate":-0.024835258480798483,"standard_error":0.0007862991166932108},"median":{"confidence_interval":{"confidence_level":0.95,"lower_bound":-0.0259098192480051,"upper_bound":-0.022856147981116126},"point_estimate":-0.02411755596372933,"standard_error":0.0008098173693486536}}