{"mean":{"confidence_interval":{"confidence_level":0.95,"lower_bound":-0.08364707645554731,"upper_bound":-0.08046554506813332},"point_estimate":-0.08220648465159863,"standard_error":0.0008043464989065468},"median":{"confidence_interval":{"confidence_level":0.95,"lower_bound":-0.0828420106856507,"upper_bound":-0.08086890315629514},"point_estimate":-0.08212391224065252,"standard_error":0.0005339659262220709}}