{"mean":{"confidence_interval":{"confidence_level":0.95,"lower_bound":0.09818394160125682,"upper_bound":0.10059004914321111},"point_estimate":0.09939898366373145,"standard_error":0.000611070778145795},"median":{"confidence_interval":{"confidence_level":0.95,"lower_bound":0.09848739645359017,"upper_bound":0.10036486167889946},"point_estimate":0.09952884212583113,"standard_error":0.00045323320393872614}}