{"mean":{"confidence_interval":{"confidence_level":0.95,"lower_bound":-0.031843909888175544,"upper_bound":-0.026084581914801286},"point_estimate":-0.028642343981686857,"standard_error":0.0014715757486450038},"median":{"confidence_interval":{"confidence_level":0.95,"lower_bound":-0.029337849146270526,"upper_bound":-0.026803467590789554},"point_estimate":-0.027935904115953036,"standard_error":0.000543032339891008}}