{"mean":{"confidence_interval":{"confidence_level":0.95,"lower_bound":0.22068551561255464,"upper_bound":0.23434012947981334},"point_estimate":0.22793866409174468,"standard_error":0.003485605437504917},"median":{"confidence_interval":{"confidence_level":0.95,"lower_bound":0.22302273111262205,"upper_bound":0.22702171919426248},"point_estimate":0.22477411744484166,"standard_error":0.0010443588569541429}}