{"mean":{"confidence_interval":{"confidence_level":0.95,"lower_bound":0.09079170217719904,"upper_bound":0.09539598341108248},"point_estimate":0.09308604080446514,"standard_error":0.0011510964451947573},"median":{"confidence_interval":{"confidence_level":0.95,"lower_bound":0.08950491006631738,"upper_bound":0.0952023094955079},"point_estimate":0.09312984321987328,"standard_error":0.0015764365911638285}}