{"mean":{"confidence_interval":{"confidence_level":0.95,"lower_bound":-0.006529110814687914,"upper_bound":-0.004483897967005059},"point_estimate":-0.005483097400032277,"standard_error":0.0005211286766047642},"median":{"confidence_interval":{"confidence_level":0.95,"lower_bound":-0.006788516456755711,"upper_bound":-0.004310405491068092},"point_estimate":-0.005693665989975338,"standard_error":0.0006019635290464273}}