{"mean":{"confidence_interval":{"confidence_level":0.95,"lower_bound":-0.15834014811498043,"upper_bound":-0.13807667430251724},"point_estimate":-0.14810100869225884,"standard_error":0.005191781100822858},"median":{"confidence_interval":{"confidence_level":0.95,"lower_bound":-0.15455231404544711,"upper_bound":-0.12787829944417972},"point_estimate":-0.14017816582144493,"standard_error":0.005772879681092795}}