{"mean":{"confidence_interval":{"confidence_level":0.95,"lower_bound":59717805.8565,"upper_bound":60320833.89},"point_estimate":59993135.53,"standard_error":153751.54357379174},"median":{"confidence_interval":{"confidence_level":0.95,"lower_bound":59473812.0,"upper_bound":60234938.0},"point_estimate":59841437.5,"standard_error":179437.43676431853},"median_abs_dev":{"confidence_interval":{"confidence_level":0.95,"lower_bound":1023582.5740277767,"upper_bound":1541289.4349366426},"point_estimate":1266084.038722515,"standard_error":129658.04883326613},"slope":null,"std_dev":{"confidence_interval":{"confidence_level":0.95,"lower_bound":1007068.5943325998,"upper_bound":2196780.918974559},"point_estimate":1549682.2119020289,"standard_error":364147.1740631961}}