{"mean":{"confidence_interval":{"confidence_level":0.95,"lower_bound":57653766.088750005,"upper_bound":58374812.00425},"point_estimate":57990568.85,"standard_error":183329.30117269923},"median":{"confidence_interval":{"confidence_level":0.95,"lower_bound":57551766.0,"upper_bound":58090731.949999966},"point_estimate":57741245.0,"standard_error":151761.55610913062},"median_abs_dev":{"confidence_interval":{"confidence_level":0.95,"lower_bound":893984.8038285971,"upper_bound":1303085.2862656116},"point_estimate":1115469.6725964546,"standard_error":104786.9409627714},"slope":null,"std_dev":{"confidence_interval":{"confidence_level":0.95,"lower_bound":1044594.2712693019,"upper_bound":2673432.4504778003},"point_estimate":1840245.050866798,"standard_error":446437.6342520314}}