{"mean":{"confidence_interval":{"confidence_level":0.95,"lower_bound":58471841.8495,"upper_bound":59126981.2045},"point_estimate":58800362.87,"standard_error":167198.09227633826},"median":{"confidence_interval":{"confidence_level":0.95,"lower_bound":58340034.5,"upper_bound":58975486.0},"point_estimate":58602006.5,"standard_error":175928.01942892355},"median_abs_dev":{"confidence_interval":{"confidence_level":0.95,"lower_bound":1123864.1536474228,"upper_bound":2029455.4913699627},"point_estimate":1516316.5209800005,"standard_error":233094.77073530274},"slope":null,"std_dev":{"confidence_interval":{"confidence_level":0.95,"lower_bound":1384158.7419194693,"upper_bound":1954724.3186191188},"point_estimate":1678947.4016927087,"standard_error":145888.27796678312}}