{"mean":{"confidence_interval":{"confidence_level":0.95,"lower_bound":60496651.84,"upper_bound":61800305.557500005},"point_estimate":61044813.67,"standard_error":337933.2687577631},"median":{"confidence_interval":{"confidence_level":0.95,"lower_bound":60543705.0,"upper_bound":61137667.5},"point_estimate":60848835.5,"standard_error":145391.00293447924},"median_abs_dev":{"confidence_interval":{"confidence_level":0.95,"lower_bound":835167.8389728069,"upper_bound":1324084.609902798},"point_estimate":1142372.9317188263,"standard_error":125806.35193000917},"slope":null,"std_dev":{"confidence_interval":{"confidence_level":0.95,"lower_bound":1245215.147332511,"upper_bound":5445613.709802119},"point_estimate":3393529.199324463,"standard_error":1293629.836009388}}