{"mean":{"confidence_interval":{"confidence_level":0.95,"lower_bound":56863595.9535,"upper_bound":58842203.56975},"point_estimate":57793542.55,"standard_error":504442.1124041776},"median":{"confidence_interval":{"confidence_level":0.95,"lower_bound":57939540.0,"upper_bound":59479705.0},"point_estimate":59060333.5,"standard_error":375428.6775571603},"median_abs_dev":{"confidence_interval":{"confidence_level":0.95,"lower_bound":1585582.8504502773,"upper_bound":4231793.963405633},"point_estimate":2612487.189719081,"standard_error":629981.2653588764},"slope":null,"std_dev":{"confidence_interval":{"confidence_level":0.95,"lower_bound":3482526.764977789,"upper_bound":7043792.020971065},"point_estimate":5108928.325870038,"standard_error":994156.3762405727}}