{"mean":{"confidence_interval":{"confidence_level":0.95,"lower_bound":54566933.03,"upper_bound":55828424.242249995},"point_estimate":55192996.74,"standard_error":321765.82725040056},"median":{"confidence_interval":{"confidence_level":0.95,"lower_bound":52906302.0,"upper_bound":57509368.0},"point_estimate":53562991.0,"standard_error":1928510.5204660215},"median_abs_dev":{"confidence_interval":{"confidence_level":0.95,"lower_bound":2078351.6385018826,"upper_bound":4936461.165860295},"point_estimate":4319760.363408923,"standard_error":780953.0358552425},"slope":null,"std_dev":{"confidence_interval":{"confidence_level":0.95,"lower_bound":3043066.0341384686,"upper_bound":3372117.9897084925},"point_estimate":3227574.3356658136,"standard_error":83510.6059682313}}