{"mean":{"confidence_interval":{"confidence_level":0.95,"lower_bound":-0.010717661969716252,"upper_bound":-0.0015025596261841543},"point_estimate":-0.005827367456837762,"standard_error":0.0023491337248277614},"median":{"confidence_interval":{"confidence_level":0.95,"lower_bound":-0.00741736532555839,"upper_bound":0.0014323825190885042},"point_estimate":-0.002797709863072151,"standard_error":0.002234848941925639}}