{"mean":{"confidence_interval":{"confidence_level":0.95,"lower_bound":-0.003947904766253522,"upper_bound":0.011464967788400527},"point_estimate":0.003163105699205193,"standard_error":0.003915431649423344},"median":{"confidence_interval":{"confidence_level":0.95,"lower_bound":-0.003946872000020085,"upper_bound":0.004421980119071023},"point_estimate":0.0009143931006831973,"standard_error":0.002173302348488832}}