{"mean":{"confidence_interval":{"confidence_level":0.95,"lower_bound":-0.018885079204600693,"upper_bound":0.0013591219206518066},"point_estimate":-0.0072791592056422605,"standard_error":0.005181857245608173},"median":{"confidence_interval":{"confidence_level":0.95,"lower_bound":-0.008233216006388377,"upper_bound":-0.004865116609766185},"point_estimate":-0.006767505667976015,"standard_error":0.0008708069415012689}}