{"mean":{"confidence_interval":{"confidence_level":0.95,"lower_bound":-0.003397946429860275,"upper_bound":0.01699046857692362},"point_estimate":0.0054144705684979755,"standard_error":0.005103960945047194},"median":{"confidence_interval":{"confidence_level":0.95,"lower_bound":-0.0017547903612097349,"upper_bound":0.004520849805822389},"point_estimate":0.0012583406706307976,"standard_error":0.0015147253946149258}}