{"mean":{"confidence_interval":{"confidence_level":0.95,"lower_bound":-0.018835242870458655,"upper_bound":0.01005831491349977},"point_estimate":-0.00569186253462195,"standard_error":0.007213119762334281},"median":{"confidence_interval":{"confidence_level":0.95,"lower_bound":-0.008529412732978692,"upper_bound":-0.00393190795892151},"point_estimate":-0.00638312203643443,"standard_error":0.001133658621918508}}