{"mean":{"confidence_interval":{"confidence_level":0.95,"lower_bound":-0.0699704006550741,"upper_bound":-0.058060754188318686},"point_estimate":-0.06324813240926563,"standard_error":0.003072671216048389},"median":{"confidence_interval":{"confidence_level":0.95,"lower_bound":-0.06213945511547351,"upper_bound":-0.05773677722147766},"point_estimate":-0.060176070056629616,"standard_error":0.0010706796823529894}}