{"mean":{"confidence_interval":{"confidence_level":0.95,"lower_bound":-0.006178640711748777,"upper_bound":0.017256079464842894},"point_estimate":0.004570487933209577,"standard_error":0.006163625806901238},"median":{"confidence_interval":{"confidence_level":0.95,"lower_bound":-0.006749362309249496,"upper_bound":0.002598999681789626},"point_estimate":-0.0008501417858181037,"standard_error":0.0024991341019211417}}