{"mean":{"confidence_interval":{"confidence_level":0.95,"lower_bound":-0.04807096662889574,"upper_bound":-0.0213528335739657},"point_estimate":-0.03513299040322149,"standard_error":0.006804444172063633},"median":{"confidence_interval":{"confidence_level":0.95,"lower_bound":-0.039533569811426306,"upper_bound":-0.028066910030493664},"point_estimate":-0.03605423923141393,"standard_error":0.0028889625488770533}}