{"mean":{"confidence_interval":{"confidence_level":0.95,"lower_bound":-0.03190277173986659,"upper_bound":0.009786348022666357},"point_estimate":-0.013340441323028362,"standard_error":0.010405475895046154},"median":{"confidence_interval":{"confidence_level":0.95,"lower_bound":-0.02752881119928141,"upper_bound":-0.022979182905155993},"point_estimate":-0.025360423357192463,"standard_error":0.0011660637621960296}}