{"mean":{"confidence_interval":{"confidence_level":0.95,"lower_bound":-0.053024361260283204,"upper_bound":-0.0480220124126866},"point_estimate":-0.05057956540246844,"standard_error":0.0012725345499156589},"median":{"confidence_interval":{"confidence_level":0.95,"lower_bound":-0.05326120062555173,"upper_bound":-0.04996903080498233},"point_estimate":-0.051782963661043846,"standard_error":0.0008077765516885118}}