{"mean":{"confidence_interval":{"confidence_level":0.95,"lower_bound":0.0030022286978122485,"upper_bound":0.008565384657439976},"point_estimate":0.005849693591979621,"standard_error":0.0014227627853821549},"median":{"confidence_interval":{"confidence_level":0.95,"lower_bound":0.0044044308042143765,"upper_bound":0.008119909022608729},"point_estimate":0.006769880960993513,"standard_error":0.000980291250544273}}