{"mean":{"confidence_interval":{"confidence_level":0.95,"lower_bound":0.11176665861047062,"upper_bound":0.12021482708827931},"point_estimate":0.11601036551523713,"standard_error":0.002161021005229924},"median":{"confidence_interval":{"confidence_level":0.95,"lower_bound":0.11360313729861748,"upper_bound":0.12285044503234244},"point_estimate":0.11924567749270487,"standard_error":0.0025268238181033378}}