{"mean":{"confidence_interval":{"confidence_level":0.95,"lower_bound":-0.0043369050534813654,"upper_bound":0.0020593015198181624},"point_estimate":-0.0010363784201871118,"standard_error":0.0016362111591826769},"median":{"confidence_interval":{"confidence_level":0.95,"lower_bound":-0.004838208428229351,"upper_bound":0.005245915321904215},"point_estimate":-0.002681306377842252,"standard_error":0.0023034255113405927}}