{"mean":{"confidence_interval":{"confidence_level":0.95,"lower_bound":-0.01244235280547082,"upper_bound":0.00398834815620488},"point_estimate":-0.004212151483055981,"standard_error":0.004154631634009095},"median":{"confidence_interval":{"confidence_level":0.95,"lower_bound":-0.005998514226551277,"upper_bound":-0.0009976815183440411},"point_estimate":-0.0029837588988186337,"standard_error":0.0012022693516010475}}