{"mean":{"confidence_interval":{"confidence_level":0.95,"lower_bound":-0.10277067047979538,"upper_bound":-0.09599564019242379},"point_estimate":-0.09971353481027001,"standard_error":0.001748117436866755},"median":{"confidence_interval":{"confidence_level":0.95,"lower_bound":-0.10032354377713693,"upper_bound":-0.0972492921359066},"point_estimate":-0.09830074655938581,"standard_error":0.0007985061896365209}}