{"mean":{"confidence_interval":{"confidence_level":0.95,"lower_bound":-0.010152132549604955,"upper_bound":0.016441940330120284},"point_estimate":0.0023268165285852405,"standard_error":0.006714896431865825},"median":{"confidence_interval":{"confidence_level":0.95,"lower_bound":0.0007197742840854282,"upper_bound":0.006576082964055763},"point_estimate":0.003962748805800054,"standard_error":0.0014897535819294145}}