{"mean":{"confidence_interval":{"confidence_level":0.95,"lower_bound":-0.01374665294293874,"upper_bound":0.0006955625688732644},"point_estimate":-0.006212010498887199,"standard_error":0.0036706752498232476},"median":{"confidence_interval":{"confidence_level":0.95,"lower_bound":-0.006904749513042097,"upper_bound":-0.0019247356026550477},"point_estimate":-0.00538539572973773,"standard_error":0.0012904084767605417}}