{"mean":{"confidence_interval":{"confidence_level":0.95,"lower_bound":-0.004981920912857442,"upper_bound":0.0003998773429388523},"point_estimate":-0.0023526553531896255,"standard_error":0.0013740807399982933},"median":{"confidence_interval":{"confidence_level":0.95,"lower_bound":-0.0062923683261003754,"upper_bound":-0.0024743800988245024},"point_estimate":-0.004544935716823462,"standard_error":0.0009689440419797185}}