{"mean":{"confidence_interval":{"confidence_level":0.95,"lower_bound":-0.005508915272113315,"upper_bound":0.007003044841357791},"point_estimate":0.0012300257715800456,"standard_error":0.0031999528207681967},"median":{"confidence_interval":{"confidence_level":0.95,"lower_bound":0.002178319927002681,"upper_bound":0.006199300047157679},"point_estimate":0.003872010741392762,"standard_error":0.001052981675800399}}