{"mean":{"confidence_interval":{"confidence_level":0.95,"lower_bound":-0.01465998593638876,"upper_bound":0.0013245087981239394},"point_estimate":-0.0058312983521146,"standard_error":0.004124155446639004},"median":{"confidence_interval":{"confidence_level":0.95,"lower_bound":-0.003187998366372624,"upper_bound":0.0022740569417876166},"point_estimate":-0.0003925677741859479,"standard_error":0.0013611663799616709}}