{"mean":{"confidence_interval":{"confidence_level":0.95,"lower_bound":0.07188561680031347,"upper_bound":0.09355614689848804},"point_estimate":0.08279606790209715,"standard_error":0.005502730479242913},"median":{"confidence_interval":{"confidence_level":0.95,"lower_bound":0.06907909638145811,"upper_bound":0.09643444134634227},"point_estimate":0.08046654699930333,"standard_error":0.007784430485481541}}