{"mean":{"confidence_interval":{"confidence_level":0.95,"lower_bound":0.001955940048817162,"upper_bound":0.008312618477475775},"point_estimate":0.005230281410109949,"standard_error":0.0016130970888487753},"median":{"confidence_interval":{"confidence_level":0.95,"lower_bound":0.001980793134926717,"upper_bound":0.006619077325097367},"point_estimate":0.003996902191444995,"standard_error":0.0012091716237465553}}