{"mean":{"confidence_interval":{"confidence_level":0.95,"lower_bound":-0.25928012722278215,"upper_bound":-0.23874756239401113},"point_estimate":-0.2485041469545607,"standard_error":0.005254689094425044},"median":{"confidence_interval":{"confidence_level":0.95,"lower_bound":-0.2520140697240806,"upper_bound":-0.23125683741012737},"point_estimate":-0.24028604863653025,"standard_error":0.005150384217267992}}