{"mean":{"confidence_interval":{"confidence_level":0.95,"lower_bound":0.2159803603757763,"upper_bound":0.2233835613480187},"point_estimate":0.21967413190618879,"standard_error":0.0018797691728258568},"median":{"confidence_interval":{"confidence_level":0.95,"lower_bound":0.2188776105775636,"upper_bound":0.22380746334312507},"point_estimate":0.2216832166434206,"standard_error":0.0012820132437203619}}