{"mean":{"confidence_interval":{"confidence_level":0.95,"lower_bound":0.12459067155410972,"upper_bound":0.18258468451837523},"point_estimate":0.15048707082681645,"standard_error":0.015041392299276668},"median":{"confidence_interval":{"confidence_level":0.95,"lower_bound":0.11563646865977707,"upper_bound":0.13902934774963294},"point_estimate":0.12907820131665515,"standard_error":0.006286192325114638}}