{"mean":{"confidence_interval":{"confidence_level":0.95,"lower_bound":0.19877960464352964,"upper_bound":0.23964886024521517},"point_estimate":0.21762427337652146,"standard_error":0.01094051244403993},"median":{"confidence_interval":{"confidence_level":0.95,"lower_bound":0.1865495745076149,"upper_bound":0.20353975978618344},"point_estimate":0.1946566435656092,"standard_error":0.004076031228821759}}