{"mean":{"confidence_interval":{"confidence_level":0.95,"lower_bound":-0.1980512374478677,"upper_bound":-0.183365048460476},"point_estimate":-0.19040890291409995,"standard_error":0.003767615526415003},"median":{"confidence_interval":{"confidence_level":0.95,"lower_bound":-0.18757135756438886,"upper_bound":-0.18027257792438067},"point_estimate":-0.1827380167384366,"standard_error":0.0016963815099582692}}