{"mean":{"confidence_interval":{"confidence_level":0.95,"lower_bound":-0.001577758738663936,"upper_bound":0.0151488379568405},"point_estimate":0.005752292270950754,"standard_error":0.004286644534140867},"median":{"confidence_interval":{"confidence_level":0.95,"lower_bound":-0.003826899903562775,"upper_bound":0.00301589970920757},"point_estimate":-0.0008272171914367465,"standard_error":0.0017891833045369304}}