{"mean":{"confidence_interval":{"confidence_level":0.95,"lower_bound":0.0018756733041723713,"upper_bound":0.02731036037159533},"point_estimate":0.013449087852205777,"standard_error":0.006595322461211419},"median":{"confidence_interval":{"confidence_level":0.95,"lower_bound":0.002476459122778607,"upper_bound":0.00664408638379288},"point_estimate":0.003951915373903603,"standard_error":0.0010880120851782264}}