{"mean":{"confidence_interval":{"confidence_level":0.95,"lower_bound":-0.0033872231905790274,"upper_bound":0.0018149213228847976},"point_estimate":-0.000909692541721685,"standard_error":0.0013347614512360503},"median":{"confidence_interval":{"confidence_level":0.95,"lower_bound":-0.005443508746064918,"upper_bound":-0.0006546968771524719},"point_estimate":-0.0032496816949041385,"standard_error":0.0011636917462090805}}