{"mean":{"confidence_interval":{"confidence_level":0.95,"lower_bound":-0.0009199437673596015,"upper_bound":0.0004277740024388627},"point_estimate":-0.00023696996793964864,"standard_error":0.00034384255612124136},"median":{"confidence_interval":{"confidence_level":0.95,"lower_bound":-0.00019768889018956237,"upper_bound":0.00010855584939428731},"point_estimate":-0.00006267700175444091,"standard_error":0.00007974259055126797}}