{"mean":{"confidence_interval":{"confidence_level":0.95,"lower_bound":0.00003149233032596088,"upper_bound":0.001116631210021812},"point_estimate":0.0005332258457924066,"standard_error":0.0002735034881154811},"median":{"confidence_interval":{"confidence_level":0.95,"lower_bound":0.00017295968136910034,"upper_bound":0.00045429235010807645},"point_estimate":0.0002665334971685418,"standard_error":0.0000768524327438714}}