{"mean":{"confidence_interval":{"confidence_level":0.95,"lower_bound":-0.19467284386630415,"upper_bound":-0.19395526149710285},"point_estimate":-0.1943581674318835,"standard_error":0.0001900575274982477},"median":{"confidence_interval":{"confidence_level":0.95,"lower_bound":-0.1946597364179924,"upper_bound":-0.19426049115363242},"point_estimate":-0.19440927999805968,"standard_error":0.00010231390522836783}}