{"mean":{"confidence_interval":{"confidence_level":0.95,"lower_bound":0.025375906886647943,"upper_bound":0.052710838098033966},"point_estimate":0.03921663591227542,"standard_error":0.00688386748946099},"median":{"confidence_interval":{"confidence_level":0.95,"lower_bound":0.011989900966100833,"upper_bound":0.02825192644853236},"point_estimate":0.019009709656527818,"standard_error":0.004236221734396996}}