{"mean":{"confidence_interval":{"confidence_level":0.95,"lower_bound":0.12472230369597034,"upper_bound":0.1349821081340823},"point_estimate":0.1299482967658192,"standard_error":0.0025182865253661974},"median":{"confidence_interval":{"confidence_level":0.95,"lower_bound":0.12491660421338002,"upper_bound":0.1376864026898601},"point_estimate":0.13289223386264903,"standard_error":0.0037678065311125353}}