{"mean":{"confidence_interval":{"confidence_level":0.95,"lower_bound":-0.1484176181778345,"upper_bound":-0.14060614162700735},"point_estimate":-0.14459741411686466,"standard_error":0.0019844934168107985},"median":{"confidence_interval":{"confidence_level":0.95,"lower_bound":-0.15180137760668055,"upper_bound":-0.14354697060499766},"point_estimate":-0.14931067043269786,"standard_error":0.0023096709478622993}}