{"mean":{"confidence_interval":{"confidence_level":0.95,"lower_bound":-0.0006361685590672322,"upper_bound":0.0005368667549640881},"point_estimate":-0.00005087930772940119,"standard_error":0.0002968828196726636},"median":{"confidence_interval":{"confidence_level":0.95,"lower_bound":-0.00019980318538959096,"upper_bound":0.00015619755875695418},"point_estimate":-0.00004410016657629967,"standard_error":0.00009032248129089742}}