{"mean":{"confidence_interval":{"confidence_level":0.95,"lower_bound":0.24144883132942535,"upper_bound":0.24201876649555848},"point_estimate":0.2417246361763481,"standard_error":0.00014604194668784137},"median":{"confidence_interval":{"confidence_level":0.95,"lower_bound":0.24112004305072365,"upper_bound":0.24167279047800688},"point_estimate":0.24140891403074138,"standard_error":0.00014291290967904382}}