{"mean":{"confidence_interval":{"confidence_level":0.95,"lower_bound":0.00009541702506181701,"upper_bound":0.0006214610668238139},"point_estimate":0.0003679635470321685,"standard_error":0.00013391312671821038},"median":{"confidence_interval":{"confidence_level":0.95,"lower_bound":0.0005129963184034025,"upper_bound":0.0010399699593111045},"point_estimate":0.0007900783211216567,"standard_error":0.0001373471115812445}}