{"mean":{"confidence_interval":{"confidence_level":0.95,"lower_bound":-0.0018584785861185942,"upper_bound":0.00031310172877008213},"point_estimate":-0.0005511838756381282,"standard_error":0.0005753675467250883},"median":{"confidence_interval":{"confidence_level":0.95,"lower_bound":-0.00024162975486063942,"upper_bound":0.000055567634848152636},"point_estimate":-0.00011726906685505245,"standard_error":0.00007879418392521648}}