{"mean":{"confidence_interval":{"confidence_level":0.95,"lower_bound":-0.010232215751507135,"upper_bound":0.001491426530750305},"point_estimate":-0.002737100957908356,"standard_error":0.0035177183749056738},"median":{"confidence_interval":{"confidence_level":0.95,"lower_bound":0.000057501381812502815,"upper_bound":0.0004699659874376483},"point_estimate":0.0003166328284396336,"standard_error":0.00010406991169057265}}