{"mean":{"confidence_interval":{"confidence_level":0.95,"lower_bound":-0.19448958227452728,"upper_bound":-0.19357278845756598},"point_estimate":-0.19406734780728796,"standard_error":0.00023809941848414734},"median":{"confidence_interval":{"confidence_level":0.95,"lower_bound":-0.19437793067531905,"upper_bound":-0.19405666188533077},"point_estimate":-0.19424114437144868,"standard_error":0.00008276064472323456}}