{"mean":{"confidence_interval":{"confidence_level":0.95,"lower_bound":0.06202184040216284,"upper_bound":0.07119390851518359},"point_estimate":0.06654751191212638,"standard_error":0.00235329088903308},"median":{"confidence_interval":{"confidence_level":0.95,"lower_bound":0.06029323737040637,"upper_bound":0.0738239439116217},"point_estimate":0.06862038957009609,"standard_error":0.0035412796513356274}}