{"mean":{"confidence_interval":{"confidence_level":0.95,"lower_bound":-0.0002664638545343656,"upper_bound":0.0013609753909265385},"point_estimate":0.0004150492981274123,"standard_error":0.00040456813194512616},"median":{"confidence_interval":{"confidence_level":0.95,"lower_bound":-0.0004533181467389902,"upper_bound":-0.000036357212229054525},"point_estimate":-0.0002444455080184982,"standard_error":0.0001062817958715157}}