{"mean":{"confidence_interval":{"confidence_level":0.95,"lower_bound":-0.00008861214196557443,"upper_bound":0.0005520793069508755},"point_estimate":0.00019775151873946406,"standard_error":0.00016557405777006134},"median":{"confidence_interval":{"confidence_level":0.95,"lower_bound":-1.8869418387801318e-6,"upper_bound":0.000325632826461808},"point_estimate":0.0001947843864125165,"standard_error":0.00008363291274829611}}