{"mean":{"confidence_interval":{"confidence_level":0.95,"lower_bound":-0.001267244004551668,"upper_bound":0.0002803813056295289},"point_estimate":-0.00046780960597714305,"standard_error":0.00039371606373455557},"median":{"confidence_interval":{"confidence_level":0.95,"lower_bound":-0.00021895736511823855,"upper_bound":0.00012529797555829096},"point_estimate":-0.000014587807067867331,"standard_error":0.00008768118235098397}}