{"mean":{"confidence_interval":{"confidence_level":0.95,"lower_bound":-0.0013902158117545553,"upper_bound":-0.00018105970994421744},"point_estimate":-0.000751559550775438,"standard_error":0.0003090754808591384},"median":{"confidence_interval":{"confidence_level":0.95,"lower_bound":-0.000600590344324392,"upper_bound":-0.0002677718035906107},"point_estimate":-0.0004525196123758013,"standard_error":0.00008617545835736608}}