{"mean":{"confidence_interval":{"confidence_level":0.95,"lower_bound":-0.0025804190127313767,"upper_bound":0.0028224312841657767},"point_estimate":0.0005807256280077056,"standard_error":0.0013962766420592162},"median":{"confidence_interval":{"confidence_level":0.95,"lower_bound":0.0004796360791248233,"upper_bound":0.0007546828696403107},"point_estimate":0.0006337349791145641,"standard_error":0.0000707846543829608}}