{"mean":{"confidence_interval":{"confidence_level":0.95,"lower_bound":-0.034911877707242085,"upper_bound":-0.004066412755333203},"point_estimate":-0.02006272207229931,"standard_error":0.007894297158243828},"median":{"confidence_interval":{"confidence_level":0.95,"lower_bound":-0.04198014717899268,"upper_bound":-0.01738244698841866},"point_estimate":-0.02962689197543389,"standard_error":0.006366765175046672}}