{"mean":{"confidence_interval":{"confidence_level":0.95,"lower_bound":0.0006328827417449339,"upper_bound":0.021478909748344065},"point_estimate":0.008290799707842522,"standard_error":0.005104366625612807},"median":{"confidence_interval":{"confidence_level":0.95,"lower_bound":0.00011136442096137955,"upper_bound":0.0004799169567744066},"point_estimate":0.0003319287399554671,"standard_error":0.00010002725289011626}}