{"mean":{"confidence_interval":{"confidence_level":0.95,"lower_bound":0.2853129778085292,"upper_bound":0.30118147802276696},"point_estimate":0.29305894302744595,"standard_error":0.0042469437880725365},"median":{"confidence_interval":{"confidence_level":0.95,"lower_bound":0.2801017897521765,"upper_bound":0.2939466113741711},"point_estimate":0.2867578488735647,"standard_error":0.0033878390553466206}}