{"mean":{"confidence_interval":{"confidence_level":0.95,"lower_bound":-0.19425245124657098,"upper_bound":-0.19382223148342592},"point_estimate":-0.19404003680998794,"standard_error":0.00010981436651839883},"median":{"confidence_interval":{"confidence_level":0.95,"lower_bound":-0.19406712529630368,"upper_bound":-0.19364084504864487},"point_estimate":-0.1938455969996512,"standard_error":0.00011500582364187806}}