{"mean":{"confidence_interval":{"confidence_level":0.95,"lower_bound":-0.057096486326553064,"upper_bound":-0.03208807180083155},"point_estimate":-0.04412325958816876,"standard_error":0.006386042565962249},"median":{"confidence_interval":{"confidence_level":0.95,"lower_bound":-0.034618107346843785,"upper_bound":-0.012149768599162947},"point_estimate":-0.024165143911680897,"standard_error":0.0059576350047809284}}