{"mean":{"confidence_interval":{"confidence_level":0.95,"lower_bound":-0.00029738676997073665,"upper_bound":0.000050838457031815215},"point_estimate":-0.00010748720404729628,"standard_error":0.00008923377369495381},"median":{"confidence_interval":{"confidence_level":0.95,"lower_bound":-0.00020764228575631538,"upper_bound":0.00003281507585306542},"point_estimate":-0.00008972662431883105,"standard_error":0.00006065979290518594}}