{"mean":{"confidence_interval":{"confidence_level":0.95,"lower_bound":-0.003864742524624691,"upper_bound":0.010095956972330861},"point_estimate":0.0035290739415418937,"standard_error":0.0035721885868529105},"median":{"confidence_interval":{"confidence_level":0.95,"lower_bound":0.0007617498882843687,"upper_bound":0.01385525661501985},"point_estimate":0.0072068109820135895,"standard_error":0.0034388012285906312}}