{"mean":{"confidence_interval":{"confidence_level":0.95,"lower_bound":0.24062033407802863,"upper_bound":0.24116161744567935},"point_estimate":0.24085544653133062,"standard_error":0.00013494831100097646},"median":{"confidence_interval":{"confidence_level":0.95,"lower_bound":0.24045069909670944,"upper_bound":0.2407914261379751},"point_estimate":0.24061279339915465,"standard_error":0.00007995239894737727}}