{"mean":{"confidence_interval":{"confidence_level":0.95,"lower_bound":-0.019786019890243544,"upper_bound":-0.002433688503143072},"point_estimate":-0.010480120595051323,"standard_error":0.004419261928028907},"median":{"confidence_interval":{"confidence_level":0.95,"lower_bound":-0.013464464198759685,"upper_bound":0.0013871819938395813},"point_estimate":-0.00692064098771239,"standard_error":0.0030414682221481973}}