{"mean":{"confidence_interval":{"confidence_level":0.95,"lower_bound":-0.00012866008383459744,"upper_bound":0.0004052612699325884},"point_estimate":0.0001124381817085851,"standard_error":0.00013487431472951352},"median":{"confidence_interval":{"confidence_level":0.95,"lower_bound":-0.00008712698276436281,"upper_bound":0.0002645710516564481},"point_estimate":0.0001520606672176239,"standard_error":0.00009513640381724565}}