{"mean":{"confidence_interval":{"confidence_level":0.95,"lower_bound":0.003694619728711424,"upper_bound":0.03334992757052625},"point_estimate":0.017781658996979255,"standard_error":0.0074103695966084284},"median":{"confidence_interval":{"confidence_level":0.95,"lower_bound":-0.008921646360696589,"upper_bound":0.0107502945459953},"point_estimate":-0.0033366679095673257,"standard_error":0.0051363611557406685}}