{"mean":{"confidence_interval":{"confidence_level":0.95,"lower_bound":-0.0932483770535375,"upper_bound":-0.06769073083211674},"point_estimate":-0.0796483538193049,"standard_error":0.006523765568124629},"median":{"confidence_interval":{"confidence_level":0.95,"lower_bound":-0.06925760487520038,"upper_bound":-0.05279041054524258},"point_estimate":-0.05968060060582625,"standard_error":0.004131712619734567}}