{"mean":{"confidence_interval":{"confidence_level":0.95,"lower_bound":-0.19125249999255672,"upper_bound":-0.17788059768442627},"point_estimate":-0.18476380824159244,"standard_error":0.003329307994406139},"median":{"confidence_interval":{"confidence_level":0.95,"lower_bound":-0.1984789052808258,"upper_bound":-0.1866089591097586},"point_estimate":-0.19276186614190516,"standard_error":0.002726909454666355}}