{"mean":{"confidence_interval":{"confidence_level":0.95,"lower_bound":-0.0002660372155106143,"upper_bound":0.0002420891244443168},"point_estimate":4.327319613084413e-6,"standard_error":0.00012926661433749803},"median":{"confidence_interval":{"confidence_level":0.95,"lower_bound":-0.00013788520003083483,"upper_bound":0.0001732603442931684},"point_estimate":-0.00001768911381505589,"standard_error":0.00008022467907499479}}