{"mean":{"confidence_interval":{"confidence_level":0.95,"lower_bound":0.00008215514915276284,"upper_bound":0.0006803747858546372},"point_estimate":0.0003829764081832998,"standard_error":0.00015279714265342646},"median":{"confidence_interval":{"confidence_level":0.95,"lower_bound":0.0006057260648695273,"upper_bound":0.0011303250824015176},"point_estimate":0.0008419746987802235,"standard_error":0.00012784667072763468}}