{"mean":{"confidence_interval":{"confidence_level":0.95,"lower_bound":-0.0040469797318447576,"upper_bound":0.019374775617078302},"point_estimate":0.0076517163966587365,"standard_error":0.005890272096225423},"median":{"confidence_interval":{"confidence_level":0.95,"lower_bound":-0.025789644256027238,"upper_bound":0.006006461855251111},"point_estimate":-0.011077725139550965,"standard_error":0.007720484169720273}}