{"mean":{"confidence_interval":{"confidence_level":0.95,"lower_bound":-0.00036754102634218574,"upper_bound":0.001231153434911275},"point_estimate":0.00036705715420382035,"standard_error":0.00040060418393387707},"median":{"confidence_interval":{"confidence_level":0.95,"lower_bound":-0.00003690789896615421,"upper_bound":0.00026844254380331556},"point_estimate":0.00012018219944898156,"standard_error":0.00007424185766993516}}