{"mean":{"confidence_interval":{"confidence_level":0.95,"lower_bound":-0.009669787133818927,"upper_bound":0.0004098882297523809},"point_estimate":-0.0032604645339140426,"standard_error":0.002920970586877035},"median":{"confidence_interval":{"confidence_level":0.95,"lower_bound":-0.000035961829070618734,"upper_bound":0.00030326380384411677},"point_estimate":0.0001346655259084617,"standard_error":0.0000813830019277258}}