{"mean":{"confidence_interval":{"confidence_level":0.95,"lower_bound":-0.005006095896408886,"upper_bound":0.01712950297062156},"point_estimate":0.006410388551700175,"standard_error":0.005647930176046625},"median":{"confidence_interval":{"confidence_level":0.95,"lower_bound":0.006361208921868089,"upper_bound":0.02907588799405847},"point_estimate":0.01964395541806585,"standard_error":0.0059922303381611435}}