{"mean":{"confidence_interval":{"confidence_level":0.95,"lower_bound":-0.1353549482825602,"upper_bound":-0.11763589856168954},"point_estimate":-0.12647726510179058,"standard_error":0.004520436625300374},"median":{"confidence_interval":{"confidence_level":0.95,"lower_bound":-0.13909035195180175,"upper_bound":-0.10225578317132544},"point_estimate":-0.11793565692580688,"standard_error":0.008812178471200506}}