{"mean":{"confidence_interval":{"confidence_level":0.95,"lower_bound":-0.003158460894766071,"upper_bound":0.00022187416385914237},"point_estimate":-0.0012677824556344142,"standard_error":0.0008721144296371641},"median":{"confidence_interval":{"confidence_level":0.95,"lower_bound":-0.00039425057140374253,"upper_bound":0.00006488194909937128},"point_estimate":-0.00017879386560515353,"standard_error":0.00011856165920123442}}