{"mean":{"confidence_interval":{"confidence_level":0.95,"lower_bound":0.00016593346899020924,"upper_bound":0.0011257551271326824},"point_estimate":0.0006516864052403815,"standard_error":0.00024595133733442824},"median":{"confidence_interval":{"confidence_level":0.95,"lower_bound":0.0002563272027047425,"upper_bound":0.0005176141160712078},"point_estimate":0.00037276812069308995,"standard_error":0.00006836235911159283}}