{"mean":{"confidence_interval":{"confidence_level":0.95,"lower_bound":-0.00017526485897800814,"upper_bound":0.0011948938084522238},"point_estimate":0.0003467626636397547,"standard_error":0.00034895341475948277},"median":{"confidence_interval":{"confidence_level":0.95,"lower_bound":-0.00041501907861107856,"upper_bound":0.0002856701551161578},"point_estimate":-0.0001442610012734047,"standard_error":0.00016715844726358038}}