{"mean":{"confidence_interval":{"confidence_level":0.95,"lower_bound":-0.005280782737970275,"upper_bound":0.0007796812914993675},"point_estimate":-0.001479909392248513,"standard_error":0.001720555419008895},"median":{"confidence_interval":{"confidence_level":0.95,"lower_bound":0.000055803551012090225,"upper_bound":0.00041671022044464934},"point_estimate":0.0002499334457710667,"standard_error":0.00009117834854447322}}