{"mean":{"confidence_interval":{"confidence_level":0.95,"lower_bound":-0.0006546942579720382,"upper_bound":0.0008280379706793238},"point_estimate":0.00009967089236995186,"standard_error":0.0003749379385810291},"median":{"confidence_interval":{"confidence_level":0.95,"lower_bound":-0.00024705088217558124,"upper_bound":0.00011818817083852906},"point_estimate":-0.00010312136147561102,"standard_error":0.00009404526833995506}}