{"mean":{"confidence_interval":{"confidence_level":0.95,"lower_bound":0.00017555786554595589,"upper_bound":0.005966099536172617},"point_estimate":0.00264862423821155,"standard_error":0.0014638929157728777},"median":{"confidence_interval":{"confidence_level":0.95,"lower_bound":0.00009998944833999879,"upper_bound":0.0005419709400096284},"point_estimate":0.00031660388004817186,"standard_error":0.00011919734103095142}}