{"mean":{"confidence_interval":{"confidence_level":0.95,"lower_bound":-0.0005298776324472814,"upper_bound":0.0009926100812440103},"point_estimate":0.0001888583932585508,"standard_error":0.000389952850079777},"median":{"confidence_interval":{"confidence_level":0.95,"lower_bound":-0.00014326362809669035,"upper_bound":0.0008762036846128123},"point_estimate":0.00043472663575272463,"standard_error":0.0002617821645266033}}