{"mean":{"confidence_interval":{"confidence_level":0.95,"lower_bound":0.1697126033083912,"upper_bound":0.1909763510978308},"point_estimate":0.17870172469423729,"standard_error":0.005418522337782545},"median":{"confidence_interval":{"confidence_level":0.95,"lower_bound":0.1570275509851582,"upper_bound":0.1930846219400726},"point_estimate":0.17786568752480458,"standard_error":0.009085577018555935}}