{"mean":{"confidence_interval":{"confidence_level":0.95,"lower_bound":0.1953112389512122,"upper_bound":0.22438269950287132},"point_estimate":0.20991175807421114,"standard_error":0.0074057135473405466},"median":{"confidence_interval":{"confidence_level":0.95,"lower_bound":0.20798893703992327,"upper_bound":0.25749187633064574},"point_estimate":0.23977458947960817,"standard_error":0.014344161513766643}}