{"mean":{"confidence_interval":{"confidence_level":0.95,"lower_bound":-0.08597182199739153,"upper_bound":-0.06570269876431817},"point_estimate":-0.07597371692320765,"standard_error":0.005141626560672165},"median":{"confidence_interval":{"confidence_level":0.95,"lower_bound":-0.06678645977312514,"upper_bound":-0.04658623819718144},"point_estimate":-0.06085697243140464,"standard_error":0.005089141285402409}}