{"mean":{"confidence_interval":{"confidence_level":0.95,"lower_bound":-0.038350247312873585,"upper_bound":-0.027047351527292533},"point_estimate":-0.03281305282779745,"standard_error":0.0028735923172805936},"median":{"confidence_interval":{"confidence_level":0.95,"lower_bound":-0.0409357242620777,"upper_bound":-0.026795950780812264},"point_estimate":-0.03377200266190428,"standard_error":0.003661595086778811}}