{"mean":{"confidence_interval":{"confidence_level":0.95,"lower_bound":-0.061294549671589614,"upper_bound":-0.053572180632464966},"point_estimate":-0.057578733514297875,"standard_error":0.0019175068512984632},"median":{"confidence_interval":{"confidence_level":0.95,"lower_bound":-0.05778879388595079,"upper_bound":-0.04942525395191333},"point_estimate":-0.0520480640129507,"standard_error":0.002420395546015659}}