{"mean":{"confidence_interval":{"confidence_level":0.95,"lower_bound":-0.00004932091966428897,"upper_bound":0.002038347043217941},"point_estimate":0.0008526581205741124,"standard_error":0.0005284205987763543},"median":{"confidence_interval":{"confidence_level":0.95,"lower_bound":0.00035918796676215337,"upper_bound":0.0006867633547649188},"point_estimate":0.0005207328426457547,"standard_error":0.00008516863653152148}}