{"mean":{"confidence_interval":{"confidence_level":0.95,"lower_bound":-0.16780836514113376,"upper_bound":-0.1675029988595076},"point_estimate":-0.16765488506964565,"standard_error":0.00007747609113001711},"median":{"confidence_interval":{"confidence_level":0.95,"lower_bound":-0.16785060497649174,"upper_bound":-0.16747027490277455},"point_estimate":-0.16768066874429655,"standard_error":0.00009741050771986094}}