{"mean":{"confidence_interval":{"confidence_level":0.95,"lower_bound":0.04893731392219196,"upper_bound":0.07125302365073714},"point_estimate":0.05864027112705372,"standard_error":0.005958364802882032},"median":{"confidence_interval":{"confidence_level":0.95,"lower_bound":0.038382058419173894,"upper_bound":0.05266779507523767},"point_estimate":0.04174256261061515,"standard_error":0.0036287635287921764}}