{"mean":{"confidence_interval":{"confidence_level":0.95,"lower_bound":0.00016534528856668743,"upper_bound":0.0005493171865075751},"point_estimate":0.0003414537416457364,"standard_error":0.0000963205029517138},"median":{"confidence_interval":{"confidence_level":0.95,"lower_bound":0.00001789565788659731,"upper_bound":0.00032523685149173185},"point_estimate":0.0001745182398669165,"standard_error":0.00007453249078238105}}