{"mean":{"confidence_interval":{"confidence_level":0.95,"lower_bound":-0.06597527078894558,"upper_bound":-0.0586823428055452},"point_estimate":-0.062474968357668414,"standard_error":0.0019443633215912688},"median":{"confidence_interval":{"confidence_level":0.95,"lower_bound":-0.0689398712902984,"upper_bound":-0.05630765244309726},"point_estimate":-0.0643896167741016,"standard_error":0.0030479670270104173}}