{"mean":{"confidence_interval":{"confidence_level":0.95,"lower_bound":-0.0009665605961308636,"upper_bound":-0.0004225873318500301},"point_estimate":-0.0006796242247761874,"standard_error":0.00013926497703721212},"median":{"confidence_interval":{"confidence_level":0.95,"lower_bound":-0.0006604996550161335,"upper_bound":-0.00014113119386682804},"point_estimate":-0.00035113035932643477,"standard_error":0.00011797155360715862}}