{"mean":{"confidence_interval":{"confidence_level":0.95,"lower_bound":-0.07898554296777176,"upper_bound":-0.056725230928242346},"point_estimate":-0.06741956144675876,"standard_error":0.0056679560346224464},"median":{"confidence_interval":{"confidence_level":0.95,"lower_bound":-0.05433478192122876,"upper_bound":-0.035104650802747606},"point_estimate":-0.04658024821302642,"standard_error":0.004871203302843377}}