{"mean":{"confidence_interval":{"confidence_level":0.95,"lower_bound":0.0668456742070418,"upper_bound":0.09590270511595017},"point_estimate":0.08044872922779067,"standard_error":0.007404751362150005},"median":{"confidence_interval":{"confidence_level":0.95,"lower_bound":0.05947098741770174,"upper_bound":0.09411456866527068},"point_estimate":0.07824011061935354,"standard_error":0.008619023367236488}}