{"mean":{"confidence_interval":{"confidence_level":0.95,"lower_bound":-0.0009906773090426007,"upper_bound":-0.0006021593246150037},"point_estimate":-0.0007853567261278949,"standard_error":0.00009946557890334556},"median":{"confidence_interval":{"confidence_level":0.95,"lower_bound":-0.0008531667497255757,"upper_bound":-0.0005052246897274793},"point_estimate":-0.0006864293392685461,"standard_error":0.00008814621297612073}}