{"mean":{"confidence_interval":{"confidence_level":0.95,"lower_bound":-0.06942855159843742,"upper_bound":-0.04108385544760563},"point_estimate":-0.054749020552832595,"standard_error":0.00726926370135686},"median":{"confidence_interval":{"confidence_level":0.95,"lower_bound":-0.06875715807117566,"upper_bound":-0.029112557449921694},"point_estimate":-0.05371734706329978,"standard_error":0.010275770086902851}}