{"mean":{"confidence_interval":{"confidence_level":0.95,"lower_bound":-0.000627639727934004,"upper_bound":-0.00017099471208736894},"point_estimate":-0.00039258050308821346,"standard_error":0.0001171891715077079},"median":{"confidence_interval":{"confidence_level":0.95,"lower_bound":-0.0007618226779240178,"upper_bound":-0.0002626580850024762},"point_estimate":-0.000464771730516067,"standard_error":0.0001263359892562274}}