{"mean":{"confidence_interval":{"confidence_level":0.95,"lower_bound":-0.0007840500328492622,"upper_bound":0.0008069788034969819},"point_estimate":9.957585764830412e-6,"standard_error":0.000401712006623794},"median":{"confidence_interval":{"confidence_level":0.95,"lower_bound":-0.00002072769896710458,"upper_bound":0.0003100447509285509},"point_estimate":0.0001132447560105998,"standard_error":0.00008055926500149683}}