{"mean":{"confidence_interval":{"confidence_level":0.95,"lower_bound":0.00044130339175821884,"upper_bound":0.0007628648752688982},"point_estimate":0.0005931333432407371,"standard_error":0.0000814529866056316},"median":{"confidence_interval":{"confidence_level":0.95,"lower_bound":0.0004259972247999677,"upper_bound":0.0006933611120460981},"point_estimate":0.0005690511527671749,"standard_error":0.0000724723030807464}}