{"mean":{"confidence_interval":{"confidence_level":0.95,"lower_bound":-0.0014155229367033163,"upper_bound":0.0019775732372045987},"point_estimate":0.0002415044713834913,"standard_error":0.0008474118667759098},"median":{"confidence_interval":{"confidence_level":0.95,"lower_bound":-0.00005951503934842339,"upper_bound":0.0004613652534530832},"point_estimate":0.00028178405240719684,"standard_error":0.0001396887575992578}}