{"mean":{"confidence_interval":{"confidence_level":0.95,"lower_bound":-0.01724631327323562,"upper_bound":-0.0060465948822421445},"point_estimate":-0.01299167337323337,"standard_error":0.0029743814611656897},"median":{"confidence_interval":{"confidence_level":0.95,"lower_bound":-0.020872262699664357,"upper_bound":-0.00600471814565906},"point_estimate":-0.01566994263474164,"standard_error":0.004290553789169631}}