{"mean":{"confidence_interval":{"confidence_level":0.95,"lower_bound":-0.0033983338115784493,"upper_bound":0.001353625442749073},"point_estimate":-0.001316323203812475,"standard_error":0.0012186093208720046},"median":{"confidence_interval":{"confidence_level":0.95,"lower_bound":-0.003481865649457962,"upper_bound":-0.0008063088280909625},"point_estimate":-0.00249066263944564,"standard_error":0.0006750343139449233}}