{"mean":{"confidence_interval":{"confidence_level":0.95,"lower_bound":-0.020083277315000862,"upper_bound":-0.010838998625476411},"point_estimate":-0.015279657369738686,"standard_error":0.002351495403785381},"median":{"confidence_interval":{"confidence_level":0.95,"lower_bound":-0.014830981979812585,"upper_bound":-0.005706923833468824},"point_estimate":-0.011027395505756932,"standard_error":0.00209804687613077}}