{"mean":{"confidence_interval":{"confidence_level":0.95,"lower_bound":-0.008168422981187152,"upper_bound":0.0075251114977780715},"point_estimate":-0.0011933134922375022,"standard_error":0.0038890876009575765},"median":{"confidence_interval":{"confidence_level":0.95,"lower_bound":-0.002865663234235205,"upper_bound":-0.00011202511979324647},"point_estimate":-0.0013606356554066723,"standard_error":0.0007092900355508002}}