{"mean":{"confidence_interval":{"confidence_level":0.95,"lower_bound":0.004875549722096402,"upper_bound":0.025497250815781962},"point_estimate":0.013006376040671341,"standard_error":0.005449046467438295},"median":{"confidence_interval":{"confidence_level":0.95,"lower_bound":0.006017570302053965,"upper_bound":0.010414811426117122},"point_estimate":0.008632275524822264,"standard_error":0.0011209772510218275}}