{"mean":{"confidence_interval":{"confidence_level":0.95,"lower_bound":-0.016017966013314715,"upper_bound":0.007643243084068285},"point_estimate":-0.00716996606660536,"standard_error":0.006722112626258178},"median":{"confidence_interval":{"confidence_level":0.95,"lower_bound":-0.015139502693334562,"upper_bound":-0.011556678773409379},"point_estimate":-0.013240717876723207,"standard_error":0.0008931069725830136}}