{"mean":{"confidence_interval":{"confidence_level":0.95,"lower_bound":-0.003585317439828009,"upper_bound":0.002074423327766959},"point_estimate":-0.0006615409029981922,"standard_error":0.0014433086746587697},"median":{"confidence_interval":{"confidence_level":0.95,"lower_bound":-0.0015494451295466893,"upper_bound":0.0007381317309054225},"point_estimate":-0.0006537133548695229,"standard_error":0.0005510152287871954}}