{"mean":{"confidence_interval":{"confidence_level":0.95,"lower_bound":-0.005120074687693463,"upper_bound":0.0033571051355432754},"point_estimate":-0.0007527098279999089,"standard_error":0.002134527427275069},"median":{"confidence_interval":{"confidence_level":0.95,"lower_bound":-0.00020802850349921354,"upper_bound":0.00201699423429753},"point_estimate":0.0007652801868280878,"standard_error":0.0005860490559251206}}