{"mean":{"confidence_interval":{"confidence_level":0.95,"lower_bound":-0.0011681136316348728,"upper_bound":0.013482695707651832},"point_estimate":0.005372275092328627,"standard_error":0.0036404885991182406},"median":{"confidence_interval":{"confidence_level":0.95,"lower_bound":-0.0031403346385070474,"upper_bound":-0.0000997979610403865},"point_estimate":-0.0017680964025396095,"standard_error":0.0008241906928973941}}