{"mean":{"confidence_interval":{"confidence_level":0.95,"lower_bound":0.3658838318379842,"upper_bound":0.40170933516966006},"point_estimate":0.3838847512651842,"standard_error":0.009100458487851579},"median":{"confidence_interval":{"confidence_level":0.95,"lower_bound":0.3787158193804732,"upper_bound":0.40381668742681165},"point_estimate":0.38918210890233373,"standard_error":0.00682478465528313}}