{"mean":{"confidence_interval":{"confidence_level":0.95,"lower_bound":-0.0027219155139993315,"upper_bound":0.0009611030154347609},"point_estimate":-0.0007834272488002059,"standard_error":0.0009355295023352575},"median":{"confidence_interval":{"confidence_level":0.95,"lower_bound":-0.0016893265774029498,"upper_bound":0.0008144885131640134},"point_estimate":-0.00033546186367250375,"standard_error":0.0006376314392239817}}