{"mean":{"confidence_interval":{"confidence_level":0.95,"lower_bound":-0.0027680654526131437,"upper_bound":0.016711586119370677},"point_estimate":0.004521376094691609,"standard_error":0.004962936700879788},"median":{"confidence_interval":{"confidence_level":0.95,"lower_bound":-0.0014308365515388383,"upper_bound":0.0023504340686766323},"point_estimate":0.0005847048544087574,"standard_error":0.0009727813541667135}}