{"mean":{"confidence_interval":{"confidence_level":0.95,"lower_bound":-0.014487642487735783,"upper_bound":0.014993588332502212},"point_estimate":0.0010235214533615977,"standard_error":0.007519093659959503},"median":{"confidence_interval":{"confidence_level":0.95,"lower_bound":0.0025409762149728454,"upper_bound":0.004965649199340044},"point_estimate":0.003420895572237903,"standard_error":0.0006264605579258108}}