{"mean":{"confidence_interval":{"confidence_level":0.95,"lower_bound":-0.0010347325219360714,"upper_bound":0.0065781049311027275},"point_estimate":0.002945358847606938,"standard_error":0.0019422553366136865},"median":{"confidence_interval":{"confidence_level":0.95,"lower_bound":0.0008347044812355708,"upper_bound":0.004578776028976894},"point_estimate":0.0025616517570590247,"standard_error":0.000977427550102421}}