{"mean":{"confidence_interval":{"confidence_level":0.95,"lower_bound":0.0680249742270217,"upper_bound":0.07792976786963891},"point_estimate":0.0732850265319882,"standard_error":0.002527210355999496},"median":{"confidence_interval":{"confidence_level":0.95,"lower_bound":0.07630949262506648,"upper_bound":0.08341516863985965},"point_estimate":0.08030818176922283,"standard_error":0.0017695588815648026}}