{"mean":{"confidence_interval":{"confidence_level":0.95,"lower_bound":-0.002307959446578875,"upper_bound":0.00405659027414112},"point_estimate":0.0005445344422962961,"standard_error":0.0016314520138369104},"median":{"confidence_interval":{"confidence_level":0.95,"lower_bound":-0.0035739134981422893,"upper_bound":0.0014639131872427047},"point_estimate":-0.0009773855169429302,"standard_error":0.0013133013796687084}}