{"mean":{"confidence_interval":{"confidence_level":0.95,"lower_bound":0.003970842614893222,"upper_bound":0.010881718590851528},"point_estimate":0.00750872124257751,"standard_error":0.0017853382494144243},"median":{"confidence_interval":{"confidence_level":0.95,"lower_bound":0.0024321447896075554,"upper_bound":0.005625550636349397},"point_estimate":0.004005424373346722,"standard_error":0.0008070844764739695}}