{"mean":{"confidence_interval":{"confidence_level":0.95,"lower_bound":0.8175076850495359,"upper_bound":0.828743807965136},"point_estimate":0.8239032037614558,"standard_error":0.0027644572960921713},"median":{"confidence_interval":{"confidence_level":0.95,"lower_bound":0.822752212297394,"upper_bound":0.8301609439674165},"point_estimate":0.8246868264840479,"standard_error":0.0019154843908664792}}