{"mean":{"confidence_interval":{"confidence_level":0.95,"lower_bound":0.00037806916092589845,"upper_bound":0.00119626917670243},"point_estimate":0.0008025741806871878,"standard_error":0.00020786519781002571},"median":{"confidence_interval":{"confidence_level":0.95,"lower_bound":0.00041847904029967964,"upper_bound":0.001207162973342335},"point_estimate":0.0007919924841786052,"standard_error":0.00018868848088693296}}