{"mean":{"confidence_interval":{"confidence_level":0.95,"lower_bound":-0.4094495511542927,"upper_bound":-0.4019841427408134},"point_estimate":-0.40601702012259877,"standard_error":0.0018893843567615602},"median":{"confidence_interval":{"confidence_level":0.95,"lower_bound":-0.40916031843953704,"upper_bound":-0.3998390765248452},"point_estimate":-0.4037332782594102,"standard_error":0.0019141301064028334}}