{"mean":{"confidence_interval":{"confidence_level":0.95,"lower_bound":0.5476974666582978,"upper_bound":0.5775305533743257},"point_estimate":0.5631403615441841,"standard_error":0.007632962698152204},"median":{"confidence_interval":{"confidence_level":0.95,"lower_bound":0.571282770005612,"upper_bound":0.5979463882952829},"point_estimate":0.5850121052220425,"standard_error":0.006738963957020469}}