{"mean":{"confidence_interval":{"confidence_level":0.95,"lower_bound":-0.0031630093650952817,"upper_bound":0.00005977975746840336},"point_estimate":-0.0012894500269166054,"standard_error":0.0008314358253855355},"median":{"confidence_interval":{"confidence_level":0.95,"lower_bound":-0.000982744636028321,"upper_bound":0.00007672890066226456},"point_estimate":-0.0004203872280172938,"standard_error":0.00026389256246875}}