{"mean":{"confidence_interval":{"confidence_level":0.95,"lower_bound":0.0007554746746033404,"upper_bound":0.0016952031863187611},"point_estimate":0.0012446364588483139,"standard_error":0.000240446137531716},"median":{"confidence_interval":{"confidence_level":0.95,"lower_bound":0.0004331035641238271,"upper_bound":0.001179963573946008},"point_estimate":0.0008301928037428574,"standard_error":0.00018795021439878547}}