{"mean":{"confidence_interval":{"confidence_level":0.95,"lower_bound":0.005122843864514265,"upper_bound":0.02039186177278065},"point_estimate":0.011391227800364279,"standard_error":0.004024210495274261},"median":{"confidence_interval":{"confidence_level":0.95,"lower_bound":0.007408222105575568,"upper_bound":0.010201010538883892},"point_estimate":0.00908322871938716,"standard_error":0.0006653662165212304}}