{"mean":{"confidence_interval":{"confidence_level":0.95,"lower_bound":-0.006686095287932433,"upper_bound":0.009499821389753709},"point_estimate":0.0017476233389912554,"standard_error":0.004095103625884864},"median":{"confidence_interval":{"confidence_level":0.95,"lower_bound":-0.0012955763650629448,"upper_bound":0.0023447744207250043},"point_estimate":0.0007505688392039911,"standard_error":0.0009445128157758277}}