{"mean":{"confidence_interval":{"confidence_level":0.95,"lower_bound":-0.12579916223654314,"upper_bound":-0.11345525670162453},"point_estimate":-0.11825151392678113,"standard_error":0.0033084705481160157},"median":{"confidence_interval":{"confidence_level":0.95,"lower_bound":-0.11583562331804764,"upper_bound":-0.11361690536197545},"point_estimate":-0.1146983913865155,"standard_error":0.000561745914514217}}