{"mean":{"confidence_interval":{"confidence_level":0.95,"lower_bound":-0.07483609973906934,"upper_bound":-0.06929542746836481},"point_estimate":-0.07211778787653267,"standard_error":0.0014368782684648646},"median":{"confidence_interval":{"confidence_level":0.95,"lower_bound":-0.07675136171180624,"upper_bound":-0.07353910564577892},"point_estimate":-0.07477666046435782,"standard_error":0.0008380966054381413}}