{"mean":{"confidence_interval":{"confidence_level":0.95,"lower_bound":-0.0023099310552154194,"upper_bound":0.00392242828899404},"point_estimate":0.0006346551745866069,"standard_error":0.0015926570798187485},"median":{"confidence_interval":{"confidence_level":0.95,"lower_bound":-0.002717828049506932,"upper_bound":0.0005047100501631707},"point_estimate":-0.0010359772645230914,"standard_error":0.0008364914049747447}}