{"mean":{"confidence_interval":{"confidence_level":0.95,"lower_bound":-0.00022967348557606155,"upper_bound":0.007847384840911046},"point_estimate":0.003830453673158818,"standard_error":0.0020595804601950354},"median":{"confidence_interval":{"confidence_level":0.95,"lower_bound":0.0014899661888510087,"upper_bound":0.0070177067065418704},"point_estimate":0.004138739053182849,"standard_error":0.001475584048241354}}