{"mean":{"confidence_interval":{"confidence_level":0.95,"lower_bound":-0.11164394946892595,"upper_bound":-0.10660704009813836},"point_estimate":-0.1091461272038673,"standard_error":0.0012699250708782318},"median":{"confidence_interval":{"confidence_level":0.95,"lower_bound":-0.11059227697796303,"upper_bound":-0.10749769286126354},"point_estimate":-0.109294073902383,"standard_error":0.0008048308067008297}}