{"mean":{"confidence_interval":{"confidence_level":0.95,"lower_bound":-0.007322775192459503,"upper_bound":0.00613421297197149},"point_estimate":0.0007819350218420951,"standard_error":0.003558478955119437},"median":{"confidence_interval":{"confidence_level":0.95,"lower_bound":0.002974229545612328,"upper_bound":0.006654451157389163},"point_estimate":0.004885085303204306,"standard_error":0.0009147396499874947}}