{"mean":{"confidence_interval":{"confidence_level":0.95,"lower_bound":-0.0026445398251348324,"upper_bound":0.009587950162079027},"point_estimate":0.0024928650396296437,"standard_error":0.003154418106242171},"median":{"confidence_interval":{"confidence_level":0.95,"lower_bound":-0.0018154170966184768,"upper_bound":0.00153545143846201},"point_estimate":-0.00020851327363824446,"standard_error":0.000900977552268479}}