{"mean":{"confidence_interval":{"confidence_level":0.95,"lower_bound":-0.4827465557777363,"upper_bound":-0.4820788645410626},"point_estimate":-0.48242482560151,"standard_error":0.0001698178579254828},"median":{"confidence_interval":{"confidence_level":0.95,"lower_bound":-0.4829458443324435,"upper_bound":-0.482290169971643},"point_estimate":-0.4826936856775925,"standard_error":0.00016188295632089386}}