{"mean":{"confidence_interval":{"confidence_level":0.95,"lower_bound":0.48643546314496516,"upper_bound":0.4907507050643532},"point_estimate":0.48860031989178565,"standard_error":0.001145325630868532},"median":{"confidence_interval":{"confidence_level":0.95,"lower_bound":0.48614854639450034,"upper_bound":0.49112752699697726},"point_estimate":0.48888716836243074,"standard_error":0.0015258206319273542}}