{"mean":{"confidence_interval":{"confidence_level":0.95,"lower_bound":0.0004918852078961145,"upper_bound":0.0017433812009913059},"point_estimate":0.0010608268137577426,"standard_error":0.0003174433083318675},"median":{"confidence_interval":{"confidence_level":0.95,"lower_bound":0.0006415151763987659,"upper_bound":0.0013391384399843442},"point_estimate":0.0010321874753922433,"standard_error":0.00019933213612089286}}