{"mean":{"confidence_interval":{"confidence_level":0.95,"lower_bound":-0.018626748323452607,"upper_bound":-0.0038373516736163325},"point_estimate":-0.010510369579778689,"standard_error":0.003798884419090328},"median":{"confidence_interval":{"confidence_level":0.95,"lower_bound":-0.005122057742523749,"upper_bound":-0.0019212222324168637},"point_estimate":-0.0033962896951191812,"standard_error":0.0008542851878649909}}