{"mean":{"confidence_interval":{"confidence_level":0.95,"lower_bound":0.1239698147164347,"upper_bound":0.13177123523492934},"point_estimate":0.12769187489403633,"standard_error":0.0019855722344754414},"median":{"confidence_interval":{"confidence_level":0.95,"lower_bound":0.12490406205991555,"upper_bound":0.12991238267310234},"point_estimate":0.12708978035100071,"standard_error":0.0012778958079910532}}