{"mean":{"confidence_interval":{"confidence_level":0.95,"lower_bound":-0.002039699706610773,"upper_bound":0.003898718374228953},"point_estimate":0.0012023961328313515,"standard_error":0.0015202511521944665},"median":{"confidence_interval":{"confidence_level":0.95,"lower_bound":0.0011090260323540768,"upper_bound":0.005393723900106845},"point_estimate":0.003337967584424506,"standard_error":0.0011187414522812705}}