{"mean":{"confidence_interval":{"confidence_level":0.95,"lower_bound":0.02282922256426261,"upper_bound":0.03394359515259799},"point_estimate":0.028400451633704415,"standard_error":0.002836140344408623},"median":{"confidence_interval":{"confidence_level":0.95,"lower_bound":0.012980545161557088,"upper_bound":0.03544744181878374},"point_estimate":0.024884632641594795,"standard_error":0.006444983361563366}}