{"mean":{"confidence_interval":{"confidence_level":0.95,"lower_bound":-0.00003619632804732335,"upper_bound":0.01979651623331126},"point_estimate":0.011679117835332598,"standard_error":0.0051683007119553434},"median":{"confidence_interval":{"confidence_level":0.95,"lower_bound":0.012714033512291723,"upper_bound":0.017470026921090565},"point_estimate":0.014594419478199727,"standard_error":0.0012258258533607504}}