{"mean":{"confidence_interval":{"confidence_level":0.95,"lower_bound":35522.54874329326,"upper_bound":35543.37020641892},"point_estimate":35532.11432369683,"standard_error":5.318604087133582},"median":{"confidence_interval":{"confidence_level":0.95,"lower_bound":35518.821643423566,"upper_bound":35531.2199638663},"point_estimate":35522.51737081909,"standard_error":3.756285915148056},"median_abs_dev":{"confidence_interval":{"confidence_level":0.95,"lower_bound":20.40122840764395,"upper_bound":37.32189224063107},"point_estimate":28.29027491737805,"standard_error":4.326738570948115},"slope":{"confidence_interval":{"confidence_level":0.95,"lower_bound":35525.28303269131,"upper_bound":35535.18649729961},"point_estimate":35529.95484754445,"standard_error":2.5199245015681058},"std_dev":{"confidence_interval":{"confidence_level":0.95,"lower_bound":34.15589409655028,"upper_bound":74.60373861378362},"point_estimate":53.44685471496573,"standard_error":11.318217788771836}}