{"mean":{"confidence_interval":{"confidence_level":0.95,"lower_bound":62130.369632747985,"upper_bound":63176.77664100966},"point_estimate":62653.11896544571,"standard_error":266.0647347715511},"median":{"confidence_interval":{"confidence_level":0.95,"lower_bound":61960.21146953405,"upper_bound":63019.9781467291},"point_estimate":62538.536320254505,"standard_error":318.28524551114936},"median_abs_dev":{"confidence_interval":{"confidence_level":0.95,"lower_bound":1869.9774104493515,"upper_bound":3061.727042841721},"point_estimate":2559.8610015196746,"standard_error":305.27114222403725},"slope":{"confidence_interval":{"confidence_level":0.95,"lower_bound":62228.35603717649,"upper_bound":63231.48235061177},"point_estimate":62715.65779715285,"standard_error":256.78854047175764},"std_dev":{"confidence_interval":{"confidence_level":0.95,"lower_bound":2227.2826893306574,"upper_bound":3074.176531714267},"point_estimate":2666.8437342257394,"standard_error":216.63647019273878}}