{"mean":{"confidence_interval":{"confidence_level":0.95,"lower_bound":35737.280547262926,"upper_bound":35801.17862466222},"point_estimate":35766.20628157191,"standard_error":16.46504547031633},"median":{"confidence_interval":{"confidence_level":0.95,"lower_bound":35715.04666666667,"upper_bound":35748.217578772805},"point_estimate":35731.05276047261,"standard_error":8.611270051241297},"median_abs_dev":{"confidence_interval":{"confidence_level":0.95,"lower_bound":52.329670981076056,"upper_bound":85.52593228442338},"point_estimate":72.61652400913206,"standard_error":8.4162046315486},"slope":{"confidence_interval":{"confidence_level":0.95,"lower_bound":35735.074636005666,"upper_bound":35828.860501841096},"point_estimate":35770.09844480568,"standard_error":25.549797335617363},"std_dev":{"confidence_interval":{"confidence_level":0.95,"lower_bound":84.23233168078075,"upper_bound":236.01207769049307},"point_estimate":166.22591509339154,"standard_error":39.211106180903684}}