{"mean":{"confidence_interval":{"confidence_level":0.95,"lower_bound":56399.49174392566,"upper_bound":56495.17034206498},"point_estimate":56448.00432648579,"standard_error":24.357278635352344},"median":{"confidence_interval":{"confidence_level":0.95,"lower_bound":56419.910798122066,"upper_bound":56503.35507246377},"point_estimate":56472.04367816092,"standard_error":21.00888658527537},"median_abs_dev":{"confidence_interval":{"confidence_level":0.95,"lower_bound":129.4917231177264,"upper_bound":238.25235184780968},"point_estimate":204.34729689051628,"standard_error":28.709772705075522},"slope":{"confidence_interval":{"confidence_level":0.95,"lower_bound":56396.84108558601,"upper_bound":56471.44451472652},"point_estimate":56434.12455741096,"standard_error":19.057307338080555},"std_dev":{"confidence_interval":{"confidence_level":0.95,"lower_bound":171.05006446650444,"upper_bound":317.80468645651246},"point_estimate":245.04053698372005,"standard_error":37.923146463982164}}