{"mean":{"confidence_interval":{"confidence_level":0.95,"lower_bound":18915.58198827609,"upper_bound":19445.691423085176},"point_estimate":19177.209193038027,"standard_error":135.11368493380786},"median":{"confidence_interval":{"confidence_level":0.95,"lower_bound":18191.13032999629,"upper_bound":18682.867021276597},"point_estimate":18247.235542489354,"standard_error":180.527021766263},"median_abs_dev":{"confidence_interval":{"confidence_level":0.95,"lower_bound":202.09561344733837,"upper_bound":1155.1613455489708},"point_estimate":402.8070295720339,"standard_error":241.71046155416883},"slope":{"confidence_interval":{"confidence_level":0.95,"lower_bound":18239.361421883685,"upper_bound":18388.241489048265},"point_estimate":18304.615769543372,"standard_error":38.02442184152437},"std_dev":{"confidence_interval":{"confidence_level":0.95,"lower_bound":1233.4582403132345,"upper_bound":1453.5375204786603},"point_estimate":1361.1660438372471,"standard_error":55.86611962215417}}