{"mean":{"confidence_interval":{"confidence_level":0.95,"lower_bound":41671.44820041971,"upper_bound":42352.0682551985},"point_estimate":42008.322590611686,"standard_error":173.81438530867948},"median":{"confidence_interval":{"confidence_level":0.95,"lower_bound":40626.71097046413,"upper_bound":43141.11431623931},"point_estimate":40712.60055304173,"standard_error":754.8515838809371},"median_abs_dev":{"confidence_interval":{"confidence_level":0.95,"lower_bound":378.74123129683716,"upper_bound":3008.8905337753135},"point_estimate":659.5516636861854,"standard_error":775.7861392368874},"slope":{"confidence_interval":{"confidence_level":0.95,"lower_bound":40682.64347511504,"upper_bound":40934.07446023474},"point_estimate":40792.89551549185,"standard_error":63.983937422962434},"std_dev":{"confidence_interval":{"confidence_level":0.95,"lower_bound":1603.6836157623743,"upper_bound":1865.3680602606335},"point_estimate":1745.3041253290792,"standard_error":66.70532976578056}}