{"mean":{"confidence_interval":{"confidence_level":0.95,"lower_bound":19048.629650750976,"upper_bound":19707.76746337975},"point_estimate":19358.781772593837,"standard_error":168.2947484559724},"median":{"confidence_interval":{"confidence_level":0.95,"lower_bound":18424.865384615383,"upper_bound":18551.495454545453},"point_estimate":18454.76600609756,"standard_error":36.33170913923982},"median_abs_dev":{"confidence_interval":{"confidence_level":0.95,"lower_bound":169.42624351425889,"upper_bound":518.6103352435812},"point_estimate":330.87147451610076,"standard_error":96.67199123178311},"slope":{"confidence_interval":{"confidence_level":0.95,"lower_bound":18462.305048973452,"upper_bound":18563.814101113934},"point_estimate":18507.7287620068,"standard_error":25.905810340687925},"std_dev":{"confidence_interval":{"confidence_level":0.95,"lower_bound":1206.4307612333123,"upper_bound":2150.915040622646},"point_estimate":1684.6176950602912,"standard_error":244.15566858315387}}