{"mean":{"confidence_interval":{"confidence_level":0.95,"lower_bound":114392.767378372,"upper_bound":114430.88011758021},"point_estimate":114411.81068665249,"standard_error":9.704226314553193},"median":{"confidence_interval":{"confidence_level":0.95,"lower_bound":114397.68076923076,"upper_bound":114425.55900621117},"point_estimate":114410.2128342246,"standard_error":6.298511082132261},"median_abs_dev":{"confidence_interval":{"confidence_level":0.95,"lower_bound":47.13344782019907,"upper_bound":80.32242604726711},"point_estimate":60.41384699484164,"standard_error":8.36919728668259},"slope":{"confidence_interval":{"confidence_level":0.95,"lower_bound":114407.43212888598,"upper_bound":114435.07967043217},"point_estimate":114421.12785650953,"standard_error":7.029630757950436},"std_dev":{"confidence_interval":{"confidence_level":0.95,"lower_bound":69.39050917279637,"upper_bound":123.70449441672696},"point_estimate":97.26969789213477,"standard_error":13.922779931407584}}