{"mean":{"confidence_interval":{"confidence_level":0.95,"lower_bound":21635.45417857142,"upper_bound":21856.667392857136},"point_estimate":21740.137142857144,"standard_error":56.77539170921327},"median":{"confidence_interval":{"confidence_level":0.95,"lower_bound":21521.428571428572,"upper_bound":21679.5},"point_estimate":21571.785714285717,"standard_error":43.493586009015885},"median_abs_dev":{"confidence_interval":{"confidence_level":0.95,"lower_bound":242.0873957020915,"upper_bound":439.59089219570427},"point_estimate":330.09029413972814,"standard_error":48.59079311626031},"slope":null,"std_dev":{"confidence_interval":{"confidence_level":0.95,"lower_bound":422.85300145343285,"upper_bound":705.7273252317041},"point_estimate":573.5026579435495,"standard_error":72.5208402768291}}