{"mean":{"confidence_interval":{"confidence_level":0.95,"lower_bound":19451.73352848261,"upper_bound":19884.388879363472},"point_estimate":19664.53368308832,"standard_error":110.66643467133059},"median":{"confidence_interval":{"confidence_level":0.95,"lower_bound":18953.191769517798,"upper_bound":19030.989130434784},"point_estimate":18992.066264204543,"standard_error":42.267775664702775},"median_abs_dev":{"confidence_interval":{"confidence_level":0.95,"lower_bound":124.01935154822137,"upper_bound":647.5732719888177},"point_estimate":428.6070393340788,"standard_error":173.55612441189854},"slope":{"confidence_interval":{"confidence_level":0.95,"lower_bound":18981.63805356837,"upper_bound":19109.091374378433},"point_estimate":19038.410917319343,"standard_error":32.48698945280538},"std_dev":{"confidence_interval":{"confidence_level":0.95,"lower_bound":1004.1224078370763,"upper_bound":1187.5425765021646},"point_estimate":1113.645644320146,"standard_error":46.86038728229859}}