{"mean":{"confidence_interval":{"confidence_level":0.95,"lower_bound":22277.725392857148,"upper_bound":22585.633071428576},"point_estimate":22423.437142857136,"standard_error":78.48698207954565},"median":{"confidence_interval":{"confidence_level":0.95,"lower_bound":22102.714285714286,"upper_bound":22270.428571428572},"point_estimate":22165.071428571428,"standard_error":47.8613422694711},"median_abs_dev":{"confidence_interval":{"confidence_level":0.95,"lower_bound":282.75034748017623,"upper_bound":558.1988900899887},"point_estimate":457.382091879842,"standard_error":64.329322249501},"slope":null,"std_dev":{"confidence_interval":{"confidence_level":0.95,"lower_bound":550.5321958798171,"upper_bound":1001.8918022014202},"point_estimate":788.9540374636927,"standard_error":115.7089181846159}}