{"mean":{"confidence_interval":{"confidence_level":0.95,"lower_bound":40511.92795819907,"upper_bound":41757.09315393356},"point_estimate":41128.34655162015,"standard_error":317.42357998552257},"median":{"confidence_interval":{"confidence_level":0.95,"lower_bound":40290.57276570049,"upper_bound":41760.188405797104},"point_estimate":41087.03675943496,"standard_error":410.76794150792585},"median_abs_dev":{"confidence_interval":{"confidence_level":0.95,"lower_bound":2009.1695909584644,"upper_bound":3557.411178130346},"point_estimate":2791.787719880301,"standard_error":399.37357486418784},"slope":{"confidence_interval":{"confidence_level":0.95,"lower_bound":40002.684954220436,"upper_bound":41208.47682272924},"point_estimate":40605.50677848382,"standard_error":306.1454731977048},"std_dev":{"confidence_interval":{"confidence_level":0.95,"lower_bound":2677.534582928158,"upper_bound":3680.3497631348882},"point_estimate":3197.022597887468,"standard_error":256.25082446584906}}