{"mean":{"confidence_interval":{"confidence_level":0.95,"lower_bound":19149.858140115462,"upper_bound":19749.214152550372},"point_estimate":19441.39821289936,"standard_error":153.02505892006306},"median":{"confidence_interval":{"confidence_level":0.95,"lower_bound":18450.3373015873,"upper_bound":18606.909737460817},"point_estimate":18508.734314296817,"standard_error":50.46093230660049},"median_abs_dev":{"confidence_interval":{"confidence_level":0.95,"lower_bound":203.1034361081447,"upper_bound":589.3471638238955},"point_estimate":303.34839225181906,"standard_error":108.1402081410647},"slope":{"confidence_interval":{"confidence_level":0.95,"lower_bound":18518.57072643763,"upper_bound":18736.668239861658},"point_estimate":18607.874502733855,"standard_error":56.27762221906778},"std_dev":{"confidence_interval":{"confidence_level":0.95,"lower_bound":1301.610319785769,"upper_bound":1771.7159693895107},"point_estimate":1536.1015251818217,"standard_error":120.60391717099347}}