{"mean":{"confidence_interval":{"confidence_level":0.95,"lower_bound":43599.756735341034,"upper_bound":45045.56294044926},"point_estimate":44300.58603896073,"standard_error":369.78576733436216},"median":{"confidence_interval":{"confidence_level":0.95,"lower_bound":42233.63291139241,"upper_bound":43835.89641414142},"point_estimate":42748.151382488475,"standard_error":335.3906745685645},"median_abs_dev":{"confidence_interval":{"confidence_level":0.95,"lower_bound":1876.520373090035,"upper_bound":4066.9893754732657},"point_estimate":2686.1265655428288,"standard_error":506.2968446016758},"slope":{"confidence_interval":{"confidence_level":0.95,"lower_bound":42217.05025828071,"upper_bound":43125.688216087176},"point_estimate":42645.05086567164,"standard_error":232.7330980789515},"std_dev":{"confidence_interval":{"confidence_level":0.95,"lower_bound":3112.1872655326633,"upper_bound":4279.2477799257385},"point_estimate":3711.6291786340507,"standard_error":298.065597088188}}