{"mean":{"confidence_interval":{"confidence_level":0.95,"lower_bound":115397.6966835335,"upper_bound":115450.96684481525},"point_estimate":115423.70065444203,"standard_error":13.630379582484723},"median":{"confidence_interval":{"confidence_level":0.95,"lower_bound":115381.97039473684,"upper_bound":115419.49141483515},"point_estimate":115408.4427502877,"standard_error":10.56376639210282},"median_abs_dev":{"confidence_interval":{"confidence_level":0.95,"lower_bound":74.752258303385,"upper_bound":144.8691777318603},"point_estimate":112.16158318444664,"standard_error":17.879590583243925},"slope":{"confidence_interval":{"confidence_level":0.95,"lower_bound":115369.88697374868,"upper_bound":115418.37724691101},"point_estimate":115392.84790305897,"standard_error":12.369318606082302},"std_dev":{"confidence_interval":{"confidence_level":0.95,"lower_bound":106.46522584839039,"upper_bound":163.3639469907945},"point_estimate":136.53542975329202,"standard_error":14.588793654817744}}