{"mean":{"confidence_interval":{"confidence_level":0.95,"lower_bound":18895.360809285976,"upper_bound":19357.13477287498},"point_estimate":19121.552882571348,"standard_error":118.09483412919599},"median":{"confidence_interval":{"confidence_level":0.95,"lower_bound":18405.14545270583,"upper_bound":18505.674474648156},"point_estimate":18437.216566985648,"standard_error":32.44849884397582},"median_abs_dev":{"confidence_interval":{"confidence_level":0.95,"lower_bound":190.35382052742466,"upper_bound":544.0958340669541},"point_estimate":340.4486858421912,"standard_error":90.02699136493469},"slope":{"confidence_interval":{"confidence_level":0.95,"lower_bound":18423.790709898036,"upper_bound":18510.785737941576},"point_estimate":18463.479110019212,"standard_error":22.144152725292685},"std_dev":{"confidence_interval":{"confidence_level":0.95,"lower_bound":1050.2540212981523,"upper_bound":1281.1161005841152},"point_estimate":1185.8874967141285,"standard_error":59.43778177777639}}