{"mean":{"confidence_interval":{"confidence_level":0.95,"lower_bound":22212.668,"upper_bound":22466.035208333335},"point_estimate":22332.03000000001,"standard_error":64.92565064542242},"median":{"confidence_interval":{"confidence_level":0.95,"lower_bound":22111.083333333332,"upper_bound":22294.666666666668},"point_estimate":22207.75,"standard_error":47.661176080617885},"median_abs_dev":{"confidence_interval":{"confidence_level":0.95,"lower_bound":287.0066449046117,"upper_bound":475.42039155959725},"point_estimate":368.92029345035644,"standard_error":48.43604095389689},"slope":null,"std_dev":{"confidence_interval":{"confidence_level":0.95,"lower_bound":421.46118256426615,"upper_bound":859.4583920763345},"point_estimate":652.7258691503938,"standard_error":112.73922538628855}}