{"mean":{"confidence_interval":{"confidence_level":0.95,"lower_bound":-0.015026783948363228,"upper_bound":0.0072107637823559684},"point_estimate":-0.004293942410514506,"standard_error":0.0056196522765955105},"median":{"confidence_interval":{"confidence_level":0.95,"lower_bound":-0.004460871355546181,"upper_bound":-0.0005233671853935862},"point_estimate":-0.002581284927590022,"standard_error":0.0009791343469349272}}