{"mean":{"confidence_interval":{"confidence_level":0.95,"lower_bound":-0.11366530736404493,"upper_bound":-0.059671014427671885},"point_estimate":-0.08684846690685721,"standard_error":0.013804479827093655},"median":{"confidence_interval":{"confidence_level":0.95,"lower_bound":-0.01899613959690838,"upper_bound":0.0002715329866837811},"point_estimate":-0.001384735733205189,"standard_error":0.005980390695971126}}