{"mean":{"confidence_interval":{"confidence_level":0.95,"lower_bound":-0.009873861347976326,"upper_bound":0.005790452285217955},"point_estimate":-0.001976867549543404,"standard_error":0.003996622122532773},"median":{"confidence_interval":{"confidence_level":0.95,"lower_bound":-0.004426749781107872,"upper_bound":-0.0010612825282608762},"point_estimate":-0.0028444975423422836,"standard_error":0.0008198612933317383}}