{"mean":{"confidence_interval":{"confidence_level":0.95,"lower_bound":-0.00882429709284711,"upper_bound":0.006579751010684168},"point_estimate":-0.001121175591194068,"standard_error":0.003907629750937801},"median":{"confidence_interval":{"confidence_level":0.95,"lower_bound":-0.002650027821629597,"upper_bound":0.0004341370464187033},"point_estimate":-0.0012770943204543084,"standard_error":0.0007932503073800547}}