{"mean":{"confidence_interval":{"confidence_level":0.95,"lower_bound":-0.006605763628506479,"upper_bound":0.009576612708582788},"point_estimate":0.0013082002093800504,"standard_error":0.004184376215193593},"median":{"confidence_interval":{"confidence_level":0.95,"lower_bound":-0.0027551029091478513,"upper_bound":-0.0007060544303058025},"point_estimate":-0.001779388700110296,"standard_error":0.0004923497443361582}}