{"mean":{"confidence_interval":{"confidence_level":0.95,"lower_bound":0.0983422078330689,"upper_bound":0.12473697596038133},"point_estimate":0.11184746155468872,"standard_error":0.006670540599951378},"median":{"confidence_interval":{"confidence_level":0.95,"lower_bound":0.10965681037882957,"upper_bound":0.11494198935252253},"point_estimate":0.11166266876765407,"standard_error":0.0014860360801056962}}