{"mean":{"confidence_interval":{"confidence_level":0.95,"lower_bound":0.14126983699794315,"upper_bound":0.16964477401749994},"point_estimate":0.15574454893927925,"standard_error":0.007235503046986913},"median":{"confidence_interval":{"confidence_level":0.95,"lower_bound":0.15678861574819614,"upper_bound":0.1618846484982277},"point_estimate":0.1587325795652068,"standard_error":0.001329352834123066}}