{"mean":{"confidence_interval":{"confidence_level":0.95,"lower_bound":-0.014752382416161672,"upper_bound":0.0076407042244210676},"point_estimate":-0.003798090846297675,"standard_error":0.005744053040541919},"median":{"confidence_interval":{"confidence_level":0.95,"lower_bound":-0.005504044481972281,"upper_bound":-0.002002376553465912},"point_estimate":-0.004182482430889589,"standard_error":0.0009218568447567074}}