{"mean":{"confidence_interval":{"confidence_level":0.95,"lower_bound":-0.020516407110613425,"upper_bound":0.007821714841374214},"point_estimate":-0.006754192703798068,"standard_error":0.007198903629088213},"median":{"confidence_interval":{"confidence_level":0.95,"lower_bound":-0.004897394706272262,"upper_bound":-0.00029495628442185155},"point_estimate":-0.002008080965908765,"standard_error":0.0011659854042287865}}