{"mean":{"confidence_interval":{"confidence_level":0.95,"lower_bound":0.1858734705525316,"upper_bound":0.21433277922750246},"point_estimate":0.20046641114159836,"standard_error":0.00716259088438118},"median":{"confidence_interval":{"confidence_level":0.95,"lower_bound":0.1958878199756986,"upper_bound":0.20568275656013424},"point_estimate":0.20050803964892583,"standard_error":0.002582173657593856}}