{"mean":{"confidence_interval":{"confidence_level":0.95,"lower_bound":-0.10276353578835187,"upper_bound":-0.08143455432735573},"point_estimate":-0.0919293445375372,"standard_error":0.005388777930363842},"median":{"confidence_interval":{"confidence_level":0.95,"lower_bound":-0.09236406589021628,"upper_bound":-0.08906233516588047},"point_estimate":-0.09036595060099217,"standard_error":0.0008574872675622574}}