{"mean":{"confidence_interval":{"confidence_level":0.95,"lower_bound":-0.14871465442112822,"upper_bound":-0.08571063081605496},"point_estimate":-0.11137828262930383,"standard_error":0.016821362061542545},"median":{"confidence_interval":{"confidence_level":0.95,"lower_bound":-0.09508653254715205,"upper_bound":-0.07537073014633988},"point_estimate":-0.08466829791676789,"standard_error":0.005091868297986565}}