{"mean":{"confidence_interval":{"confidence_level":0.95,"lower_bound":-0.08311928490941023,"upper_bound":-0.05479141739883463},"point_estimate":-0.06857332651639736,"standard_error":0.007248080419702967},"median":{"confidence_interval":{"confidence_level":0.95,"lower_bound":-0.08273689766731052,"upper_bound":-0.05011687829223921},"point_estimate":-0.06370938512074664,"standard_error":0.008291388610185147}}