{"mean":{"confidence_interval":{"confidence_level":0.95,"lower_bound":0.048873116568854555,"upper_bound":0.08173415507066291},"point_estimate":0.06571794725630098,"standard_error":0.008306139528224152},"median":{"confidence_interval":{"confidence_level":0.95,"lower_bound":0.05311834545647498,"upper_bound":0.07705211819657265},"point_estimate":0.05935548407501767,"standard_error":0.006127918405617859}}