{"mean":{"confidence_interval":{"confidence_level":0.95,"lower_bound":-0.011413754512444798,"upper_bound":0.002022404703082487},"point_estimate":-0.004736750988218685,"standard_error":0.0034058452428540006},"median":{"confidence_interval":{"confidence_level":0.95,"lower_bound":-0.004645351876951092,"upper_bound":-0.0010087584229624413},"point_estimate":-0.0028360760952094166,"standard_error":0.0010268605396083644}}