{"mean":{"confidence_interval":{"confidence_level":0.95,"lower_bound":-0.03646072659158196,"upper_bound":-0.02059623714387725},"point_estimate":-0.028255951355598774,"standard_error":0.004012392340282267},"median":{"confidence_interval":{"confidence_level":0.95,"lower_bound":-0.026326295573612546,"upper_bound":-0.022957696970235864},"point_estimate":-0.024356045697539908,"standard_error":0.0009087023489616913}}