{"mean":{"confidence_interval":{"confidence_level":0.95,"lower_bound":0.09254164285860589,"upper_bound":0.11755600960572576},"point_estimate":0.10515645189960976,"standard_error":0.006246574380161225},"median":{"confidence_interval":{"confidence_level":0.95,"lower_bound":0.10311512641496799,"upper_bound":0.10772672518109712},"point_estimate":0.10520695237580324,"standard_error":0.0011796812560097068}}