{"mean":{"confidence_interval":{"confidence_level":0.95,"lower_bound":-0.006907239676523503,"upper_bound":0.008754550918629436},"point_estimate":0.000695180708829346,"standard_error":0.004006494911795892},"median":{"confidence_interval":{"confidence_level":0.95,"lower_bound":-0.0017539403395350206,"upper_bound":0.001651687396830322},"point_estimate":-0.000026877856130869127,"standard_error":0.0008232254980518282}}