{"mean":{"confidence_interval":{"confidence_level":0.95,"lower_bound":-0.01275861442264626,"upper_bound":0.005627615716805445},"point_estimate":-0.0034961143565369612,"standard_error":0.004682524953276143},"median":{"confidence_interval":{"confidence_level":0.95,"lower_bound":-0.0013751585984775883,"upper_bound":0.0017039787264039414},"point_estimate":0.00031475217127319155,"standard_error":0.0007306125772167351}}