{"mean":{"confidence_interval":{"confidence_level":0.95,"lower_bound":-0.02373489534914687,"upper_bound":-0.008841959120884882},"point_estimate":-0.016469214697506063,"standard_error":0.003761574663225235},"median":{"confidence_interval":{"confidence_level":0.95,"lower_bound":-0.01922296237564125,"upper_bound":-0.016188844824125637},"point_estimate":-0.01748810351487151,"standard_error":0.0007803243925316127}}