{"mean":{"confidence_interval":{"confidence_level":0.95,"lower_bound":-0.048547120491492145,"upper_bound":-0.008346146301312026},"point_estimate":-0.028703500630423817,"standard_error":0.01046303062458973},"median":{"confidence_interval":{"confidence_level":0.95,"lower_bound":-0.04162105288971263,"upper_bound":-0.038446718669832736},"point_estimate":-0.03992855920713534,"standard_error":0.0008416104353461983}}