{"mean":{"confidence_interval":{"confidence_level":0.95,"lower_bound":-0.015533502201317134,"upper_bound":0.03041676731759857},"point_estimate":0.007099688252869996,"standard_error":0.011724163987683042},"median":{"confidence_interval":{"confidence_level":0.95,"lower_bound":0.017594549998420028,"upper_bound":0.05780148237261962},"point_estimate":0.04260469999827521,"standard_error":0.009781177316851145}}