{"mean":{"confidence_interval":{"confidence_level":0.95,"lower_bound":-0.14425724880758103,"upper_bound":-0.12341549608663305},"point_estimate":-0.13436441087096607,"standard_error":0.0053059212926141255},"median":{"confidence_interval":{"confidence_level":0.95,"lower_bound":-0.1374234439048312,"upper_bound":-0.13470571010200427},"point_estimate":-0.136129814867463,"standard_error":0.0007082576670485271}}