{"mean":{"confidence_interval":{"confidence_level":0.95,"lower_bound":-0.002639075155242837,"upper_bound":0.01038755929320371},"point_estimate":0.003957066742969362,"standard_error":0.0033044885255428987},"median":{"confidence_interval":{"confidence_level":0.95,"lower_bound":0.0009631139489876261,"upper_bound":0.004529053736348043},"point_estimate":0.0029610297126048124,"standard_error":0.0008966474454999864}}