{"mean":{"confidence_interval":{"confidence_level":0.95,"lower_bound":-0.1223701145652649,"upper_bound":-0.0937959143214089},"point_estimate":-0.10816884585124431,"standard_error":0.007254853871036426},"median":{"confidence_interval":{"confidence_level":0.95,"lower_bound":-0.11788739458062325,"upper_bound":-0.08868499396364582},"point_estimate":-0.10428338992058461,"standard_error":0.007929793921223388}}