{"mean":{"confidence_interval":{"confidence_level":0.95,"lower_bound":-0.05913213813412925,"upper_bound":-0.018579399420917606},"point_estimate":-0.03844196548848178,"standard_error":0.01032879353024562},"median":{"confidence_interval":{"confidence_level":0.95,"lower_bound":-0.050164426745993196,"upper_bound":-0.02302186221025504},"point_estimate":-0.03570396488678773,"standard_error":0.006979863537536392}}