{"mean":{"confidence_interval":{"confidence_level":0.95,"lower_bound":0.05788825184654138,"upper_bound":0.07950690659276982},"point_estimate":0.06890562178144921,"standard_error":0.005495078377525383},"median":{"confidence_interval":{"confidence_level":0.95,"lower_bound":0.07363425043493076,"upper_bound":0.07961521236881985},"point_estimate":0.0759791792229807,"standard_error":0.0015056037047344727}}