{"mean":{"confidence_interval":{"confidence_level":0.95,"lower_bound":0.14525435877709356,"upper_bound":0.1861984372836613},"point_estimate":0.16593229989671165,"standard_error":0.010279774200484483},"median":{"confidence_interval":{"confidence_level":0.95,"lower_bound":0.15869734664334875,"upper_bound":0.19100833928308525},"point_estimate":0.17524232302295806,"standard_error":0.008777919109874173}}