{"mean":{"confidence_interval":{"confidence_level":0.95,"lower_bound":-0.005350314838543152,"upper_bound":0.0069751354003101665},"point_estimate":0.0005152392209304413,"standard_error":0.0031306834280539716},"median":{"confidence_interval":{"confidence_level":0.95,"lower_bound":-0.0015384647349528935,"upper_bound":0.0020723465598164736},"point_estimate":0.0002207204055542089,"standard_error":0.0009234369837676911}}