{"mean":{"confidence_interval":{"confidence_level":0.95,"lower_bound":-0.08423901656268018,"upper_bound":-0.05010044672234063},"point_estimate":-0.066548938316083,"standard_error":0.008718855709821633},"median":{"confidence_interval":{"confidence_level":0.95,"lower_bound":-0.06510166280411023,"upper_bound":-0.042312346179280924},"point_estimate":-0.051337959991544224,"standard_error":0.005365498703943539}}