{"mean":{"confidence_interval":{"confidence_level":0.95,"lower_bound":-0.007261177828622444,"upper_bound":0.01462123495228654},"point_estimate":0.002218863212686495,"standard_error":0.005390308214890174},"median":{"confidence_interval":{"confidence_level":0.95,"lower_bound":-0.00443279829678267,"upper_bound":-0.0006801821485524773},"point_estimate":-0.002284002741940405,"standard_error":0.000932311032451791}}