{"mean":{"confidence_interval":{"confidence_level":0.95,"lower_bound":-0.07335847615518219,"upper_bound":-0.050212516877585316},"point_estimate":-0.06255477853646696,"standard_error":0.005967267130738119},"median":{"confidence_interval":{"confidence_level":0.95,"lower_bound":-0.06656739343568951,"upper_bound":-0.05969826104705056},"point_estimate":-0.062475130998453476,"standard_error":0.0018241994561464655}}