{"mean":{"confidence_interval":{"confidence_level":0.95,"lower_bound":0.0025434936585474583,"upper_bound":0.01923263974236085},"point_estimate":0.010910733083687285,"standard_error":0.004263157153499885},"median":{"confidence_interval":{"confidence_level":0.95,"lower_bound":0.010852875389214311,"upper_bound":0.014890359942971942},"point_estimate":0.012803509395680868,"standard_error":0.0010535729381372558}}