{"mean":{"confidence_interval":{"confidence_level":0.95,"lower_bound":0.004968435040715993,"upper_bound":0.02915017732189934},"point_estimate":0.015242547107270576,"standard_error":0.00616856389237895},"median":{"confidence_interval":{"confidence_level":0.95,"lower_bound":0.012252254783452265,"upper_bound":0.016303477035902514},"point_estimate":0.014502802661924719,"standard_error":0.0010176883141581768}}