{"mean":{"confidence_interval":{"confidence_level":0.95,"lower_bound":-0.011878180854732738,"upper_bound":0.008677346423837511},"point_estimate":-0.0021811113425559414,"standard_error":0.005232791308138425},"median":{"confidence_interval":{"confidence_level":0.95,"lower_bound":-0.0026538333223410427,"upper_bound":0.0007428207031690004},"point_estimate":-0.0013657015713579579,"standard_error":0.0008769848815534863}}