{"mean":{"confidence_interval":{"confidence_level":0.95,"lower_bound":-0.010209283537370759,"upper_bound":0.011757050942432831},"point_estimate":0.0005105051639746616,"standard_error":0.005603538647220708},"median":{"confidence_interval":{"confidence_level":0.95,"lower_bound":-0.00102085538785468,"upper_bound":0.002734209668936005},"point_estimate":0.0012057347967877607,"standard_error":0.0009761374477834344}}