{"mean":{"confidence_interval":{"confidence_level":0.95,"lower_bound":-0.007540993545655828,"upper_bound":0.014493364578800688},"point_estimate":0.002983740054412598,"standard_error":0.005615808523532304},"median":{"confidence_interval":{"confidence_level":0.95,"lower_bound":-0.004447391260486877,"upper_bound":-0.0009006326232784412},"point_estimate":-0.0032863514620614653,"standard_error":0.0008762924998352432}}