{"mean":{"confidence_interval":{"confidence_level":0.95,"lower_bound":-0.00973606104373133,"upper_bound":0.004525404902198157},"point_estimate":-0.002929774006574015,"standard_error":0.0036316873982577707},"median":{"confidence_interval":{"confidence_level":0.95,"lower_bound":-0.004057971439627939,"upper_bound":0.00001815839187679913},"point_estimate":-0.0023172615601521063,"standard_error":0.001055755501028576}}