{"mean":{"confidence_interval":{"confidence_level":0.95,"lower_bound":-0.008357403023710614,"upper_bound":0.004062416117087893},"point_estimate":-0.0020120694435697972,"standard_error":0.003121392233417924},"median":{"confidence_interval":{"confidence_level":0.95,"lower_bound":-0.0008489672243701119,"upper_bound":0.0026760268115493258},"point_estimate":0.000985651201909965,"standard_error":0.000902864196431932}}