{"mean":{"confidence_interval":{"confidence_level":0.95,"lower_bound":-0.007904100856285803,"upper_bound":0.006827535258596203},"point_estimate":-0.0005085227064529629,"standard_error":0.0037310950096377748},"median":{"confidence_interval":{"confidence_level":0.95,"lower_bound":-0.002024843070690355,"upper_bound":0.002274560172282891},"point_estimate":-0.0003550615729304152,"standard_error":0.0010794111721449113}}