{"mean":{"confidence_interval":{"confidence_level":0.95,"lower_bound":-0.006698134285155576,"upper_bound":0.008246353941040523},"point_estimate":0.0006241159835598253,"standard_error":0.0037794728404200264},"median":{"confidence_interval":{"confidence_level":0.95,"lower_bound":-0.0020197360789757646,"upper_bound":0.00255214448812624},"point_estimate":0.0003826585139805605,"standard_error":0.0011492715665649014}}