{"mean":{"confidence_interval":{"confidence_level":0.95,"lower_bound":-0.008393312775883845,"upper_bound":0.007692787523133657},"point_estimate":-0.00045241427203379647,"standard_error":0.004111038755498261},"median":{"confidence_interval":{"confidence_level":0.95,"lower_bound":-0.000118319556988314,"upper_bound":0.0030214907652035272},"point_estimate":0.0018471979044882847,"standard_error":0.0008268751393083203}}