{"mean":{"confidence_interval":{"confidence_level":0.95,"lower_bound":-0.037762375274904024,"upper_bound":-0.001819253694937456},"point_estimate":-0.01829717481443338,"standard_error":0.00921690013029331},"median":{"confidence_interval":{"confidence_level":0.95,"lower_bound":4.660150733970525e-6,"upper_bound":0.0032588920275511413},"point_estimate":0.0017789979392730526,"standard_error":0.0008456831385615157}}