{"mean":{"confidence_interval":{"confidence_level":0.95,"lower_bound":-0.0020796298084675637,"upper_bound":0.012069004706144503},"point_estimate":0.005086639463910636,"standard_error":0.0035533255751269742},"median":{"confidence_interval":{"confidence_level":0.95,"lower_bound":-0.0010676506457777402,"upper_bound":0.0014336363272648978},"point_estimate":0.0001307236358190078,"standard_error":0.0006143363814389642}}