{"mean":{"confidence_interval":{"confidence_level":0.95,"lower_bound":0.006402197745655708,"upper_bound":0.020650593611804578},"point_estimate":0.013626621541031891,"standard_error":0.003600662460133979},"median":{"confidence_interval":{"confidence_level":0.95,"lower_bound":0.010599554482786822,"upper_bound":0.014138980509796228},"point_estimate":0.012390114978493738,"standard_error":0.0008902625671108271}}