{"mean":{"confidence_interval":{"confidence_level":0.95,"lower_bound":-0.002363418629028013,"upper_bound":0.015602961262886081},"point_estimate":0.006204174317694822,"standard_error":0.004583324987620387},"median":{"confidence_interval":{"confidence_level":0.95,"lower_bound":0.0009137381755872642,"upper_bound":0.005870488726288812},"point_estimate":0.0034490805304387973,"standard_error":0.0012519549440435072}}