{"mean":{"confidence_interval":{"confidence_level":0.95,"lower_bound":-0.0043158565786091275,"upper_bound":0.00614890308167863},"point_estimate":-0.00003941566360443627,"standard_error":0.002677909164971706},"median":{"confidence_interval":{"confidence_level":0.95,"lower_bound":-0.004533418824362756,"upper_bound":0.00027361710544293594},"point_estimate":-0.0028722218697199153,"standard_error":0.0013054668836183494}}