{"mean":{"confidence_interval":{"confidence_level":0.95,"lower_bound":0.10871031160233365,"upper_bound":0.15003651958081804},"point_estimate":0.13124133756726586,"standard_error":0.010631710462079063},"median":{"confidence_interval":{"confidence_level":0.95,"lower_bound":0.13925164936111925,"upper_bound":0.1573434332122179},"point_estimate":0.15012610358438705,"standard_error":0.005109855673593619}}