{"mean":{"confidence_interval":{"confidence_level":0.95,"lower_bound":0.17040121354578316,"upper_bound":0.1896314631687369},"point_estimate":0.1793564110200374,"standard_error":0.005094569189141907},"median":{"confidence_interval":{"confidence_level":0.95,"lower_bound":0.16648297337220813,"upper_bound":0.17621890690838882},"point_estimate":0.16942897192573136,"standard_error":0.0025992726872248687}}