{"mean":{"confidence_interval":{"confidence_level":0.95,"lower_bound":0.10541822245801541,"upper_bound":0.15489279206430062},"point_estimate":0.13328496098727238,"standard_error":0.012687337249113575},"median":{"confidence_interval":{"confidence_level":0.95,"lower_bound":0.1340787227026698,"upper_bound":0.1592680842714973},"point_estimate":0.14864049800910362,"standard_error":0.006734333524198985}}