{"mean":{"confidence_interval":{"confidence_level":0.95,"lower_bound":-0.0074115268221610076,"upper_bound":0.0048304286530318485},"point_estimate":-0.0014444841653554752,"standard_error":0.003103374231529605},"median":{"confidence_interval":{"confidence_level":0.95,"lower_bound":-0.0020362868129805145,"upper_bound":0.002749634330444728},"point_estimate":0.0006064516349659765,"standard_error":0.0012066831892750308}}