{"mean":{"confidence_interval":{"confidence_level":0.95,"lower_bound":-0.16793177746069635,"upper_bound":-0.1633331171690143},"point_estimate":-0.16566887053165036,"standard_error":0.00116481417766642},"median":{"confidence_interval":{"confidence_level":0.95,"lower_bound":-0.16928795797771568,"upper_bound":-0.1680661068381748},"point_estimate":-0.16865950522624618,"standard_error":0.00030041086961007783}}