{"mean":{"confidence_interval":{"confidence_level":0.95,"lower_bound":-0.013456008448184302,"upper_bound":-0.006606097274129436},"point_estimate":-0.00978466553158197,"standard_error":0.0017458629118570518},"median":{"confidence_interval":{"confidence_level":0.95,"lower_bound":-0.007944391939376683,"upper_bound":-0.004478658049939521},"point_estimate":-0.006035357594078583,"standard_error":0.0008692172969793128}}