{"mean":{"confidence_interval":{"confidence_level":0.95,"lower_bound":0.18286107273863084,"upper_bound":0.18437546839825103},"point_estimate":0.18364095764133248,"standard_error":0.00038413640292563885},"median":{"confidence_interval":{"confidence_level":0.95,"lower_bound":0.18258875788260487,"upper_bound":0.1843499006242293},"point_estimate":0.1832586964042786,"standard_error":0.00042512975427036936}}