{"mean":{"confidence_interval":{"confidence_level":0.95,"lower_bound":-0.007361466912370235,"upper_bound":0.01743532287998968},"point_estimate":0.0024114273934101593,"standard_error":0.006502931068498912},"median":{"confidence_interval":{"confidence_level":0.95,"lower_bound":-0.0026765170844689212,"upper_bound":0.0000779175575540414},"point_estimate":-0.0013060432722342696,"standard_error":0.0006755880742770518}}