{"mean":{"confidence_interval":{"confidence_level":0.95,"lower_bound":-0.002520027895664911,"upper_bound":0.007346754417345661},"point_estimate":0.0021432367452731693,"standard_error":0.0024716492172746187},"median":{"confidence_interval":{"confidence_level":0.95,"lower_bound":0.0007883660176872809,"upper_bound":0.0038220795191303836},"point_estimate":0.002407787719311827,"standard_error":0.0008025911681643472}}