{"mean":{"confidence_interval":{"confidence_level":0.95,"lower_bound":-0.31003227294089314,"upper_bound":-0.23459378711711132},"point_estimate":-0.2684806312268234,"standard_error":0.019537849288941384},"median":{"confidence_interval":{"confidence_level":0.95,"lower_bound":-0.27532920222993185,"upper_bound":-0.24184536507367282},"point_estimate":-0.25355674078096635,"standard_error":0.008074660381197887}}