{"mean":{"confidence_interval":{"confidence_level":0.95,"lower_bound":-0.3208743682521663,"upper_bound":-0.3142819363896998},"point_estimate":-0.3170406009036357,"standard_error":0.001707847046108392},"median":{"confidence_interval":{"confidence_level":0.95,"lower_bound":-0.3179911204183328,"upper_bound":-0.31622807436456013},"point_estimate":-0.3170126165362387,"standard_error":0.0004374989712302834}}