{"mean":{"confidence_interval":{"confidence_level":0.95,"lower_bound":-0.008856902640601976,"upper_bound":-0.0016110814995998833},"point_estimate":-0.005391226049173858,"standard_error":0.0018632597727377528},"median":{"confidence_interval":{"confidence_level":0.95,"lower_bound":-0.008429878228968235,"upper_bound":-0.004506465592054996},"point_estimate":-0.006453870999496014,"standard_error":0.0009892044527836886}}