{"mean":{"confidence_interval":{"confidence_level":0.95,"lower_bound":0.1751244331790823,"upper_bound":0.1888908623442488},"point_estimate":0.18218976227348604,"standard_error":0.0035098368365420033},"median":{"confidence_interval":{"confidence_level":0.95,"lower_bound":0.18042963790714545,"upper_bound":0.19455359682866202},"point_estimate":0.1890874369455242,"standard_error":0.0038735831399170826}}