{"mean":{"confidence_interval":{"confidence_level":0.95,"lower_bound":-0.0007392163910303534,"upper_bound":0.0058493285750878},"point_estimate":0.00265060887447377,"standard_error":0.0016773473681172908},"median":{"confidence_interval":{"confidence_level":0.95,"lower_bound":0.0019494235804855592,"upper_bound":0.005942985861029593},"point_estimate":0.004166132904881215,"standard_error":0.0010090856970089814}}