{"mean":{"confidence_interval":{"confidence_level":0.95,"lower_bound":0.0009075579511742823,"upper_bound":0.00826596493137093},"point_estimate":0.0037903172556807974,"standard_error":0.0018111589197862329},"median":{"confidence_interval":{"confidence_level":0.95,"lower_bound":0.0004752458155035111,"upper_bound":0.003934400137952432},"point_estimate":0.0016889187010291629,"standard_error":0.0008878815068137812}}