{"mean":{"confidence_interval":{"confidence_level":0.95,"lower_bound":-0.19711486836290792,"upper_bound":-0.14941111180841252},"point_estimate":-0.1685770222654166,"standard_error":0.012880806742256582},"median":{"confidence_interval":{"confidence_level":0.95,"lower_bound":-0.1624090448117842,"upper_bound":-0.1439879766037778},"point_estimate":-0.1510752663025362,"standard_error":0.004497488309151911}}