{"mean":{"confidence_interval":{"confidence_level":0.95,"lower_bound":0.4441858968694267,"upper_bound":0.45405649341378473},"point_estimate":0.44930984056000356,"standard_error":0.002512221281979737},"median":{"confidence_interval":{"confidence_level":0.95,"lower_bound":0.4474264453373351,"upper_bound":0.454119435108846},"point_estimate":0.4506280747296778,"standard_error":0.0016869630774712153}}