{"mean":{"confidence_interval":{"confidence_level":0.95,"lower_bound":0.0008238802564984053,"upper_bound":0.060396506312143744},"point_estimate":0.026135639395040267,"standard_error":0.013752258186262972},"median":{"confidence_interval":{"confidence_level":0.95,"lower_bound":-0.007539383965045832,"upper_bound":0.007952244316500767},"point_estimate":-0.0006053586199653571,"standard_error":0.004006274902047694}}