{"mean":{"confidence_interval":{"confidence_level":0.95,"lower_bound":0.094668059327073,"upper_bound":0.10429648940429709},"point_estimate":0.09946916473513423,"standard_error":0.0024638154254708446},"median":{"confidence_interval":{"confidence_level":0.95,"lower_bound":0.09843138457999978,"upper_bound":0.10844387609484318},"point_estimate":0.10332384217789703,"standard_error":0.0026135354073499}}