{"mean":{"confidence_interval":{"confidence_level":0.95,"lower_bound":0.0014455301590035568,"upper_bound":0.01927650845940511},"point_estimate":0.009266831360101868,"standard_error":0.0045355022015806734},"median":{"confidence_interval":{"confidence_level":0.95,"lower_bound":0.002472859907885594,"upper_bound":0.0048643880751795265},"point_estimate":0.0035286539149532725,"standard_error":0.0005978210995384746}}