{"mean":{"confidence_interval":{"confidence_level":0.95,"lower_bound":-0.004585513458514842,"upper_bound":0.0009930274185885244},"point_estimate":-0.001823092118757308,"standard_error":0.0014208148000607608},"median":{"confidence_interval":{"confidence_level":0.95,"lower_bound":-0.0027260058395859594,"upper_bound":-0.0005946368004906555},"point_estimate":-0.0015758120572441081,"standard_error":0.0005405754615792024}}