{"mean":{"confidence_interval":{"confidence_level":0.95,"lower_bound":-0.010278603682792714,"upper_bound":-0.0034161860860475513},"point_estimate":-0.00641342977242676,"standard_error":0.001734096718754303},"median":{"confidence_interval":{"confidence_level":0.95,"lower_bound":-0.003929910813383342,"upper_bound":0.00007980688770792277},"point_estimate":-0.001419566870658251,"standard_error":0.0010367328535237275}}