{"mean":{"confidence_interval":{"confidence_level":0.95,"lower_bound":-0.0021571211432797055,"upper_bound":0.00597470736017781},"point_estimate":0.0013488701304651407,"standard_error":0.001990633945081895},"median":{"confidence_interval":{"confidence_level":0.95,"lower_bound":-0.005188430344200912,"upper_bound":-0.0007020831314166198},"point_estimate":-0.0031441514027299444,"standard_error":0.0010728473475193425}}