{"mean":{"confidence_interval":{"confidence_level":0.95,"lower_bound":-0.0029754852229251505,"upper_bound":0.007004438074013373},"point_estimate":0.0016059100337466603,"standard_error":0.0026122378679426664},"median":{"confidence_interval":{"confidence_level":0.95,"lower_bound":-0.001781385664282653,"upper_bound":0.0014099415833805917},"point_estimate":0.00007163099462048628,"standard_error":0.0007774904108022038}}