{"mean":{"confidence_interval":{"confidence_level":0.95,"lower_bound":-0.0017121316533221184,"upper_bound":0.0025212401410767615},"point_estimate":0.00047684420023208496,"standard_error":0.0010780596851874488},"median":{"confidence_interval":{"confidence_level":0.95,"lower_bound":-0.0009389376284253403,"upper_bound":0.0029251448515954515},"point_estimate":0.0009494006943828737,"standard_error":0.0010576826950868669}}