{"mean":{"confidence_interval":{"confidence_level":0.95,"lower_bound":-0.008521955028351546,"upper_bound":-0.0021053749443960506},"point_estimate":-0.005091077033096525,"standard_error":0.0016412351757028518},"median":{"confidence_interval":{"confidence_level":0.95,"lower_bound":-0.00521092645344412,"upper_bound":-0.0010743221843011463},"point_estimate":-0.0037470294444623686,"standard_error":0.0010615936477084088}}