{"mean":{"confidence_interval":{"confidence_level":0.95,"lower_bound":0.004412710547824886,"upper_bound":0.014726109314013639},"point_estimate":0.009307719278241144,"standard_error":0.0026271102230620014},"median":{"confidence_interval":{"confidence_level":0.95,"lower_bound":0.0063114963101864935,"upper_bound":0.01025292281824659},"point_estimate":0.00766518136625205,"standard_error":0.0009866099778486257}}