{"mean":{"confidence_interval":{"confidence_level":0.95,"lower_bound":0.06728954732540826,"upper_bound":0.13104334684717994},"point_estimate":0.10143670579121866,"standard_error":0.016356715282399473},"median":{"confidence_interval":{"confidence_level":0.95,"lower_bound":0.10506213252234131,"upper_bound":0.13384011839955634},"point_estimate":0.12010764754963743,"standard_error":0.0072449771461351575}}