{"mean":{"confidence_interval":{"confidence_level":0.95,"lower_bound":0.00029269009480020205,"upper_bound":0.0026087619417702545},"point_estimate":0.0015967442411517485,"standard_error":0.0005992162542056147},"median":{"confidence_interval":{"confidence_level":0.95,"lower_bound":0.0017356710952642906,"upper_bound":0.002789674118440999},"point_estimate":0.0021703098523917497,"standard_error":0.0002650745732626268}}