{"mean":{"confidence_interval":{"confidence_level":0.95,"lower_bound":-0.01582844410187319,"upper_bound":0.0006964218783580038},"point_estimate":-0.007104092422989039,"standard_error":0.004221305227360909},"median":{"confidence_interval":{"confidence_level":0.95,"lower_bound":-0.0060525610918505945,"upper_bound":-0.002637037459675695},"point_estimate":-0.003816834058635088,"standard_error":0.0008266816794029867}}