{"mean":{"confidence_interval":{"confidence_level":0.95,"lower_bound":0.5372675881484363,"upper_bound":0.5514702642047913},"point_estimate":0.5446300009516025,"standard_error":0.003581091430594132},"median":{"confidence_interval":{"confidence_level":0.95,"lower_bound":0.5316411665456844,"upper_bound":0.5442477827128369},"point_estimate":0.5380663354768123,"standard_error":0.0032218054519378182}}