{"mean":{"confidence_interval":{"confidence_level":0.95,"lower_bound":-0.04478611349480355,"upper_bound":0.01360515033927341},"point_estimate":-0.013626805560075894,"standard_error":0.014969421624283346},"median":{"confidence_interval":{"confidence_level":0.95,"lower_bound":0.0060945467116853,"upper_bound":0.02177821728317093},"point_estimate":0.01472720192661714,"standard_error":0.004005540649139435}}