{"mean":{"confidence_interval":{"confidence_level":0.95,"lower_bound":0.0005652738693963271,"upper_bound":0.008853084268616156},"point_estimate":0.004610242166829925,"standard_error":0.0021307092546528537},"median":{"confidence_interval":{"confidence_level":0.95,"lower_bound":0.0013579810674382298,"upper_bound":0.0044760088992670255},"point_estimate":0.0032455637204422683,"standard_error":0.0008402923856572905}}