{"mean":{"confidence_interval":{"confidence_level":0.95,"lower_bound":0.061954423223731195,"upper_bound":0.06703440574742835},"point_estimate":0.06446607804039517,"standard_error":0.0012809374485970946},"median":{"confidence_interval":{"confidence_level":0.95,"lower_bound":0.0634454005893419,"upper_bound":0.06994526208687302},"point_estimate":0.06693852790218968,"standard_error":0.0017744424913463128}}