{"mean":{"confidence_interval":{"confidence_level":0.95,"lower_bound":-0.006718365607325047,"upper_bound":0.012314209706484863},"point_estimate":0.0012390529780319515,"standard_error":0.0046730178002562855},"median":{"confidence_interval":{"confidence_level":0.95,"lower_bound":-0.00298851427016833,"upper_bound":0.0012588726087037205},"point_estimate":-0.001450657553866308,"standard_error":0.0010928942191415513}}