{"mean":{"confidence_interval":{"confidence_level":0.95,"lower_bound":0.18073892241738027,"upper_bound":0.1825002627191905},"point_estimate":0.1816189747055923,"standard_error":0.00045080904614013906},"median":{"confidence_interval":{"confidence_level":0.95,"lower_bound":0.18029591347089413,"upper_bound":0.18248608398867572},"point_estimate":0.1812999448075583,"standard_error":0.0005751794917437236}}