{"mean":{"confidence_interval":{"confidence_level":0.95,"lower_bound":0.13105126905896483,"upper_bound":0.17939602130690563},"point_estimate":0.15459568990103012,"standard_error":0.012286123494255815},"median":{"confidence_interval":{"confidence_level":0.95,"lower_bound":0.09197984756696564,"upper_bound":0.11908471768119977},"point_estimate":0.10610885011084026,"standard_error":0.007260995874933679}}