{"mean":{"confidence_interval":{"confidence_level":0.95,"lower_bound":0.0011530702730720834,"upper_bound":0.013991224679432666},"point_estimate":0.006834440381879414,"standard_error":0.003432862266307346},"median":{"confidence_interval":{"confidence_level":0.95,"lower_bound":0.002259931024493733,"upper_bound":0.007116144661192925},"point_estimate":0.005046722820678973,"standard_error":0.0012654336942728868}}