{"mean":{"confidence_interval":{"confidence_level":0.95,"lower_bound":-0.1503256221367265,"upper_bound":-0.14866700440682878},"point_estimate":-0.14943938423047365,"standard_error":0.0004244233272812924},"median":{"confidence_interval":{"confidence_level":0.95,"lower_bound":-0.14982705228233406,"upper_bound":-0.14868536590685055},"point_estimate":-0.14920364888851567,"standard_error":0.0003010161397685448}}