{"mean":{"confidence_interval":{"confidence_level":0.95,"lower_bound":-0.012105849334878637,"upper_bound":0.00502241676232096},"point_estimate":-0.001897593878927295,"standard_error":0.004524725041761281},"median":{"confidence_interval":{"confidence_level":0.95,"lower_bound":-0.0007935139127008828,"upper_bound":0.0027100860295212748},"point_estimate":0.0005848562642292165,"standard_error":0.0008965166535198241}}