{"mean":{"confidence_interval":{"confidence_level":0.95,"lower_bound":-0.009248495293558652,"upper_bound":-0.0007941323633467621},"point_estimate":-0.004860073839732193,"standard_error":0.0021571652267305132},"median":{"confidence_interval":{"confidence_level":0.95,"lower_bound":-0.0024189179719072973,"upper_bound":0.0004654932793923816},"point_estimate":-0.0010450014280756204,"standard_error":0.0006997209856557888}}