{"mean":{"confidence_interval":{"confidence_level":0.95,"lower_bound":-0.007382392030560493,"upper_bound":0.015283981657899025},"point_estimate":0.0032784683746647225,"standard_error":0.005686025055943442},"median":{"confidence_interval":{"confidence_level":0.95,"lower_bound":0.0005869726698337523,"upper_bound":0.0040930400168117664},"point_estimate":0.002526936759922327,"standard_error":0.0009053976599584478}}