{"mean":{"confidence_interval":{"confidence_level":0.95,"lower_bound":0.00024382593506391308,"upper_bound":0.006504410211984007},"point_estimate":0.0031254580708297564,"standard_error":0.0016159024076365246},"median":{"confidence_interval":{"confidence_level":0.95,"lower_bound":-0.0009707478866132206,"upper_bound":0.00371279549769854},"point_estimate":0.0011515201373786255,"standard_error":0.0011428943767536194}}