{"mean":{"confidence_interval":{"confidence_level":0.95,"lower_bound":-0.0038609895682421794,"upper_bound":0.006914476918801546},"point_estimate":0.0014680763157093324,"standard_error":0.0027731212144446273},"median":{"confidence_interval":{"confidence_level":0.95,"lower_bound":-0.0029229583097586387,"upper_bound":-0.00011059353194786681},"point_estimate":-0.001482221173268794,"standard_error":0.0007042408980091298}}