{"mean":{"confidence_interval":{"confidence_level":0.95,"lower_bound":0.041322994623199306,"upper_bound":0.06437070807893325},"point_estimate":0.0515881916036347,"standard_error":0.005966162769665673},"median":{"confidence_interval":{"confidence_level":0.95,"lower_bound":0.027458945698644932,"upper_bound":0.036121094696834},"point_estimate":0.03018196349778779,"standard_error":0.002207853187641024}}