{"mean":{"confidence_interval":{"confidence_level":0.95,"lower_bound":18221476.292916674,"upper_bound":18225447.71025},"point_estimate":18223421.973333336,"standard_error":1015.6160219948667},"median":{"confidence_interval":{"confidence_level":0.95,"lower_bound":18218724.666666668,"upper_bound":18223591.333333332},"point_estimate":18221824.666666668,"standard_error":1385.2203734071747},"median_abs_dev":{"confidence_interval":{"confidence_level":0.95,"lower_bound":6968.219876292129,"upper_bound":12182.029783724818},"point_estimate":9538.059830666509,"standard_error":1363.2598264071112},"slope":null,"std_dev":{"confidence_interval":{"confidence_level":0.95,"lower_bound":8541.50112096894,"upper_bound":11663.11055504017},"point_estimate":10187.184781837648,"standard_error":799.5761551002772}}