{"mean":{"confidence_interval":{"confidence_level":0.95,"lower_bound":6491430.153125,"upper_bound":6497468.66146875},"point_estimate":6494087.93,"standard_error":1556.5527194016836},"median":{"confidence_interval":{"confidence_level":0.95,"lower_bound":6489502.0,"upper_bound":6491232.75},"point_estimate":6490440.0625,"standard_error":466.01928133712164},"median_abs_dev":{"confidence_interval":{"confidence_level":0.95,"lower_bound":2123.175824806094,"upper_bound":3841.5091942995787},"point_estimate":2997.724484279752,"standard_error":464.79120418861027},"slope":null,"std_dev":{"confidence_interval":{"confidence_level":0.95,"lower_bound":4405.798533891867,"upper_bound":22832.43336515606},"point_estimate":15682.162307245222,"standard_error":4276.8833214045535}}