{"mean":{"confidence_interval":{"confidence_level":0.95,"lower_bound":17884745.054249994,"upper_bound":18105868.162499998},"point_estimate":17991555.31333333,"standard_error":56459.88437256153},"median":{"confidence_interval":{"confidence_level":0.95,"lower_bound":17826107.333333332,"upper_bound":18111265.333333336},"point_estimate":17939727.0,"standard_error":83076.16425591175},"median_abs_dev":{"confidence_interval":{"confidence_level":0.95,"lower_bound":394481.55249655433,"upper_bound":651020.2737420816},"point_estimate":541361.9905889025,"standard_error":61264.743557834874},"slope":null,"std_dev":{"confidence_interval":{"confidence_level":0.95,"lower_bound":438192.73316579306,"upper_bound":693491.1370303486},"point_estimate":568803.0277839237,"standard_error":65397.583333405535}}