{"mean":{"confidence_interval":{"confidence_level":0.95,"lower_bound":6494934.627375,"upper_bound":6506534.197656251},"point_estimate":6500071.6575,"standard_error":2976.927996278571},"median":{"confidence_interval":{"confidence_level":0.95,"lower_bound":6491469.5,"upper_bound":6493011.125},"point_estimate":6491956.6875,"standard_error":379.21395705909254},"median_abs_dev":{"confidence_interval":{"confidence_level":0.95,"lower_bound":2835.750437155366,"upper_bound":5685.400249063969},"point_estimate":3591.4131112396717,"standard_error":731.4278070269369},"slope":null,"std_dev":{"confidence_interval":{"confidence_level":0.95,"lower_bound":11714.486267542541,"upper_bound":42559.66474283397},"point_estimate":29838.267227018918,"standard_error":7553.045906413513}}