{"mean":{"confidence_interval":{"confidence_level":0.95,"lower_bound":18393365.82791666,"upper_bound":18620558.488083333},"point_estimate":18499374.98666667,"standard_error":58251.820863223395},"median":{"confidence_interval":{"confidence_level":0.95,"lower_bound":18253495.0,"upper_bound":18416302.0},"point_estimate":18338632.5,"standard_error":44249.154938832056},"median_abs_dev":{"confidence_interval":{"confidence_level":0.95,"lower_bound":224598.57581257727,"upper_bound":407264.0352696162},"point_estimate":306193.7124639731,"standard_error":46975.687765892886},"slope":null,"std_dev":{"confidence_interval":{"confidence_level":0.95,"lower_bound":390085.6272373826,"upper_bound":772526.391279038},"point_estimate":584598.9017053407,"standard_error":99546.3369136015}}