{"mean":{"confidence_interval":{"confidence_level":0.95,"lower_bound":14680567.8678125,"upper_bound":14683563.726937499},"point_estimate":14682026.2125,"standard_error":762.9251051410204},"median":{"confidence_interval":{"confidence_level":0.95,"lower_bound":14680840.25,"upper_bound":14683515.5},"point_estimate":14682140.375,"standard_error":723.5072722228977},"median_abs_dev":{"confidence_interval":{"confidence_level":0.95,"lower_bound":4225.595249980688,"upper_bound":7820.900186151266},"point_estimate":5597.000225633383,"standard_error":906.532559965245},"slope":null,"std_dev":{"confidence_interval":{"confidence_level":0.95,"lower_bound":5692.517110367148,"upper_bound":9854.773656900034},"point_estimate":7641.17848010812,"standard_error":1099.6071173294044}}