{"mean":{"confidence_interval":{"confidence_level":0.95,"lower_bound":14218174.1476875,"upper_bound":14315066.6045},"point_estimate":14265259.425,"standard_error":24752.066656443345},"median":{"confidence_interval":{"confidence_level":0.95,"lower_bound":14188707.75,"upper_bound":14260400.75},"point_estimate":14224220.375,"standard_error":18660.20476016578},"median_abs_dev":{"confidence_interval":{"confidence_level":0.95,"lower_bound":144391.43535716462,"upper_bound":258973.33572730422},"point_estimate":196004.90562021732,"standard_error":28543.61200283459},"slope":null,"std_dev":{"confidence_interval":{"confidence_level":0.95,"lower_bound":198732.83801015987,"upper_bound":296298.43884374766},"point_estimate":249339.69344427122,"standard_error":25058.224655354334}}