{"mean":{"confidence_interval":{"confidence_level":0.95,"lower_bound":6492452.503625,"upper_bound":6499174.50984375},"point_estimate":6495432.79,"standard_error":1736.0961333256062},"median":{"confidence_interval":{"confidence_level":0.95,"lower_bound":6490782.8125,"upper_bound":6492218.5},"point_estimate":6491615.5625,"standard_error":372.7232841393971},"median_abs_dev":{"confidence_interval":{"confidence_level":0.95,"lower_bound":1956.8466402590275,"upper_bound":3319.819328561425},"point_estimate":2594.92060393095,"standard_error":343.9104320303165},"slope":null,"std_dev":{"confidence_interval":{"confidence_level":0.95,"lower_bound":8569.360385199283,"upper_bound":24488.419879277008},"point_estimate":17505.00949091741,"standard_error":4278.044677670776}}