{"mean":{"confidence_interval":{"confidence_level":0.95,"lower_bound":17277600.193000004,"upper_bound":17692246.55366666},"point_estimate":17475517.26333334,"standard_error":105935.90920475435},"median":{"confidence_interval":{"confidence_level":0.95,"lower_bound":17181153.666666668,"upper_bound":17629289.333333336},"point_estimate":17368254.833333336,"standard_error":115813.64064268187},"median_abs_dev":{"confidence_interval":{"confidence_level":0.95,"lower_bound":844888.7528002281,"upper_bound":1210746.7360049514},"point_estimate":1116379.0005803145,"standard_error":96764.70426187619},"slope":null,"std_dev":{"confidence_interval":{"confidence_level":0.95,"lower_bound":802992.9969583455,"upper_bound":1373331.9686666727},"point_estimate":1065257.2332069417,"standard_error":155239.24854511558}}