{"mean":{"confidence_interval":{"confidence_level":0.95,"lower_bound":14709599.299875,"upper_bound":14713890.3515},"point_estimate":14711318.315,"standard_error":1131.2497038165754},"median":{"confidence_interval":{"confidence_level":0.95,"lower_bound":14708830.25,"upper_bound":14711005.25},"point_estimate":14709830.25,"standard_error":609.9921516863985},"median_abs_dev":{"confidence_interval":{"confidence_level":0.95,"lower_bound":4114.214926958084,"upper_bound":6560.504883527756},"point_estimate":5504.152402281761,"standard_error":627.9585271216687},"slope":null,"std_dev":{"confidence_interval":{"confidence_level":0.95,"lower_bound":4180.594902512736,"upper_bound":18463.936994661137},"point_estimate":11346.1116387494,"standard_error":4816.391073472873}}