{"mean":{"confidence_interval":{"confidence_level":0.95,"lower_bound":16095645.621666668,"upper_bound":16367209.277499998},"point_estimate":16230994.77333333,"standard_error":69231.6334093343},"median":{"confidence_interval":{"confidence_level":0.95,"lower_bound":16001236.666666666,"upper_bound":16446630.833333332},"point_estimate":16184990.5,"standard_error":118330.12763961684},"median_abs_dev":{"confidence_interval":{"confidence_level":0.95,"lower_bound":673611.637941001,"upper_bound":1030061.7830127468},"point_estimate":847821.582648159,"standard_error":92830.38249012317},"slope":null,"std_dev":{"confidence_interval":{"confidence_level":0.95,"lower_bound":621060.0047105051,"upper_bound":765150.7016946371},"point_estimate":697548.4569083776,"standard_error":36791.914326250044}}