{"mean":{"confidence_interval":{"confidence_level":0.95,"lower_bound":15821163.579062501,"upper_bound":15823959.671562498},"point_estimate":15822432.8775,"standard_error":713.4571791472437},"median":{"confidence_interval":{"confidence_level":0.95,"lower_bound":15819711.25,"upper_bound":15821261.25},"point_estimate":15820299.0,"standard_error":407.62378377220705},"median_abs_dev":{"confidence_interval":{"confidence_level":0.95,"lower_bound":2334.724308550358,"upper_bound":4077.520577609539},"point_estimate":2928.320273011923,"standard_error":467.6669446590836},"slope":null,"std_dev":{"confidence_interval":{"confidence_level":0.95,"lower_bound":4115.567557862974,"upper_bound":9951.647215959394},"point_estimate":7161.792824441444,"standard_error":1529.0156401463596}}