{"mean":{"confidence_interval":{"confidence_level":0.95,"lower_bound":18215485.056416668,"upper_bound":18223692.09024999},"point_estimate":18219435.070000004,"standard_error":2091.1558361018047},"median":{"confidence_interval":{"confidence_level":0.95,"lower_bound":18207253.333333332,"upper_bound":18211736.666666668},"point_estimate":18209203.5,"standard_error":976.4763006340467},"median_abs_dev":{"confidence_interval":{"confidence_level":0.95,"lower_bound":4003.0199289349516,"upper_bound":9933.419823646545},"point_estimate":6400.136986375775,"standard_error":1386.3081036158408},"slope":null,"std_dev":{"confidence_interval":{"confidence_level":0.95,"lower_bound":17052.074436846346,"upper_bound":24115.298724300126},"point_estimate":20950.019273248552,"standard_error":1803.1937184023623}}