{"mean":{"confidence_interval":{"confidence_level":0.95,"lower_bound":6493778.7125,"upper_bound":6509355.6130312495},"point_estimate":6500174.7475,"standard_error":4041.245698202762},"median":{"confidence_interval":{"confidence_level":0.95,"lower_bound":6491342.25,"upper_bound":6493295.5},"point_estimate":6492423.625,"standard_error":512.5314782920238},"median_abs_dev":{"confidence_interval":{"confidence_level":0.95,"lower_bound":2503.0920680612326,"upper_bound":4385.808709636331},"point_estimate":3284.7002416849136,"standard_error":498.9275609309696},"slope":null,"std_dev":{"confidence_interval":{"confidence_level":0.95,"lower_bound":13051.11460839822,"upper_bound":64819.479257504616},"point_estimate":40577.648126046945,"standard_error":15383.473505583468}}