{"mean":{"confidence_interval":{"confidence_level":0.95,"lower_bound":6489940.05875,"upper_bound":6493378.7873125},"point_estimate":6491453.5775,"standard_error":882.0605710271813},"median":{"confidence_interval":{"confidence_level":0.95,"lower_bound":6488921.375,"upper_bound":6489876.125},"point_estimate":6489353.3125,"standard_error":224.47749244475133},"median_abs_dev":{"confidence_interval":{"confidence_level":0.95,"lower_bound":1476.2966072279962,"upper_bound":2376.5174118708815},"point_estimate":1928.2139282673597,"standard_error":223.528276431803},"slope":null,"std_dev":{"confidence_interval":{"confidence_level":0.95,"lower_bound":3251.477645972432,"upper_bound":12810.503831488064},"point_estimate":8865.710440306368,"standard_error":2349.8470258049742}}