{"mean":{"confidence_interval":{"confidence_level":0.95,"lower_bound":18225603.993083335,"upper_bound":18231429.63675},"point_estimate":18228428.973333336,"standard_error":1492.503010418725},"median":{"confidence_interval":{"confidence_level":0.95,"lower_bound":18221457.666666668,"upper_bound":18228557.666666668},"point_estimate":18225524.333333336,"standard_error":1702.5751345355375},"median_abs_dev":{"confidence_interval":{"confidence_level":0.95,"lower_bound":8697.919845580134,"upper_bound":14900.129735469818},"point_estimate":12750.359773635864,"standard_error":1575.8383551655184},"slope":null,"std_dev":{"confidence_interval":{"confidence_level":0.95,"lower_bound":11854.91955769018,"upper_bound":18037.048369277938},"point_estimate":15051.406541257644,"standard_error":1580.470340497235}}