{"mean":{"confidence_interval":{"confidence_level":0.95,"lower_bound":18226538.395749997,"upper_bound":18231775.744500007},"point_estimate":18229046.086666662,"standard_error":1330.7098966398507},"median":{"confidence_interval":{"confidence_level":0.95,"lower_bound":18223887.0,"upper_bound":18229154.0},"point_estimate":18225820.333333336,"standard_error":1608.482905371104},"median_abs_dev":{"confidence_interval":{"confidence_level":0.95,"lower_bound":7807.865661380834,"upper_bound":13145.966866613424},"point_estimate":10229.93981837674,"standard_error":1349.538944392559},"slope":null,"std_dev":{"confidence_interval":{"confidence_level":0.95,"lower_bound":10427.927520759533,"upper_bound":15978.228869481414},"point_estimate":13341.00129345837,"standard_error":1432.9080781754494}}