{"mean":{"confidence_interval":{"confidence_level":0.95,"lower_bound":6492326.2413125,"upper_bound":6498081.891812501},"point_estimate":6494869.72875,"standard_error":1482.0781300529534},"median":{"confidence_interval":{"confidence_level":0.95,"lower_bound":6490552.125,"upper_bound":6492301.625},"point_estimate":6491620.4375,"standard_error":438.27297758770294},"median_abs_dev":{"confidence_interval":{"confidence_level":0.95,"lower_bound":2524.2191176861525,"upper_bound":4936.872587352991},"point_estimate":3747.734745964408,"standard_error":635.5357578920284},"slope":null,"std_dev":{"confidence_interval":{"confidence_level":0.95,"lower_bound":5004.61364167816,"upper_bound":21362.857577988514},"point_estimate":14838.120580531458,"standard_error":3863.057627781271}}