{"mean":{"confidence_interval":{"confidence_level":0.95,"lower_bound":18222546.559499998,"upper_bound":18227292.550333332},"point_estimate":18224831.893333334,"standard_error":1209.59904244502},"median":{"confidence_interval":{"confidence_level":0.95,"lower_bound":18220185.666666664,"upper_bound":18225718.666666668},"point_estimate":18222418.833333336,"standard_error":1496.4500828398561},"median_abs_dev":{"confidence_interval":{"confidence_level":0.95,"lower_bound":8327.26985216318,"upper_bound":13763.96395563725},"point_estimate":10847.93690740878,"standard_error":1434.4473749427857},"slope":null,"std_dev":{"confidence_interval":{"confidence_level":0.95,"lower_bound":9448.85108984432,"upper_bound":14783.15686110413},"point_estimate":12158.663149467633,"standard_error":1376.8879336072678}}