{"mean":{"confidence_interval":{"confidence_level":0.95,"lower_bound":18083470.52083333,"upper_bound":18554904.61174999},"point_estimate":18306904.586666666,"standard_error":120931.50893314139},"median":{"confidence_interval":{"confidence_level":0.95,"lower_bound":17760091.333333332,"upper_bound":18156361.0},"point_estimate":17975643.0,"standard_error":106170.4253350546},"median_abs_dev":{"confidence_interval":{"confidence_level":0.95,"lower_bound":470678.91329377895,"upper_bound":835648.6955642682},"point_estimate":625265.7824993134,"standard_error":90934.35126223155},"slope":null,"std_dev":{"confidence_interval":{"confidence_level":0.95,"lower_bound":876479.2391781557,"upper_bound":1504291.1459862394},"point_estimate":1220969.4875909172,"standard_error":160296.3762089305}}