{"mean":{"confidence_interval":{"confidence_level":0.95,"lower_bound":6321289.44325,"upper_bound":6374944.029125},"point_estimate":6348492.54625,"standard_error":13666.901201994555},"median":{"confidence_interval":{"confidence_level":0.95,"lower_bound":6319451.375,"upper_bound":6444238.5},"point_estimate":6380203.6875,"standard_error":30297.091700242236},"median_abs_dev":{"confidence_interval":{"confidence_level":0.95,"lower_bound":73255.6353494525,"upper_bound":215766.85131937265},"point_estimate":164503.3626794815,"standard_error":38705.43138709684},"slope":null,"std_dev":{"confidence_interval":{"confidence_level":0.95,"lower_bound":125358.95139123933,"upper_bound":146672.45534994986},"point_estimate":137403.84074702905,"standard_error":5434.798666349519}}