{"mean":{"confidence_interval":{"confidence_level":0.95,"lower_bound":14726069.9374375,"upper_bound":14728964.960625},"point_estimate":14727453.4575,"standard_error":740.918232678506},"median":{"confidence_interval":{"confidence_level":0.95,"lower_bound":14724414.25,"upper_bound":14727701.75},"point_estimate":14725476.75,"standard_error":950.9729301659004},"median_abs_dev":{"confidence_interval":{"confidence_level":0.95,"lower_bound":4262.474924325943,"upper_bound":6912.622377276421},"point_estimate":5726.5423983335495,"standard_error":687.6132947094111},"slope":null,"std_dev":{"confidence_interval":{"confidence_level":0.95,"lower_bound":5544.029169239527,"upper_bound":9191.955551223387},"point_estimate":7440.362426518496,"standard_error":933.8772138133178}}