{"mean":{"confidence_interval":{"confidence_level":0.95,"lower_bound":17783647.85583335,"upper_bound":18038981.907250002},"point_estimate":17905423.22,"standard_error":65377.3371165879},"median":{"confidence_interval":{"confidence_level":0.95,"lower_bound":17698097.666666668,"upper_bound":17863315.666666668},"point_estimate":17758631.5,"standard_error":44574.04049426624},"median_abs_dev":{"confidence_interval":{"confidence_level":0.95,"lower_bound":248831.67238235657,"upper_bound":479304.6737631399},"point_estimate":364228.6058336478,"standard_error":55215.78289266097},"slope":null,"std_dev":{"confidence_interval":{"confidence_level":0.95,"lower_bound":490951.13414798136,"upper_bound":808746.527441423},"point_estimate":658923.429650803,"standard_error":81001.50389074688}}