{"mean":{"confidence_interval":{"confidence_level":0.95,"lower_bound":6492450.38259375,"upper_bound":6498110.01390625},"point_estimate":6494925.74125,"standard_error":1457.885548093437},"median":{"confidence_interval":{"confidence_level":0.95,"lower_bound":6491000.8125,"upper_bound":6492406.875},"point_estimate":6491629.875,"standard_error":400.5403286578996},"median_abs_dev":{"confidence_interval":{"confidence_level":0.95,"lower_bound":2085.1818839181215,"upper_bound":3616.8026357889175},"point_estimate":2696.849352121353,"standard_error":386.68373247866134},"slope":null,"std_dev":{"confidence_interval":{"confidence_level":0.95,"lower_bound":4737.12516784261,"upper_bound":21266.09893377835},"point_estimate":14611.520310835445,"standard_error":4011.2184048646322}}