{"mean":{"confidence_interval":{"confidence_level":0.95,"lower_bound":15825264.422625,"upper_bound":15827053.058875},"point_estimate":15826119.64,"standard_error":457.58261886934525},"median":{"confidence_interval":{"confidence_level":0.95,"lower_bound":15824446.25,"upper_bound":15826258.75},"point_estimate":15825271.25,"standard_error":513.3587656138596},"median_abs_dev":{"confidence_interval":{"confidence_level":0.95,"lower_bound":2730.578501522541,"upper_bound":4799.546764791012},"point_estimate":3854.759931564331,"standard_error":515.2118064890303},"slope":null,"std_dev":{"confidence_interval":{"confidence_level":0.95,"lower_bound":3419.6866381165387,"upper_bound":5951.526799788396},"point_estimate":4608.186441754467,"standard_error":680.1726328696101}}