{"mean":{"confidence_interval":{"confidence_level":0.95,"lower_bound":6492619.375406249,"upper_bound":6498916.08209375},"point_estimate":6495455.8225,"standard_error":1622.3991182920806},"median":{"confidence_interval":{"confidence_level":0.95,"lower_bound":6490989.875,"upper_bound":6492804.625},"point_estimate":6491813.4375,"standard_error":458.3462352942144},"median_abs_dev":{"confidence_interval":{"confidence_level":0.95,"lower_bound":2534.226667508483,"upper_bound":4232.637599855661},"point_estimate":3168.4088062494993,"standard_error":438.29378189228396},"slope":null,"std_dev":{"confidence_interval":{"confidence_level":0.95,"lower_bound":7277.038724973813,"upper_bound":22672.549710138872},"point_estimate":16255.860275030256,"standard_error":3835.874694349639}}