{"mean":{"confidence_interval":{"confidence_level":0.95,"lower_bound":6492225.95375,"upper_bound":6498698.414687499},"point_estimate":6495116.50625,"standard_error":1672.751429798785},"median":{"confidence_interval":{"confidence_level":0.95,"lower_bound":6490494.625,"upper_bound":6491636.0},"point_estimate":6491135.75,"standard_error":330.44299131371884},"median_abs_dev":{"confidence_interval":{"confidence_level":0.95,"lower_bound":2344.175883382559,"upper_bound":3891.824930906296},"point_estimate":3209.3656305223703,"standard_error":411.66367938406677},"slope":null,"std_dev":{"confidence_interval":{"confidence_level":0.95,"lower_bound":8878.720573159453,"upper_bound":23183.10986507547},"point_estimate":16834.426002775424,"standard_error":3999.773426416776}}