{"mean":{"confidence_interval":{"confidence_level":0.95,"lower_bound":18659675.98341666,"upper_bound":18950632.055749997},"point_estimate":18799717.46333333,"standard_error":74652.75550245082},"median":{"confidence_interval":{"confidence_level":0.95,"lower_bound":18509385.833333332,"upper_bound":18712793.166666668},"point_estimate":18605427.5,"standard_error":55725.23829348592},"median_abs_dev":{"confidence_interval":{"confidence_level":0.95,"lower_bound":342304.6463678796,"upper_bound":657267.319926172},"point_estimate":493911.1313313246,"standard_error":80716.94840263318},"slope":null,"std_dev":{"confidence_interval":{"confidence_level":0.95,"lower_bound":577486.6934647007,"upper_bound":905912.9443478411},"point_estimate":752276.8042309274,"standard_error":84441.64842681849}}