{"mean":{"confidence_interval":{"confidence_level":0.95,"lower_bound":14688077.779375,"upper_bound":14691651.590375},"point_estimate":14689724.57,"standard_error":910.7806683178278},"median":{"confidence_interval":{"confidence_level":0.95,"lower_bound":14688016.75,"upper_bound":14690291.75},"point_estimate":14689096.25,"standard_error":536.432082734029},"median_abs_dev":{"confidence_interval":{"confidence_level":0.95,"lower_bound":3632.5552605092525,"upper_bound":6782.894879579544},"point_estimate":5189.099907875061,"standard_error":817.3309493335714},"slope":null,"std_dev":{"confidence_interval":{"confidence_level":0.95,"lower_bound":5523.823346071957,"upper_bound":12914.026816863048},"point_estimate":9163.89648225441,"standard_error":1992.102626032237}}