{"mean":{"confidence_interval":{"confidence_level":0.95,"lower_bound":6491774.58609375,"upper_bound":6495731.27459375},"point_estimate":6493557.1825,"standard_error":1015.5954733127832},"median":{"confidence_interval":{"confidence_level":0.95,"lower_bound":6490055.625,"upper_bound":6491260.9375},"point_estimate":6490663.5625,"standard_error":309.8921735387342},"median_abs_dev":{"confidence_interval":{"confidence_level":0.95,"lower_bound":2101.8634501844645,"upper_bound":3576.0311365127563},"point_estimate":2969.8330722749233,"standard_error":376.80500138396974},"slope":null,"std_dev":{"confidence_interval":{"confidence_level":0.95,"lower_bound":5673.464861470001,"upper_bound":14389.956435957536},"point_estimate":10196.075178807785,"standard_error":2283.382373203388}}