{"mean":{"confidence_interval":{"confidence_level":0.95,"lower_bound":18272311.281666663,"upper_bound":18416065.48908334},"point_estimate":18339127.35666666,"standard_error":36855.883012871476},"median":{"confidence_interval":{"confidence_level":0.95,"lower_bound":18181609.666666668,"upper_bound":18236276.833333336},"point_estimate":18199648.666666668,"standard_error":14269.633117750278},"median_abs_dev":{"confidence_interval":{"confidence_level":0.95,"lower_bound":76354.3928444367,"upper_bound":154533.86625647452},"point_estimate":120289.26626443863,"standard_error":19153.64471035358},"slope":null,"std_dev":{"confidence_interval":{"confidence_level":0.95,"lower_bound":231760.3056955829,"upper_bound":489342.2185936957},"point_estimate":369480.53128979186,"standard_error":66155.79412672464}}