{"mean":{"confidence_interval":{"confidence_level":0.95,"lower_bound":17159664.72,"upper_bound":17490249.616249993},"point_estimate":17317416.44333334,"standard_error":84067.29434542559},"median":{"confidence_interval":{"confidence_level":0.95,"lower_bound":16980140.166666668,"upper_bound":17561441.333333332},"point_estimate":17300729.0,"standard_error":142879.35446816788},"median_abs_dev":{"confidence_interval":{"confidence_level":0.95,"lower_bound":639965.7612383324,"upper_bound":961171.2926357975},"point_estimate":806677.2094786162,"standard_error":79011.9815428907},"slope":null,"std_dev":{"confidence_interval":{"confidence_level":0.95,"lower_bound":625986.0684243593,"upper_bound":1085165.1581739427},"point_estimate":840868.8532841791,"standard_error":122413.89818497834}}