{"mean":{"confidence_interval":{"confidence_level":0.95,"lower_bound":18223256.16508334,"upper_bound":18231178.720750008},"point_estimate":18227069.46333334,"standard_error":2023.436914155359},"median":{"confidence_interval":{"confidence_level":0.95,"lower_bound":18219922.166666668,"upper_bound":18224789.0},"point_estimate":18221655.5,"standard_error":1123.2347162116278},"median_abs_dev":{"confidence_interval":{"confidence_level":0.95,"lower_bound":10205.229818819113,"upper_bound":17964.169681074076},"point_estimate":14306.84264600369,"standard_error":2037.0902453328974},"slope":null,"std_dev":{"confidence_interval":{"confidence_level":0.95,"lower_bound":15713.855820729328,"upper_bound":24458.303519834604},"point_estimate":20388.087239016735,"standard_error":2241.8511175517688}}