{"mean":{"confidence_interval":{"confidence_level":0.95,"lower_bound":6490885.32840625,"upper_bound":6494154.4465625},"point_estimate":6492382.69,"standard_error":840.0244134312986},"median":{"confidence_interval":{"confidence_level":0.95,"lower_bound":6489079.125,"upper_bound":6490235.625},"point_estimate":6489807.375,"standard_error":315.2861700411958},"median_abs_dev":{"confidence_interval":{"confidence_level":0.95,"lower_bound":1912.3686410486698,"upper_bound":3494.414007961746},"point_estimate":2720.94160169363,"standard_error":388.1691719959578},"slope":null,"std_dev":{"confidence_interval":{"confidence_level":0.95,"lower_bound":4327.060725805905,"upper_bound":11505.957816261867},"point_estimate":8424.328643699631,"standard_error":1764.3457282992365}}