{"mean":{"confidence_interval":{"confidence_level":0.95,"lower_bound":6495038.87478125,"upper_bound":6498782.24275},"point_estimate":6496716.15375,"standard_error":959.0604471692602},"median":{"confidence_interval":{"confidence_level":0.95,"lower_bound":6493653.375,"upper_bound":6494856.5625},"point_estimate":6494116.0625,"standard_error":271.83555006569793},"median_abs_dev":{"confidence_interval":{"confidence_level":0.95,"lower_bound":1817.7602302283049,"upper_bound":3569.915411621332},"point_estimate":2360.2991580963135,"standard_error":448.66526215512215},"slope":null,"std_dev":{"confidence_interval":{"confidence_level":0.95,"lower_bound":4961.339884598305,"upper_bound":13821.188337286365},"point_estimate":9646.42720993741,"standard_error":2314.111819861155}}