{"mean":{"confidence_interval":{"confidence_level":0.95,"lower_bound":16130709.7059375,"upper_bound":16347850.1045625},"point_estimate":16233863.9875,"standard_error":55502.514232772075},"median":{"confidence_interval":{"confidence_level":0.95,"lower_bound":15964632.625,"upper_bound":16245772.25},"point_estimate":16124708.0,"standard_error":64226.716912982214},"median_abs_dev":{"confidence_interval":{"confidence_level":0.95,"lower_bound":324354.1413165631,"upper_bound":534572.3622344434},"point_estimate":431121.9104960561,"standard_error":53860.63807891329},"slope":null,"std_dev":{"confidence_interval":{"confidence_level":0.95,"lower_bound":405034.4160611571,"upper_bound":709843.917475387},"point_estimate":558547.2239912814,"standard_error":79007.06082792261}}