{"mean":{"confidence_interval":{"confidence_level":0.95,"lower_bound":6494247.9112812495,"upper_bound":6565235.19778125},"point_estimate":6520007.30625,"standard_error":20006.892307321403},"median":{"confidence_interval":{"confidence_level":0.95,"lower_bound":6490707.125,"upper_bound":6492065.9375},"point_estimate":6491455.5,"standard_error":334.32659270239355},"median_abs_dev":{"confidence_interval":{"confidence_level":0.95,"lower_bound":2490.6544442195463,"upper_bound":4338.272847980261},"point_estimate":3323.7111534923315,"standard_error":468.90769048179556},"slope":null,"std_dev":{"confidence_interval":{"confidence_level":0.95,"lower_bound":14244.756770478514,"upper_bound":339695.70635691413},"point_estimate":200760.75733875914,"standard_error":105846.47993878085}}