{"mean":{"confidence_interval":{"confidence_level":0.95,"lower_bound":8073.537229213287,"upper_bound":8210.410699799773},"point_estimate":8129.477008681281,"standard_error":35.82810489218502},"median":{"confidence_interval":{"confidence_level":0.95,"lower_bound":8064.928571428572,"upper_bound":8092.272222222222},"point_estimate":8077.326102389356,"standard_error":6.6078104199829815},"median_abs_dev":{"confidence_interval":{"confidence_level":0.95,"lower_bound":39.31157786338388,"upper_bound":73.18022791547664},"point_estimate":56.36964669387862,"standard_error":8.114216299405014},"slope":{"confidence_interval":{"confidence_level":0.95,"lower_bound":8072.445306844572,"upper_bound":8352.767471193732},"point_estimate":8177.884577114428,"standard_error":76.20461016562088},"std_dev":{"confidence_interval":{"confidence_level":0.95,"lower_bound":109.22882103347827,"upper_bound":582.7801947282393},"point_estimate":360.9106826319852,"standard_error":143.39290962999252}}