{"mean":{"confidence_interval":{"confidence_level":0.95,"lower_bound":8444.164134488694,"upper_bound":8524.416418555149},"point_estimate":8482.01282576574,"standard_error":20.43970738743984},"median":{"confidence_interval":{"confidence_level":0.95,"lower_bound":8459.732995363114,"upper_bound":8482.761067708334},"point_estimate":8470.92565925444,"standard_error":5.440984888235369},"median_abs_dev":{"confidence_interval":{"confidence_level":0.95,"lower_bound":32.9043814810304,"upper_bound":66.064550332095},"point_estimate":45.25213611807246,"standard_error":8.428237193744115},"slope":{"confidence_interval":{"confidence_level":0.95,"lower_bound":8494.389268035664,"upper_bound":8614.105320725606},"point_estimate":8546.155582791489,"standard_error":30.911875321752383},"std_dev":{"confidence_interval":{"confidence_level":0.95,"lower_bound":129.773409736408,"upper_bound":272.94935948047953},"point_estimate":205.32272476905402,"standard_error":36.825461578307944}}