{"mean":{"confidence_interval":{"confidence_level":0.95,"lower_bound":17381.512674015456,"upper_bound":17851.96719950965},"point_estimate":17607.182084824406,"standard_error":120.74486252239744},"median":{"confidence_interval":{"confidence_level":0.95,"lower_bound":17184.495,"upper_bound":17642.21875},"point_estimate":17438.111748251747,"standard_error":112.2490332348759},"median_abs_dev":{"confidence_interval":{"confidence_level":0.95,"lower_bound":646.8985436099313,"upper_bound":1047.9364454723338},"point_estimate":831.5803454356961,"standard_error":107.01452509817173},"slope":{"confidence_interval":{"confidence_level":0.95,"lower_bound":17263.236256013446,"upper_bound":17710.246987234063},"point_estimate":17474.24455386434,"standard_error":113.98716406772034},"std_dev":{"confidence_interval":{"confidence_level":0.95,"lower_bound":897.518271406253,"upper_bound":1513.2225270241836},"point_estimate":1219.601198740086,"standard_error":158.4022870239331}}