{"mean":{"confidence_interval":{"confidence_level":0.95,"lower_bound":9894.593617872204,"upper_bound":10171.287576651903},"point_estimate":10019.575037956578,"standard_error":71.1917361688478},"median":{"confidence_interval":{"confidence_level":0.95,"lower_bound":9853.072128851541,"upper_bound":9878.571040723982},"point_estimate":9865.545098039216,"standard_error":6.794180098733427},"median_abs_dev":{"confidence_interval":{"confidence_level":0.95,"lower_bound":39.804869349218286,"upper_bound":70.31367728591583},"point_estimate":54.054039882051775,"standard_error":7.834724914919831},"slope":{"confidence_interval":{"confidence_level":0.95,"lower_bound":9939.615741842825,"upper_bound":10331.851362174097},"point_estimate":10117.528929841184,"standard_error":100.8894462424943},"std_dev":{"confidence_interval":{"confidence_level":0.95,"lower_bound":363.28738299993915,"upper_bound":990.1733713811817},"point_estimate":716.3954012273716,"standard_error":158.64687877067684}}