{"mean":{"confidence_interval":{"confidence_level":0.95,"lower_bound":9109.777737747994,"upper_bound":9159.006844895122},"point_estimate":9134.575643368782,"standard_error":12.542488731988943},"median":{"confidence_interval":{"confidence_level":0.95,"lower_bound":9118.96696433936,"upper_bound":9147.86541314473},"point_estimate":9127.785688261793,"standard_error":6.8898102422501735},"median_abs_dev":{"confidence_interval":{"confidence_level":0.95,"lower_bound":45.72676783524607,"upper_bound":75.0286431693655},"point_estimate":54.81211981067112,"standard_error":7.587406150409327},"slope":{"confidence_interval":{"confidence_level":0.95,"lower_bound":9115.398313647987,"upper_bound":9158.174515687588},"point_estimate":9134.461862498805,"standard_error":10.986687766606762},"std_dev":{"confidence_interval":{"confidence_level":0.95,"lower_bound":90.15057012303735,"upper_bound":157.87890150917787},"point_estimate":126.20392936220557,"standard_error":17.29987472040287}}