{"mean":{"confidence_interval":{"confidence_level":0.95,"lower_bound":17413.15578862322,"upper_bound":18602.98867153644},"point_estimate":17900.68032556254,"standard_error":312.1884482362674},"median":{"confidence_interval":{"confidence_level":0.95,"lower_bound":17152.61224489796,"upper_bound":17473.944},"point_estimate":17336.000492889463,"standard_error":86.64459208295102},"median_abs_dev":{"confidence_interval":{"confidence_level":0.95,"lower_bound":381.5182329632861,"upper_bound":760.3719329853568},"point_estimate":514.1407764449079,"standard_error":96.25836282837274},"slope":{"confidence_interval":{"confidence_level":0.95,"lower_bound":17393.272651126852,"upper_bound":17812.079045214352},"point_estimate":17579.96677848382,"standard_error":106.7100236714399},"std_dev":{"confidence_interval":{"confidence_level":0.95,"lower_bound":886.1170476560869,"upper_bound":5080.031514304831},"point_estimate":3150.2763318760863,"standard_error":1244.0117084703588}}