{"mean":{"confidence_interval":{"confidence_level":0.95,"lower_bound":9115.626476539272,"upper_bound":9168.04920601551},"point_estimate":9141.165806403269,"standard_error":13.35623286361239},"median":{"confidence_interval":{"confidence_level":0.95,"lower_bound":9122.054844665137,"upper_bound":9147.064585101522},"point_estimate":9132.324061523295,"standard_error":7.049668986687648},"median_abs_dev":{"confidence_interval":{"confidence_level":0.95,"lower_bound":31.2027869627582,"upper_bound":58.1247544847726},"point_estimate":45.66029899923205,"standard_error":7.315778815227117},"slope":{"confidence_interval":{"confidence_level":0.95,"lower_bound":9134.673222735533,"upper_bound":9208.611197724815},"point_estimate":9167.522711254443,"standard_error":19.043327960536473},"std_dev":{"confidence_interval":{"confidence_level":0.95,"lower_bound":88.45416707521001,"upper_bound":175.55046577349015},"point_estimate":133.79238734879635,"standard_error":22.344692611346634}}