{"mean":{"confidence_interval":{"confidence_level":0.95,"lower_bound":9105.298290343799,"upper_bound":9259.83532465115},"point_estimate":9163.685631428532,"standard_error":42.12011693537038},"median":{"confidence_interval":{"confidence_level":0.95,"lower_bound":9111.16121530738,"upper_bound":9131.448249619483},"point_estimate":9124.000661375661,"standard_error":5.747619880897336},"median_abs_dev":{"confidence_interval":{"confidence_level":0.95,"lower_bound":38.18122143038628,"upper_bound":69.66118307257639},"point_estimate":53.292091750504156,"standard_error":8.279117323760776},"slope":{"confidence_interval":{"confidence_level":0.95,"lower_bound":9107.45146168368,"upper_bound":9167.274325815535},"point_estimate":9134.09443212978,"standard_error":15.289612309812865},"std_dev":{"confidence_interval":{"confidence_level":0.95,"lower_bound":90.30197466811875,"upper_bound":711.4898458984075},"point_estimate":424.21923865544164,"standard_error":208.52294945683988}}