{"mean":{"confidence_interval":{"confidence_level":0.95,"lower_bound":7973.6287672800045,"upper_bound":8115.756862391705},"point_estimate":8035.267065433119,"standard_error":36.55805205774191},"median":{"confidence_interval":{"confidence_level":0.95,"lower_bound":7964.523809523809,"upper_bound":8005.511316872428},"point_estimate":7982.239583333334,"standard_error":11.376120320247418},"median_abs_dev":{"confidence_interval":{"confidence_level":0.95,"lower_bound":60.175685903344686,"upper_bound":92.94473341414628},"point_estimate":76.20259092417322,"standard_error":8.20733762830852},"slope":{"confidence_interval":{"confidence_level":0.95,"lower_bound":7962.390389742223,"upper_bound":8216.818657379941},"point_estimate":8070.168117169926,"standard_error":65.75051350391902},"std_dev":{"confidence_interval":{"confidence_level":0.95,"lower_bound":95.5933878351396,"upper_bound":545.3305299999894},"point_estimate":366.73152306167196,"standard_error":108.62625479553239}}