{"mean":{"confidence_interval":{"confidence_level":0.95,"lower_bound":13837.11339190934,"upper_bound":13888.173913061906},"point_estimate":13861.981324513552,"standard_error":13.088308437956544},"median":{"confidence_interval":{"confidence_level":0.95,"lower_bound":13841.482600732601,"upper_bound":13881.410714285714},"point_estimate":13872.934084678647,"standard_error":10.030625468027141},"median_abs_dev":{"confidence_interval":{"confidence_level":0.95,"lower_bound":53.71860057206236,"upper_bound":145.78278439406756},"point_estimate":101.12406865923406,"standard_error":26.70232185422769},"slope":{"confidence_interval":{"confidence_level":0.95,"lower_bound":13787.502957763852,"upper_bound":13820.86328011914},"point_estimate":13802.783779687137,"standard_error":8.516028406971476},"std_dev":{"confidence_interval":{"confidence_level":0.95,"lower_bound":105.62478263314709,"upper_bound":154.4273472161847},"point_estimate":131.2642639741444,"standard_error":12.440287726450354}}