{"mean":{"confidence_interval":{"confidence_level":0.95,"lower_bound":14552.161240945425,"upper_bound":14617.992199662374},"point_estimate":14581.572303644209,"standard_error":16.883829695214956},"median":{"confidence_interval":{"confidence_level":0.95,"lower_bound":14544.698882061784,"upper_bound":14578.346604215456},"point_estimate":14569.446413801252,"standard_error":8.54638998334651},"median_abs_dev":{"confidence_interval":{"confidence_level":0.95,"lower_bound":49.74419858967738,"upper_bound":75.28090452470782},"point_estimate":65.79119692254828,"standard_error":6.703992549529275},"slope":{"confidence_interval":{"confidence_level":0.95,"lower_bound":14528.631480852178,"upper_bound":14549.058176002538},"point_estimate":14538.036402077309,"standard_error":5.203209646614987},"std_dev":{"confidence_interval":{"confidence_level":0.95,"lower_bound":89.23409947354943,"upper_bound":250.32471644091177},"point_estimate":169.93229483086944,"standard_error":43.86798156215701}}