{"mean":{"confidence_interval":{"confidence_level":0.95,"lower_bound":9024.727249992498,"upper_bound":9101.306059424835},"point_estimate":9059.568941927786,"standard_error":19.609061220950466},"median":{"confidence_interval":{"confidence_level":0.95,"lower_bound":9027.947530864198,"upper_bound":9041.233585858587},"point_estimate":9034.468609708194,"standard_error":3.7329567178080065},"median_abs_dev":{"confidence_interval":{"confidence_level":0.95,"lower_bound":28.973934352953048,"upper_bound":55.74963038884761},"point_estimate":44.12577889010675,"standard_error":7.187613374134426},"slope":{"confidence_interval":{"confidence_level":0.95,"lower_bound":9026.032908565776,"upper_bound":9150.73731057818},"point_estimate":9074.423263878627,"standard_error":33.17056381784199},"std_dev":{"confidence_interval":{"confidence_level":0.95,"lower_bound":102.85864701078442,"upper_bound":291.58404189686365},"point_estimate":197.82854067505392,"standard_error":51.680429217194074}}