{"mean":{"confidence_interval":{"confidence_level":0.95,"lower_bound":16391.4536784687,"upper_bound":16446.916489259653},"point_estimate":16418.76340377277,"standard_error":14.075337148626234},"median":{"confidence_interval":{"confidence_level":0.95,"lower_bound":16407.25,"upper_bound":16454.735507246376},"point_estimate":16430.48471685972,"standard_error":10.409178112524854},"median_abs_dev":{"confidence_interval":{"confidence_level":0.95,"lower_bound":69.66478756229506,"upper_bound":140.4483453341954},"point_estimate":94.71758760045554,"standard_error":18.27819593593986},"slope":{"confidence_interval":{"confidence_level":0.95,"lower_bound":16367.395237109915,"upper_bound":16415.310711090908},"point_estimate":16390.49655608098,"standard_error":12.228078678181092},"std_dev":{"confidence_interval":{"confidence_level":0.95,"lower_bound":112.71013903660692,"upper_bound":168.24611767977643},"point_estimate":141.47397213856027,"standard_error":14.225686751334212}}