{"mean":{"confidence_interval":{"confidence_level":0.95,"lower_bound":13921.526614171764,"upper_bound":13999.847557456735},"point_estimate":13955.062046175113,"standard_error":20.169813559184302},"median":{"confidence_interval":{"confidence_level":0.95,"lower_bound":13928.57142857143,"upper_bound":13978.66},"point_estimate":13966.0625,"standard_error":12.402396863657607},"median_abs_dev":{"confidence_interval":{"confidence_level":0.95,"lower_bound":62.443786503547614,"upper_bound":128.13765721877292},"point_estimate":91.29364282365799,"standard_error":16.79634921134239},"slope":{"confidence_interval":{"confidence_level":0.95,"lower_bound":13891.262989114808,"upper_bound":14017.113855542055},"point_estimate":13937.401062298128,"standard_error":34.00300052688934},"std_dev":{"confidence_interval":{"confidence_level":0.95,"lower_bound":96.54103275283587,"upper_bound":315.661442503784},"point_estimate":203.2740997857842,"standard_error":68.69408206724769}}