{"mean":{"confidence_interval":{"confidence_level":0.95,"lower_bound":9496.83747049711,"upper_bound":9571.41073521288},"point_estimate":9531.86476148238,"standard_error":19.005859211454897},"median":{"confidence_interval":{"confidence_level":0.95,"lower_bound":9463.319078947368,"upper_bound":9540.562259306804},"point_estimate":9488.027154454063,"standard_error":19.434326052948812},"median_abs_dev":{"confidence_interval":{"confidence_level":0.95,"lower_bound":53.45732043252395,"upper_bound":108.94406367105248},"point_estimate":85.93437568414781,"standard_error":14.412589079815126},"slope":{"confidence_interval":{"confidence_level":0.95,"lower_bound":9480.499226046302,"upper_bound":9589.463012743705},"point_estimate":9526.692768466162,"standard_error":28.247330296447775},"std_dev":{"confidence_interval":{"confidence_level":0.95,"lower_bound":119.3414627270451,"upper_bound":253.730011151458},"point_estimate":191.1939278840955,"standard_error":34.2804795184023}}