{"mean":{"confidence_interval":{"confidence_level":0.95,"lower_bound":8526.151143310006,"upper_bound":8572.983911891717},"point_estimate":8549.918506268488,"standard_error":11.9404658090356},"median":{"confidence_interval":{"confidence_level":0.95,"lower_bound":8542.224315068494,"upper_bound":8571.674107142857},"point_estimate":8554.386329768584,"standard_error":7.748534950575448},"median_abs_dev":{"confidence_interval":{"confidence_level":0.95,"lower_bound":47.25697360988203,"upper_bound":76.51226398615795},"point_estimate":62.86905600668209,"standard_error":7.459730502595631},"slope":{"confidence_interval":{"confidence_level":0.95,"lower_bound":8543.389166979949,"upper_bound":8591.41627026655},"point_estimate":8565.113000775824,"standard_error":12.322923159957636},"std_dev":{"confidence_interval":{"confidence_level":0.95,"lower_bound":88.49444940597905,"upper_bound":147.8311827197201},"point_estimate":120.18267549525326,"standard_error":15.158872022559262}}