{"mean":{"confidence_interval":{"confidence_level":0.95,"lower_bound":14515.277815513424,"upper_bound":14592.136720731425},"point_estimate":14551.352379580616,"standard_error":19.749047639909733},"median":{"confidence_interval":{"confidence_level":0.95,"lower_bound":14503.142857142857,"upper_bound":14567.935714285713},"point_estimate":14549.324234838085,"standard_error":16.075454363688},"median_abs_dev":{"confidence_interval":{"confidence_level":0.95,"lower_bound":70.55155314867156,"upper_bound":138.07951215314804},"point_estimate":94.09641079163633,"standard_error":17.083186647370137},"slope":{"confidence_interval":{"confidence_level":0.95,"lower_bound":14486.96944812636,"upper_bound":14526.3292816714},"point_estimate":14504.296280689903,"standard_error":10.051426434734907},"std_dev":{"confidence_interval":{"confidence_level":0.95,"lower_bound":128.93864634332488,"upper_bound":262.4474668943904},"point_estimate":197.39873053134937,"standard_error":34.622559869932815}}