{"mean":{"confidence_interval":{"confidence_level":0.95,"lower_bound":8189.391544032633,"upper_bound":8488.040745329294},"point_estimate":8303.173441942401,"standard_error":80.74176973737843},"median":{"confidence_interval":{"confidence_level":0.95,"lower_bound":8168.1372038730915,"upper_bound":8291.621742367834},"point_estimate":8221.361466325661,"standard_error":35.49658734431635},"median_abs_dev":{"confidence_interval":{"confidence_level":0.95,"lower_bound":101.0727626404404,"upper_bound":179.73216502441022},"point_estimate":144.9463148893479,"standard_error":18.242094945325917},"slope":{"confidence_interval":{"confidence_level":0.95,"lower_bound":8282.832389398429,"upper_bound":8424.769607913902},"point_estimate":8342.707103677883,"standard_error":36.80551065263875},"std_dev":{"confidence_interval":{"confidence_level":0.95,"lower_bound":146.84314523297255,"upper_bound":1365.4637978104422},"point_estimate":817.2475277161853,"standard_error":389.0361921082992}}