{"mean":{"confidence_interval":{"confidence_level":0.95,"lower_bound":9151.979711133536,"upper_bound":9329.455438102254},"point_estimate":9230.08331630668,"standard_error":45.82097615729846},"median":{"confidence_interval":{"confidence_level":0.95,"lower_bound":9126.321133776091,"upper_bound":9161.501225490196},"point_estimate":9144.205513222769,"standard_error":9.092990495731932},"median_abs_dev":{"confidence_interval":{"confidence_level":0.95,"lower_bound":57.97485046339198,"upper_bound":88.94629397452199},"point_estimate":73.91433346015135,"standard_error":7.797991171070653},"slope":{"confidence_interval":{"confidence_level":0.95,"lower_bound":9116.624282802075,"upper_bound":9361.30830498555},"point_estimate":9217.595829414373,"standard_error":64.09447913724999},"std_dev":{"confidence_interval":{"confidence_level":0.95,"lower_bound":142.5100536123034,"upper_bound":677.1084939252088},"point_estimate":462.9993582969556,"standard_error":131.16831536902205}}