{"mean":{"confidence_interval":{"confidence_level":0.95,"lower_bound":8185.106873799676,"upper_bound":8372.944216005355},"point_estimate":8263.75401019415,"standard_error":48.73983583794956},"median":{"confidence_interval":{"confidence_level":0.95,"lower_bound":8166.450767263427,"upper_bound":8222.036406160365},"point_estimate":8188.464492693629,"standard_error":14.99458156702179},"median_abs_dev":{"confidence_interval":{"confidence_level":0.95,"lower_bound":74.12365636074598,"upper_bound":128.38318327526488},"point_estimate":99.71192823151137,"standard_error":13.453475363005088},"slope":{"confidence_interval":{"confidence_level":0.95,"lower_bound":8200.877504796268,"upper_bound":8439.309358976838},"point_estimate":8298.425238918975,"standard_error":62.146968431551414},"std_dev":{"confidence_interval":{"confidence_level":0.95,"lower_bound":165.37743349506283,"upper_bound":770.7892955416022},"point_estimate":487.3969294130325,"standard_error":173.64958402042691}}