{"mean":{"confidence_interval":{"confidence_level":0.95,"lower_bound":7915.726422717236,"upper_bound":8192.252267134001},"point_estimate":8037.502382708029,"standard_error":71.31551918986793},"median":{"confidence_interval":{"confidence_level":0.95,"lower_bound":7859.858220211161,"upper_bound":7898.48949579832},"point_estimate":7881.136670437406,"standard_error":9.30004667658926},"median_abs_dev":{"confidence_interval":{"confidence_level":0.95,"lower_bound":52.59025457908765,"upper_bound":86.91270735905306},"point_estimate":69.97875154400657,"standard_error":8.996901480682647},"slope":{"confidence_interval":{"confidence_level":0.95,"lower_bound":7927.02531916457,"upper_bound":8480.402956078842},"point_estimate":8152.580243743426,"standard_error":145.16072213256982},"std_dev":{"confidence_interval":{"confidence_level":0.95,"lower_bound":276.9229330599735,"upper_bound":1070.996539851546},"point_estimate":720.8389631214224,"standard_error":206.70812598968416}}