{"mean":{"confidence_interval":{"confidence_level":0.95,"lower_bound":17145.381342375196,"upper_bound":17405.132762804587},"point_estimate":17279.95375554299,"standard_error":66.25371821815594},"median":{"confidence_interval":{"confidence_level":0.95,"lower_bound":17225.02167832168,"upper_bound":17459.002136752137},"point_estimate":17329.05803734062,"standard_error":67.07471507268576},"median_abs_dev":{"confidence_interval":{"confidence_level":0.95,"lower_bound":372.7939026764568,"upper_bound":642.0931843634534},"point_estimate":483.19892232855955,"standard_error":69.40219584244755},"slope":{"confidence_interval":{"confidence_level":0.95,"lower_bound":17127.046458463843,"upper_bound":17442.2994622844},"point_estimate":17271.60970026107,"standard_error":80.59112643161032},"std_dev":{"confidence_interval":{"confidence_level":0.95,"lower_bound":458.02803213586117,"upper_bound":896.9241516842203},"point_estimate":666.4458072392854,"standard_error":117.80882021961729}}