{"mean":{"confidence_interval":{"confidence_level":0.95,"lower_bound":9484.896527092897,"upper_bound":9630.324899313699},"point_estimate":9545.10836657808,"standard_error":37.9915843133662},"median":{"confidence_interval":{"confidence_level":0.95,"lower_bound":9483.106395019808,"upper_bound":9506.930747922437},"point_estimate":9492.482520433012,"standard_error":6.252888157930294},"median_abs_dev":{"confidence_interval":{"confidence_level":0.95,"lower_bound":31.89360715892708,"upper_bound":51.451253763647266},"point_estimate":40.80034307240257,"standard_error":5.0767894712221},"slope":{"confidence_interval":{"confidence_level":0.95,"lower_bound":9483.404566475429,"upper_bound":9626.814518432388},"point_estimate":9538.433265615642,"standard_error":38.16067490483767},"std_dev":{"confidence_interval":{"confidence_level":0.95,"lower_bound":74.32989717105471,"upper_bound":597.2817893292746},"point_estimate":382.74788968991743,"standard_error":140.9510060118084}}