{"mean":{"confidence_interval":{"confidence_level":0.95,"lower_bound":18829.12522079547,"upper_bound":19950.988516136662},"point_estimate":19346.853148346054,"standard_error":288.38307017127875},"median":{"confidence_interval":{"confidence_level":0.95,"lower_bound":18284.17328042328,"upper_bound":18854.80143822101},"point_estimate":18600.8854322485,"standard_error":140.26362555732635},"median_abs_dev":{"confidence_interval":{"confidence_level":0.95,"lower_bound":889.0955734931755,"upper_bound":1588.4173519680164},"point_estimate":1188.2631051239803,"standard_error":183.69156428539557},"slope":{"confidence_interval":{"confidence_level":0.95,"lower_bound":18839.199906706523,"upper_bound":19375.157675749204},"point_estimate":19096.242695762114,"standard_error":136.4454094973454},"std_dev":{"confidence_interval":{"confidence_level":0.95,"lower_bound":1556.6056370353801,"upper_bound":3976.1661677270135},"point_estimate":2909.7161333995314,"standard_error":606.3234545104253}}