{"mean":{"confidence_interval":{"confidence_level":0.95,"lower_bound":13884.395937802346,"upper_bound":13935.009392687347},"point_estimate":13909.160456535014,"standard_error":12.926472791320526},"median":{"confidence_interval":{"confidence_level":0.95,"lower_bound":13877.41341991342,"upper_bound":13926.871428571429},"point_estimate":13894.512142857144,"standard_error":11.194987198366144},"median_abs_dev":{"confidence_interval":{"confidence_level":0.95,"lower_bound":56.75437409662384,"upper_bound":94.22858346776117},"point_estimate":70.16391137934002,"standard_error":9.45070538924412},"slope":{"confidence_interval":{"confidence_level":0.95,"lower_bound":13877.142173195083,"upper_bound":13911.476374233216},"point_estimate":13893.369512128185,"standard_error":8.769206799449025},"std_dev":{"confidence_interval":{"confidence_level":0.95,"lower_bound":97.33223577089434,"upper_bound":160.98592374290288},"point_estimate":129.8750895941175,"standard_error":16.362501031436736}}