{"mean":{"confidence_interval":{"confidence_level":0.95,"lower_bound":7636.243684455463,"upper_bound":7805.263669973786},"point_estimate":7718.624865678489,"standard_error":42.992080004094},"median":{"confidence_interval":{"confidence_level":0.95,"lower_bound":7580.726727854262,"upper_bound":7789.119341563786},"point_estimate":7654.147533206831,"standard_error":48.461593077217785},"median_abs_dev":{"confidence_interval":{"confidence_level":0.95,"lower_bound":318.78396176059033,"upper_bound":482.0592511074115},"point_estimate":424.36938508156493,"standard_error":41.06133535560325},"slope":{"confidence_interval":{"confidence_level":0.95,"lower_bound":7666.778506703978,"upper_bound":7861.132296398407},"point_estimate":7762.131621102409,"standard_error":49.565963712612664},"std_dev":{"confidence_interval":{"confidence_level":0.95,"lower_bound":353.1984413973413,"upper_bound":506.0211254706438},"point_estimate":430.8041543477855,"standard_error":39.25336663546363}}