{"mean":{"confidence_interval":{"confidence_level":0.95,"lower_bound":9468.004233001719,"upper_bound":9622.489957008198},"point_estimate":9530.357335669436,"standard_error":40.33192194908044},"median":{"confidence_interval":{"confidence_level":0.95,"lower_bound":9432.66923076923,"upper_bound":9458.087341772152},"point_estimate":9448.053650793652,"standard_error":7.5171270583526235},"median_abs_dev":{"confidence_interval":{"confidence_level":0.95,"lower_bound":40.563865315882445,"upper_bound":64.14363904094105},"point_estimate":52.147774874635495,"standard_error":6.286353535172473},"slope":{"confidence_interval":{"confidence_level":0.95,"lower_bound":9461.487510700535,"upper_bound":9575.866755079081},"point_estimate":9506.148694251515,"standard_error":29.95564536991507},"std_dev":{"confidence_interval":{"confidence_level":0.95,"lower_bound":122.31446926115623,"upper_bound":656.3344987309656},"point_estimate":406.55023521545587,"standard_error":162.71835121136067}}