{"mean":{"confidence_interval":{"confidence_level":0.95,"lower_bound":6563.284696649515,"upper_bound":6589.453881050487},"point_estimate":6575.320256067505,"standard_error":6.7170394874845325},"median":{"confidence_interval":{"confidence_level":0.95,"lower_bound":6549.792990142388,"upper_bound":6567.539772727273},"point_estimate":6558.109113190731,"standard_error":4.347780495403511},"median_abs_dev":{"confidence_interval":{"confidence_level":0.95,"lower_bound":24.555726741082072,"upper_bound":44.26534150404769},"point_estimate":34.70328937943773,"standard_error":4.780658833709849},"slope":{"confidence_interval":{"confidence_level":0.95,"lower_bound":6557.111678780297,"upper_bound":6587.320596070799},"point_estimate":6570.746117387858,"standard_error":7.757150390942919},"std_dev":{"confidence_interval":{"confidence_level":0.95,"lower_bound":40.79536366845235,"upper_bound":94.46753360220687},"point_estimate":67.48394826540039,"standard_error":14.293185778206693}}