{"mean":{"confidence_interval":{"confidence_level":0.95,"lower_bound":12395.244206590136,"upper_bound":12438.82456849745},"point_estimate":12417.051159024804,"standard_error":11.141379619974058},"median":{"confidence_interval":{"confidence_level":0.95,"lower_bound":12392.67676147382,"upper_bound":12434.475563909775},"point_estimate":12419.416985188724,"standard_error":12.234863079384775},"median_abs_dev":{"confidence_interval":{"confidence_level":0.95,"lower_bound":58.0713850263616,"upper_bound":100.00418305573862},"point_estimate":75.87473011034513,"standard_error":10.870649648534604},"slope":{"confidence_interval":{"confidence_level":0.95,"lower_bound":12376.973259725999,"upper_bound":12420.880831335966},"point_estimate":12399.089672992886,"standard_error":11.16445853523019},"std_dev":{"confidence_interval":{"confidence_level":0.95,"lower_bound":88.80657837182135,"upper_bound":132.6050737517064},"point_estimate":111.54161313480579,"standard_error":11.197678055400107}}