{"mean":{"confidence_interval":{"confidence_level":0.95,"lower_bound":8786.445255067172,"upper_bound":8796.873536450164},"point_estimate":8791.381690634944,"standard_error":2.669833845038418},"median":{"confidence_interval":{"confidence_level":0.95,"lower_bound":8780.884848484848,"upper_bound":8792.017647058823},"point_estimate":8786.193126647246,"standard_error":2.891344109785826},"median_abs_dev":{"confidence_interval":{"confidence_level":0.95,"lower_bound":15.048209140130124,"upper_bound":24.203193754517947},"point_estimate":19.80487588226674,"standard_error":2.3705810018639024},"slope":{"confidence_interval":{"confidence_level":0.95,"lower_bound":8777.2915958384,"upper_bound":8784.676607849318},"point_estimate":8780.81211083198,"standard_error":1.887490329296317},"std_dev":{"confidence_interval":{"confidence_level":0.95,"lower_bound":18.822582241726405,"upper_bound":35.72980444428403},"point_estimate":26.823474083840747,"standard_error":4.561466247847706}}