{"mean":{"confidence_interval":{"confidence_level":0.95,"lower_bound":6586.433565822389,"upper_bound":6617.206546682796},"point_estimate":6601.082813547611,"standard_error":7.860554681128098},"median":{"confidence_interval":{"confidence_level":0.95,"lower_bound":6574.625,"upper_bound":6611.031450320513},"point_estimate":6593.799547511312,"standard_error":10.533976687289847},"median_abs_dev":{"confidence_interval":{"confidence_level":0.95,"lower_bound":46.71292723639067,"upper_bound":70.65560743875099},"point_estimate":58.01663641357856,"standard_error":6.00365906721898},"slope":{"confidence_interval":{"confidence_level":0.95,"lower_bound":6584.615334061177,"upper_bound":6610.335465286753},"point_estimate":6597.485264462152,"standard_error":6.583959670646802},"std_dev":{"confidence_interval":{"confidence_level":0.95,"lower_bound":56.42444175244593,"upper_bound":99.78766231454814},"point_estimate":79.11737456039656,"standard_error":11.131875277525266}}