{"mean":{"confidence_interval":{"confidence_level":0.95,"lower_bound":9764.898996961834,"upper_bound":10755.068391272329},"point_estimate":10170.120217537149,"standard_error":258.9456157965623},"median":{"confidence_interval":{"confidence_level":0.95,"lower_bound":9545.952272727272,"upper_bound":9775.760843504795},"point_estimate":9638.603755668933,"standard_error":60.502815075583065},"median_abs_dev":{"confidence_interval":{"confidence_level":0.95,"lower_bound":371.0517006240555,"upper_bound":592.0893762292973},"point_estimate":495.39738543048173,"standard_error":57.212720186125104},"slope":{"confidence_interval":{"confidence_level":0.95,"lower_bound":9548.058399179266,"upper_bound":9798.697407115878},"point_estimate":9661.856936973549,"standard_error":64.03167907297505},"std_dev":{"confidence_interval":{"confidence_level":0.95,"lower_bound":751.5490983911552,"upper_bound":4165.990889586573},"point_estimate":2590.2736766629496,"standard_error":1005.7571632393426}}