{"mean":{"confidence_interval":{"confidence_level":0.95,"lower_bound":12168.439104000488,"upper_bound":12173.22475444999},"point_estimate":12170.783763333022,"standard_error":1.2241054921614278},"median":{"confidence_interval":{"confidence_level":0.95,"lower_bound":12167.968169761274,"upper_bound":12171.345196937893},"point_estimate":12169.755763962065,"standard_error":1.0811736178552123},"median_abs_dev":{"confidence_interval":{"confidence_level":0.95,"lower_bound":5.4079946418775515,"upper_bound":10.773546849091261},"point_estimate":8.413319928860092,"standard_error":1.3838937015118047},"slope":{"confidence_interval":{"confidence_level":0.95,"lower_bound":12169.473661653037,"upper_bound":12172.051261613331},"point_estimate":12170.730426163167,"standard_error":0.6591203514118794},"std_dev":{"confidence_interval":{"confidence_level":0.95,"lower_bound":9.469704215032342,"upper_bound":14.937445521809439},"point_estimate":12.272804169016744,"standard_error":1.3979993158655277}}