{"mean":{"confidence_interval":{"confidence_level":0.95,"lower_bound":12294.369167430616,"upper_bound":12306.058110133674},"point_estimate":12299.921468615066,"standard_error":2.9869731607108116},"median":{"confidence_interval":{"confidence_level":0.95,"lower_bound":12288.925973444118,"upper_bound":12297.329380764164},"point_estimate":12291.22867647059,"standard_error":2.1795580956944667},"median_abs_dev":{"confidence_interval":{"confidence_level":0.95,"lower_bound":12.641115565048453,"upper_bound":22.164743045948523},"point_estimate":16.268611429925247,"standard_error":2.406463309037486},"slope":{"confidence_interval":{"confidence_level":0.95,"lower_bound":12291.02467486,"upper_bound":12301.315122331634},"point_estimate":12295.669624649032,"standard_error":2.635418799676028},"std_dev":{"confidence_interval":{"confidence_level":0.95,"lower_bound":21.98275418367481,"upper_bound":37.00558220391919},"point_estimate":30.045972385219873,"standard_error":3.852178080899338}}