{"mean":{"confidence_interval":{"confidence_level":0.95,"lower_bound":8793.508578347035,"upper_bound":8798.455568874808},"point_estimate":8795.921531919083,"standard_error":1.26251071429163},"median":{"confidence_interval":{"confidence_level":0.95,"lower_bound":8793.102055702919,"upper_bound":8797.277894736842},"point_estimate":8795.590860428232,"standard_error":0.9596000873180979},"median_abs_dev":{"confidence_interval":{"confidence_level":0.95,"lower_bound":8.28900952373771,"upper_bound":15.142892564190715},"point_estimate":12.640858472793322,"standard_error":1.8542959252010223},"slope":{"confidence_interval":{"confidence_level":0.95,"lower_bound":8794.4894869318,"upper_bound":8799.269243724739},"point_estimate":8796.825274124427,"standard_error":1.217539655054754},"std_dev":{"confidence_interval":{"confidence_level":0.95,"lower_bound":10.002310994702315,"upper_bound":15.480953617120335},"point_estimate":12.690196694752784,"standard_error":1.417863711326727}}