{"mean":{"confidence_interval":{"confidence_level":0.95,"lower_bound":9487.052925150247,"upper_bound":9530.837096429865},"point_estimate":9506.437872972652,"standard_error":11.230265873708893},"median":{"confidence_interval":{"confidence_level":0.95,"lower_bound":9473.697222222223,"upper_bound":9495.606178977272},"point_estimate":9487.03011621315,"standard_error":6.005197296745248},"median_abs_dev":{"confidence_interval":{"confidence_level":0.95,"lower_bound":35.47291336370683,"upper_bound":59.61501385249264},"point_estimate":44.07296206807943,"standard_error":6.060472218705367},"slope":{"confidence_interval":{"confidence_level":0.95,"lower_bound":9496.591345181894,"upper_bound":9546.96420972773},"point_estimate":9518.8733015615,"standard_error":13.023655725884904},"std_dev":{"confidence_interval":{"confidence_level":0.95,"lower_bound":52.566660705127866,"upper_bound":167.85297916007102},"point_estimate":112.94039741648831,"standard_error":30.6597188289873}}