{"mean":{"confidence_interval":{"confidence_level":0.95,"lower_bound":9493.565452428209,"upper_bound":9558.040431238966},"point_estimate":9521.45046291301,"standard_error":16.6104404098202},"median":{"confidence_interval":{"confidence_level":0.95,"lower_bound":9477.240150093809,"upper_bound":9498.30357142857},"point_estimate":9488.491255531495,"standard_error":5.0632895960135365},"median_abs_dev":{"confidence_interval":{"confidence_level":0.95,"lower_bound":34.54499964819053,"upper_bound":61.88713017421728},"point_estimate":48.52197641141846,"standard_error":7.0667866854499835},"slope":{"confidence_interval":{"confidence_level":0.95,"lower_bound":9501.431580248614,"upper_bound":9605.786569807897},"point_estimate":9542.571517204533,"standard_error":27.602034112568955},"std_dev":{"confidence_interval":{"confidence_level":0.95,"lower_bound":65.49533272741463,"upper_bound":256.1285563894739},"point_estimate":166.78028797678593,"standard_error":51.77272773315576}}