{"mean":{"confidence_interval":{"confidence_level":0.95,"lower_bound":9876.439007035731,"upper_bound":10296.252022482764},"point_estimate":10075.273623195882,"standard_error":106.97179006066543},"median":{"confidence_interval":{"confidence_level":0.95,"lower_bound":9534.751315789474,"upper_bound":9770.347301136364},"point_estimate":9639.231914212549,"standard_error":62.76800406980561},"median_abs_dev":{"confidence_interval":{"confidence_level":0.95,"lower_bound":293.71784098644605,"upper_bound":631.7580952882946},"point_estimate":445.9628972683346,"standard_error":89.09963050943091},"slope":{"confidence_interval":{"confidence_level":0.95,"lower_bound":9630.44240375276,"upper_bound":9854.728823223108},"point_estimate":9731.67770577804,"standard_error":56.99326547052043},"std_dev":{"confidence_interval":{"confidence_level":0.95,"lower_bound":772.5856041422511,"upper_bound":1348.833406904825},"point_estimate":1075.4752378487321,"standard_error":148.09401473183758}}