{"mean":{"confidence_interval":{"confidence_level":0.95,"lower_bound":9080.696600081395,"upper_bound":9447.5116747112},"point_estimate":9257.73364887505,"standard_error":94.27350284715598},"median":{"confidence_interval":{"confidence_level":0.95,"lower_bound":8962.21831797235,"upper_bound":9313.568548387097},"point_estimate":9142.255829678363,"standard_error":90.78504339936511},"median_abs_dev":{"confidence_interval":{"confidence_level":0.95,"lower_bound":488.7888205779721,"upper_bound":841.7455002506478},"point_estimate":672.2487790232703,"standard_error":85.25638620146549},"slope":{"confidence_interval":{"confidence_level":0.95,"lower_bound":9232.390544825581,"upper_bound":9710.591606717298},"point_estimate":9460.937209250777,"standard_error":122.51567415648732},"std_dev":{"confidence_interval":{"confidence_level":0.95,"lower_bound":740.4574769432934,"upper_bound":1135.8526390416973},"point_estimate":950.0492223427007,"standard_error":101.01469407360055}}