{"mean":{"confidence_interval":{"confidence_level":0.95,"lower_bound":9538.645974840589,"upper_bound":9594.211125856746},"point_estimate":9563.80272568552,"standard_error":14.22789100467434},"median":{"confidence_interval":{"confidence_level":0.95,"lower_bound":9516.838621794872,"upper_bound":9545.47972972973},"point_estimate":9531.462747175141,"standard_error":7.416158857785648},"median_abs_dev":{"confidence_interval":{"confidence_level":0.95,"lower_bound":38.01270409057313,"upper_bound":64.89067641206238},"point_estimate":49.8515378435901,"standard_error":6.672999502308308},"slope":{"confidence_interval":{"confidence_level":0.95,"lower_bound":9540.221855827302,"upper_bound":9607.513421723346},"point_estimate":9570.176470370918,"standard_error":17.22945571409352},"std_dev":{"confidence_interval":{"confidence_level":0.95,"lower_bound":76.25504980238155,"upper_bound":199.97350466651002},"point_estimate":142.99453358823442,"standard_error":31.75785622699807}}