{"mean":{"confidence_interval":{"confidence_level":0.95,"lower_bound":8873.316238302667,"upper_bound":8880.287339887369},"point_estimate":8876.707285917282,"standard_error":1.7873686804507725},"median":{"confidence_interval":{"confidence_level":0.95,"lower_bound":8870.066666666668,"upper_bound":8877.95925925926},"point_estimate":8873.697867867868,"standard_error":2.374846221070515},"median_abs_dev":{"confidence_interval":{"confidence_level":0.95,"lower_bound":12.376959841416621,"upper_bound":20.97088739096447},"point_estimate":15.687732049218935,"standard_error":2.2068137419722023},"slope":{"confidence_interval":{"confidence_level":0.95,"lower_bound":8874.485344945579,"upper_bound":8880.661872485121},"point_estimate":8877.556759864046,"standard_error":1.5790364248555109},"std_dev":{"confidence_interval":{"confidence_level":0.95,"lower_bound":14.485920837455422,"upper_bound":21.087072438972005},"point_estimate":17.871288734108926,"standard_error":1.698895255421507}}