{"mean":{"confidence_interval":{"confidence_level":0.95,"lower_bound":9459.097932859977,"upper_bound":9535.460758254387},"point_estimate":9491.659707750252,"standard_error":19.78082745074312},"median":{"confidence_interval":{"confidence_level":0.95,"lower_bound":9447.480512820512,"upper_bound":9461.409459459459},"point_estimate":9450.67806218172,"standard_error":3.7611688847387814},"median_abs_dev":{"confidence_interval":{"confidence_level":0.95,"lower_bound":27.525652532156425,"upper_bound":44.316387587106846},"point_estimate":38.35061177116572,"standard_error":4.282257894040521},"slope":{"confidence_interval":{"confidence_level":0.95,"lower_bound":9464.754802185655,"upper_bound":9561.525871521613},"point_estimate":9502.059001329984,"standard_error":25.640716145656214},"std_dev":{"confidence_interval":{"confidence_level":0.95,"lower_bound":59.91496013435488,"upper_bound":308.4151468936561},"point_estimate":198.15905354252837,"standard_error":65.68848607444237}}