{"mean":{"confidence_interval":{"confidence_level":0.95,"lower_bound":9508.712455237888,"upper_bound":9542.496380460394},"point_estimate":9524.545830256737,"standard_error":8.609368023754056},"median":{"confidence_interval":{"confidence_level":0.95,"lower_bound":9490.566433566433,"upper_bound":9519.462383770076},"point_estimate":9505.768145956608,"standard_error":6.9139373989393675},"median_abs_dev":{"confidence_interval":{"confidence_level":0.95,"lower_bound":37.485414436279534,"upper_bound":65.26190122942938},"point_estimate":45.66388878690592,"standard_error":7.023690355215498},"slope":{"confidence_interval":{"confidence_level":0.95,"lower_bound":9511.886802715519,"upper_bound":9572.918835217335},"point_estimate":9539.664832956316,"standard_error":15.752700926305685},"std_dev":{"confidence_interval":{"confidence_level":0.95,"lower_bound":58.76635115430817,"upper_bound":110.08643212905882},"point_estimate":86.14223003535923,"standard_error":13.101070624415918}}