{"mean":{"confidence_interval":{"confidence_level":0.95,"lower_bound":8856.883133154462,"upper_bound":8865.2053459245},"point_estimate":8860.870716026357,"standard_error":2.11765408768303},"median":{"confidence_interval":{"confidence_level":0.95,"lower_bound":8852.741204849084,"upper_bound":8857.573684210527},"point_estimate":8855.6038647343,"standard_error":1.0890096430570777},"median_abs_dev":{"confidence_interval":{"confidence_level":0.95,"lower_bound":9.00070119767189,"upper_bound":16.81316604067327},"point_estimate":12.114378427877815,"standard_error":1.963185918850397},"slope":{"confidence_interval":{"confidence_level":0.95,"lower_bound":8850.43340737313,"upper_bound":8856.547118824814},"point_estimate":8853.2530190631,"standard_error":1.5574301072721883},"std_dev":{"confidence_interval":{"confidence_level":0.95,"lower_bound":15.96104640037092,"upper_bound":25.915566142678756},"point_estimate":21.311220365529167,"standard_error":2.535526624129289}}