{"mean":{"confidence_interval":{"confidence_level":0.95,"lower_bound":9478.525479503764,"upper_bound":9500.52682944705},"point_estimate":9489.020624339491,"standard_error":5.613870456241823},"median":{"confidence_interval":{"confidence_level":0.95,"lower_bound":9472.362428048142,"upper_bound":9490.417476173021},"point_estimate":9483.975544190926,"standard_error":4.297183410034928},"median_abs_dev":{"confidence_interval":{"confidence_level":0.95,"lower_bound":26.522133637955314,"upper_bound":51.30754470450481},"point_estimate":38.087667374074584,"standard_error":6.368865529058477},"slope":{"confidence_interval":{"confidence_level":0.95,"lower_bound":9486.386460924388,"upper_bound":9511.308518339032},"point_estimate":9497.907448894142,"standard_error":6.365392138025059},"std_dev":{"confidence_interval":{"confidence_level":0.95,"lower_bound":41.49436528641585,"upper_bound":71.67078165003943},"point_estimate":56.51207308799788,"standard_error":7.800192170533707}}