{"mean":{"confidence_interval":{"confidence_level":0.95,"lower_bound":7416.306181238137,"upper_bound":7426.032169712017},"point_estimate":7420.8112993672,"standard_error":2.4935519914550137},"median":{"confidence_interval":{"confidence_level":0.95,"lower_bound":7411.259259259259,"upper_bound":7416.949810376826},"point_estimate":7414.372222222222,"standard_error":1.1731040378388886},"median_abs_dev":{"confidence_interval":{"confidence_level":0.95,"lower_bound":9.300324369728797,"upper_bound":16.166663700108877},"point_estimate":12.742302247069832,"standard_error":1.6979811371819387},"slope":{"confidence_interval":{"confidence_level":0.95,"lower_bound":7412.1880338484925,"upper_bound":7419.745118618224},"point_estimate":7415.577758731097,"standard_error":1.9301051853273525},"std_dev":{"confidence_interval":{"confidence_level":0.95,"lower_bound":15.761695451090372,"upper_bound":34.14973434262147},"point_estimate":25.048194655666038,"standard_error":4.851932376924419}}