{"mean":{"confidence_interval":{"confidence_level":0.95,"lower_bound":146365.27983356663,"upper_bound":147057.00788987742},"point_estimate":146699.87267627273,"standard_error":176.90829233066546},"median":{"confidence_interval":{"confidence_level":0.95,"lower_bound":145625.8465909091,"upper_bound":146889.46349657286},"point_estimate":145916.50132902298,"standard_error":295.0200590727766},"median_abs_dev":{"confidence_interval":{"confidence_level":0.95,"lower_bound":844.1811470119791,"upper_bound":2155.5444609601695},"point_estimate":1290.8287939363627,"standard_error":357.6045205342341},"slope":{"confidence_interval":{"confidence_level":0.95,"lower_bound":145546.77936758025,"upper_bound":146193.08279079132},"point_estimate":145828.24148736516,"standard_error":166.69063062880986},"std_dev":{"confidence_interval":{"confidence_level":0.95,"lower_bound":1453.8972006168506,"upper_bound":2135.772190873661},"point_estimate":1776.395010697775,"standard_error":178.727042715742}}