{"mean":{"confidence_interval":{"confidence_level":0.95,"lower_bound":100925.56700832034,"upper_bound":101302.38981556424},"point_estimate":101114.37267861275,"standard_error":96.35573203079198},"median":{"confidence_interval":{"confidence_level":0.95,"lower_bound":101066.67424242424,"upper_bound":101378.05577838828},"point_estimate":101241.4181486548,"standard_error":78.78757246662387},"median_abs_dev":{"confidence_interval":{"confidence_level":0.95,"lower_bound":604.6908488204191,"upper_bound":1136.3618737535535},"point_estimate":788.644886477215,"standard_error":135.1121059198409},"slope":{"confidence_interval":{"confidence_level":0.95,"lower_bound":100854.69080645524,"upper_bound":101139.1922883939},"point_estimate":101003.98906950396,"standard_error":72.61037030191311},"std_dev":{"confidence_interval":{"confidence_level":0.95,"lower_bound":801.9412932518653,"upper_bound":1131.5374864954968},"point_estimate":966.6640549744876,"standard_error":84.45911753093222}}