{"mean":{"confidence_interval":{"confidence_level":0.95,"lower_bound":111548.20826894081,"upper_bound":114046.32285398313},"point_estimate":112809.96014883544,"standard_error":639.8305285279204},"median":{"confidence_interval":{"confidence_level":0.95,"lower_bound":112977.29603174602,"upper_bound":117755.15128205129},"point_estimate":117283.26066162747,"standard_error":1250.9733075413696},"median_abs_dev":{"confidence_interval":{"confidence_level":0.95,"lower_bound":1012.6956691378485,"upper_bound":8095.664435536783},"point_estimate":1749.687059538819,"standard_error":1576.109176598794},"slope":{"confidence_interval":{"confidence_level":0.95,"lower_bound":116734.92749732238,"upper_bound":117574.3036550843},"point_estimate":117211.83278902517,"standard_error":213.794712192074},"std_dev":{"confidence_interval":{"confidence_level":0.95,"lower_bound":5966.104820023334,"upper_bound":6772.431633728413},"point_estimate":6445.145839525977,"standard_error":204.38596057924389}}