{"mean":{"confidence_interval":{"confidence_level":0.95,"lower_bound":99033.29588895672,"upper_bound":99349.46924102951},"point_estimate":99191.08078260392,"standard_error":80.4750613020877},"median":{"confidence_interval":{"confidence_level":0.95,"lower_bound":98953.53175200803,"upper_bound":99435.11594202899},"point_estimate":99153.80684986062,"standard_error":118.37172328938672},"median_abs_dev":{"confidence_interval":{"confidence_level":0.95,"lower_bound":658.3909925624158,"upper_bound":968.558254737607},"point_estimate":853.8285011748403,"standard_error":79.22509087727683},"slope":{"confidence_interval":{"confidence_level":0.95,"lower_bound":98763.94355512863,"upper_bound":99157.31474871587},"point_estimate":98953.63008768042,"standard_error":100.34052305438041},"std_dev":{"confidence_interval":{"confidence_level":0.95,"lower_bound":691.5552230949518,"upper_bound":917.9008336584113},"point_estimate":809.9237215640508,"standard_error":57.74699241691961}}