{"mean":{"confidence_interval":{"confidence_level":0.95,"lower_bound":98817.43322806244,"upper_bound":99249.97418622267},"point_estimate":99026.2387651815,"standard_error":110.0945501619721},"median":{"confidence_interval":{"confidence_level":0.95,"lower_bound":98653.16727184702,"upper_bound":99235.23749999999},"point_estimate":98971.0609939759,"standard_error":161.9059990422257},"median_abs_dev":{"confidence_interval":{"confidence_level":0.95,"lower_bound":921.9465760541874,"upper_bound":1322.6272315032695},"point_estimate":1169.204350707112,"standard_error":101.15829774178745},"slope":{"confidence_interval":{"confidence_level":0.95,"lower_bound":98343.27614015878,"upper_bound":98724.00044584426},"point_estimate":98522.65811191568,"standard_error":97.12787485575376},"std_dev":{"confidence_interval":{"confidence_level":0.95,"lower_bound":874.349662393256,"upper_bound":1359.8493283916423},"point_estimate":1106.2671142078084,"standard_error":126.30016698046778}}