{"mean":{"confidence_interval":{"confidence_level":0.95,"lower_bound":97049.7107780508,"upper_bound":97402.17802857861},"point_estimate":97224.93407821626,"standard_error":90.02215813152819},"median":{"confidence_interval":{"confidence_level":0.95,"lower_bound":97069.64130434782,"upper_bound":97495.6875},"point_estimate":97283.7275689223,"standard_error":113.46142595275397},"median_abs_dev":{"confidence_interval":{"confidence_level":0.95,"lower_bound":688.332173210897,"upper_bound":1189.5781632548728},"point_estimate":970.9510514847615,"standard_error":130.25877804384982},"slope":{"confidence_interval":{"confidence_level":0.95,"lower_bound":96815.74235218279,"upper_bound":97114.26493471862},"point_estimate":96969.26869513818,"standard_error":76.18368723888352},"std_dev":{"confidence_interval":{"confidence_level":0.95,"lower_bound":784.8176925177198,"upper_bound":1014.0331119514939},"point_estimate":904.7690899917501,"standard_error":58.60443661905286}}