{"mean":{"confidence_interval":{"confidence_level":0.95,"lower_bound":100836.78162878742,"upper_bound":101328.62069406033},"point_estimate":101070.11448003199,"standard_error":125.9663014904395},"median":{"confidence_interval":{"confidence_level":0.95,"lower_bound":100694.98284313726,"upper_bound":101040.89},"point_estimate":100878.72535175625,"standard_error":82.51664816517153},"median_abs_dev":{"confidence_interval":{"confidence_level":0.95,"lower_bound":662.7045278514166,"upper_bound":1158.8883113495274},"point_estimate":935.1258736613527,"standard_error":130.09201954257028},"slope":{"confidence_interval":{"confidence_level":0.95,"lower_bound":100572.50837470095,"upper_bound":100940.80468046601},"point_estimate":100753.32755627802,"standard_error":94.0557250131814},"std_dev":{"confidence_interval":{"confidence_level":0.95,"lower_bound":881.5777160397005,"upper_bound":1618.1023737978167},"point_estimate":1264.240161221193,"standard_error":189.06385861366505}}