{"mean":{"confidence_interval":{"confidence_level":0.95,"lower_bound":98726.25890107907,"upper_bound":99592.9766552738},"point_estimate":99126.15342407062,"standard_error":221.46833185036812},"median":{"confidence_interval":{"confidence_level":0.95,"lower_bound":97958.54999291383,"upper_bound":99592.92657569851},"point_estimate":98304.98183148785,"standard_error":551.9713323262257},"median_abs_dev":{"confidence_interval":{"confidence_level":0.95,"lower_bound":971.0790173173289,"upper_bound":2270.101157066071},"point_estimate":1619.7427612324543,"standard_error":380.05654051007883},"slope":{"confidence_interval":{"confidence_level":0.95,"lower_bound":97859.05621966493,"upper_bound":99380.84205054035},"point_estimate":98477.75597359736,"standard_error":402.9797395480987},"std_dev":{"confidence_interval":{"confidence_level":0.95,"lower_bound":1394.6585260400682,"upper_bound":3108.223270181188},"point_estimate":2216.125254161135,"standard_error":472.6807401304861}}