{"mean":{"confidence_interval":{"confidence_level":0.95,"lower_bound":138908.64241670503,"upper_bound":139634.26527265814},"point_estimate":139261.70941369445,"standard_error":185.4991812779591},"median":{"confidence_interval":{"confidence_level":0.95,"lower_bound":138103.80194968553,"upper_bound":138663.85907894737},"point_estimate":138314.953030303,"standard_error":154.5848776777246},"median_abs_dev":{"confidence_interval":{"confidence_level":0.95,"lower_bound":548.5520343582943,"upper_bound":1536.90951897848},"point_estimate":837.2206558335173,"standard_error":250.62490489327703},"slope":{"confidence_interval":{"confidence_level":0.95,"lower_bound":138032.77487696067,"upper_bound":138694.7941022972},"point_estimate":138278.9381610758,"standard_error":178.8082107871594},"std_dev":{"confidence_interval":{"confidence_level":0.95,"lower_bound":1529.1264754025922,"upper_bound":2167.3716915026016},"point_estimate":1859.4834993919937,"standard_error":163.33120438642362}}