{"mean":{"confidence_interval":{"confidence_level":0.95,"lower_bound":100994.52080497392,"upper_bound":103651.07111762863},"point_estimate":102099.5153551954,"standard_error":705.3236360795223},"median":{"confidence_interval":{"confidence_level":0.95,"lower_bound":100748.69649976806,"upper_bound":101291.21875},"point_estimate":100913.22059751736,"standard_error":141.69190010191218},"median_abs_dev":{"confidence_interval":{"confidence_level":0.95,"lower_bound":897.3573461396606,"upper_bound":1359.7032201517536},"point_estimate":1095.0906407277453,"standard_error":115.9433927812412},"slope":{"confidence_interval":{"confidence_level":0.95,"lower_bound":100456.98005827754,"upper_bound":100899.35330246428},"point_estimate":100660.16488301069,"standard_error":113.06670871205863},"std_dev":{"confidence_interval":{"confidence_level":0.95,"lower_bound":1083.7392682784669,"upper_bound":10920.209165395809},"point_estimate":7077.256890063721,"standard_error":2684.8097500401886}}