{"mean":{"confidence_interval":{"confidence_level":0.95,"lower_bound":167849.28874130943,"upper_bound":172975.53105352607},"point_estimate":170094.10013426357,"standard_error":1314.5303566464754},"median":{"confidence_interval":{"confidence_level":0.95,"lower_bound":165436.02,"upper_bound":167850.12960492886},"point_estimate":166764.87701612903,"standard_error":598.1680091488182},"median_abs_dev":{"confidence_interval":{"confidence_level":0.95,"lower_bound":3312.2429851013458,"upper_bound":5974.571529390338},"point_estimate":4232.285960237399,"standard_error":700.4730053421544},"slope":{"confidence_interval":{"confidence_level":0.95,"lower_bound":166705.20635070236,"upper_bound":171075.3401739737},"point_estimate":168798.4875713019,"standard_error":1117.58558771963},"std_dev":{"confidence_interval":{"confidence_level":0.95,"lower_bound":6693.705800783617,"upper_bound":19847.901681959687},"point_estimate":13185.14130062876,"standard_error":3944.538418509101}}