{"mean":{"confidence_interval":{"confidence_level":0.95,"lower_bound":98902.94549230965,"upper_bound":99358.95110643868},"point_estimate":99130.06885083904,"standard_error":116.59039026725841},"median":{"confidence_interval":{"confidence_level":0.95,"lower_bound":98437.43666666666,"upper_bound":99414.06981424149},"point_estimate":98841.7592085236,"standard_error":224.89492310213552},"median_abs_dev":{"confidence_interval":{"confidence_level":0.95,"lower_bound":850.0763966213719,"upper_bound":1640.6150049828432},"point_estimate":1412.2720554975638,"standard_error":210.3067756483521},"slope":{"confidence_interval":{"confidence_level":0.95,"lower_bound":98362.2117714792,"upper_bound":98630.8002142651},"point_estimate":98490.783396877,"standard_error":68.36578859105333},"std_dev":{"confidence_interval":{"confidence_level":0.95,"lower_bound":1045.791878227498,"upper_bound":1286.0477686041424},"point_estimate":1172.4195503594021,"standard_error":61.2264635197479}}