{"mean":{"confidence_interval":{"confidence_level":0.95,"lower_bound":100412.8052617717,"upper_bound":100854.69901448418},"point_estimate":100631.60954806369,"standard_error":112.43295946995659},"median":{"confidence_interval":{"confidence_level":0.95,"lower_bound":99990.90533562822,"upper_bound":101192.41474654379},"point_estimate":100166.63348549946,"standard_error":341.09083176820866},"median_abs_dev":{"confidence_interval":{"confidence_level":0.95,"lower_bound":851.7919381567053,"upper_bound":1574.6007767459525},"point_estimate":1311.5443832111673,"standard_error":185.75125858780086},"slope":{"confidence_interval":{"confidence_level":0.95,"lower_bound":99905.81267638752,"upper_bound":100249.87021664699},"point_estimate":100060.54081783445,"standard_error":88.01191128090336},"std_dev":{"confidence_interval":{"confidence_level":0.95,"lower_bound":991.5831290723671,"upper_bound":1262.8971939222363},"point_estimate":1131.0512969157717,"standard_error":69.24946681795419}}