{"mean":{"confidence_interval":{"confidence_level":0.95,"lower_bound":97567.49443458636,"upper_bound":98032.64756496839},"point_estimate":97797.02189446885,"standard_error":118.8563776394449},"median":{"confidence_interval":{"confidence_level":0.95,"lower_bound":97044.5226039783,"upper_bound":98413.61776061777},"point_estimate":97435.96288617043,"standard_error":344.6315407731969},"median_abs_dev":{"confidence_interval":{"confidence_level":0.95,"lower_bound":767.4692509941204,"upper_bound":1669.9838861014434},"point_estimate":1326.9900879396819,"standard_error":231.57746926645092},"slope":{"confidence_interval":{"confidence_level":0.95,"lower_bound":96871.35149135037,"upper_bound":97282.09077915228},"point_estimate":97053.82740779835,"standard_error":105.40744595350816},"std_dev":{"confidence_interval":{"confidence_level":0.95,"lower_bound":1055.1507875368852,"upper_bound":1325.5308748996827},"point_estimate":1192.4180896964042,"standard_error":69.27132467246344}}