{"mean":{"confidence_interval":{"confidence_level":0.95,"lower_bound":98963.74168550703,"upper_bound":99450.93815151132},"point_estimate":99195.1674473794,"standard_error":124.53524389335593},"median":{"confidence_interval":{"confidence_level":0.95,"lower_bound":98716.58666666667,"upper_bound":99319.24786324786},"point_estimate":98968.92689801237,"standard_error":130.37413836687062},"median_abs_dev":{"confidence_interval":{"confidence_level":0.95,"lower_bound":707.4553507053811,"upper_bound":1184.5214401778233},"point_estimate":900.3006235865367,"standard_error":120.0669040190454},"slope":{"confidence_interval":{"confidence_level":0.95,"lower_bound":98519.79784930541,"upper_bound":98885.13058155705},"point_estimate":98699.55170779764,"standard_error":93.272035594854},"std_dev":{"confidence_interval":{"confidence_level":0.95,"lower_bound":880.6533738239738,"upper_bound":1665.6333320776578},"point_estimate":1252.8957535002137,"standard_error":210.75432416035883}}