{"mean":{"confidence_interval":{"confidence_level":0.95,"lower_bound":158018.83668966487,"upper_bound":159012.22195705344},"point_estimate":158505.66248381944,"standard_error":253.82079020427952},"median":{"confidence_interval":{"confidence_level":0.95,"lower_bound":156937.06329113923,"upper_bound":158327.2808908046},"point_estimate":157125.0090669989,"standard_error":392.2663021015425},"median_abs_dev":{"confidence_interval":{"confidence_level":0.95,"lower_bound":1009.7656651383741,"upper_bound":2953.1323283479346},"point_estimate":1570.315177121332,"standard_error":531.1574889376557},"slope":{"confidence_interval":{"confidence_level":0.95,"lower_bound":156951.53160802662,"upper_bound":158132.4265630676},"point_estimate":157467.61236810996,"standard_error":305.55980692970695},"std_dev":{"confidence_interval":{"confidence_level":0.95,"lower_bound":2214.989308317388,"upper_bound":2848.4395654687596},"point_estimate":2554.644328293271,"standard_error":161.59484782124147}}