{"mean":{"confidence_interval":{"confidence_level":0.95,"lower_bound":81000.80162506443,"upper_bound":81707.0989164191},"point_estimate":81340.37017934157,"standard_error":180.47406208301817},"median":{"confidence_interval":{"confidence_level":0.95,"lower_bound":80018.96571428572,"upper_bound":82036.96954595792},"point_estimate":80333.49852825745,"standard_error":673.5232748787546},"median_abs_dev":{"confidence_interval":{"confidence_level":0.95,"lower_bound":522.256238303281,"upper_bound":2516.5995320147863},"point_estimate":1259.2376554872242,"standard_error":631.6135319602769},"slope":{"confidence_interval":{"confidence_level":0.95,"lower_bound":80091.66941245095,"upper_bound":80467.51335057658},"point_estimate":80252.40674491756,"standard_error":96.60146503548367},"std_dev":{"confidence_interval":{"confidence_level":0.95,"lower_bound":1422.1230053142976,"upper_bound":2269.935112579399},"point_estimate":1805.4881944561823,"standard_error":230.58802742412718}}