{"mean":{"confidence_interval":{"confidence_level":0.95,"lower_bound":106220.14493673638,"upper_bound":107090.68979685665},"point_estimate":106647.31247426836,"standard_error":222.41148862531492},"median":{"confidence_interval":{"confidence_level":0.95,"lower_bound":105749.05303030302,"upper_bound":107054.67214052287},"point_estimate":106287.01582582583,"standard_error":327.53479503572714},"median_abs_dev":{"confidence_interval":{"confidence_level":0.95,"lower_bound":1615.1862437431712,"upper_bound":2571.61979675448},"point_estimate":1973.3292521195654,"standard_error":245.0372541330936},"slope":{"confidence_interval":{"confidence_level":0.95,"lower_bound":106482.87889914218,"upper_bound":107690.70319892553},"point_estimate":107068.93531697946,"standard_error":307.7529856667905},"std_dev":{"confidence_interval":{"confidence_level":0.95,"lower_bound":1878.8328811246395,"upper_bound":2577.237917410827},"point_estimate":2247.2921034508563,"standard_error":178.63502597691618}}