{"mean":{"confidence_interval":{"confidence_level":0.95,"lower_bound":135406.70507708535,"upper_bound":135535.15156281495},"point_estimate":135470.21160176527,"standard_error":32.76285199194043},"median":{"confidence_interval":{"confidence_level":0.95,"lower_bound":135405.79569892472,"upper_bound":135526.12427884614},"point_estimate":135467.22347826086,"standard_error":33.07512819675204},"median_abs_dev":{"confidence_interval":{"confidence_level":0.95,"lower_bound":178.51162616409678,"upper_bound":279.55390976273463},"point_estimate":237.70221536512724,"standard_error":24.61238080912995},"slope":{"confidence_interval":{"confidence_level":0.95,"lower_bound":135417.72488044048,"upper_bound":135502.37576744327},"point_estimate":135460.59457189302,"standard_error":21.596706846701554},"std_dev":{"confidence_interval":{"confidence_level":0.95,"lower_bound":243.81150440511476,"upper_bound":413.4203635823777},"point_estimate":329.8446932098268,"standard_error":43.559848156542145}}