{"mean":{"confidence_interval":{"confidence_level":0.95,"lower_bound":100742.55647414259,"upper_bound":101188.80622843679},"point_estimate":100954.80030195076,"standard_error":113.65203519852972},"median":{"confidence_interval":{"confidence_level":0.95,"lower_bound":100547.27108433735,"upper_bound":100852.79211469534},"point_estimate":100712.88334624823,"standard_error":66.07176528377124},"median_abs_dev":{"confidence_interval":{"confidence_level":0.95,"lower_bound":510.0676339259494,"upper_bound":1050.9624275513488},"point_estimate":776.4127831266686,"standard_error":139.95894125631173},"slope":{"confidence_interval":{"confidence_level":0.95,"lower_bound":100467.1686392444,"upper_bound":100700.71319406823},"point_estimate":100579.41691788581,"standard_error":59.47931389970507},"std_dev":{"confidence_interval":{"confidence_level":0.95,"lower_bound":854.6152306008815,"upper_bound":1465.700748406017},"point_estimate":1147.2472008144841,"standard_error":161.4625591630686}}