{"mean":{"confidence_interval":{"confidence_level":0.95,"lower_bound":101115.97510149077,"upper_bound":102132.81682478404},"point_estimate":101550.94234324877,"standard_error":262.28807717360223},"median":{"confidence_interval":{"confidence_level":0.95,"lower_bound":100945.10366557921,"upper_bound":101248.26659340659},"point_estimate":101070.58978142077,"standard_error":70.94583097905064},"median_abs_dev":{"confidence_interval":{"confidence_level":0.95,"lower_bound":510.79365022794235,"upper_bound":1089.7523735297398},"point_estimate":792.5452160722743,"standard_error":161.6092637977495},"slope":{"confidence_interval":{"confidence_level":0.95,"lower_bound":100956.73756476268,"upper_bound":103003.94829070075},"point_estimate":101805.8807891237,"standard_error":540.6117619127648},"std_dev":{"confidence_interval":{"confidence_level":0.95,"lower_bound":855.9082965356473,"upper_bound":4039.195203364218},"point_estimate":2637.967374292722,"standard_error":853.831955941931}}