{"mean":{"confidence_interval":{"confidence_level":0.95,"lower_bound":81187.27949375456,"upper_bound":81736.02562505823},"point_estimate":81442.01110263017,"standard_error":140.18587033721548},"median":{"confidence_interval":{"confidence_level":0.95,"lower_bound":81050.82653061225,"upper_bound":81533.02747252748},"point_estimate":81360.06373626374,"standard_error":101.47858768507692},"median_abs_dev":{"confidence_interval":{"confidence_level":0.95,"lower_bound":711.17461647496,"upper_bound":1172.0612682874846},"point_estimate":930.0915188313835,"standard_error":120.79061437084461},"slope":{"confidence_interval":{"confidence_level":0.95,"lower_bound":80889.11351497298,"upper_bound":81814.38170652286},"point_estimate":81290.436045515,"standard_error":240.0318729636932},"std_dev":{"confidence_interval":{"confidence_level":0.95,"lower_bound":867.2597833086816,"upper_bound":1856.9217394425636},"point_estimate":1405.5326308957337,"standard_error":248.3104866854781}}