{"mean":{"confidence_interval":{"confidence_level":0.95,"lower_bound":98152.03541866718,"upper_bound":98693.30953054833},"point_estimate":98419.34207498567,"standard_error":138.1593911447249},"median":{"confidence_interval":{"confidence_level":0.95,"lower_bound":97850.63968253968,"upper_bound":98608.18681318681},"point_estimate":98175.03590319466,"standard_error":183.87644329384727},"median_abs_dev":{"confidence_interval":{"confidence_level":0.95,"lower_bound":933.458221596613,"upper_bound":1795.1851856626772},"point_estimate":1240.4945268404574,"standard_error":216.0822019157957},"slope":{"confidence_interval":{"confidence_level":0.95,"lower_bound":97638.42538816071,"upper_bound":97893.47005703127},"point_estimate":97768.86888935803,"standard_error":64.67558644961291},"std_dev":{"confidence_interval":{"confidence_level":0.95,"lower_bound":1187.3407946202256,"upper_bound":1590.887571409872},"point_estimate":1390.5917263884653,"standard_error":103.61627729258046}}