{"mean":{"confidence_interval":{"confidence_level":0.95,"lower_bound":98525.08207368248,"upper_bound":98936.46776363344},"point_estimate":98725.63765011495,"standard_error":105.04018735054777},"median":{"confidence_interval":{"confidence_level":0.95,"lower_bound":98284.75079365079,"upper_bound":98705.51353383459},"point_estimate":98447.92993326118,"standard_error":109.13627020966958},"median_abs_dev":{"confidence_interval":{"confidence_level":0.95,"lower_bound":566.6165150328187,"upper_bound":1354.110698736499},"point_estimate":1059.1228860989033,"standard_error":200.6068953585119},"slope":{"confidence_interval":{"confidence_level":0.95,"lower_bound":98222.73916055354,"upper_bound":98571.55418459918},"point_estimate":98385.55727501109,"standard_error":89.07954108456245},"std_dev":{"confidence_interval":{"confidence_level":0.95,"lower_bound":849.5620156976895,"upper_bound":1299.24887135631},"point_estimate":1056.69817862438,"standard_error":119.80422985752541}}