{"mean":{"confidence_interval":{"confidence_level":0.95,"lower_bound":100658.80151911535,"upper_bound":101028.54863102945},"point_estimate":100841.99949778778,"standard_error":94.49673935422305},"median":{"confidence_interval":{"confidence_level":0.95,"lower_bound":100609.6186868687,"upper_bound":101041.10666666667},"point_estimate":100819.73855263158,"standard_error":112.74318402026798},"median_abs_dev":{"confidence_interval":{"confidence_level":0.95,"lower_bound":747.869421378113,"upper_bound":1249.5128822730394},"point_estimate":1038.3242626790634,"standard_error":126.85447777049326},"slope":{"confidence_interval":{"confidence_level":0.95,"lower_bound":100266.37351858932,"upper_bound":100616.68446368308},"point_estimate":100441.98960445299,"standard_error":89.23305563467993},"std_dev":{"confidence_interval":{"confidence_level":0.95,"lower_bound":827.1744911487023,"upper_bound":1062.5485888231694},"point_estimate":951.9521262307978,"standard_error":60.100985571180956}}