{"mean":{"confidence_interval":{"confidence_level":0.95,"lower_bound":158861.100301015,"upper_bound":163009.44671525378},"point_estimate":160829.9588312128,"standard_error":1062.6752003797703},"median":{"confidence_interval":{"confidence_level":0.95,"lower_bound":156340.69758064515,"upper_bound":159901.39107289107},"point_estimate":158194.4082154088,"standard_error":941.7533152171466},"median_abs_dev":{"confidence_interval":{"confidence_level":0.95,"lower_bound":5221.206684175709,"upper_bound":9437.394378034503},"point_estimate":7188.578898924643,"standard_error":1084.4238419008373},"slope":{"confidence_interval":{"confidence_level":0.95,"lower_bound":160448.68964200708,"upper_bound":165700.678912631},"point_estimate":163034.80186936603,"standard_error":1341.4335619875944},"std_dev":{"confidence_interval":{"confidence_level":0.95,"lower_bound":7915.611987645172,"upper_bound":13154.484940084994},"point_estimate":10679.62078366507,"standard_error":1343.4291305279264}}