{"mean":{"confidence_interval":{"confidence_level":0.95,"lower_bound":12363552.560900003,"upper_bound":12394749.930550002},"point_estimate":12379118.768000001,"standard_error":7956.563155971138},"median":{"confidence_interval":{"confidence_level":0.95,"lower_bound":12363619.4,"upper_bound":12403921.2},"point_estimate":12385250.4,"standard_error":10325.787142602881},"median_abs_dev":{"confidence_interval":{"confidence_level":0.95,"lower_bound":53821.195984481936,"upper_bound":90917.7747058885},"point_estimate":73167.93956101024,"standard_error":9138.931853556074},"slope":null,"std_dev":{"confidence_interval":{"confidence_level":0.95,"lower_bound":67840.6067456799,"upper_bound":91059.04805892135},"point_estimate":80024.40029942238,"standard_error":5923.435049288395}}