{"mean":{"confidence_interval":{"confidence_level":0.95,"lower_bound":5853391.701305557,"upper_bound":5868371.310166666},"point_estimate":5859987.442222221,"standard_error":3845.366505514173},"median":{"confidence_interval":{"confidence_level":0.95,"lower_bound":5855140.555555556,"upper_bound":5860588.611111112},"point_estimate":5857928.666666666,"standard_error":1349.958673361858},"median_abs_dev":{"confidence_interval":{"confidence_level":0.95,"lower_bound":13865.110220511908,"upper_bound":28525.22349357605},"point_estimate":22698.193763693558,"standard_error":3998.022630170392},"slope":null,"std_dev":{"confidence_interval":{"confidence_level":0.95,"lower_bound":19793.179927873596,"upper_bound":58441.05405218386},"point_estimate":38690.332158624646,"standard_error":11297.772123349749}}