{"mean":{"confidence_interval":{"confidence_level":0.95,"lower_bound":6309219.371111109,"upper_bound":6650733.244444444},"point_estimate":6475804.323333335,"standard_error":87428.73931904093},"median":{"confidence_interval":{"confidence_level":0.95,"lower_bound":5932122.611111111,"upper_bound":6017195.0},"point_estimate":5952893.555555556,"standard_error":27507.324139201362},"median_abs_dev":{"confidence_interval":{"confidence_level":0.95,"lower_bound":85068.70365639451,"upper_bound":217129.42452934844},"point_estimate":116256.34723603749,"standard_error":40266.59482209385},"slope":null,"std_dev":{"confidence_interval":{"confidence_level":0.95,"lower_bound":723056.8907456384,"upper_bound":1002046.796573793},"point_estimate":877127.3409738974,"standard_error":71279.4898826803}}