{"mean":{"confidence_interval":{"confidence_level":0.95,"lower_bound":10536178.115349999,"upper_bound":10753141.202750003},"point_estimate":10643518.739999998,"standard_error":55379.865106874066},"median":{"confidence_interval":{"confidence_level":0.95,"lower_bound":10463229.399999999,"upper_bound":10737631.2},"point_estimate":10624866.1,"standard_error":68881.15322998037},"median_abs_dev":{"confidence_interval":{"confidence_level":0.95,"lower_bound":446676.159633415,"upper_bound":699228.5439062135},"point_estimate":573458.4020590788,"standard_error":64501.00065860099},"slope":null,"std_dev":{"confidence_interval":{"confidence_level":0.95,"lower_bound":470572.3273213505,"upper_bound":629833.5480796},"point_estimate":555047.2496977549,"standard_error":40650.72541476477}}