{"mean":{"confidence_interval":{"confidence_level":0.95,"lower_bound":8339001.779416667,"upper_bound":8345601.733000005},"point_estimate":8342200.66666667,"standard_error":1679.7379141802246},"median":{"confidence_interval":{"confidence_level":0.95,"lower_bound":8338892.833333333,"upper_bound":8345342.833333333},"point_estimate":8341326.083333334,"standard_error":1520.2151136823134},"median_abs_dev":{"confidence_interval":{"confidence_level":0.95,"lower_bound":12639.288325608008,"upper_bound":21201.426723599205},"point_estimate":19002.23676264309,"standard_error":2381.5107558750433},"slope":null,"std_dev":{"confidence_interval":{"confidence_level":0.95,"lower_bound":13398.831714040425,"upper_bound":20952.214570073676},"point_estimate":16862.054947174332,"standard_error":2010.791898175106}}