{"mean":{"confidence_interval":{"confidence_level":0.95,"lower_bound":5880419.755,"upper_bound":5909136.37075},"point_estimate":5893090.12125,"standard_error":7370.042898687381},"median":{"confidence_interval":{"confidence_level":0.95,"lower_bound":5877583.4375,"upper_bound":5896127.875},"point_estimate":5886604.875,"standard_error":4490.147322801687},"median_abs_dev":{"confidence_interval":{"confidence_level":0.95,"lower_bound":30330.381624028087,"upper_bound":47244.71608623862},"point_estimate":42171.907613798976,"standard_error":4276.992981006772},"slope":null,"std_dev":{"confidence_interval":{"confidence_level":0.95,"lower_bound":32256.631384406843,"upper_bound":109843.55276169119},"point_estimate":74310.08977321349,"standard_error":20907.567556382084}}