{"mean":{"confidence_interval":{"confidence_level":0.95,"lower_bound":28202113.78,"upper_bound":28386092.22775},"point_estimate":28295183.9,"standard_error":46917.81458171738},"median":{"confidence_interval":{"confidence_level":0.95,"lower_bound":28275099.5,"upper_bound":28467459.5},"point_estimate":28382555.0,"standard_error":49533.079061163146},"median_abs_dev":{"confidence_interval":{"confidence_level":0.95,"lower_bound":296535.5620354414,"upper_bound":574055.2968084812},"point_estimate":422117.7102059126,"standard_error":76242.9968235023},"slope":null,"std_dev":{"confidence_interval":{"confidence_level":0.95,"lower_bound":405037.3473164993,"upper_bound":527344.7815756844},"point_estimate":471576.89806272276,"standard_error":31209.825501976393}}