{"mean":{"confidence_interval":{"confidence_level":0.95,"lower_bound":5357805.174275001,"upper_bound":5385515.6114},"point_estimate":5371399.046000001,"standard_error":7118.504012441232},"median":{"confidence_interval":{"confidence_level":0.95,"lower_bound":5337954.3,"upper_bound":5376460.1},"point_estimate":5356105.15,"standard_error":8589.328171666162},"median_abs_dev":{"confidence_interval":{"confidence_level":0.95,"lower_bound":46971.88062608394,"upper_bound":78127.31060296284},"point_estimate":59779.468758703246,"standard_error":7636.781069714921},"slope":null,"std_dev":{"confidence_interval":{"confidence_level":0.95,"lower_bound":60743.27385793478,"upper_bound":80521.02260695939},"point_estimate":71411.80799366397,"standard_error":5077.980678157029}}