{"mean":{"confidence_interval":{"confidence_level":0.95,"lower_bound":10507363.739700003,"upper_bound":10566594.445900004},"point_estimate":10537966.339999996,"standard_error":15105.349851468749},"median":{"confidence_interval":{"confidence_level":0.95,"lower_bound":10547609.2,"upper_bound":10604452.2},"point_estimate":10568740.7,"standard_error":13565.764766394244},"median_abs_dev":{"confidence_interval":{"confidence_level":0.95,"lower_bound":84314.93788661122,"upper_bound":139646.41769278015},"point_estimate":107382.19567358328,"standard_error":13767.56765587685},"slope":null,"std_dev":{"confidence_interval":{"confidence_level":0.95,"lower_bound":121238.8395606565,"upper_bound":178849.55352778392},"point_estimate":151950.72645582215,"standard_error":14789.68396746766}}