{"mean":{"confidence_interval":{"confidence_level":0.95,"lower_bound":8265130.237892858,"upper_bound":8280855.683571431},"point_estimate":8272820.117142857,"standard_error":4023.071249407785},"median":{"confidence_interval":{"confidence_level":0.95,"lower_bound":8256737.857142856,"upper_bound":8276736.35535714},"point_estimate":8264881.0,"standard_error":5450.082447747222},"median_abs_dev":{"confidence_interval":{"confidence_level":0.95,"lower_bound":30807.15665306344,"upper_bound":48629.279136657715},"point_estimate":38665.148313556005,"standard_error":4564.902440356194},"slope":null,"std_dev":{"confidence_interval":{"confidence_level":0.95,"lower_bound":33953.9564746419,"upper_bound":46355.89055601522},"point_estimate":40453.033197202865,"standard_error":3176.3487536502125}}