{"mean":{"confidence_interval":{"confidence_level":0.95,"lower_bound":6285550.14915625,"upper_bound":6342941.2359375},"point_estimate":6310877.11,"standard_error":14793.695507081255},"median":{"confidence_interval":{"confidence_level":0.95,"lower_bound":6271906.625,"upper_bound":6291000.5},"point_estimate":6280838.3125,"standard_error":4819.6736970390675},"median_abs_dev":{"confidence_interval":{"confidence_level":0.95,"lower_bound":28591.85014645575,"upper_bound":57898.12352210283},"point_estimate":39165.75084216893,"standard_error":7598.964126855093},"slope":null,"std_dev":{"confidence_interval":{"confidence_level":0.95,"lower_bound":66649.45101012014,"upper_bound":221620.57216617488},"point_estimate":149127.33267956597,"standard_error":41179.29748153692}}