{"mean":{"confidence_interval":{"confidence_level":0.95,"lower_bound":6086881.135555551,"upper_bound":6110864.752583335},"point_estimate":6098701.05111111,"standard_error":6130.9106136342625},"median":{"confidence_interval":{"confidence_level":0.95,"lower_bound":6073183.555555556,"upper_bound":6106990.333333334},"point_estimate":6095100.555555556,"standard_error":8973.66959418106},"median_abs_dev":{"confidence_interval":{"confidence_level":0.95,"lower_bound":46499.35954113817,"upper_bound":71192.4739360814},"point_estimate":60222.05779751249,"standard_error":6137.069064538486},"slope":null,"std_dev":{"confidence_interval":{"confidence_level":0.95,"lower_bound":51876.06180256594,"upper_bound":70298.50091352507},"point_estimate":61436.8029155364,"standard_error":4698.973270971216}}