{"mean":{"confidence_interval":{"confidence_level":0.95,"lower_bound":9517416.134700006,"upper_bound":9751799.459600003},"point_estimate":9634827.478,"standard_error":59415.24383328968},"median":{"confidence_interval":{"confidence_level":0.95,"lower_bound":9070100.7,"upper_bound":10205106.0},"point_estimate":9626838.2,"standard_error":524258.4440152354},"median_abs_dev":{"confidence_interval":{"confidence_level":0.95,"lower_bound":72352.05738249265,"upper_bound":885865.1968127495},"point_estimate":885865.1968127495,"standard_error":206650.09653613446},"slope":null,"std_dev":{"confidence_interval":{"confidence_level":0.95,"lower_bound":580667.5758088855,"upper_bound":601114.3779539963},"point_estimate":596725.2580512868,"standard_error":5138.336678979626}}