{"mean":{"confidence_interval":{"confidence_level":0.95,"lower_bound":5562761.828777779,"upper_bound":5581607.260305554},"point_estimate":5572185.865555557,"standard_error":4766.886668807512},"median":{"confidence_interval":{"confidence_level":0.95,"lower_bound":5557901.666666667,"upper_bound":5577943.5},"point_estimate":5566381.333333334,"standard_error":5615.276028046087},"median_abs_dev":{"confidence_interval":{"confidence_level":0.95,"lower_bound":36860.40054559708,"upper_bound":63646.414838382836},"point_estimate":48788.8233671598,"standard_error":7377.721643344866},"slope":null,"std_dev":{"confidence_interval":{"confidence_level":0.95,"lower_bound":40934.55504059731,"upper_bound":54053.27820865868},"point_estimate":47741.06371450226,"standard_error":3359.659696316378}}