{"mean":{"confidence_interval":{"confidence_level":0.95,"lower_bound":6307981.860027775,"upper_bound":6596953.433944441},"point_estimate":6445807.182222222,"standard_error":73680.49291329255},"median":{"confidence_interval":{"confidence_level":0.95,"lower_bound":5982656.444444444,"upper_bound":6005768.444444444},"point_estimate":5986006.0,"standard_error":7248.003516300596},"median_abs_dev":{"confidence_interval":{"confidence_level":0.95,"lower_bound":27700.980274876572,"upper_bound":68907.43731831461},"point_estimate":36199.408057331806,"standard_error":13328.18319432585},"slope":null,"std_dev":{"confidence_interval":{"confidence_level":0.95,"lower_bound":620104.29744463,"upper_bound":854722.2585317172},"point_estimate":746843.8462368754,"standard_error":59631.53331501755}}