{"mean":{"confidence_interval":{"confidence_level":0.95,"lower_bound":8251977.849785712,"upper_bound":8256698.307999999},"point_estimate":8254289.585714286,"standard_error":1207.0812079993727},"median":{"confidence_interval":{"confidence_level":0.95,"lower_bound":8253355.857142857,"upper_bound":8256670.285714285},"point_estimate":8255134.5,"standard_error":919.8868834556743},"median_abs_dev":{"confidence_interval":{"confidence_level":0.95,"lower_bound":5104.379909378648,"upper_bound":14741.59743828492},"point_estimate":8482.801649400068,"standard_error":2557.9116119934874},"slope":null,"std_dev":{"confidence_interval":{"confidence_level":0.95,"lower_bound":9877.402217570854,"upper_bound":14419.020089709129},"point_estimate":12157.165802616108,"standard_error":1167.1984217679587}}