{"mean":{"confidence_interval":{"confidence_level":0.95,"lower_bound":5717681.965555553,"upper_bound":5738405.037777778},"point_estimate":5726091.827777779,"standard_error":5464.626583031963},"median":{"confidence_interval":{"confidence_level":0.95,"lower_bound":5716190.777777778,"upper_bound":5725559.611111111},"point_estimate":5721124.055555556,"standard_error":2388.9298127879524},"median_abs_dev":{"confidence_interval":{"confidence_level":0.95,"lower_bound":16916.13623301288,"upper_bound":31621.46880527353},"point_estimate":24025.94440678786,"standard_error":3732.2284918802143},"slope":null,"std_dev":{"confidence_interval":{"confidence_level":0.95,"lower_bound":20993.564879345777,"upper_bound":88872.13080523412},"point_estimate":54944.30941862459,"standard_error":22631.047619736968}}