{"mean":{"confidence_interval":{"confidence_level":0.95,"lower_bound":12844968.400375001,"upper_bound":13072012.070375001},"point_estimate":12953615.6825,"standard_error":57964.66303202703},"median":{"confidence_interval":{"confidence_level":0.95,"lower_bound":12694674.5,"upper_bound":12897269.75},"point_estimate":12809329.75,"standard_error":51477.10811418908},"median_abs_dev":{"confidence_interval":{"confidence_level":0.95,"lower_bound":270482.9446479678,"upper_bound":550496.7832267284},"point_estimate":416918.6027482152,"standard_error":73616.8898568324},"slope":null,"std_dev":{"confidence_interval":{"confidence_level":0.95,"lower_bound":443946.51850271545,"upper_bound":704704.6888697805},"point_estimate":581664.969883104,"standard_error":66806.64090744348}}