{"mean":{"confidence_interval":{"confidence_level":0.95,"lower_bound":5692777.338861114,"upper_bound":5714099.437444442},"point_estimate":5702650.919999998,"standard_error":5466.162206296686},"median":{"confidence_interval":{"confidence_level":0.95,"lower_bound":5688222.333333333,"upper_bound":5705005.666666666},"point_estimate":5696642.777777778,"standard_error":3983.0045199995525},"median_abs_dev":{"confidence_interval":{"confidence_level":0.95,"lower_bound":25852.013374367736,"upper_bound":40535.93061367655},"point_estimate":32194.57606176543,"standard_error":3901.382393793136},"slope":null,"std_dev":{"confidence_interval":{"confidence_level":0.95,"lower_bound":33013.60903204499,"upper_bound":74867.21550372339},"point_estimate":55035.15600739195,"standard_error":10773.906068457683}}