{"mean":{"confidence_interval":{"confidence_level":0.95,"lower_bound":6304165.526125001,"upper_bound":6317269.77459375},"point_estimate":6310390.07,"standard_error":3342.794218974689},"median":{"confidence_interval":{"confidence_level":0.95,"lower_bound":6302474.75,"upper_bound":6310392.0},"point_estimate":6306682.5625,"standard_error":1928.022480485781},"median_abs_dev":{"confidence_interval":{"confidence_level":0.95,"lower_bound":15393.001564219594,"upper_bound":28540.3274808079},"point_estimate":20800.692305713892,"standard_error":3485.353521102836},"slope":null,"std_dev":{"confidence_interval":{"confidence_level":0.95,"lower_bound":24501.476774591585,"upper_bound":42239.80566369842},"point_estimate":33640.494713141845,"standard_error":4567.0644423252115}}