{"mean":{"confidence_interval":{"confidence_level":0.95,"lower_bound":8383280.071916666,"upper_bound":8404071.912083335},"point_estimate":8393491.811666667,"standard_error":5307.114211228947},"median":{"confidence_interval":{"confidence_level":0.95,"lower_bound":8373083.0,"upper_bound":8394750.083333332},"point_estimate":8382699.833333334,"standard_error":6449.418055031529},"median_abs_dev":{"confidence_interval":{"confidence_level":0.95,"lower_bound":46357.68887698743,"upper_bound":71487.51133084344},"point_estimate":61517.02650785492,"standard_error":6543.998553070634},"slope":null,"std_dev":{"confidence_interval":{"confidence_level":0.95,"lower_bound":45144.085686388775,"upper_bound":61665.06392595435},"point_estimate":53360.063642507695,"standard_error":4254.265218995171}}