{"mean":{"confidence_interval":{"confidence_level":0.95,"lower_bound":6251322.568833332,"upper_bound":6322246.664444444},"point_estimate":6287130.317777777,"standard_error":18244.22844878294},"median":{"confidence_interval":{"confidence_level":0.95,"lower_bound":6238885.666666667,"upper_bound":6377843.722222222},"point_estimate":6362393.333333333,"standard_error":32935.325204781475},"median_abs_dev":{"confidence_interval":{"confidence_level":0.95,"lower_bound":123969.16176577471,"upper_bound":261604.106422266},"point_estimate":184043.61849923898,"standard_error":37995.07983422753},"slope":null,"std_dev":{"confidence_interval":{"confidence_level":0.95,"lower_bound":166920.09124731392,"upper_bound":198904.5483282521},"point_estimate":183987.30039547716,"standard_error":8146.6264007689815}}