{"mean":{"confidence_interval":{"confidence_level":0.95,"lower_bound":18167465.974916667,"upper_bound":18197904.714416675},"point_estimate":18182736.589999996,"standard_error":7789.427158125746},"median":{"confidence_interval":{"confidence_level":0.95,"lower_bound":18157157.5,"upper_bound":18211173.666666668},"point_estimate":18181907.333333336,"standard_error":11042.88847576112},"median_abs_dev":{"confidence_interval":{"confidence_level":0.95,"lower_bound":64442.937555911,"upper_bound":101112.08270490354},"point_estimate":83765.91011285874,"standard_error":9800.232664361525},"slope":null,"std_dev":{"confidence_interval":{"confidence_level":0.95,"lower_bound":67982.64041409874,"upper_bound":87129.30595217764},"point_estimate":78023.18056587949,"standard_error":4882.063166004697}}