{"mean":{"confidence_interval":{"confidence_level":0.95,"lower_bound":9314918.890666666,"upper_bound":9336581.879333334},"point_estimate":9325707.074999997,"standard_error":5529.889182553158},"median":{"confidence_interval":{"confidence_level":0.95,"lower_bound":9305821.0,"upper_bound":9335071.0},"point_estimate":9315031.333333334,"standard_error":8426.681700579324},"median_abs_dev":{"confidence_interval":{"confidence_level":0.95,"lower_bound":44392.92268186854,"upper_bound":72771.07225805706},"point_estimate":55167.915670575094,"standard_error":7129.7282939579745},"slope":null,"std_dev":{"confidence_interval":{"confidence_level":0.95,"lower_bound":48800.75163119678,"upper_bound":61393.40360268998},"point_estimate":55508.916104209595,"standard_error":3207.7517389994755}}