{"mean":{"confidence_interval":{"confidence_level":0.95,"lower_bound":12918528.481,"upper_bound":13037996.878875},"point_estimate":12978748.55,"standard_error":30512.994164915028},"median":{"confidence_interval":{"confidence_level":0.95,"lower_bound":12991319.0,"upper_bound":13108841.375},"point_estimate":13037723.0,"standard_error":29573.42559193691},"median_abs_dev":{"confidence_interval":{"confidence_level":0.95,"lower_bound":144565.54355844855,"upper_bound":270115.2598544955},"point_estimate":194570.30482068658,"standard_error":30764.248538381755},"slope":null,"std_dev":{"confidence_interval":{"confidence_level":0.95,"lower_bound":244120.18598807865,"upper_bound":368541.83504897665},"point_estimate":307898.36379826127,"standard_error":31640.2861276286}}