{"mean":{"confidence_interval":{"confidence_level":0.95,"lower_bound":18200220.258833334,"upper_bound":18225061.64316667},"point_estimate":18212525.563333333,"standard_error":6349.678354357379},"median":{"confidence_interval":{"confidence_level":0.95,"lower_bound":18189986.666666668,"upper_bound":18218776.833333336},"point_estimate":18209128.333333336,"standard_error":8733.775526303723},"median_abs_dev":{"confidence_interval":{"confidence_level":0.95,"lower_bound":42662.061342593326,"upper_bound":77885.91861724669},"point_estimate":58834.50895547959,"standard_error":9561.314190200454},"slope":null,"std_dev":{"confidence_interval":{"confidence_level":0.95,"lower_bound":55070.3190615157,"upper_bound":71699.61825462058},"point_estimate":63859.41808473143,"standard_error":4257.674582999426}}