{"mean":{"confidence_interval":{"confidence_level":0.95,"lower_bound":18472824.88416667,"upper_bound":18500053.63608333},"point_estimate":18486574.766666662,"standard_error":6923.076873351541},"median":{"confidence_interval":{"confidence_level":0.95,"lower_bound":18465897.0,"upper_bound":18504534.666666668},"point_estimate":18486468.166666664,"standard_error":11280.239435766363},"median_abs_dev":{"confidence_interval":{"confidence_level":0.95,"lower_bound":57771.73187434673,"upper_bound":86685.39656102104},"point_estimate":72251.29741728674,"standard_error":7432.88742357749},"slope":null,"std_dev":{"confidence_interval":{"confidence_level":0.95,"lower_bound":59704.87758464974,"upper_bound":77874.18858515169},"point_estimate":69276.37643990267,"standard_error":4623.670486662981}}