{"mean":{"confidence_interval":{"confidence_level":0.95,"lower_bound":6172320.65666667,"upper_bound":6184456.934444445},"point_estimate":6178186.576666667,"standard_error":3103.9736081458677},"median":{"confidence_interval":{"confidence_level":0.95,"lower_bound":6165515.444444444,"upper_bound":6177185.555555556},"point_estimate":6171004.611111111,"standard_error":3129.763525968616},"median_abs_dev":{"confidence_interval":{"confidence_level":0.95,"lower_bound":15380.080293615352,"upper_bound":26712.33319242903},"point_estimate":20936.206061641682,"standard_error":2912.1932868346557},"slope":null,"std_dev":{"confidence_interval":{"confidence_level":0.95,"lower_bound":23632.548655691582,"upper_bound":37816.961690520184},"point_estimate":31112.947227498684,"standard_error":3627.2324474551556}}