{"mean":{"confidence_interval":{"confidence_level":0.95,"lower_bound":6388223.486625,"upper_bound":6410978.1111875},"point_estimate":6399511.25375,"standard_error":5792.2345393499645},"median":{"confidence_interval":{"confidence_level":0.95,"lower_bound":6382634.25,"upper_bound":6410640.0},"point_estimate":6393370.8125,"standard_error":7001.227172858947},"median_abs_dev":{"confidence_interval":{"confidence_level":0.95,"lower_bound":44589.101545885205,"upper_bound":75165.59476554394},"point_estimate":57712.520537897944,"standard_error":7964.195209369702},"slope":null,"std_dev":{"confidence_interval":{"confidence_level":0.95,"lower_bound":50104.98635885816,"upper_bound":65377.14658628423},"point_estimate":58166.61116285624,"standard_error":3905.795003048}}