{"mean":{"confidence_interval":{"confidence_level":0.95,"lower_bound":5579889.871777779,"upper_bound":5599115.5111111095},"point_estimate":5588834.317777777,"standard_error":4918.4886767010075},"median":{"confidence_interval":{"confidence_level":0.95,"lower_bound":5574117.0,"upper_bound":5586394.833333334},"point_estimate":5581151.666666666,"standard_error":2815.8831662424277},"median_abs_dev":{"confidence_interval":{"confidence_level":0.95,"lower_bound":19649.88585114387,"upper_bound":34715.32548368023},"point_estimate":25630.858878294242,"standard_error":3688.492021250046},"slope":null,"std_dev":{"confidence_interval":{"confidence_level":0.95,"lower_bound":30322.759497468556,"upper_bound":67423.5467718829},"point_estimate":49332.46300596538,"standard_error":9635.744916623627}}