{"mean":{"confidence_interval":{"confidence_level":0.95,"lower_bound":19175565.562750004,"upper_bound":19500482.73558334},"point_estimate":19334843.779999994,"standard_error":83135.2989019601},"median":{"confidence_interval":{"confidence_level":0.95,"lower_bound":19017025.833333336,"upper_bound":19482380.666666668},"point_estimate":19209913.0,"standard_error":117088.1810570997},"median_abs_dev":{"confidence_interval":{"confidence_level":0.95,"lower_bound":671402.8110802174,"upper_bound":1078455.081653595},"point_estimate":846867.5295650968,"standard_error":100833.27026597099},"slope":null,"std_dev":{"confidence_interval":{"confidence_level":0.95,"lower_bound":714069.0059329099,"upper_bound":952350.0816996063},"point_estimate":836873.4979880609,"standard_error":60963.413998688266}}