{"mean":{"confidence_interval":{"confidence_level":0.95,"lower_bound":6250701.095722223,"upper_bound":6265423.358888894},"point_estimate":6257876.244444446,"standard_error":3744.8063269747795},"median":{"confidence_interval":{"confidence_level":0.95,"lower_bound":6242785.277777778,"upper_bound":6257758.777777778},"point_estimate":6251051.222222222,"standard_error":4374.394963710758},"median_abs_dev":{"confidence_interval":{"confidence_level":0.95,"lower_bound":22858.917896673436,"upper_bound":40277.54638493084},"point_estimate":30774.32765364647,"standard_error":4636.924940769059},"slope":null,"std_dev":{"confidence_interval":{"confidence_level":0.95,"lower_bound":31020.06315971869,"upper_bound":43006.477463125},"point_estimate":37486.76158697685,"standard_error":3058.345685301376}}