{"mean":{"confidence_interval":{"confidence_level":0.95,"lower_bound":9198586.181166666,"upper_bound":9216325.040125},"point_estimate":9207315.035000004,"standard_error":4516.993391245496},"median":{"confidence_interval":{"confidence_level":0.95,"lower_bound":9193316.666666666,"upper_bound":9217833.333333334},"point_estimate":9206416.666666668,"standard_error":6440.681314050393},"median_abs_dev":{"confidence_interval":{"confidence_level":0.95,"lower_bound":32246.549427509308,"upper_bound":53682.226946949035},"point_estimate":43600.79422593347,"standard_error":5572.783224178321},"slope":null,"std_dev":{"confidence_interval":{"confidence_level":0.95,"lower_bound":37611.70634551268,"upper_bound":52910.33894527673},"point_estimate":45551.85981016744,"standard_error":3918.7646017976313}}