{"mean":{"confidence_interval":{"confidence_level":0.95,"lower_bound":8468838.703999998,"upper_bound":8502504.35958333},"point_estimate":8485335.456666667,"standard_error":8607.938437984181},"median":{"confidence_interval":{"confidence_level":0.95,"lower_bound":8448999.833333332,"upper_bound":8495616.833333334},"point_estimate":8464508.166666668,"standard_error":12107.844910321595},"median_abs_dev":{"confidence_interval":{"confidence_level":0.95,"lower_bound":64579.04641099182,"upper_bound":111540.56736976},"point_estimate":92933.93770009233,"standard_error":12222.60435354838},"slope":null,"std_dev":{"confidence_interval":{"confidence_level":0.95,"lower_bound":75751.13061381517,"upper_bound":96000.59285732357},"point_estimate":86593.80542653365,"standard_error":5168.965302901397}}