{"mean":{"confidence_interval":{"confidence_level":0.95,"lower_bound":5976295.444638891,"upper_bound":5988314.4490277795},"point_estimate":5982347.143333336,"standard_error":3080.7997337064253},"median":{"confidence_interval":{"confidence_level":0.95,"lower_bound":5981815.666666667,"upper_bound":5993797.111111111},"point_estimate":5990306.5,"standard_error":2819.812938805343},"median_abs_dev":{"confidence_interval":{"confidence_level":0.95,"lower_bound":18059.138446053254,"upper_bound":30170.827097694157},"point_estimate":23430.351050694706,"standard_error":3193.08821503242},"slope":null,"std_dev":{"confidence_interval":{"confidence_level":0.95,"lower_bound":26232.61258533653,"upper_bound":35327.41784431627},"point_estimate":31119.3957214574,"standard_error":2335.4254532818813}}