{"mean":{"confidence_interval":{"confidence_level":0.95,"lower_bound":10775957.205100004,"upper_bound":10838185.574250005},"point_estimate":10808819.752,"standard_error":15923.572245464531},"median":{"confidence_interval":{"confidence_level":0.95,"lower_bound":10837911.7,"upper_bound":10873291.6},"point_estimate":10858021.6,"standard_error":9431.335366409025},"median_abs_dev":{"confidence_interval":{"confidence_level":0.95,"lower_bound":44505.130789874325,"upper_bound":77493.03950822326},"point_estimate":53462.40679085172,"standard_error":8165.517484280638},"slope":null,"std_dev":{"confidence_interval":{"confidence_level":0.95,"lower_bound":115069.67436146064,"upper_bound":197934.93749302693},"point_estimate":160049.23753675132,"standard_error":21211.204987278445}}