{"mean":{"confidence_interval":{"confidence_level":0.95,"lower_bound":5787320.018166667,"upper_bound":5832106.26888889},"point_estimate":5805182.514444444,"standard_error":11775.655615591908},"median":{"confidence_interval":{"confidence_level":0.95,"lower_bound":5775432.555555556,"upper_bound":5790052.222222222},"point_estimate":5782085.611111111,"standard_error":3835.5944479187874},"median_abs_dev":{"confidence_interval":{"confidence_level":0.95,"lower_bound":19685.30351718328,"upper_bound":38925.90940892742},"point_estimate":24701.021594802383,"standard_error":4679.596381535338},"slope":null,"std_dev":{"confidence_interval":{"confidence_level":0.95,"lower_bound":36606.027272178595,"upper_bound":193771.79444785145},"point_estimate":118755.39253088953,"standard_error":50441.87958031567}}