{"mean":{"confidence_interval":{"confidence_level":0.95,"lower_bound":6427533.68865625,"upper_bound":6434006.615062499},"point_estimate":6430456.97625,"standard_error":1667.5776285415309},"median":{"confidence_interval":{"confidence_level":0.95,"lower_bound":6424891.875,"upper_bound":6427719.625},"point_estimate":6426410.9375,"standard_error":768.4156458700031},"median_abs_dev":{"confidence_interval":{"confidence_level":0.95,"lower_bound":3654.052960127592,"upper_bound":6577.394940415391},"point_estimate":5368.587167188525,"standard_error":779.3470343383517},"slope":null,"std_dev":{"confidence_interval":{"confidence_level":0.95,"lower_bound":7306.7932525052265,"upper_bound":23369.98710405294},"point_estimate":16750.281070428362,"standard_error":3917.3681468907384}}