{"mean":{"confidence_interval":{"confidence_level":0.95,"lower_bound":4873940.293136363,"upper_bound":4880744.032568183},"point_estimate":4877141.883636365,"standard_error":1732.5026437558363},"median":{"confidence_interval":{"confidence_level":0.95,"lower_bound":4868084.090909091,"upper_bound":4878124.909090909},"point_estimate":4873224.772727273,"standard_error":2685.130697227826},"median_abs_dev":{"confidence_interval":{"confidence_level":0.95,"lower_bound":8383.159378442086,"upper_bound":16846.93176090703},"point_estimate":12439.889860965863,"standard_error":2065.9277841516146},"slope":null,"std_dev":{"confidence_interval":{"confidence_level":0.95,"lower_bound":12217.29921012383,"upper_bound":22829.097223842964},"point_estimate":17356.243314914784,"standard_error":2821.2197137634766}}