{"mean":{"confidence_interval":{"confidence_level":0.95,"lower_bound":6421300.04359375,"upper_bound":6427826.104031251},"point_estimate":6424041.665,"standard_error":1694.6726380755513},"median":{"confidence_interval":{"confidence_level":0.95,"lower_bound":6420050.9375,"upper_bound":6422774.75},"point_estimate":6421491.8125,"standard_error":687.7776222053238},"median_abs_dev":{"confidence_interval":{"confidence_level":0.95,"lower_bound":4275.077024102211,"upper_bound":7136.402310803533},"point_estimate":5482.098727673292,"standard_error":735.5772909262157},"slope":null,"std_dev":{"confidence_interval":{"confidence_level":0.95,"lower_bound":5498.065610714064,"upper_bound":26649.71282346311},"point_estimate":16958.669479635857,"standard_error":5871.717247492391}}