{"mean":{"confidence_interval":{"confidence_level":0.95,"lower_bound":6427272.73625,"upper_bound":6434264.99},"point_estimate":6430392.33375,"standard_error":1796.6468932475289},"median":{"confidence_interval":{"confidence_level":0.95,"lower_bound":6423129.5625,"upper_bound":6427714.75},"point_estimate":6424817.0625,"standard_error":1238.3178666928284},"median_abs_dev":{"confidence_interval":{"confidence_level":0.95,"lower_bound":4145.152618596331,"upper_bound":8692.483645677567},"point_estimate":6127.122378721833,"standard_error":1193.2525766172946},"slope":null,"std_dev":{"confidence_interval":{"confidence_level":0.95,"lower_bound":8893.804075987315,"upper_bound":26142.88986480968},"point_estimate":18062.636951650034,"standard_error":4549.0758927070065}}