{"mean":{"confidence_interval":{"confidence_level":0.95,"lower_bound":4595217.796545454,"upper_bound":4607517.197113634},"point_estimate":4601076.229999999,"standard_error":3127.791357212908},"median":{"confidence_interval":{"confidence_level":0.95,"lower_bound":4587547.090909091,"upper_bound":4597759.727272727},"point_estimate":4594432.454545455,"standard_error":2659.8344378005854},"median_abs_dev":{"confidence_interval":{"confidence_level":0.95,"lower_bound":16025.55789730753,"upper_bound":28777.400270917075},"point_estimate":21539.61676305022,"standard_error":3094.4005166228144},"slope":null,"std_dev":{"confidence_interval":{"confidence_level":0.95,"lower_bound":23685.367068216838,"upper_bound":38412.09523541639},"point_estimate":31392.214032197506,"standard_error":3780.421897110837}}