{"mean":{"confidence_interval":{"confidence_level":0.95,"lower_bound":4877056.984795453,"upper_bound":4892919.364068182},"point_estimate":4884224.590909093,"standard_error":4084.9421883662},"median":{"confidence_interval":{"confidence_level":0.95,"lower_bound":4870813.181818182,"upper_bound":4875917.136363637},"point_estimate":4873162.636363637,"standard_error":1358.1584497957301},"median_abs_dev":{"confidence_interval":{"confidence_level":0.95,"lower_bound":6715.638753501354,"upper_bound":11747.102903947567},"point_estimate":8802.196043729782,"standard_error":1295.8953572128073},"slope":null,"std_dev":{"confidence_interval":{"confidence_level":0.95,"lower_bound":20752.84192916481,"upper_bound":57057.46384455652},"point_estimate":40981.11544915702,"standard_error":9265.145562063126}}