{"mean":{"confidence_interval":{"confidence_level":0.95,"lower_bound":6438174.286125,"upper_bound":6442678.00190625},"point_estimate":6440163.22625,"standard_error":1164.3369621877964},"median":{"confidence_interval":{"confidence_level":0.95,"lower_bound":6435162.0,"upper_bound":6439634.125},"point_estimate":6437120.6875,"standard_error":1129.9644098535766},"median_abs_dev":{"confidence_interval":{"confidence_level":0.95,"lower_bound":4532.192291412504,"upper_bound":9132.259862869978},"point_estimate":6738.787530362606,"standard_error":1074.1816407685676},"slope":null,"std_dev":{"confidence_interval":{"confidence_level":0.95,"lower_bound":6489.92748217171,"upper_bound":17553.47239953534},"point_estimate":11720.220287707525,"standard_error":3497.681516647375}}