{"mean":{"confidence_interval":{"confidence_level":0.95,"lower_bound":8904308.057374999,"upper_bound":8949715.617874999},"point_estimate":8924928.576666666,"standard_error":11685.912747638546},"median":{"confidence_interval":{"confidence_level":0.95,"lower_bound":8890299.666666666,"upper_bound":8894700.0},"point_estimate":8892958.166666668,"standard_error":1242.6890447828964},"median_abs_dev":{"confidence_interval":{"confidence_level":0.95,"lower_bound":6264.355538786838,"upper_bound":10799.011108277387},"point_estimate":8031.367607414262,"standard_error":1146.7938221743493},"slope":null,"std_dev":{"confidence_interval":{"confidence_level":0.95,"lower_bound":60115.72180972607,"upper_bound":162614.7677228261},"point_estimate":117887.70516884561,"standard_error":26056.070638950452}}