{"mean":{"confidence_interval":{"confidence_level":0.95,"lower_bound":4870989.710545454,"upper_bound":4878794.474931818},"point_estimate":4874735.377272728,"standard_error":1994.781544350907},"median":{"confidence_interval":{"confidence_level":0.95,"lower_bound":4865263.545454546,"upper_bound":4873772.590909091},"point_estimate":4869672.772727273,"standard_error":2398.2510817838624},"median_abs_dev":{"confidence_interval":{"confidence_level":0.95,"lower_bound":10708.55004624843,"upper_bound":19246.944381023957},"point_estimate":14246.370537986773,"standard_error":2156.1748182718943},"slope":null,"std_dev":{"confidence_interval":{"confidence_level":0.95,"lower_bound":14759.713688040885,"upper_bound":24867.481784985208},"point_estimate":19995.340836862397,"standard_error":2591.917715187234}}