{"mean":{"confidence_interval":{"confidence_level":0.95,"lower_bound":6430104.34025,"upper_bound":6435018.89275},"point_estimate":6432292.3375,"standard_error":1267.6244109848026},"median":{"confidence_interval":{"confidence_level":0.95,"lower_bound":6427702.625,"upper_bound":6431271.125},"point_estimate":6429251.1875,"standard_error":1034.1804368608116},"median_abs_dev":{"confidence_interval":{"confidence_level":0.95,"lower_bound":4736.443603411317,"upper_bound":8184.229842200875},"point_estimate":6700.795906037092,"standard_error":877.9013187969389},"slope":null,"std_dev":{"confidence_interval":{"confidence_level":0.95,"lower_bound":6070.693885712025,"upper_bound":18886.599058033757},"point_estimate":12743.277719889951,"standard_error":3458.6390340511653}}