{"mean":{"confidence_interval":{"confidence_level":0.95,"lower_bound":4860607.078590909,"upper_bound":4867833.807727273},"point_estimate":4863937.558181817,"standard_error":1847.1095798099132},"median":{"confidence_interval":{"confidence_level":0.95,"lower_bound":4856506.045454545,"upper_bound":4862756.136363637},"point_estimate":4858424.227272727,"standard_error":1567.1930462767293},"median_abs_dev":{"confidence_interval":{"confidence_level":0.95,"lower_bound":8282.409971139774,"upper_bound":15338.539602003832},"point_estimate":11133.045375076019,"standard_error":1861.4257297999313},"slope":null,"std_dev":{"confidence_interval":{"confidence_level":0.95,"lower_bound":11834.528835214716,"upper_bound":26093.066166126424},"point_estimate":18683.686135583448,"standard_error":4032.4738525727903}}