{"mean":{"confidence_interval":{"confidence_level":0.95,"lower_bound":8607884.557500001,"upper_bound":8788360.712541666},"point_estimate":8696110.405,"standard_error":46350.96500122517},"median":{"confidence_interval":{"confidence_level":0.95,"lower_bound":8508661.0,"upper_bound":8721076.833333332},"point_estimate":8611177.333333334,"standard_error":62432.26995985447},"median_abs_dev":{"confidence_interval":{"confidence_level":0.95,"lower_bound":268139.57183957286,"upper_bound":490256.3988462081},"point_estimate":387166.7748764155,"standard_error":56687.98512448208},"slope":null,"std_dev":{"confidence_interval":{"confidence_level":0.95,"lower_bound":375765.6036106202,"upper_bound":556389.4749051656},"point_estimate":467359.02441262535,"standard_error":46402.649134957945}}