{"mean":{"confidence_interval":{"confidence_level":0.95,"lower_bound":6475386.8149375,"upper_bound":6482980.940375},"point_estimate":6478828.35375,"standard_error":1949.5758608647252},"median":{"confidence_interval":{"confidence_level":0.95,"lower_bound":6472647.0,"upper_bound":6475558.625},"point_estimate":6474750.8125,"standard_error":794.1219853805942},"median_abs_dev":{"confidence_interval":{"confidence_level":0.95,"lower_bound":5054.924610257149,"upper_bound":8167.849429054181},"point_estimate":6741.660067811608,"standard_error":820.3458962865623},"slope":null,"std_dev":{"confidence_interval":{"confidence_level":0.95,"lower_bound":10807.367846885872,"upper_bound":26262.261984298868},"point_estimate":19529.87286599555,"standard_error":3976.9991120778095}}