{"mean":{"confidence_interval":{"confidence_level":0.95,"lower_bound":7185760.399999999,"upper_bound":7191440.354535717},"point_estimate":7188656.555714287,"standard_error":1452.839319605829},"median":{"confidence_interval":{"confidence_level":0.95,"lower_bound":7186644.928571429,"upper_bound":7192952.142857143},"point_estimate":7188516.428571429,"standard_error":1611.7950577991014},"median_abs_dev":{"confidence_interval":{"confidence_level":0.95,"lower_bound":11274.172044842897,"upper_bound":17933.211581621475},"point_estimate":15800.491519484807,"standard_error":1792.475889428268},"slope":null,"std_dev":{"confidence_interval":{"confidence_level":0.95,"lower_bound":11775.599034058498,"upper_bound":17644.01803170481},"point_estimate":14560.163318302939,"standard_error":1533.4253080638143}}