{"mean":{"confidence_interval":{"confidence_level":0.95,"lower_bound":4874138.828931817,"upper_bound":4881263.832068183},"point_estimate":4877449.664545455,"standard_error":1822.2202156282272},"median":{"confidence_interval":{"confidence_level":0.95,"lower_bound":4870277.0,"upper_bound":4874395.772727273},"point_estimate":4872904.590909091,"standard_error":1304.457949363755},"median_abs_dev":{"confidence_interval":{"confidence_level":0.95,"lower_bound":7264.739871025776,"upper_bound":13882.931371710643},"point_estimate":10977.978896010944,"standard_error":1784.941370305366},"slope":null,"std_dev":{"confidence_interval":{"confidence_level":0.95,"lower_bound":12129.137204035373,"upper_bound":24436.553391817426},"point_estimate":18378.349812469194,"standard_error":3193.0135218291325}}