{"mean":{"confidence_interval":{"confidence_level":0.95,"lower_bound":7402320.930892856,"upper_bound":7408003.746821428},"point_estimate":7404554.705714284,"standard_error":1502.0940721180882},"median":{"confidence_interval":{"confidence_level":0.95,"lower_bound":7401389.142857143,"upper_bound":7402999.857142857},"point_estimate":7402221.285714285,"standard_error":451.06079627173125},"median_abs_dev":{"confidence_interval":{"confidence_level":0.95,"lower_bound":2668.67995262146,"upper_bound":4352.595822725582},"point_estimate":3413.8982393909932,"standard_error":417.90184218813323},"slope":null,"std_dev":{"confidence_interval":{"confidence_level":0.95,"lower_bound":3309.650409747989,"upper_bound":24737.603485630534},"point_estimate":15060.62451641694,"standard_error":6515.328117012779}}