{"mean":{"confidence_interval":{"confidence_level":0.95,"lower_bound":10643706.057500003,"upper_bound":10682495.160299998},"point_estimate":10663540.0,"standard_error":9878.487851060501},"median":{"confidence_interval":{"confidence_level":0.95,"lower_bound":10644112.4,"upper_bound":10701787.2},"point_estimate":10681120.5,"standard_error":15682.331640070395},"median_abs_dev":{"confidence_interval":{"confidence_level":0.95,"lower_bound":81603.19211125457,"upper_bound":124877.92059597473},"point_estimate":103193.99900794085,"standard_error":11104.70938086494},"slope":null,"std_dev":{"confidence_interval":{"confidence_level":0.95,"lower_bound":83007.00086608449,"upper_bound":116951.15153879863},"point_estimate":99384.08056824777,"standard_error":8771.298292139192}}