{"mean":{"confidence_interval":{"confidence_level":0.95,"lower_bound":6432246.3365625,"upper_bound":6458307.847875},"point_estimate":6441781.03,"standard_error":7406.275688267095},"median":{"confidence_interval":{"confidence_level":0.95,"lower_bound":6429293.3125,"upper_bound":6432928.0},"point_estimate":6431114.6875,"standard_error":916.8095451822895},"median_abs_dev":{"confidence_interval":{"confidence_level":0.95,"lower_bound":5028.237810730934,"upper_bound":8405.27159890159},"point_estimate":6205.144202336669,"standard_error":865.5639174913977},"slope":null,"std_dev":{"confidence_interval":{"confidence_level":0.95,"lower_bound":8475.992274404296,"upper_bound":126415.14290787015},"point_estimate":74677.9639881205,"standard_error":39362.20849560119}}