{"mean":{"confidence_interval":{"confidence_level":0.95,"lower_bound":6537673.09953125,"upper_bound":6545705.25078125},"point_estimate":6541403.59625,"standard_error":2058.8023883077076},"median":{"confidence_interval":{"confidence_level":0.95,"lower_bound":6536025.375,"upper_bound":6541736.125},"point_estimate":6539144.3125,"standard_error":1477.6320223521727},"median_abs_dev":{"confidence_interval":{"confidence_level":0.95,"lower_bound":9763.569464161992,"upper_bound":15460.923175513744},"point_estimate":13438.008173927665,"standard_error":1469.1107784694348},"slope":null,"std_dev":{"confidence_interval":{"confidence_level":0.95,"lower_bound":12856.21809376544,"upper_bound":27538.87405166518},"point_estimate":20605.014853592,"standard_error":3766.6254099409507}}