{"mean":{"confidence_interval":{"confidence_level":0.95,"lower_bound":7403817.175321428,"upper_bound":7407896.213428573},"point_estimate":7405482.622857141,"standard_error":1064.1517890644013},"median":{"confidence_interval":{"confidence_level":0.95,"lower_bound":7402574.285714285,"upper_bound":7404460.0},"point_estimate":7403624.357142857,"standard_error":388.9301091908283},"median_abs_dev":{"confidence_interval":{"confidence_level":0.95,"lower_bound":2711.0399518700115,"upper_bound":4331.309923103976},"point_estimate":3632.3699355125427,"standard_error":404.417951236383},"slope":null,"std_dev":{"confidence_interval":{"confidence_level":0.95,"lower_bound":3167.705626347898,"upper_bound":17202.12078380063},"point_estimate":10709.701775174786,"standard_error":4120.856552982547}}