{"mean":{"confidence_interval":{"confidence_level":0.95,"lower_bound":7404049.862535712,"upper_bound":7408703.625357143},"point_estimate":7405789.391428568,"standard_error":1297.4156407894588},"median":{"confidence_interval":{"confidence_level":0.95,"lower_bound":7402893.428571428,"upper_bound":7404657.714285715},"point_estimate":7403764.785714285,"standard_error":455.0697348584356},"median_abs_dev":{"confidence_interval":{"confidence_level":0.95,"lower_bound":2237.878760270499,"upper_bound":3981.945829306626},"point_estimate":3159.3146439110515,"standard_error":465.1763019219482},"slope":null,"std_dev":{"confidence_interval":{"confidence_level":0.95,"lower_bound":2873.568132340522,"upper_bound":22046.295078538733},"point_estimate":13091.96722131641,"standard_error":6680.7905762196915}}