{"mean":{"confidence_interval":{"confidence_level":0.95,"lower_bound":-0.0032424874009833182,"upper_bound":0.011133637595822447},"point_estimate":0.0034708739397437682,"standard_error":0.0036820387265622152},"median":{"confidence_interval":{"confidence_level":0.95,"lower_bound":-0.0014456409992000818,"upper_bound":0.00862007085426919},"point_estimate":0.004688607955237067,"standard_error":0.002585104263772743}}