{"mean":{"confidence_interval":{"confidence_level":0.95,"lower_bound":0.0616403025422717,"upper_bound":0.09323400226650501},"point_estimate":0.07756560955641012,"standard_error":0.008036854297083965},"median":{"confidence_interval":{"confidence_level":0.95,"lower_bound":0.028418091853002814,"upper_bound":0.12509972361895194},"point_estimate":0.10550825529831598,"standard_error":0.022219535597921947}}