{"mean":{"confidence_interval":{"confidence_level":0.95,"lower_bound":-0.028852861392161918,"upper_bound":-0.019271874523527847},"point_estimate":-0.023918857599508292,"standard_error":0.0024445984490093593},"median":{"confidence_interval":{"confidence_level":0.95,"lower_bound":-0.02756119191676553,"upper_bound":-0.020067930885833283},"point_estimate":-0.023833742304658512,"standard_error":0.0018857168594651663}}