{"mean":{"confidence_interval":{"confidence_level":0.95,"lower_bound":-0.0030359146274328195,"upper_bound":0.012842705096101659},"point_estimate":0.004753919206811341,"standard_error":0.0040578085850668955},"median":{"confidence_interval":{"confidence_level":0.95,"lower_bound":-0.009501313715213233,"upper_bound":0.008811420011437754},"point_estimate":-0.0006428323316464146,"standard_error":0.004514880834622639}}