{"mean":{"confidence_interval":{"confidence_level":0.95,"lower_bound":9657144.202899996,"upper_bound":10141097.797799999},"point_estimate":9853456.913999999,"standard_error":125743.62979635343},"median":{"confidence_interval":{"confidence_level":0.95,"lower_bound":9464740.2,"upper_bound":9643180.9},"point_estimate":9561870.3,"standard_error":43800.42972360975},"median_abs_dev":{"confidence_interval":{"confidence_level":0.95,"lower_bound":216297.10319995935,"upper_bound":382823.98133401683},"point_estimate":290308.79040598817,"standard_error":39727.57947137092},"slope":null,"std_dev":{"confidence_interval":{"confidence_level":0.95,"lower_bound":460431.11844838597,"upper_bound":2032791.0909121144},"point_estimate":1266360.391697598,"standard_error":502912.109084219}}