{"mean":{"confidence_interval":{"confidence_level":0.95,"lower_bound":7253399.452178571,"upper_bound":7262894.700785715},"point_estimate":7258010.657142853,"standard_error":2414.217406145371},"median":{"confidence_interval":{"confidence_level":0.95,"lower_bound":7249554.714285715,"upper_bound":7260897.714285715},"point_estimate":7255297.5,"standard_error":2997.048871621111},"median_abs_dev":{"confidence_interval":{"confidence_level":0.95,"lower_bound":15154.077930962541,"upper_bound":24780.811360052063},"point_estimate":19475.009654249166,"standard_error":2453.624721590857},"slope":null,"std_dev":{"confidence_interval":{"confidence_level":0.95,"lower_bound":18969.4377296201,"upper_bound":29482.96438053391},"point_estimate":24258.286635239252,"standard_error":2713.8647705294047}}