{"mean":{"confidence_interval":{"confidence_level":0.95,"lower_bound":5316392.852055553,"upper_bound":5353081.613805554},"point_estimate":5333218.54222222,"standard_error":9369.880840623377},"median":{"confidence_interval":{"confidence_level":0.95,"lower_bound":5292319.611111112,"upper_bound":5316624.111111111},"point_estimate":5303517.555555556,"standard_error":6113.1382814377},"median_abs_dev":{"confidence_interval":{"confidence_level":0.95,"lower_bound":25901.252166828574,"upper_bound":52502.17826706586},"point_estimate":38635.402180751546,"standard_error":6795.992378774127},"slope":null,"std_dev":{"confidence_interval":{"confidence_level":0.95,"lower_bound":55200.57281506068,"upper_bound":126930.60975996596},"point_estimate":94128.81074316459,"standard_error":18283.1383811677}}