{"mean":{"confidence_interval":{"confidence_level":0.95,"lower_bound":5394223.378888892,"upper_bound":5402722.252222223},"point_estimate":5398169.224444444,"standard_error":2163.4984057223396},"median":{"confidence_interval":{"confidence_level":0.95,"lower_bound":5392875.0,"upper_bound":5399038.055555556},"point_estimate":5395504.833333333,"standard_error":1651.51419426064},"median_abs_dev":{"confidence_interval":{"confidence_level":0.95,"lower_bound":10820.75590789318,"upper_bound":17880.320415894035},"point_estimate":13984.9537183838,"standard_error":1886.3881557880256},"slope":null,"std_dev":{"confidence_interval":{"confidence_level":0.95,"lower_bound":14226.033383706283,"upper_bound":30002.651664722536},"point_estimate":21693.999323239874,"standard_error":4337.7520760484285}}