{"mean":{"confidence_interval":{"confidence_level":0.95,"lower_bound":5383977.86286111,"upper_bound":5407580.849777778},"point_estimate":5394497.424444443,"standard_error":6067.699720881252},"median":{"confidence_interval":{"confidence_level":0.95,"lower_bound":5378334.0,"upper_bound":5386581.333333333},"point_estimate":5381510.166666667,"standard_error":2428.037989331372},"median_abs_dev":{"confidence_interval":{"confidence_level":0.95,"lower_bound":10294.350550571464,"upper_bound":17148.163128892196},"point_estimate":13846.989554166563,"standard_error":1652.490363395572},"slope":null,"std_dev":{"confidence_interval":{"confidence_level":0.95,"lower_bound":29912.379342608834,"upper_bound":85705.32909528071},"point_estimate":61051.85789116854,"standard_error":14974.131201343953}}