{"mean":{"confidence_interval":{"confidence_level":0.95,"lower_bound":5217559.530055554,"upper_bound":5230880.5334722195},"point_estimate":5223503.0944444435,"standard_error":3431.6336925945034},"median":{"confidence_interval":{"confidence_level":0.95,"lower_bound":5216507.666666667,"upper_bound":5222777.333333333},"point_estimate":5219814.388888889,"standard_error":1561.9724828057815},"median_abs_dev":{"confidence_interval":{"confidence_level":0.95,"lower_bound":9773.896184811405,"upper_bound":19028.42936217785},"point_estimate":16349.041743080128,"standard_error":2352.6354675412904},"slope":null,"std_dev":{"confidence_interval":{"confidence_level":0.95,"lower_bound":15067.326604356695,"upper_bound":50336.32088660801},"point_estimate":34547.30608843359,"standard_error":8891.888079630366}}