{"mean":{"confidence_interval":{"confidence_level":0.95,"lower_bound":5250947.021638887,"upper_bound":5265054.252805554},"point_estimate":5257692.403333333,"standard_error":3606.530618765252},"median":{"confidence_interval":{"confidence_level":0.95,"lower_bound":5240789.388888889,"upper_bound":5254667.111111111},"point_estimate":5246162.888888889,"standard_error":3647.3555674088543},"median_abs_dev":{"confidence_interval":{"confidence_level":0.95,"lower_bound":16119.403480490202,"upper_bound":28692.7984739343},"point_estimate":21690.519981583573,"standard_error":3071.2519110316944},"slope":null,"std_dev":{"confidence_interval":{"confidence_level":0.95,"lower_bound":27428.37972431193,"upper_bound":44226.90564853225},"point_estimate":36486.561617557396,"standard_error":4288.022794012128}}