{"mean":{"confidence_interval":{"confidence_level":0.95,"lower_bound":5268416.749499999,"upper_bound":5281775.207166662},"point_estimate":5274965.356666666,"standard_error":3402.810495788299},"median":{"confidence_interval":{"confidence_level":0.95,"lower_bound":5264046.0,"upper_bound":5275052.111111111},"point_estimate":5266749.888888889,"standard_error":3044.6728677890073},"median_abs_dev":{"confidence_interval":{"confidence_level":0.95,"lower_bound":19483.01098744059,"upper_bound":37390.01820286084},"point_estimate":26942.136188347828,"standard_error":4318.042953650898},"slope":null,"std_dev":{"confidence_interval":{"confidence_level":0.95,"lower_bound":28323.781863195687,"upper_bound":39432.18977880036},"point_estimate":34179.3257991563,"standard_error":2849.232169909743}}