{"mean":{"confidence_interval":{"confidence_level":0.95,"lower_bound":7079285.5511428565,"upper_bound":7106132.174499998},"point_estimate":7092010.224285714,"standard_error":6850.298771496461},"median":{"confidence_interval":{"confidence_level":0.95,"lower_bound":7061668.285714285,"upper_bound":7096156.0},"point_estimate":7077375.5,"standard_error":8696.458072494355},"median_abs_dev":{"confidence_interval":{"confidence_level":0.95,"lower_bound":42128.50185206919,"upper_bound":69303.81806961157},"point_estimate":58509.32536125183,"standard_error":7047.159229468324},"slope":null,"std_dev":{"confidence_interval":{"confidence_level":0.95,"lower_bound":49732.2428712142,"upper_bound":87099.92853197621},"point_estimate":68819.74043928075,"standard_error":9621.50313796893}}