{"mean":{"confidence_interval":{"confidence_level":0.95,"lower_bound":5169342.138775,"upper_bound":5177910.623725},"point_estimate":5173407.145999999,"standard_error":2184.1968189162894},"median":{"confidence_interval":{"confidence_level":0.95,"lower_bound":5165717.85,"upper_bound":5173572.1},"point_estimate":5169289.4,"standard_error":1818.5302717203217},"median_abs_dev":{"confidence_interval":{"confidence_level":0.95,"lower_bound":10357.443416118622,"upper_bound":17925.491736508633},"point_estimate":13131.906876862187,"standard_error":1929.5477221011013},"slope":null,"std_dev":{"confidence_interval":{"confidence_level":0.95,"lower_bound":14829.713065786182,"upper_bound":28748.170810268683},"point_estimate":21940.431123653907,"standard_error":3607.7572116515307}}