{"mean":{"confidence_interval":{"confidence_level":0.95,"lower_bound":7254410.969428572,"upper_bound":7263795.230035718},"point_estimate":7259007.330000002,"standard_error":2395.427282947099},"median":{"confidence_interval":{"confidence_level":0.95,"lower_bound":7253040.714285715,"upper_bound":7261090.428571428},"point_estimate":7256869.5,"standard_error":1997.466809636451},"median_abs_dev":{"confidence_interval":{"confidence_level":0.95,"lower_bound":13407.143619475628,"upper_bound":25384.496946835792},"point_estimate":19601.560152002643,"standard_error":3008.242227723048},"slope":null,"std_dev":{"confidence_interval":{"confidence_level":0.95,"lower_bound":19569.38569349955,"upper_bound":28230.739441892267},"point_estimate":24102.535387562853,"standard_error":2222.9143585136994}}