{"mean":{"confidence_interval":{"confidence_level":0.95,"lower_bound":5316703.286472219,"upper_bound":5331882.8615},"point_estimate":5323899.634444446,"standard_error":3871.1165957029957},"median":{"confidence_interval":{"confidence_level":0.95,"lower_bound":5307423.333333333,"upper_bound":5317644.777777778},"point_estimate":5311700.055555556,"standard_error":2591.257181277217},"median_abs_dev":{"confidence_interval":{"confidence_level":0.95,"lower_bound":13713.720289866436,"upper_bound":27230.25478323362},"point_estimate":20007.686644793248,"standard_error":3516.1699245798113},"slope":null,"std_dev":{"confidence_interval":{"confidence_level":0.95,"lower_bound":26930.589428496176,"upper_bound":48757.45758064785},"point_estimate":38845.895786544905,"standard_error":5550.751350025804}}