{"mean":{"confidence_interval":{"confidence_level":0.95,"lower_bound":5289264.877444442,"upper_bound":5305782.7917777775},"point_estimate":5297003.652222221,"standard_error":4246.339437149685},"median":{"confidence_interval":{"confidence_level":0.95,"lower_bound":5283902.333333333,"upper_bound":5289514.777777778},"point_estimate":5286306.722222222,"standard_error":1456.75382983648},"median_abs_dev":{"confidence_interval":{"confidence_level":0.95,"lower_bound":9864.561291534928,"upper_bound":21193.519523740044},"point_estimate":14563.90900810529,"standard_error":2955.2984999789082},"slope":null,"std_dev":{"confidence_interval":{"confidence_level":0.95,"lower_bound":28978.363536215526,"upper_bound":53453.04146961796},"point_estimate":42591.53155851206,"standard_error":6224.9658450132065}}