{"mean":{"confidence_interval":{"confidence_level":0.95,"lower_bound":5198395.810138889,"upper_bound":5212017.20647222},"point_estimate":5204518.077777776,"standard_error":3474.372313036141},"median":{"confidence_interval":{"confidence_level":0.95,"lower_bound":5194619.222222222,"upper_bound":5201509.444444444},"point_estimate":5197450.055555556,"standard_error":2063.9748080312916},"median_abs_dev":{"confidence_interval":{"confidence_level":0.95,"lower_bound":10339.405116439786,"upper_bound":19398.832255602803},"point_estimate":13947.559252381325,"standard_error":2325.6718196856045},"slope":null,"std_dev":{"confidence_interval":{"confidence_level":0.95,"lower_bound":17877.054478332204,"upper_bound":49388.50977825841},"point_estimate":34745.36980733741,"standard_error":8181.2410033377}}