{"mean":{"confidence_interval":{"confidence_level":0.95,"lower_bound":6965408.080071426,"upper_bound":6977260.3718928555},"point_estimate":6971216.210000001,"standard_error":3026.6640694719276},"median":{"confidence_interval":{"confidence_level":0.95,"lower_bound":6958892.571428572,"upper_bound":6976192.928571429},"point_estimate":6965778.428571429,"standard_error":4537.423451960602},"median_abs_dev":{"confidence_interval":{"confidence_level":0.95,"lower_bound":22354.82772812344,"upper_bound":34163.23349348166},"point_estimate":28169.823099885274,"standard_error":3008.2757056098535},"slope":null,"std_dev":{"confidence_interval":{"confidence_level":0.95,"lower_bound":25168.42400298742,"upper_bound":34571.48747253596},"point_estimate":30167.742350686367,"standard_error":2405.2835493472858}}