{"mean":{"confidence_interval":{"confidence_level":0.95,"lower_bound":-0.07034922267831278,"upper_bound":-0.0469283498857217},"point_estimate":-0.058161395828200235,"standard_error":0.005989516853540662},"median":{"confidence_interval":{"confidence_level":0.95,"lower_bound":-0.04831581940690621,"upper_bound":-0.032698100764493976},"point_estimate":-0.04156948687038897,"standard_error":0.0043596165645057175}}