{"mean":{"confidence_interval":{"confidence_level":0.95,"lower_bound":-0.01078266769279765,"upper_bound":-0.004934538667650482},"point_estimate":-0.007755561793706622,"standard_error":0.0014892101948095684},"median":{"confidence_interval":{"confidence_level":0.95,"lower_bound":-0.009987577353824273,"upper_bound":-0.00722182959705564},"point_estimate":-0.008686018227299086,"standard_error":0.00070200363574405}}