{"mean":{"confidence_interval":{"confidence_level":0.95,"lower_bound":-0.09427010362854533,"upper_bound":-0.08932017298730419},"point_estimate":-0.09248999185511575,"standard_error":0.0014689757655796248},"median":{"confidence_interval":{"confidence_level":0.95,"lower_bound":-0.09415227606146426,"upper_bound":-0.09332886408666707},"point_estimate":-0.09388077373379244,"standard_error":0.00020916574120243025}}