{"mean":{"confidence_interval":{"confidence_level":0.95,"lower_bound":0.021498650674558924,"upper_bound":0.04603443541627934},"point_estimate":0.030042374280990325,"standard_error":0.0063066083232412974},"median":{"confidence_interval":{"confidence_level":0.95,"lower_bound":0.018217965207796505,"upper_bound":0.032008698269978764},"point_estimate":0.023186924472751835,"standard_error":0.003146421892099712}}