{"mean":{"confidence_interval":{"confidence_level":0.95,"lower_bound":-0.003971589891418211,"upper_bound":0.0013412763484609111},"point_estimate":-0.0012665531346659487,"standard_error":0.001351869666806915},"median":{"confidence_interval":{"confidence_level":0.95,"lower_bound":-0.003135616363824978,"upper_bound":0.0009401515474898314},"point_estimate":-0.001115324454261657,"standard_error":0.000992230709055776}}