{"mean":{"confidence_interval":{"confidence_level":0.95,"lower_bound":-0.00211821103074894,"upper_bound":0.002885384283852731},"point_estimate":-0.00014953144600837742,"standard_error":0.0013952705609320264},"median":{"confidence_interval":{"confidence_level":0.95,"lower_bound":-0.001969951307733697,"upper_bound":-0.0008114619334876894},"point_estimate":-0.0012918276675868423,"standard_error":0.0002867490733939098}}