{"mean":{"confidence_interval":{"confidence_level":0.95,"lower_bound":-0.0019020474353493193,"upper_bound":0.005780585873053228},"point_estimate":0.0020670048265749585,"standard_error":0.0019579876404677474},"median":{"confidence_interval":{"confidence_level":0.95,"lower_bound":-0.0012012033591161098,"upper_bound":0.0047227934731299825},"point_estimate":0.0014915882638946165,"standard_error":0.0015205964682821723}}