{"mean":{"confidence_interval":{"confidence_level":0.95,"lower_bound":0.10118149065766169,"upper_bound":0.10795261012813065},"point_estimate":0.10448635812239715,"standard_error":0.001765584694776604},"median":{"confidence_interval":{"confidence_level":0.95,"lower_bound":0.10299650823364237,"upper_bound":0.11082820917278147},"point_estimate":0.1053093979111901,"standard_error":0.0018884660451154586}}