{"mean":{"confidence_interval":{"confidence_level":0.95,"lower_bound":0.09803899948128092,"upper_bound":0.1178073252388776},"point_estimate":0.10769906547282115,"standard_error":0.0050501173022047974},"median":{"confidence_interval":{"confidence_level":0.95,"lower_bound":0.1018791290729606,"upper_bound":0.12673839022602884},"point_estimate":0.11380302099712791,"standard_error":0.0059234835483330875}}