{"mean":{"confidence_interval":{"confidence_level":0.95,"lower_bound":-0.11590449515323883,"upper_bound":-0.08782523718692531},"point_estimate":-0.10187908381217126,"standard_error":0.0071455920000667176},"median":{"confidence_interval":{"confidence_level":0.95,"lower_bound":-0.10427901602624856,"upper_bound":-0.08226812022927299},"point_estimate":-0.09268720040214928,"standard_error":0.0057709803343291}}