{"mean":{"confidence_interval":{"confidence_level":0.95,"lower_bound":-0.012752883350624999,"upper_bound":-0.005228719093828442},"point_estimate":-0.008842607767035826,"standard_error":0.001921063058701292},"median":{"confidence_interval":{"confidence_level":0.95,"lower_bound":-0.006431669741348678,"upper_bound":-0.0020834133748895978},"point_estimate":-0.0038360397620612607,"standard_error":0.001077021096240749}}