{"mean":{"confidence_interval":{"confidence_level":0.95,"lower_bound":-0.0002708662253631226,"upper_bound":0.010952558985517911},"point_estimate":0.006007712829031231,"standard_error":0.002899325317229333},"median":{"confidence_interval":{"confidence_level":0.95,"lower_bound":0.006411614962058998,"upper_bound":0.017109806600141574},"point_estimate":0.01277571397251398,"standard_error":0.0026639550480862684}}