{"mean":{"confidence_interval":{"confidence_level":0.95,"lower_bound":0.018313097652680084,"upper_bound":0.02966303273561971},"point_estimate":0.024534490743705506,"standard_error":0.002911988645093692},"median":{"confidence_interval":{"confidence_level":0.95,"lower_bound":0.030599516040744845,"upper_bound":0.036087288014407415},"point_estimate":0.03316122128906618,"standard_error":0.0014623842805715156}}