{"mean":{"confidence_interval":{"confidence_level":0.95,"lower_bound":0.017007285273385797,"upper_bound":0.036985334928604195},"point_estimate":0.02474069034299564,"standard_error":0.005331462811550016},"median":{"confidence_interval":{"confidence_level":0.95,"lower_bound":0.017807191365743824,"upper_bound":0.025016181800799897},"point_estimate":0.020923759162365663,"standard_error":0.0018119969290681054}}