{"mean":{"confidence_interval":{"confidence_level":0.95,"lower_bound":-0.015014616780960319,"upper_bound":-0.00805957163353856},"point_estimate":-0.011649276826943389,"standard_error":0.0017909712230904753},"median":{"confidence_interval":{"confidence_level":0.95,"lower_bound":-0.016396324702810827,"upper_bound":-0.011410177741878136},"point_estimate":-0.013833863778696776,"standard_error":0.0012863347380019576}}