{"mean":{"confidence_interval":{"confidence_level":0.95,"lower_bound":0.002362819813042433,"upper_bound":0.004868657769654936},"point_estimate":0.0035686091818036836,"standard_error":0.0006530605528345294},"median":{"confidence_interval":{"confidence_level":0.95,"lower_bound":0.002958772608823157,"upper_bound":0.0036291373385164416},"point_estimate":0.0033549485796429135,"standard_error":0.00016591991416754675}}