{"mean":{"confidence_interval":{"confidence_level":0.95,"lower_bound":-0.004756055019772164,"upper_bound":-0.000930603206445186},"point_estimate":-0.0024928677948719002,"standard_error":0.000997362396601562},"median":{"confidence_interval":{"confidence_level":0.95,"lower_bound":-0.0017792976484116707,"upper_bound":-0.0006571389353995372},"point_estimate":-0.0012472546698697462,"standard_error":0.00029293608777285527}}