{"mean":{"confidence_interval":{"confidence_level":0.95,"lower_bound":0.002438835351208335,"upper_bound":0.004978380588736919},"point_estimate":0.0036708488253944793,"standard_error":0.0006507830723317393},"median":{"confidence_interval":{"confidence_level":0.95,"lower_bound":0.0036524263846344773,"upper_bound":0.005084912930256147},"point_estimate":0.004525798939450709,"standard_error":0.00035729677046252543}}