{"mean":{"confidence_interval":{"confidence_level":0.95,"lower_bound":-0.003270974073684479,"upper_bound":-0.002055885573980721},"point_estimate":-0.0026462373593628685,"standard_error":0.00031115680783920096},"median":{"confidence_interval":{"confidence_level":0.95,"lower_bound":-0.0033316125788575013,"upper_bound":-0.002152751373110884},"point_estimate":-0.0027491125151666296,"standard_error":0.00028105341243296806}}