{"mean":{"confidence_interval":{"confidence_level":0.95,"lower_bound":-0.0028793535114881126,"upper_bound":0.0032546735851719014},"point_estimate":0.00027147670193761186,"standard_error":0.0015619245091462678},"median":{"confidence_interval":{"confidence_level":0.95,"lower_bound":-0.003424474027494351,"upper_bound":0.0019311601804337108},"point_estimate":-0.0004018436006767434,"standard_error":0.0014164265815940998}}