{"mean":{"confidence_interval":{"confidence_level":0.95,"lower_bound":-0.03513740917638735,"upper_bound":-0.015054348002843082},"point_estimate":-0.023018549896722473,"standard_error":0.005379674232242651},"median":{"confidence_interval":{"confidence_level":0.95,"lower_bound":-0.02437061379824701,"upper_bound":-0.015180491910811611},"point_estimate":-0.020002607711659293,"standard_error":0.0023602813215710954}}