{"mean":{"confidence_interval":{"confidence_level":0.95,"lower_bound":-0.006163932043679932,"upper_bound":0.0007440743400708195},"point_estimate":-0.0025699070352126485,"standard_error":0.0017674389524617703},"median":{"confidence_interval":{"confidence_level":0.95,"lower_bound":-0.006573230519051787,"upper_bound":0.00016467958626065204},"point_estimate":-0.002773208742792632,"standard_error":0.0017104802533885102}}