{"mean":{"confidence_interval":{"confidence_level":0.95,"lower_bound":0.19718958931151753,"upper_bound":0.2180982172106412},"point_estimate":0.20692795395524355,"standard_error":0.005323633665901972},"median":{"confidence_interval":{"confidence_level":0.95,"lower_bound":0.19320386053090943,"upper_bound":0.2081779595166644},"point_estimate":0.19881750452936853,"standard_error":0.0036949356452886106}}