{"mean":{"confidence_interval":{"confidence_level":0.95,"lower_bound":-0.012011047929792958,"upper_bound":-0.0005111344988220952},"point_estimate":-0.00600732465528131,"standard_error":0.002947356014220748},"median":{"confidence_interval":{"confidence_level":0.95,"lower_bound":-0.014509671831791193,"upper_bound":0.004527670859043148},"point_estimate":-0.00375847270797236,"standard_error":0.00478544284916199}}