{"mean":{"confidence_interval":{"confidence_level":0.95,"lower_bound":-0.006899232998703794,"upper_bound":0.0003404903761980657},"point_estimate":-0.003128379612831411,"standard_error":0.0018472064449704072},"median":{"confidence_interval":{"confidence_level":0.95,"lower_bound":-0.0027080534356991315,"upper_bound":0.0019055440616606578},"point_estimate":-0.0007274659068287059,"standard_error":0.001193188438678393}}