{"mean":{"confidence_interval":{"confidence_level":0.95,"lower_bound":-0.0014559850208024324,"upper_bound":0.012528389995162564},"point_estimate":0.004613870781126739,"standard_error":0.0035525691697455802},"median":{"confidence_interval":{"confidence_level":0.95,"lower_bound":-0.00235369171428848,"upper_bound":0.0024336112998903925},"point_estimate":0.00006075614592959688,"standard_error":0.001195764229304375}}