{"mean":{"confidence_interval":{"confidence_level":0.95,"lower_bound":-0.0059698837804720625,"upper_bound":-0.004556977045034486},"point_estimate":-0.005264523659486153,"standard_error":0.00036165127206186587},"median":{"confidence_interval":{"confidence_level":0.95,"lower_bound":-0.005970265100030514,"upper_bound":-0.004617185961857784},"point_estimate":-0.005369086891970132,"standard_error":0.0003390954954806624}}