{"mean":{"confidence_interval":{"confidence_level":0.95,"lower_bound":0.45749077109749564,"upper_bound":0.4893655310564987},"point_estimate":0.4740348556567615,"standard_error":0.007690138761106284},"median":{"confidence_interval":{"confidence_level":0.95,"lower_bound":0.45870027204857244,"upper_bound":0.4812799546604847},"point_estimate":0.4662797127306584,"standard_error":0.005435185449731119}}