{"mean":{"confidence_interval":{"confidence_level":0.95,"lower_bound":-0.0012679672922283611,"upper_bound":0.0007744905917683891},"point_estimate":-0.00028797950370185177,"standard_error":0.0005182705050538756},"median":{"confidence_interval":{"confidence_level":0.95,"lower_bound":-0.0008130012334555126,"upper_bound":0.000796014336873041},"point_estimate":0.0002122192144018431,"standard_error":0.0004092977964162552}}