{"mean":{"confidence_interval":{"confidence_level":0.95,"lower_bound":-0.001146784680682078,"upper_bound":-0.00022735746763674392},"point_estimate":-0.0007162738062611584,"standard_error":0.00023254900548894103},"median":{"confidence_interval":{"confidence_level":0.95,"lower_bound":-0.0007870362675889142,"upper_bound":-0.00010367134446509496},"point_estimate":-0.0004496404389173758,"standard_error":0.00017928680124380234}}