{"mean":{"confidence_interval":{"confidence_level":0.95,"lower_bound":-0.10120403648978471,"upper_bound":-0.05662578860397853},"point_estimate":-0.07643307780800357,"standard_error":0.011493278675689554},"median":{"confidence_interval":{"confidence_level":0.95,"lower_bound":-0.06314316689649568,"upper_bound":-0.03978920519022877},"point_estimate":-0.05075713037691021,"standard_error":0.0060153053681956765}}