{"mean":{"confidence_interval":{"confidence_level":0.95,"lower_bound":0.20436331850462394,"upper_bound":0.22106546244463268},"point_estimate":0.21170940299585594,"standard_error":0.004397548843124494},"median":{"confidence_interval":{"confidence_level":0.95,"lower_bound":0.2031300360101378,"upper_bound":0.2209896178959352},"point_estimate":0.21093113882013648,"standard_error":0.0051848933035749094}}