{"mean":{"confidence_interval":{"confidence_level":0.95,"lower_bound":-0.018865647162287218,"upper_bound":-0.013307255911735517},"point_estimate":-0.016041940905751728,"standard_error":0.0014102941706155329},"median":{"confidence_interval":{"confidence_level":0.95,"lower_bound":-0.0208974928555008,"upper_bound":-0.014801156933690805},"point_estimate":-0.017339033297329,"standard_error":0.0016012234815522995}}