{"mean":{"confidence_interval":{"confidence_level":0.95,"lower_bound":0.02668462266373539,"upper_bound":0.05940801566933205},"point_estimate":0.04348725291042754,"standard_error":0.00833809466588026},"median":{"confidence_interval":{"confidence_level":0.95,"lower_bound":0.04771240645275543,"upper_bound":0.07938621376384014},"point_estimate":0.06214439353526413,"standard_error":0.008282113281299231}}