{"mean":{"confidence_interval":{"confidence_level":0.95,"lower_bound":-0.07711587341585774,"upper_bound":-0.041472169366766065},"point_estimate":-0.057819100855260874,"standard_error":0.009097383028263968},"median":{"confidence_interval":{"confidence_level":0.95,"lower_bound":-0.05073456357993595,"upper_bound":-0.03321491916006991},"point_estimate":-0.04096217601172991,"standard_error":0.004495550361255875}}