{"mean":{"confidence_interval":{"confidence_level":0.95,"lower_bound":0.01991701042937962,"upper_bound":0.026382950641413373},"point_estimate":0.023116102779152436,"standard_error":0.001661861154578466},"median":{"confidence_interval":{"confidence_level":0.95,"lower_bound":0.02326809197361713,"upper_bound":0.029023466030586365},"point_estimate":0.026413076527122437,"standard_error":0.0014707153467669102}}