{"mean":{"confidence_interval":{"confidence_level":0.95,"lower_bound":0.0045947875014138,"upper_bound":0.007059338249683943},"point_estimate":0.0057821546898211285,"standard_error":0.0006221991709901235},"median":{"confidence_interval":{"confidence_level":0.95,"lower_bound":0.0042290748485880325,"upper_bound":0.0058696725616533985},"point_estimate":0.0052627227619321815,"standard_error":0.00043302386450262253}}