{"mean":{"confidence_interval":{"confidence_level":0.95,"lower_bound":0.0018306222898616222,"upper_bound":0.008217159113289097},"point_estimate":0.004894095232807594,"standard_error":0.0016212999743091933},"median":{"confidence_interval":{"confidence_level":0.95,"lower_bound":0.0036196931336354154,"upper_bound":0.009035869442694855},"point_estimate":0.006456161188193699,"standard_error":0.001355446255456565}}