{"mean":{"confidence_interval":{"confidence_level":0.95,"lower_bound":-0.13666429456141038,"upper_bound":-0.11797128561675174},"point_estimate":-0.12764335081182254,"standard_error":0.0043270518432902225},"median":{"confidence_interval":{"confidence_level":0.95,"lower_bound":-0.13862492482151745,"upper_bound":-0.11276804990898077},"point_estimate":-0.13011698650206682,"standard_error":0.006134448124296269}}