{"mean":{"confidence_interval":{"confidence_level":0.95,"lower_bound":0.00030730838106011234,"upper_bound":0.003702668496395538},"point_estimate":0.0018619395073788958,"standard_error":0.0008696285284751508},"median":{"confidence_interval":{"confidence_level":0.95,"lower_bound":0.00015654024799213753,"upper_bound":0.0010787712754358747},"point_estimate":0.0004846306821326696,"standard_error":0.00023724549876927883}}