{"mean":{"confidence_interval":{"confidence_level":0.95,"lower_bound":0.16706840516543203,"upper_bound":0.20018311606241435},"point_estimate":0.18387316263967035,"standard_error":0.00849842488160908},"median":{"confidence_interval":{"confidence_level":0.95,"lower_bound":0.1529538003105354,"upper_bound":0.19538536281771068},"point_estimate":0.17624753879320676,"standard_error":0.012192714318114682}}