{"mean":{"confidence_interval":{"confidence_level":0.95,"lower_bound":0.021243705698931317,"upper_bound":0.03974821162427051},"point_estimate":0.030712737385149014,"standard_error":0.004703658821629567},"median":{"confidence_interval":{"confidence_level":0.95,"lower_bound":0.025021854416806377,"upper_bound":0.04736362433755059},"point_estimate":0.034262627717926986,"standard_error":0.005408033101679072}}