{"mean":{"confidence_interval":{"confidence_level":0.95,"lower_bound":-0.0007533105289042964,"upper_bound":0.0004235592248438663},"point_estimate":-0.00018367248915829304,"standard_error":0.00030288620708991335},"median":{"confidence_interval":{"confidence_level":0.95,"lower_bound":-0.00044186612213636955,"upper_bound":-0.00013896993648543354},"point_estimate":-0.00027806467529523093,"standard_error":0.00007523279120204136}}