{"mean":{"confidence_interval":{"confidence_level":0.95,"lower_bound":-0.5031960189833496,"upper_bound":-0.5009768698405519},"point_estimate":-0.5019606759644587,"standard_error":0.0005702235059393366},"median":{"confidence_interval":{"confidence_level":0.95,"lower_bound":-0.500611639862768,"upper_bound":-0.5005164476183898},"point_estimate":-0.5005655460246272,"standard_error":0.000024494181071247714}}