{"mean":{"confidence_interval":{"confidence_level":0.95,"lower_bound":-0.006384350032772585,"upper_bound":-0.00046538887320090916},"point_estimate":-0.002983168568364447,"standard_error":0.0015317896689870673},"median":{"confidence_interval":{"confidence_level":0.95,"lower_bound":-0.00029526433746496217,"upper_bound":0.00008088320120780944},"point_estimate":-0.00007354126704495201,"standard_error":0.00009527665398614847}}