{"mean":{"confidence_interval":{"confidence_level":0.95,"lower_bound":-0.25136048511949705,"upper_bound":-0.2394094737203677},"point_estimate":-0.24575798485964884,"standard_error":0.0030307117740497294},"median":{"confidence_interval":{"confidence_level":0.95,"lower_bound":-0.25913706626026856,"upper_bound":-0.2461577147274313},"point_estimate":-0.25370496577550206,"standard_error":0.003120622631463483}}