{"mean":{"confidence_interval":{"confidence_level":0.95,"lower_bound":-0.00024232317734260964,"upper_bound":0.003534399589233118},"point_estimate":0.0012498597467462957,"standard_error":0.0010415367321480523},"median":{"confidence_interval":{"confidence_level":0.95,"lower_bound":0.000010511657601747251,"upper_bound":0.00037670245984300257},"point_estimate":0.00017854970483321964,"standard_error":0.00009072723745928378}}