{"mean":{"confidence_interval":{"confidence_level":0.95,"lower_bound":-0.0056313305479739825,"upper_bound":0.00290125850259692},"point_estimate":-0.0003463647258209468,"standard_error":0.0023135393134131326},"median":{"confidence_interval":{"confidence_level":0.95,"lower_bound":-0.000020708363180635385,"upper_bound":0.00036876313013571794},"point_estimate":0.00012801583780230885,"standard_error":0.00010364641064767289}}