{"mean":{"confidence_interval":{"confidence_level":0.95,"lower_bound":-0.08471521722927224,"upper_bound":-0.06330640612899206},"point_estimate":-0.0743554150420882,"standard_error":0.005433713671104141},"median":{"confidence_interval":{"confidence_level":0.95,"lower_bound":-0.09080926792503664,"upper_bound":-0.061424750078898804},"point_estimate":-0.07898650558035747,"standard_error":0.007543499499926463}}