{"mean":{"confidence_interval":{"confidence_level":0.95,"lower_bound":-0.08016063563275411,"upper_bound":-0.07245783351309609},"point_estimate":-0.07619639436787962,"standard_error":0.001958155434869191},"median":{"confidence_interval":{"confidence_level":0.95,"lower_bound":-0.07894511047501018,"upper_bound":-0.07308824980707551},"point_estimate":-0.07638030434211374,"standard_error":0.001617145840982441}}