{"mean":{"confidence_interval":{"confidence_level":0.95,"lower_bound":-0.0031950465532186163,"upper_bound":0.0000684795738254973},"point_estimate":-0.001114884751044043,"standard_error":0.0009459921987883418},"median":{"confidence_interval":{"confidence_level":0.95,"lower_bound":-0.00025868188657995894,"upper_bound":0.00006339560055912408},"point_estimate":-0.00014241589879104843,"standard_error":0.00008630329818989795}}