{"mean":{"confidence_interval":{"confidence_level":0.95,"lower_bound":-0.0018938156637757274,"upper_bound":0.005672544343876933},"point_estimate":0.0010446768981129395,"standard_error":0.002084916302195936},"median":{"confidence_interval":{"confidence_level":0.95,"lower_bound":-0.0001184441654197288,"upper_bound":0.00032666380310526484},"point_estimate":0.00006924364683102979,"standard_error":0.00011704768170538547}}