{"mean":{"confidence_interval":{"confidence_level":0.95,"lower_bound":-0.4150947379680644,"upper_bound":-0.41214471404328445},"point_estimate":-0.4136740295997007,"standard_error":0.0007569735686398409},"median":{"confidence_interval":{"confidence_level":0.95,"lower_bound":-0.4176909224917337,"upper_bound":-0.4127806861159774},"point_estimate":-0.41525373493493245,"standard_error":0.0011090409338204688}}