{"mean":{"confidence_interval":{"confidence_level":0.95,"lower_bound":0.13721436938481388,"upper_bound":0.1613350548015952},"point_estimate":0.14950263744555126,"standard_error":0.006161231402806406},"median":{"confidence_interval":{"confidence_level":0.95,"lower_bound":0.174534082016228,"upper_bound":0.1776196143040878},"point_estimate":0.17621074601252618,"standard_error":0.0007803597109722}}