{"mean":{"confidence_interval":{"confidence_level":0.95,"lower_bound":-0.15839308823817938,"upper_bound":-0.14977669977677852},"point_estimate":-0.1538594138884044,"standard_error":0.002172443458581833},"median":{"confidence_interval":{"confidence_level":0.95,"lower_bound":-0.16262434048711683,"upper_bound":-0.1504448061192125},"point_estimate":-0.15719136891444985,"standard_error":0.0031194663968711436}}