{"mean":{"confidence_interval":{"confidence_level":0.95,"lower_bound":-0.0006620179790531644,"upper_bound":0.002274476533429075},"point_estimate":0.000443095800974902,"standard_error":0.0007555154037544178},"median":{"confidence_interval":{"confidence_level":0.95,"lower_bound":-0.000631048267902723,"upper_bound":0.00011445601533055516},"point_estimate":-0.00020703775796138135,"standard_error":0.0001804730016574394}}