{"mean":{"confidence_interval":{"confidence_level":0.95,"lower_bound":-0.001384062212043271,"upper_bound":0.0000826684180494974},"point_estimate":-0.0005477469357663134,"standard_error":0.00037717261071552335},"median":{"confidence_interval":{"confidence_level":0.95,"lower_bound":-0.00040768645748712694,"upper_bound":0.00028470294474503},"point_estimate":0.00006599241769822406,"standard_error":0.00018408210469622298}}