{"mean":{"confidence_interval":{"confidence_level":0.95,"lower_bound":-0.002206431597939046,"upper_bound":0.0020647891814040698},"point_estimate":0.000045796249819263224,"standard_error":0.001060179971772783},"median":{"confidence_interval":{"confidence_level":0.95,"lower_bound":0.0002486537646511078,"upper_bound":0.0004423628485161757},"point_estimate":0.00033357686500790074,"standard_error":0.00004835292210728393}}