{"mean":{"confidence_interval":{"confidence_level":0.95,"lower_bound":-0.3411852431070088,"upper_bound":-0.33174942870657576},"point_estimate":-0.3358347380675525,"standard_error":0.0023887596876773693},"median":{"confidence_interval":{"confidence_level":0.95,"lower_bound":-0.3348366530824466,"upper_bound":-0.3326929199493043},"point_estimate":-0.333742024044403,"standard_error":0.0005562455548684822}}