{"mean":{"confidence_interval":{"confidence_level":0.95,"lower_bound":-0.15238445210299933,"upper_bound":-0.12283676106840348},"point_estimate":-0.137476357442193,"standard_error":0.007536998058091477},"median":{"confidence_interval":{"confidence_level":0.95,"lower_bound":-0.14184982030062726,"upper_bound":-0.10785306760431317},"point_estimate":-0.12074916408900582,"standard_error":0.009361674170938345}}