{"mean":{"confidence_interval":{"confidence_level":0.95,"lower_bound":-0.380370696896707,"upper_bound":-0.37238083120131804},"point_estimate":-0.37655278966912153,"standard_error":0.0020666114396854646},"median":{"confidence_interval":{"confidence_level":0.95,"lower_bound":-0.3847641722735067,"upper_bound":-0.37946537754808907},"point_estimate":-0.3821511509328007,"standard_error":0.0013382778798128059}}