{"mean":{"confidence_interval":{"confidence_level":0.95,"lower_bound":-0.001962866772574179,"upper_bound":0.00026317944019136686},"point_estimate":-0.000750307405392836,"standard_error":0.000563887398465831},"median":{"confidence_interval":{"confidence_level":0.95,"lower_bound":-0.0010090837177695322,"upper_bound":-0.0002990062819847594},"point_estimate":-0.0006279360980262494,"standard_error":0.00018346429380858647}}