{"mean":{"confidence_interval":{"confidence_level":0.95,"lower_bound":0.3447893360117997,"upper_bound":0.37234368215616753},"point_estimate":0.3579140580746494,"standard_error":0.007307835916282201},"median":{"confidence_interval":{"confidence_level":0.95,"lower_bound":0.31554504867837885,"upper_bound":0.36203790607666997},"point_estimate":0.33067263562733307,"standard_error":0.011648220952000464}}