{"mean":{"confidence_interval":{"confidence_level":0.95,"lower_bound":-0.0029126379001557564,"upper_bound":-0.000023663659656553692},"point_estimate":-0.0013339993493239888,"standard_error":0.0007418624971613226},"median":{"confidence_interval":{"confidence_level":0.95,"lower_bound":-0.0004510442317550156,"upper_bound":-0.0001297649239103693},"point_estimate":-0.0003274442238362374,"standard_error":0.00008659581487122186}}