{"mean":{"confidence_interval":{"confidence_level":0.95,"lower_bound":-0.01644088263421398,"upper_bound":0.0010083683435160719},"point_estimate":-0.008787560541372086,"standard_error":0.004450019593770245},"median":{"confidence_interval":{"confidence_level":0.95,"lower_bound":-0.022877164891687007,"upper_bound":-0.010008426615812915},"point_estimate":-0.016330550623648632,"standard_error":0.0032302343768568264}}