{"mean":{"confidence_interval":{"confidence_level":0.95,"lower_bound":0.17541294254207251,"upper_bound":0.18689281943855418},"point_estimate":0.18104359336693143,"standard_error":0.0029370959673846704},"median":{"confidence_interval":{"confidence_level":0.95,"lower_bound":0.17598732690206664,"upper_bound":0.19278135963048415},"point_estimate":0.18536048462110943,"standard_error":0.004173976632888545}}