{"mean":{"confidence_interval":{"confidence_level":0.95,"lower_bound":0.09590626215366381,"upper_bound":0.1119384486069355},"point_estimate":0.10424856049684483,"standard_error":0.00408916837472263},"median":{"confidence_interval":{"confidence_level":0.95,"lower_bound":0.10936434190598754,"upper_bound":0.12591093817696208},"point_estimate":0.11643208286052276,"standard_error":0.0038923446707736574}}