{"mean":{"confidence_interval":{"confidence_level":0.95,"lower_bound":-0.0036161466068883596,"upper_bound":0.0008344621027287986},"point_estimate":-0.0013097012070507619,"standard_error":0.0011280765485107633},"median":{"confidence_interval":{"confidence_level":0.95,"lower_bound":-0.0006401608127309943,"upper_bound":-0.0004166405836725229},"point_estimate":-0.0005291548757266895,"standard_error":0.00005720259178381958}}