{"mean":{"confidence_interval":{"confidence_level":0.95,"lower_bound":0.19254242258144294,"upper_bound":0.20487290700363636},"point_estimate":0.19857576059031357,"standard_error":0.0031317192203888836},"median":{"confidence_interval":{"confidence_level":0.95,"lower_bound":0.18450104054581984,"upper_bound":0.19445568797630353},"point_estimate":0.18782715696608165,"standard_error":0.002536082769524222}}