{"mean":{"confidence_interval":{"confidence_level":0.95,"lower_bound":-0.10679579387198912,"upper_bound":-0.09080783124151544},"point_estimate":-0.09861113379378039,"standard_error":0.004078920941794555},"median":{"confidence_interval":{"confidence_level":0.95,"lower_bound":-0.10324499093636852,"upper_bound":-0.07973965926703797},"point_estimate":-0.08983738126315521,"standard_error":0.005678010236057586}}