{"mean":{"confidence_interval":{"confidence_level":0.95,"lower_bound":-0.02112929804753172,"upper_bound":-0.006978571109965368},"point_estimate":-0.013739458324145915,"standard_error":0.0036146810569861955},"median":{"confidence_interval":{"confidence_level":0.95,"lower_bound":-0.0006617774842050395,"upper_bound":-0.00023238707984685192},"point_estimate":-0.00040156192539719804,"standard_error":0.00010693759141608734}}