{"mean":{"confidence_interval":{"confidence_level":0.95,"lower_bound":0.34744564116069365,"upper_bound":0.3987056751055772},"point_estimate":0.37245248244438134,"standard_error":0.012489895264543645},"median":{"confidence_interval":{"confidence_level":0.95,"lower_bound":0.33219284843648267,"upper_bound":0.3733440626591933},"point_estimate":0.36120030959223826,"standard_error":0.009371355636966512}}