{"mean":{"confidence_interval":{"confidence_level":0.95,"lower_bound":0.14365706342985662,"upper_bound":0.21810326554639603},"point_estimate":0.17359972538997637,"standard_error":0.019995421445789936},"median":{"confidence_interval":{"confidence_level":0.95,"lower_bound":0.12153103546595734,"upper_bound":0.16746397861108275},"point_estimate":0.1371212741214527,"standard_error":0.010696302852784766}}