{"mean":{"confidence_interval":{"confidence_level":0.95,"lower_bound":-0.043992345814844847,"upper_bound":-0.022381007059735857},"point_estimate":-0.033455047591834486,"standard_error":0.005414663534940554},"median":{"confidence_interval":{"confidence_level":0.95,"lower_bound":-0.05663596830328599,"upper_bound":-0.027429505990411607},"point_estimate":-0.04192506696440812,"standard_error":0.00789339644631701}}