{"mean":{"confidence_interval":{"confidence_level":0.95,"lower_bound":0.10152384811952123,"upper_bound":0.11245545350251325},"point_estimate":0.10718805786590235,"standard_error":0.0027612635855268014},"median":{"confidence_interval":{"confidence_level":0.95,"lower_bound":0.10929518377795075,"upper_bound":0.11963417811118249},"point_estimate":0.11397671949147914,"standard_error":0.0026329945489334066}}