{"mean":{"confidence_interval":{"confidence_level":0.95,"lower_bound":0.44222567843763233,"upper_bound":0.4457426454376351},"point_estimate":0.4444121648663013,"standard_error":0.0009735180475455806},"median":{"confidence_interval":{"confidence_level":0.95,"lower_bound":0.4453735639522074,"upper_bound":0.4461327668328914},"point_estimate":0.4457487655566481,"standard_error":0.00019113460562733434}}