{"mean":{"confidence_interval":{"confidence_level":0.95,"lower_bound":0.0027152046221427814,"upper_bound":0.012242118444600917},"point_estimate":0.006979879444190651,"standard_error":0.0023727121495834467},"median":{"confidence_interval":{"confidence_level":0.95,"lower_bound":0.0000882018864531986,"upper_bound":0.00045842031970266817},"point_estimate":0.0002927875487686027,"standard_error":0.00009555229497962635}}