{"mean":{"confidence_interval":{"confidence_level":0.95,"lower_bound":0.18119460807293558,"upper_bound":0.19496186260689038},"point_estimate":0.18733816730683306,"standard_error":0.003538941575312898},"median":{"confidence_interval":{"confidence_level":0.95,"lower_bound":0.1713814424920448,"upper_bound":0.1831325753176165},"point_estimate":0.17973755290258087,"standard_error":0.0022275099012654654}}