{"mean":{"confidence_interval":{"confidence_level":0.95,"lower_bound":-0.169220201782034,"upper_bound":-0.15970694778886785},"point_estimate":-0.16442959272303903,"standard_error":0.0024105625431674557},"median":{"confidence_interval":{"confidence_level":0.95,"lower_bound":-0.15950002828814547,"upper_bound":-0.155602172317565},"point_estimate":-0.15805156505845264,"standard_error":0.0008915858835765921}}