{"mean":{"confidence_interval":{"confidence_level":0.95,"lower_bound":-0.18065707433098865,"upper_bound":-0.1646089169095703},"point_estimate":-0.17257510424486466,"standard_error":0.004092544853581281},"median":{"confidence_interval":{"confidence_level":0.95,"lower_bound":-0.1679651670773069,"upper_bound":-0.15363538026548063},"point_estimate":-0.16110419187977,"standard_error":0.0034915873507623905}}