{"mean":{"confidence_interval":{"confidence_level":0.95,"lower_bound":-0.0025650758081167757,"upper_bound":0.0015246952998229466},"point_estimate":-0.000539164864435393,"standard_error":0.000993313393677014},"median":{"confidence_interval":{"confidence_level":0.95,"lower_bound":-0.0003999945042305608,"upper_bound":-0.00011683789888716767},"point_estimate":-0.00020154812166950364,"standard_error":0.0000725495124547656}}