{"mean":{"confidence_interval":{"confidence_level":0.95,"lower_bound":0.0014174217846220306,"upper_bound":0.009897982797951637},"point_estimate":0.005110970867392206,"standard_error":0.0021127154762284987},"median":{"confidence_interval":{"confidence_level":0.95,"lower_bound":-0.00017942462507747337,"upper_bound":0.0003096826657191798},"point_estimate":0.00004195091673664386,"standard_error":0.00012999612921483898}}