{"mean":{"confidence_interval":{"confidence_level":0.95,"lower_bound":-0.10058815097376264,"upper_bound":-0.07637977048264148},"point_estimate":-0.08766056412744294,"standard_error":0.0061733136483652085},"median":{"confidence_interval":{"confidence_level":0.95,"lower_bound":-0.08640506477927179,"upper_bound":-0.0712423697885528},"point_estimate":-0.07843729317920012,"standard_error":0.003796230142949698}}