{"mean":{"confidence_interval":{"confidence_level":0.95,"lower_bound":-0.0006513482339568027,"upper_bound":0.00020649919723201294},"point_estimate":-0.0002267942322866645,"standard_error":0.00021621900133977491},"median":{"confidence_interval":{"confidence_level":0.95,"lower_bound":-0.000335547488468535,"upper_bound":0.0000877542753638938},"point_estimate":-0.00017445459520692985,"standard_error":0.00011188200359488898}}