{"mean":{"confidence_interval":{"confidence_level":0.95,"lower_bound":-0.009906128402918286,"upper_bound":-0.000663798027185322},"point_estimate":-0.0049174930595894395,"standard_error":0.0023703179647740825},"median":{"confidence_interval":{"confidence_level":0.95,"lower_bound":-0.00023075586406440252,"upper_bound":0.00021852658813048542},"point_estimate":0.000010136754172052065,"standard_error":0.00011523826671425544}}