{"mean":{"confidence_interval":{"confidence_level":0.95,"lower_bound":-0.0035350708897692205,"upper_bound":-0.00043978269658936095},"point_estimate":-0.0017607587592077811,"standard_error":0.0008023659303209016},"median":{"confidence_interval":{"confidence_level":0.95,"lower_bound":-0.0004627068719618155,"upper_bound":-0.000015442315561942088},"point_estimate":-0.00022194145070697502,"standard_error":0.0001138475601395893}}