{"mean":{"confidence_interval":{"confidence_level":0.95,"lower_bound":-0.3024968053748932,"upper_bound":-0.290092117455961},"point_estimate":-0.2964249768325675,"standard_error":0.0031725012078125175},"median":{"confidence_interval":{"confidence_level":0.95,"lower_bound":-0.304358713248424,"upper_bound":-0.28882184900996066},"point_estimate":-0.2966477681071339,"standard_error":0.004481412428723765}}