{"mean":{"confidence_interval":{"confidence_level":0.95,"lower_bound":-0.01136185465680816,"upper_bound":0.0011864441453469368},"point_estimate":-0.003745919508682416,"standard_error":0.003349033550651932},"median":{"confidence_interval":{"confidence_level":0.95,"lower_bound":0.0001755691489260247,"upper_bound":0.0007296633866866742},"point_estimate":0.000496394660300048,"standard_error":0.00013922430758166654}}