{"mean":{"confidence_interval":{"confidence_level":0.95,"lower_bound":-0.008196195937353101,"upper_bound":-0.004995238641602996},"point_estimate":-0.006398369447329855,"standard_error":0.0008247307184374928},"median":{"confidence_interval":{"confidence_level":0.95,"lower_bound":-0.00536132521121524,"upper_bound":-0.004791790219284553},"point_estimate":-0.0050123623620476065,"standard_error":0.0001502924499083023}}