{"mean":{"confidence_interval":{"confidence_level":0.95,"lower_bound":0.00038514093135489963,"upper_bound":0.0037543645075741204},"point_estimate":0.0018869976518471887,"standard_error":0.0009056614112896964},"median":{"confidence_interval":{"confidence_level":0.95,"lower_bound":-3.295585290774561e-6,"upper_bound":0.000393770407959515},"point_estimate":0.00016817230543675343,"standard_error":0.00009856649151767905}}