{"mean":{"confidence_interval":{"confidence_level":0.95,"lower_bound":0.46169767339709294,"upper_bound":0.47317881888514823},"point_estimate":0.4667800768417383,"standard_error":0.0029261929551610303},"median":{"confidence_interval":{"confidence_level":0.95,"lower_bound":0.47175258745432846,"upper_bound":0.48181910943003037},"point_estimate":0.4764195067226997,"standard_error":0.0024654235076029558}}