{"mean":{"confidence_interval":{"confidence_level":0.95,"lower_bound":-0.21224194278764924,"upper_bound":-0.2055225122545619},"point_estimate":-0.2093889133813459,"standard_error":0.0017136408016858486},"median":{"confidence_interval":{"confidence_level":0.95,"lower_bound":-0.21569708494182926,"upper_bound":-0.21254869897010353},"point_estimate":-0.21496941844778072,"standard_error":0.0010020320608655324}}