{"mean":{"confidence_interval":{"confidence_level":0.95,"lower_bound":0.00006510639995411828,"upper_bound":0.016242426877142408},"point_estimate":0.005831046074423751,"standard_error":0.004082269363675183},"median":{"confidence_interval":{"confidence_level":0.95,"lower_bound":-0.0001954770309665621,"upper_bound":0.0001861117478756391},"point_estimate":3.1725551323802392e-6,"standard_error":0.00009792651844154856}}