{"mean":{"confidence_interval":{"confidence_level":0.95,"lower_bound":0.6903072893738675,"upper_bound":0.7063790180666765},"point_estimate":0.698647704863403,"standard_error":0.004100862319899408},"median":{"confidence_interval":{"confidence_level":0.95,"lower_bound":0.7042568651785681,"upper_bound":0.7175025449038082},"point_estimate":0.7083141834750319,"standard_error":0.0033419621933223446}}