{"mean":{"confidence_interval":{"confidence_level":0.95,"lower_bound":0.03841624833796856,"upper_bound":0.04842053442083294},"point_estimate":0.04347830822634258,"standard_error":0.002554284867864773},"median":{"confidence_interval":{"confidence_level":0.95,"lower_bound":0.04451259956172704,"upper_bound":0.05857079414609756},"point_estimate":0.0518913958022027,"standard_error":0.0032155015543822115}}