{"mean":{"confidence_interval":{"confidence_level":0.95,"lower_bound":-0.002041100903094538,"upper_bound":0.003087210573874497},"point_estimate":0.00020752688837033517,"standard_error":0.0012789110059296068},"median":{"confidence_interval":{"confidence_level":0.95,"lower_bound":-0.0002596909877702336,"upper_bound":0.00017408230305537842},"point_estimate":5.279531321011888e-6,"standard_error":0.00011227466781244551}}