{"mean":{"confidence_interval":{"confidence_level":0.95,"lower_bound":-0.0031420468744655285,"upper_bound":0.0003678652146588465},"point_estimate":-0.0012689179739053813,"standard_error":0.0008952334426477192},"median":{"confidence_interval":{"confidence_level":0.95,"lower_bound":-0.00034605906924168586,"upper_bound":0.0003308594162809708},"point_estimate":-0.0001132656584517111,"standard_error":0.00017057252441058586}}