{"mean":{"confidence_interval":{"confidence_level":0.95,"lower_bound":-0.004063020674192454,"upper_bound":0.0014181678400462248},"point_estimate":-0.0011774587343128529,"standard_error":0.0013890545876690686},"median":{"confidence_interval":{"confidence_level":0.95,"lower_bound":-0.0004306541664639118,"upper_bound":0.00006703021388071984},"point_estimate":-0.00022761208322863435,"standard_error":0.0001295510189669248}}