{"mean":{"confidence_interval":{"confidence_level":0.95,"lower_bound":-0.00033315206494024494,"upper_bound":0.0005339458241712447},"point_estimate":0.00008017159221407333,"standard_error":0.00022199532848007566},"median":{"confidence_interval":{"confidence_level":0.95,"lower_bound":-0.00023923479343979093,"upper_bound":0.00018918867158812525},"point_estimate":-0.00001737141458468816,"standard_error":0.00010800440757727491}}