{"mean":{"confidence_interval":{"confidence_level":0.95,"lower_bound":-0.16998203213671256,"upper_bound":-0.1585728604145292},"point_estimate":-0.16356257317537282,"standard_error":0.0030518510304790337},"median":{"confidence_interval":{"confidence_level":0.95,"lower_bound":-0.16134118388304908,"upper_bound":-0.15507675521189446},"point_estimate":-0.15808074453102605,"standard_error":0.0015527967752053883}}