{"mean":{"confidence_interval":{"confidence_level":0.95,"lower_bound":-0.017879046212509467,"upper_bound":-0.0014024044958605986},"point_estimate":-0.0103326011800432,"standard_error":0.004189429400274918},"median":{"confidence_interval":{"confidence_level":0.95,"lower_bound":-0.020155083454906242,"upper_bound":-0.009826864299072202},"point_estimate":-0.014136942110425044,"standard_error":0.0025573292642690967}}