{"mean":{"confidence_interval":{"confidence_level":0.95,"lower_bound":41071280.515375,"upper_bound":41138690.70925},"point_estimate":41104111.875,"standard_error":17149.788435762992},"median":{"confidence_interval":{"confidence_level":0.95,"lower_bound":41047319.75,"upper_bound":41171942.5},"point_estimate":41096795.0,"standard_error":37983.420995488574},"median_abs_dev":{"confidence_interval":{"confidence_level":0.95,"lower_bound":112014.13451135159,"upper_bound":211488.60523782668},"point_estimate":139512.6575231552,"standard_error":26103.093417675296},"slope":null,"std_dev":{"confidence_interval":{"confidence_level":0.95,"lower_bound":138235.71022613894,"upper_bound":204079.53773125057},"point_estimate":171891.50302342873,"standard_error":16856.36307374146}}