{"mean":{"confidence_interval":{"confidence_level":0.95,"lower_bound":169430185.85075,"upper_bound":169700262.2555},"point_estimate":169563804.48,"standard_error":68798.91925395126},"median":{"confidence_interval":{"confidence_level":0.95,"lower_bound":169285352.0,"upper_bound":169610794.0},"point_estimate":169462073.0,"standard_error":91426.1280231389},"median_abs_dev":{"confidence_interval":{"confidence_level":0.95,"lower_bound":423735.96807718277,"upper_bound":805132.0499635488},"point_estimate":610470.9173619747,"standard_error":95691.11675036832},"slope":null,"std_dev":{"confidence_interval":{"confidence_level":0.95,"lower_bound":596594.7937147534,"upper_bound":775284.3337626026},"point_estimate":690909.2069653762,"standard_error":45541.194353816296}}