{"mean":{"confidence_interval":{"confidence_level":0.95,"lower_bound":30172243.959,"upper_bound":30515684.888875},"point_estimate":30352500.775,"standard_error":87781.46194587299},"median":{"confidence_interval":{"confidence_level":0.95,"lower_bound":30409595.5,"upper_bound":30948453.0},"point_estimate":30497645.75,"standard_error":149409.21578054066},"median_abs_dev":{"confidence_interval":{"confidence_level":0.95,"lower_bound":242633.7867423892,"upper_bound":853011.6709560156},"point_estimate":724532.8930869699,"standard_error":161970.71441710825},"slope":null,"std_dev":{"confidence_interval":{"confidence_level":0.95,"lower_bound":651008.5523452739,"upper_bound":1106213.3212316795},"point_estimate":884104.2079008227,"standard_error":117268.83837780157}}