{"mean":{"confidence_interval":{"confidence_level":0.95,"lower_bound":28763707.02325,"upper_bound":29597363.19275},"point_estimate":29149750.68,"standard_error":212565.39643210822},"median":{"confidence_interval":{"confidence_level":0.95,"lower_bound":28321893.5,"upper_bound":29080531.5},"point_estimate":28756959.75,"standard_error":150754.98066639886},"median_abs_dev":{"confidence_interval":{"confidence_level":0.95,"lower_bound":917096.1374595391,"upper_bound":1604892.1213124692},"point_estimate":1124941.6331782937,"standard_error":218872.2799776667},"slope":null,"std_dev":{"confidence_interval":{"confidence_level":0.95,"lower_bound":1356573.4857552475,"upper_bound":2803937.3143033935},"point_estimate":2144079.6776727797,"standard_error":373683.947841068}}