{"mean":{"confidence_interval":{"confidence_level":0.95,"lower_bound":56012177.517,"upper_bound":56662752.616000004},"point_estimate":56335400.52,"standard_error":166763.52774353416},"median":{"confidence_interval":{"confidence_level":0.95,"lower_bound":55821176.0,"upper_bound":56596174.0},"point_estimate":56188825.5,"standard_error":195040.9081225153},"median_abs_dev":{"confidence_interval":{"confidence_level":0.95,"lower_bound":1224845.5204546452,"upper_bound":1941398.3562482863},"point_estimate":1549164.2646968365,"standard_error":180705.67371080903},"slope":null,"std_dev":{"confidence_interval":{"confidence_level":0.95,"lower_bound":1424042.7943546793,"upper_bound":1910462.2001234083},"point_estimate":1680071.2064537678,"standard_error":124045.19255654709}}