{"mean":{"confidence_interval":{"confidence_level":0.95,"lower_bound":28784524.40175,"upper_bound":29088557.223375},"point_estimate":28942768.685,"standard_error":77513.55290072004},"median":{"confidence_interval":{"confidence_level":0.95,"lower_bound":28856895.5,"upper_bound":29230510.0},"point_estimate":29197992.5,"standard_error":100034.76970596117},"median_abs_dev":{"confidence_interval":{"confidence_level":0.95,"lower_bound":483689.71646279097,"upper_bound":799142.8835123777},"point_estimate":745123.6121714115,"standard_error":88586.4715766129},"slope":null,"std_dev":{"confidence_interval":{"confidence_level":0.95,"lower_bound":585164.875165585,"upper_bound":998821.4842092489},"point_estimate":778121.9475229133,"standard_error":111391.84190248657}}