{"mean":{"confidence_interval":{"confidence_level":0.95,"lower_bound":201085070.06849998,"upper_bound":201404044.93275},"point_estimate":201244640.93,"standard_error":81328.6286959707},"median":{"confidence_interval":{"confidence_level":0.95,"lower_bound":201042672.0,"upper_bound":201508486.0},"point_estimate":201249663.0,"standard_error":118843.78078685519},"median_abs_dev":{"confidence_interval":{"confidence_level":0.95,"lower_bound":599835.4864507914,"upper_bound":948503.711360693},"point_estimate":785176.7917603254,"standard_error":87414.73543437463},"slope":null,"std_dev":{"confidence_interval":{"confidence_level":0.95,"lower_bound":696346.9018066608,"upper_bound":922509.0019817144},"point_estimate":815570.3228278112,"standard_error":57804.796528946645}}