{"mean":{"confidence_interval":{"confidence_level":0.95,"lower_bound":179602869.31725,"upper_bound":179853091.6115},"point_estimate":179727349.14,"standard_error":63663.42902889544},"median":{"confidence_interval":{"confidence_level":0.95,"lower_bound":179539789.0,"upper_bound":179848785.0},"point_estimate":179676635.5,"standard_error":75984.52494042554},"median_abs_dev":{"confidence_interval":{"confidence_level":0.95,"lower_bound":481564.0387505293,"upper_bound":770372.2897231579},"point_estimate":631600.932186842,"standard_error":74308.94564398988},"slope":null,"std_dev":{"confidence_interval":{"confidence_level":0.95,"lower_bound":545664.5006053722,"upper_bound":725301.633071029},"point_estimate":639053.8294712893,"standard_error":45862.83446683992}}