{"mean":{"confidence_interval":{"confidence_level":0.95,"lower_bound":160913460.87274998,"upper_bound":163907003.845},"point_estimate":162355461.22,"standard_error":768085.7674753929},"median":{"confidence_interval":{"confidence_level":0.95,"lower_bound":158529481.0,"upper_bound":162050259.0},"point_estimate":159694352.5,"standard_error":908344.4850643994},"median_abs_dev":{"confidence_interval":{"confidence_level":0.95,"lower_bound":3830465.8074731384,"upper_bound":6938997.70108065},"point_estimate":4996936.418786645,"standard_error":825302.293768226},"slope":null,"std_dev":{"confidence_interval":{"confidence_level":0.95,"lower_bound":5939048.746123681,"upper_bound":9351216.322853481},"point_estimate":7712623.936886637,"standard_error":875360.2059132336}}