{"mean":{"confidence_interval":{"confidence_level":0.95,"lower_bound":44170951.089,"upper_bound":44247504.603625},"point_estimate":44212056.425,"standard_error":19506.73001407469},"median":{"confidence_interval":{"confidence_level":0.95,"lower_bound":44163457.5,"upper_bound":44254892.0},"point_estimate":44233624.5,"standard_error":24716.437983625645},"median_abs_dev":{"confidence_interval":{"confidence_level":0.95,"lower_bound":93592.82983839512,"upper_bound":159103.4555878489},"point_estimate":134615.2591601014,"standard_error":16047.055616756508},"slope":null,"std_dev":{"confidence_interval":{"confidence_level":0.95,"lower_bound":107893.68380487832,"upper_bound":288701.25661191734},"point_estimate":196143.4983447477,"standard_error":49839.342283163845}}