{"mean":{"confidence_interval":{"confidence_level":0.95,"lower_bound":305955656.84825003,"upper_bound":306142253.339},"point_estimate":306049960.04,"standard_error":47706.60077813207},"median":{"confidence_interval":{"confidence_level":0.95,"lower_bound":305999503.0,"upper_bound":306163547.5},"point_estimate":306111103.0,"standard_error":38047.9201421852},"median_abs_dev":{"confidence_interval":{"confidence_level":0.95,"lower_bound":329218.1811802091,"upper_bound":573666.8556153774},"point_estimate":477125.1344293356,"standard_error":60712.38538008726},"slope":null,"std_dev":{"confidence_interval":{"confidence_level":0.95,"lower_bound":411452.4961516829,"upper_bound":538234.1705044424},"point_estimate":479096.1681283951,"standard_error":32263.101477003504}}