{"mean":{"confidence_interval":{"confidence_level":0.95,"lower_bound":201709994.89874998,"upper_bound":202024114.508},"point_estimate":201865176.73,"standard_error":80274.68117037986},"median":{"confidence_interval":{"confidence_level":0.95,"lower_bound":201689346.0,"upper_bound":202016501.5},"point_estimate":201851054.0,"standard_error":80169.30087580835},"median_abs_dev":{"confidence_interval":{"confidence_level":0.95,"lower_bound":634930.1104277372,"upper_bound":949907.9744582623},"point_estimate":842053.0332505703,"standard_error":80662.17512660983},"slope":null,"std_dev":{"confidence_interval":{"confidence_level":0.95,"lower_bound":672311.7124454749,"upper_bound":927975.5900503749},"point_estimate":801128.3461945666,"standard_error":65751.3596042941}}