{"mean":{"confidence_interval":{"confidence_level":0.95,"lower_bound":152779930.27699998,"upper_bound":153291943.39975},"point_estimate":153026115.04,"standard_error":130870.65000332639},"median":{"confidence_interval":{"confidence_level":0.95,"lower_bound":152642768.0,"upper_bound":153132113.0},"point_estimate":152866739.0,"standard_error":111384.93551216542},"median_abs_dev":{"confidence_interval":{"confidence_level":0.95,"lower_bound":742981.255209446,"upper_bound":1238612.9438102245},"point_estimate":982296.612560749,"standard_error":119895.79687033879},"slope":null,"std_dev":{"confidence_interval":{"confidence_level":0.95,"lower_bound":976892.2463744868,"upper_bound":1677487.564579211},"point_estimate":1312696.4710875917,"standard_error":183747.69538772886}}