{"mean":{"confidence_interval":{"confidence_level":0.95,"lower_bound":150008196.387,"upper_bound":150208100.75275},"point_estimate":150107794.18,"standard_error":50952.45354100372},"median":{"confidence_interval":{"confidence_level":0.95,"lower_bound":149979026.0,"upper_bound":150234061.0},"point_estimate":150120348.5,"standard_error":86264.62629041095},"median_abs_dev":{"confidence_interval":{"confidence_level":0.95,"lower_bound":379968.875554204,"upper_bound":579559.449210763},"point_estimate":465844.0312296152,"standard_error":50001.59654781659},"slope":null,"std_dev":{"confidence_interval":{"confidence_level":0.95,"lower_bound":434820.11395923264,"upper_bound":581779.3534515003},"point_estimate":511577.99274689,"standard_error":37592.05594309358}}