{"mean":{"confidence_interval":{"confidence_level":0.95,"lower_bound":29272069.205374997,"upper_bound":29450783.013},"point_estimate":29363184.6,"standard_error":45500.94660675758},"median":{"confidence_interval":{"confidence_level":0.95,"lower_bound":29210127.0,"upper_bound":29710526.5},"point_estimate":29256275.75,"standard_error":142430.24037327783},"median_abs_dev":{"confidence_interval":{"confidence_level":0.95,"lower_bound":185289.85909044783,"upper_bound":747752.2619247437},"point_estimate":685159.1149359941,"standard_error":146527.4215087646},"slope":null,"std_dev":{"confidence_interval":{"confidence_level":0.95,"lower_bound":387532.86704849836,"upper_bound":522634.9975102917},"point_estimate":457929.8104084645,"standard_error":34692.65517654251}}