{"mean":{"confidence_interval":{"confidence_level":0.95,"lower_bound":24526983.13608334,"upper_bound":24854301.48383333},"point_estimate":24690481.24999999,"standard_error":83489.04745834747},"median":{"confidence_interval":{"confidence_level":0.95,"lower_bound":24623750.0,"upper_bound":24852708.166666664},"point_estimate":24743356.833333336,"standard_error":59292.75702552763},"median_abs_dev":{"confidence_interval":{"confidence_level":0.95,"lower_bound":638405.818966032,"upper_bound":1078374.0328550348},"point_estimate":923236.0071092863,"standard_error":116990.5570647476},"slope":null,"std_dev":{"confidence_interval":{"confidence_level":0.95,"lower_bound":716226.1803874754,"upper_bound":948560.0352806376},"point_estimate":838214.9987636036,"standard_error":59527.62754275833}}