{"mean":{"confidence_interval":{"confidence_level":0.95,"lower_bound":29921646.931,"upper_bound":30319898.9105},"point_estimate":30130498.755,"standard_error":101863.25592114199},"median":{"confidence_interval":{"confidence_level":0.95,"lower_bound":29969978.25,"upper_bound":30660585.75},"point_estimate":30384739.5,"standard_error":217057.83580053272},"median_abs_dev":{"confidence_interval":{"confidence_level":0.95,"lower_bound":644678.5295734185,"upper_bound":1446267.7493736148},"point_estimate":852442.352566123,"standard_error":255180.12389006466},"slope":null,"std_dev":{"confidence_interval":{"confidence_level":0.95,"lower_bound":769505.3849049727,"upper_bound":1270897.335087326},"point_estimate":1023739.6977643629,"standard_error":129468.79067254608}}