{"mean":{"confidence_interval":{"confidence_level":0.95,"lower_bound":28422170.005,"upper_bound":28603429.464125},"point_estimate":28513930.47,"standard_error":46195.92746668212},"median":{"confidence_interval":{"confidence_level":0.95,"lower_bound":28322899.25,"upper_bound":28827418.0},"point_estimate":28781592.25,"standard_error":194802.72156629007},"median_abs_dev":{"confidence_interval":{"confidence_level":0.95,"lower_bound":229166.96053147316,"upper_bound":783172.42779091},"point_estimate":421291.9020205736,"standard_error":171764.22927351002},"slope":null,"std_dev":{"confidence_interval":{"confidence_level":0.95,"lower_bound":408491.01359225565,"upper_bound":510086.0377714388},"point_estimate":464612.39201788395,"standard_error":25949.579936641134}}