{"mean":{"confidence_interval":{"confidence_level":0.95,"lower_bound":189743790.2845,"upper_bound":191478140.37300003},"point_estimate":190592289.49,"standard_error":444847.8788450236},"median":{"confidence_interval":{"confidence_level":0.95,"lower_bound":189275784.0,"upper_bound":190578695.0},"point_estimate":189978354.5,"standard_error":340711.69686686184},"median_abs_dev":{"confidence_interval":{"confidence_level":0.95,"lower_bound":2116152.7487307787,"upper_bound":4283711.686348915},"point_estimate":3128251.844662428,"standard_error":578997.6535504449},"slope":null,"std_dev":{"confidence_interval":{"confidence_level":0.95,"lower_bound":3407358.1738553443,"upper_bound":5475265.863025492},"point_estimate":4474261.541205561,"standard_error":532619.6728820583}}