{"mean":{"confidence_interval":{"confidence_level":0.95,"lower_bound":25326303.122625,"upper_bound":25644545.097875},"point_estimate":25485931.305,"standard_error":81028.83215681241},"median":{"confidence_interval":{"confidence_level":0.95,"lower_bound":25336816.5,"upper_bound":25660647.75},"point_estimate":25532868.25,"standard_error":78044.02887361826},"median_abs_dev":{"confidence_interval":{"confidence_level":0.95,"lower_bound":620106.3345909119,"upper_bound":907588.6130108308},"point_estimate":771265.9268572927,"standard_error":74522.71247871092},"slope":null,"std_dev":{"confidence_interval":{"confidence_level":0.95,"lower_bound":692420.3836326528,"upper_bound":929036.5900755587},"point_estimate":815182.2040196492,"standard_error":60399.70507202681}}