{"mean":{"confidence_interval":{"confidence_level":0.95,"lower_bound":220274339.39424998,"upper_bound":223446354.04625002},"point_estimate":221835494.91,"standard_error":811722.9957518195},"median":{"confidence_interval":{"confidence_level":0.95,"lower_bound":217371246.0,"upper_bound":223941204.0},"point_estimate":220264571.5,"standard_error":1666679.2224433047},"median_abs_dev":{"confidence_interval":{"confidence_level":0.95,"lower_bound":6686882.4465841055,"upper_bound":10555168.879008293},"point_estimate":9332012.781223655,"standard_error":961464.623968128},"slope":null,"std_dev":{"confidence_interval":{"confidence_level":0.95,"lower_bound":7069727.488790315,"upper_bound":9253111.06832491},"point_estimate":8201516.552428041,"standard_error":558442.831660764}}