{"mean":{"confidence_interval":{"confidence_level":0.95,"lower_bound":40050936.345,"upper_bound":40140899.945},"point_estimate":40089749.455,"standard_error":23210.304889182542},"median":{"confidence_interval":{"confidence_level":0.95,"lower_bound":40010695.0,"upper_bound":40068053.75},"point_estimate":40038866.75,"standard_error":16306.454889380173},"median_abs_dev":{"confidence_interval":{"confidence_level":0.95,"lower_bound":70082.87140578032,"upper_bound":109604.90955412388},"point_estimate":83495.95336765051,"standard_error":10146.221133574138},"slope":null,"std_dev":{"confidence_interval":{"confidence_level":0.95,"lower_bound":104108.36706996342,"upper_bound":356780.71453441255},"point_estimate":233350.08234335805,"standard_error":72945.32874532917}}