{"mean":{"confidence_interval":{"confidence_level":0.95,"lower_bound":169457495.32475,"upper_bound":169654733.64900002},"point_estimate":169555390.58,"standard_error":50123.26004881295},"median":{"confidence_interval":{"confidence_level":0.95,"lower_bound":169420958.0,"upper_bound":169663352.0},"point_estimate":169522999.5,"standard_error":60541.931562991536},"median_abs_dev":{"confidence_interval":{"confidence_level":0.95,"lower_bound":358697.27243185043,"upper_bound":588664.0956491232},"point_estimate":470435.6433480978,"standard_error":61526.37695194768},"slope":null,"std_dev":{"confidence_interval":{"confidence_level":0.95,"lower_bound":424568.24351177324,"upper_bound":580011.4646527001},"point_estimate":505131.3577074755,"standard_error":39837.08994624619}}