{"mean":{"confidence_interval":{"confidence_level":0.95,"lower_bound":173759526.04025,"upper_bound":174069226.81074998},"point_estimate":173913054.21,"standard_error":78601.82789558003},"median":{"confidence_interval":{"confidence_level":0.95,"lower_bound":173619779.0,"upper_bound":174044292.0},"point_estimate":173868283.0,"standard_error":103578.04208322275},"median_abs_dev":{"confidence_interval":{"confidence_level":0.95,"lower_bound":542231.2883734703,"upper_bound":893266.4841413498},"point_estimate":669293.8126176596,"standard_error":89454.21448948771},"slope":null,"std_dev":{"confidence_interval":{"confidence_level":0.95,"lower_bound":661045.0543538106,"upper_bound":903977.9998448411},"point_estimate":789155.7650979554,"standard_error":62009.365594136274}}