{"mean":{"confidence_interval":{"confidence_level":0.95,"lower_bound":34183538.718875,"upper_bound":34591059.660624996},"point_estimate":34396099.595,"standard_error":103788.40677875711},"median":{"confidence_interval":{"confidence_level":0.95,"lower_bound":34396026.0,"upper_bound":34629297.5},"point_estimate":34485701.75,"standard_error":46218.44141780784},"median_abs_dev":{"confidence_interval":{"confidence_level":0.95,"lower_bound":719940.5304022507,"upper_bound":1133055.1615342498},"point_estimate":938337.5233411789,"standard_error":96189.94888203981},"slope":null,"std_dev":{"confidence_interval":{"confidence_level":0.95,"lower_bound":788836.9040138916,"upper_bound":1352053.0797833202},"point_estimate":1046923.2342322845,"standard_error":153053.50302317238}}