{"mean":{"confidence_interval":{"confidence_level":0.95,"lower_bound":161329657.024,"upper_bound":163092472.62675},"point_estimate":162192678.82,"standard_error":449604.58283814497},"median":{"confidence_interval":{"confidence_level":0.95,"lower_bound":160385062.0,"upper_bound":162574675.0},"point_estimate":161468893.0,"standard_error":567034.790617592},"median_abs_dev":{"confidence_interval":{"confidence_level":0.95,"lower_bound":3275451.412399113,"upper_bound":5486591.746893525},"point_estimate":4231386.285477877,"standard_error":573412.8713806177},"slope":null,"std_dev":{"confidence_interval":{"confidence_level":0.95,"lower_bound":3845082.857850622,"upper_bound":5126738.632846724},"point_estimate":4524016.410559143,"standard_error":326270.30702028656}}