{"mean":{"confidence_interval":{"confidence_level":0.95,"lower_bound":167447519.79125,"upper_bound":169306271.99425},"point_estimate":168339879.76,"standard_error":475299.2749967917},"median":{"confidence_interval":{"confidence_level":0.95,"lower_bound":166033504.5,"upper_bound":167601146.0},"point_estimate":166889867.0,"standard_error":397149.60408356844},"median_abs_dev":{"confidence_interval":{"confidence_level":0.95,"lower_bound":2316022.6256898795,"upper_bound":4216456.096027934},"point_estimate":3392122.022777796,"standard_error":496036.5999944069},"slope":null,"std_dev":{"confidence_interval":{"confidence_level":0.95,"lower_bound":3746147.4537482206,"upper_bound":5602895.1584526915},"point_estimate":4747758.6011841465,"standard_error":473300.7055805098}}