{"mean":{"confidence_interval":{"confidence_level":0.95,"lower_bound":0.030433189752761658,"upper_bound":0.03932685638471049},"point_estimate":0.03512318608260978,"standard_error":0.0022695659039352104},"median":{"confidence_interval":{"confidence_level":0.95,"lower_bound":0.03323575389257161,"upper_bound":0.04135647449144031},"point_estimate":0.036901814660270205,"standard_error":0.0020716059777791595}}