{"mean":{"confidence_interval":{"confidence_level":0.95,"lower_bound":4.220668952840206e-7,"upper_bound":0.007457725009862136},"point_estimate":0.0037431864509436252,"standard_error":0.0018996365870505801},"median":{"confidence_interval":{"confidence_level":0.95,"lower_bound":-0.003474603856293057,"upper_bound":0.004890747203582402},"point_estimate":-0.0001360537257216743,"standard_error":0.002170615689796166}}