{"mean":{"confidence_interval":{"confidence_level":0.95,"lower_bound":-0.12127892431877255,"upper_bound":-0.11918685160719131},"point_estimate":-0.1202269736451218,"standard_error":0.0005300834151176975},"median":{"confidence_interval":{"confidence_level":0.95,"lower_bound":-0.12087969388613962,"upper_bound":-0.11812165342386005},"point_estimate":-0.11924612223550579,"standard_error":0.0007279972124635164}}