{"mean":{"confidence_interval":{"confidence_level":0.95,"lower_bound":-0.25142874252006925,"upper_bound":-0.23703724707897697},"point_estimate":-0.24417467440568508,"standard_error":0.0036696526042425295},"median":{"confidence_interval":{"confidence_level":0.95,"lower_bound":-0.24609996009547,"upper_bound":-0.23072081396259314},"point_estimate":-0.23769148723793243,"standard_error":0.0038646525008841186}}