{"mean":{"confidence_interval":{"confidence_level":0.95,"lower_bound":0.04729341501313123,"upper_bound":0.054018813959622464},"point_estimate":0.05064944365893154,"standard_error":0.0017069515470868278},"median":{"confidence_interval":{"confidence_level":0.95,"lower_bound":0.04620329308650783,"upper_bound":0.05544585881898545},"point_estimate":0.050782026601565944,"standard_error":0.0023641869569266836}}