{"mean":{"confidence_interval":{"confidence_level":0.95,"lower_bound":0.5032226837314391,"upper_bound":0.5135941769850516},"point_estimate":0.5086254294208354,"standard_error":0.0026294679317126718},"median":{"confidence_interval":{"confidence_level":0.95,"lower_bound":0.5073366871885232,"upper_bound":0.5147535633012339},"point_estimate":0.5117579201961944,"standard_error":0.0018872585892487019}}