{"mean":{"confidence_interval":{"confidence_level":0.95,"lower_bound":0.18656354882420753,"upper_bound":0.191335790467719},"point_estimate":0.1887782892905776,"standard_error":0.0011979331142456962},"median":{"confidence_interval":{"confidence_level":0.95,"lower_bound":0.1880293092721721,"upper_bound":0.19320809477981138},"point_estimate":0.19018116037456978,"standard_error":0.001352467789268705}}