{"mean":{"confidence_interval":{"confidence_level":0.95,"lower_bound":0.0031963601289707517,"upper_bound":0.010395567340243828},"point_estimate":0.006715245041725826,"standard_error":0.0018361977213538693},"median":{"confidence_interval":{"confidence_level":0.95,"lower_bound":0.00117842689097869,"upper_bound":0.012886389284219923},"point_estimate":0.006534465092178365,"standard_error":0.0026411881227552977}}