{"mean":{"confidence_interval":{"confidence_level":0.95,"lower_bound":0.030532324158995382,"upper_bound":0.039679484893680665},"point_estimate":0.03564716518741329,"standard_error":0.0023351984489298296},"median":{"confidence_interval":{"confidence_level":0.95,"lower_bound":0.032155238121872376,"upper_bound":0.038336628514220816},"point_estimate":0.03401057595806645,"standard_error":0.0016551727505823058}}