{"mean":{"confidence_interval":{"confidence_level":0.95,"lower_bound":0.07321113874314222,"upper_bound":0.07571987957538595},"point_estimate":0.07442850291187852,"standard_error":0.0006421318062168512},"median":{"confidence_interval":{"confidence_level":0.95,"lower_bound":0.07345611290627936,"upper_bound":0.07563330649642186},"point_estimate":0.07433885803192686,"standard_error":0.0005951855567631654}}