{"mean":{"confidence_interval":{"confidence_level":0.95,"lower_bound":0.20330320780758834,"upper_bound":0.20616688901753177},"point_estimate":0.2047843412835817,"standard_error":0.0007298453707245482},"median":{"confidence_interval":{"confidence_level":0.95,"lower_bound":0.20466814691839197,"upper_bound":0.20733708139971227},"point_estimate":0.20596551357467363,"standard_error":0.0006485545277168566}}