{"mean":{"confidence_interval":{"confidence_level":0.95,"lower_bound":0.1942457663596306,"upper_bound":0.20160070961637594},"point_estimate":0.19791197433454055,"standard_error":0.0018666012378083807},"median":{"confidence_interval":{"confidence_level":0.95,"lower_bound":0.19229066759966545,"upper_bound":0.20023412633322235},"point_estimate":0.19646147345631126,"standard_error":0.0021509512292080153}}