{"mean":{"confidence_interval":{"confidence_level":0.95,"lower_bound":-0.15368344157500918,"upper_bound":-0.14008596964789144},"point_estimate":-0.14683203325938132,"standard_error":0.003484739326530151},"median":{"confidence_interval":{"confidence_level":0.95,"lower_bound":-0.15138173019112156,"upper_bound":-0.13921325811340568},"point_estimate":-0.14514555779523008,"standard_error":0.003164332295984279}}