{"mean":{"confidence_interval":{"confidence_level":0.95,"lower_bound":0.015320736604898855,"upper_bound":0.017842040710868718},"point_estimate":0.016605672192882004,"standard_error":0.0006424175964129406},"median":{"confidence_interval":{"confidence_level":0.95,"lower_bound":0.015192603931885484,"upper_bound":0.018047560271832852},"point_estimate":0.016518987164632293,"standard_error":0.0007336822301218605}}