{"mean":{"confidence_interval":{"confidence_level":0.95,"lower_bound":0.19554945036253416,"upper_bound":0.20420284328591998},"point_estimate":0.19991981952054627,"standard_error":0.002206875484522612},"median":{"confidence_interval":{"confidence_level":0.95,"lower_bound":0.19431232158829026,"upper_bound":0.2064661629769693},"point_estimate":0.19972296343221396,"standard_error":0.003305342705180159}}