{"mean":{"confidence_interval":{"confidence_level":0.95,"lower_bound":0.12465161190507613,"upper_bound":0.1381458812238539},"point_estimate":0.13173267851383086,"standard_error":0.0034630046292239078},"median":{"confidence_interval":{"confidence_level":0.95,"lower_bound":0.12037752285620229,"upper_bound":0.13812883073150783},"point_estimate":0.13023724029185546,"standard_error":0.00386836497051216}}