{"mean":{"confidence_interval":{"confidence_level":0.95,"lower_bound":-0.06430763599022396,"upper_bound":-0.06222257154888397},"point_estimate":-0.06321413628807948,"standard_error":0.0005321106088276897},"median":{"confidence_interval":{"confidence_level":0.95,"lower_bound":-0.06359506991119501,"upper_bound":-0.06158263397677122},"point_estimate":-0.06240676559256564,"standard_error":0.0004662007843872284}}