{"mean":{"confidence_interval":{"confidence_level":0.95,"lower_bound":0.012850880893723104,"upper_bound":0.03494822777145229},"point_estimate":0.023409242314319734,"standard_error":0.005608789664068253},"median":{"confidence_interval":{"confidence_level":0.95,"lower_bound":0.0165847815369895,"upper_bound":0.03410697035901089},"point_estimate":0.024211501605308827,"standard_error":0.00444412418116465}}