{"mean":{"confidence_interval":{"confidence_level":0.95,"lower_bound":0.0842217726245645,"upper_bound":0.09044631891328861},"point_estimate":0.08738880149834771,"standard_error":0.001588612264865252},"median":{"confidence_interval":{"confidence_level":0.95,"lower_bound":0.08562420695815676,"upper_bound":0.09278392066313645},"point_estimate":0.08968308738968567,"standard_error":0.0016537424642511264}}