{"mean":{"confidence_interval":{"confidence_level":0.95,"lower_bound":-0.17661807529333873,"upper_bound":-0.16808310220534411},"point_estimate":-0.17245540876615661,"standard_error":0.0021747591509256696},"median":{"confidence_interval":{"confidence_level":0.95,"lower_bound":-0.17859259620112788,"upper_bound":-0.1646884335198452},"point_estimate":-0.17557430502978566,"standard_error":0.00357761420599848}}