{"mean":{"confidence_interval":{"confidence_level":0.95,"lower_bound":0.05179670356539723,"upper_bound":0.05865941633692327},"point_estimate":0.055136763397932276,"standard_error":0.0017517278544586798},"median":{"confidence_interval":{"confidence_level":0.95,"lower_bound":0.05530683557119587,"upper_bound":0.061217204670977354},"point_estimate":0.05864903002239141,"standard_error":0.0015292988184872902}}