{"mean":{"confidence_interval":{"confidence_level":0.95,"lower_bound":0.051168590754868445,"upper_bound":0.07159113970588926},"point_estimate":0.06108137756693277,"standard_error":0.005192624313692172},"median":{"confidence_interval":{"confidence_level":0.95,"lower_bound":0.04904842036203805,"upper_bound":0.06275134375425973},"point_estimate":0.05616261147071788,"standard_error":0.0035946559659597085}}