{"mean":{"confidence_interval":{"confidence_level":0.95,"lower_bound":-0.1575781497445161,"upper_bound":-0.14834072828259892},"point_estimate":-0.15294926472318027,"standard_error":0.0023547334607130965},"median":{"confidence_interval":{"confidence_level":0.95,"lower_bound":-0.15330157512460907,"upper_bound":-0.14521095907775927},"point_estimate":-0.14858681173200072,"standard_error":0.0020848557845853993}}