{"mean":{"confidence_interval":{"confidence_level":0.95,"lower_bound":0.2661719083005427,"upper_bound":0.27844124866959197},"point_estimate":0.27268558452821434,"standard_error":0.0031408356068200333},"median":{"confidence_interval":{"confidence_level":0.95,"lower_bound":0.26554438832796023,"upper_bound":0.27919710066636416},"point_estimate":0.27113843468710086,"standard_error":0.0033242602857553928}}