{"mean":{"confidence_interval":{"confidence_level":0.95,"lower_bound":-0.11187650206307644,"upper_bound":-0.10416188420622638},"point_estimate":-0.10795449022165804,"standard_error":0.0019755699272993423},"median":{"confidence_interval":{"confidence_level":0.95,"lower_bound":-0.1126899166031694,"upper_bound":-0.10256085590933572},"point_estimate":-0.10755768235870933,"standard_error":0.0026357131120609105}}