{"mean":{"confidence_interval":{"confidence_level":0.95,"lower_bound":-0.05122497179598521,"upper_bound":-0.03614692187616461},"point_estimate":-0.04306743441127103,"standard_error":0.0038938514560862957},"median":{"confidence_interval":{"confidence_level":0.95,"lower_bound":-0.055985945154320094,"upper_bound":-0.03889199378743102},"point_estimate":-0.04650873382659859,"standard_error":0.004494165979450123}}