{"mean":{"confidence_interval":{"confidence_level":0.95,"lower_bound":0.16579072860894692,"upper_bound":0.17801888430483045},"point_estimate":0.1718378808499923,"standard_error":0.003066107959382424},"median":{"confidence_interval":{"confidence_level":0.95,"lower_bound":0.15917046380629946,"upper_bound":0.18291613561600406},"point_estimate":0.17030390189679312,"standard_error":0.006754023358514682}}