{"mean":{"confidence_interval":{"confidence_level":0.95,"lower_bound":0.011965831526942323,"upper_bound":0.019554385895336094},"point_estimate":0.015742713447300716,"standard_error":0.0019454040375552935},"median":{"confidence_interval":{"confidence_level":0.95,"lower_bound":0.013817952875136985,"upper_bound":0.024015461361726498},"point_estimate":0.019454288199124203,"standard_error":0.0026318858628374}}