{"mean":{"confidence_interval":{"confidence_level":0.95,"lower_bound":0.004661263928909743,"upper_bound":0.01556086797934142},"point_estimate":0.010174634513776093,"standard_error":0.0027627406387354413},"median":{"confidence_interval":{"confidence_level":0.95,"lower_bound":-0.0027802107826999656,"upper_bound":0.01647357197776067},"point_estimate":0.0059154620669623625,"standard_error":0.004672346905159126}}