{"mean":{"confidence_interval":{"confidence_level":0.95,"lower_bound":-0.014188490014018795,"upper_bound":-0.005824709208766242},"point_estimate":-0.009906583617258602,"standard_error":0.0021568620980998163},"median":{"confidence_interval":{"confidence_level":0.95,"lower_bound":-0.012655005893351445,"upper_bound":-0.005483436296508826},"point_estimate":-0.008858595594078866,"standard_error":0.0017219805028794405}}