{"mean":{"confidence_interval":{"confidence_level":0.95,"lower_bound":0.0010004160253330454,"upper_bound":0.008424056059147039},"point_estimate":0.004832288822246511,"standard_error":0.0018927739026598632},"median":{"confidence_interval":{"confidence_level":0.95,"lower_bound":-0.005930654028821758,"upper_bound":-0.0007504488450901237},"point_estimate":-0.0038068975123994875,"standard_error":0.0013020518336525838}}