{"mean":{"confidence_interval":{"confidence_level":0.95,"lower_bound":0.08136338273947819,"upper_bound":0.08772143407140325},"point_estimate":0.0845710022364532,"standard_error":0.0016460924788445333},"median":{"confidence_interval":{"confidence_level":0.95,"lower_bound":0.08597642284410312,"upper_bound":0.08919149736770371},"point_estimate":0.08722241391914887,"standard_error":0.0007908995596674379}}