{"mean":{"confidence_interval":{"confidence_level":0.95,"lower_bound":-0.027491643073904594,"upper_bound":-0.02121740633263558},"point_estimate":-0.02449047639911639,"standard_error":0.0016004752070879322},"median":{"confidence_interval":{"confidence_level":0.95,"lower_bound":-0.029988275038977386,"upper_bound":-0.02279164191136618},"point_estimate":-0.027889499484141766,"standard_error":0.0019742622176514802}}