{"mean":{"confidence_interval":{"confidence_level":0.95,"lower_bound":0.13261231480300317,"upper_bound":0.13788502947894768},"point_estimate":0.1348888481593693,"standard_error":0.0013448547135042287},"median":{"confidence_interval":{"confidence_level":0.95,"lower_bound":0.13321312476050617,"upper_bound":0.13751718697339355},"point_estimate":0.13550978442824446,"standard_error":0.0011168699158537216}}