{"mean":{"confidence_interval":{"confidence_level":0.95,"lower_bound":0.05720908764942807,"upper_bound":0.06414922319678629},"point_estimate":0.060491279913982066,"standard_error":0.001742320096218833},"median":{"confidence_interval":{"confidence_level":0.95,"lower_bound":0.058217792489520415,"upper_bound":0.06438392199159947},"point_estimate":0.06133391553921519,"standard_error":0.0016196347137689053}}