{"mean":{"confidence_interval":{"confidence_level":0.95,"lower_bound":-0.026620133591116736,"upper_bound":-0.02205033901237871},"point_estimate":-0.024394041944420963,"standard_error":0.0011607219908701144},"median":{"confidence_interval":{"confidence_level":0.95,"lower_bound":-0.02648191845216119,"upper_bound":-0.021466471815236282},"point_estimate":-0.024012837388616814,"standard_error":0.0012989308087239843}}