{"mean":{"confidence_interval":{"confidence_level":0.95,"lower_bound":-0.24875668863647343,"upper_bound":-0.23942774211131035},"point_estimate":-0.2439179788051773,"standard_error":0.00237370838277565},"median":{"confidence_interval":{"confidence_level":0.95,"lower_bound":-0.24813475874421242,"upper_bound":-0.23710807763524985},"point_estimate":-0.24266904928350597,"standard_error":0.002672902824912505}}