{"mean":{"confidence_interval":{"confidence_level":0.95,"lower_bound":-0.23943174884300478,"upper_bound":-0.2249286171093494},"point_estimate":-0.232099275384815,"standard_error":0.003693720931947921},"median":{"confidence_interval":{"confidence_level":0.95,"lower_bound":-0.22954750625180276,"upper_bound":-0.21808448273511027},"point_estimate":-0.22408829777775952,"standard_error":0.0030943522930302145}}