{"mean":{"confidence_interval":{"confidence_level":0.95,"lower_bound":0.017778299988260454,"upper_bound":0.029728965535588885},"point_estimate":0.023803162659159494,"standard_error":0.0030509792111694497},"median":{"confidence_interval":{"confidence_level":0.95,"lower_bound":0.018126995834042425,"upper_bound":0.03224976615782471},"point_estimate":0.025000450882896486,"standard_error":0.0036160461338859795}}