{"mean":{"confidence_interval":{"confidence_level":0.95,"lower_bound":0.002988046302158005,"upper_bound":0.01736410952273166},"point_estimate":0.009947857261123128,"standard_error":0.003822562988738416},"median":{"confidence_interval":{"confidence_level":0.95,"lower_bound":-0.0014538229597748087,"upper_bound":0.01590095633884525},"point_estimate":0.00613426391116656,"standard_error":0.0052040372074100135}}