{"mean":{"confidence_interval":{"confidence_level":0.95,"lower_bound":0.01854538866287004,"upper_bound":0.03786425750600955},"point_estimate":0.028249808690731015,"standard_error":0.004892889038855401},"median":{"confidence_interval":{"confidence_level":0.95,"lower_bound":0.00860220749184415,"upper_bound":0.04881349708788396},"point_estimate":0.03566422696399307,"standard_error":0.01128326788843281}}