{"mean":{"confidence_interval":{"confidence_level":0.95,"lower_bound":-0.02529247990670116,"upper_bound":-0.01565547114039973},"point_estimate":-0.020993432720336602,"standard_error":0.0024810037520320485},"median":{"confidence_interval":{"confidence_level":0.95,"lower_bound":-0.03347177292584658,"upper_bound":-0.01941871944802264},"point_estimate":-0.02700972200416174,"standard_error":0.003479556593624383}}