{"mean":{"confidence_interval":{"confidence_level":0.95,"lower_bound":-0.02889265738035686,"upper_bound":-0.012465377407972777},"point_estimate":-0.02109215809173215,"standard_error":0.00424498669178955},"median":{"confidence_interval":{"confidence_level":0.95,"lower_bound":-0.04924499407783267,"upper_bound":-0.03485336677860351},"point_estimate":-0.04272791110563068,"standard_error":0.0037313994372555415}}