{"mean":{"confidence_interval":{"confidence_level":0.95,"lower_bound":0.016985288489852902,"upper_bound":0.030175216768420134},"point_estimate":0.02376283463215434,"standard_error":0.003373376909440734},"median":{"confidence_interval":{"confidence_level":0.95,"lower_bound":0.0201680141011098,"upper_bound":0.035504118841728216},"point_estimate":0.02861412819458997,"standard_error":0.004061623987126066}}