{"mean":{"confidence_interval":{"confidence_level":0.95,"lower_bound":0.3415975573438927,"upper_bound":0.3515845031159415},"point_estimate":0.3464226486864055,"standard_error":0.002542960492603816},"median":{"confidence_interval":{"confidence_level":0.95,"lower_bound":0.34086848690939153,"upper_bound":0.3523693713448997},"point_estimate":0.3460853365885237,"standard_error":0.0029741835762978255}}