{"mean":{"confidence_interval":{"confidence_level":0.95,"lower_bound":0.08463638448668198,"upper_bound":0.09845582225225949},"point_estimate":0.09198927657555611,"standard_error":0.003560617375120228},"median":{"confidence_interval":{"confidence_level":0.95,"lower_bound":0.0790123701851333,"upper_bound":0.0990890933660824},"point_estimate":0.0902104969517421,"standard_error":0.005613420565282696}}