{"mean":{"confidence_interval":{"confidence_level":0.95,"lower_bound":-0.08560941584998195,"upper_bound":-0.0787725688547731},"point_estimate":-0.0821738477415016,"standard_error":0.0017522813637706432},"median":{"confidence_interval":{"confidence_level":0.95,"lower_bound":-0.08689681467162558,"upper_bound":-0.0756342137428524},"point_estimate":-0.07911413159142777,"standard_error":0.002947505280462405}}