{"mean":{"confidence_interval":{"confidence_level":0.95,"lower_bound":0.18103009240658327,"upper_bound":0.19872059293032796},"point_estimate":0.18983216068516073,"standard_error":0.004529767530398765},"median":{"confidence_interval":{"confidence_level":0.95,"lower_bound":0.17609473623713637,"upper_bound":0.2030822824932772},"point_estimate":0.1904282219381468,"standard_error":0.006782095899300448}}