{"mean":{"confidence_interval":{"confidence_level":0.95,"lower_bound":-0.26135204033885195,"upper_bound":-0.2399726689898879},"point_estimate":-0.2501295588241015,"standard_error":0.005497630242428012},"median":{"confidence_interval":{"confidence_level":0.95,"lower_bound":-0.25957365647228725,"upper_bound":-0.23821582158525378},"point_estimate":-0.2475350325065454,"standard_error":0.005095504386640649}}