{"mean":{"confidence_interval":{"confidence_level":0.95,"lower_bound":-0.14767253344750353,"upper_bound":-0.1298424011934698},"point_estimate":-0.1385805658332473,"standard_error":0.004562405160348102},"median":{"confidence_interval":{"confidence_level":0.95,"lower_bound":-0.13856515377250966,"upper_bound":-0.12450162032881848},"point_estimate":-0.13136912457851113,"standard_error":0.0033992939280234227}}