{"mean":{"confidence_interval":{"confidence_level":0.95,"lower_bound":0.13414159878208887,"upper_bound":0.14954378717496586},"point_estimate":0.1427035134009278,"standard_error":0.003959923883668096},"median":{"confidence_interval":{"confidence_level":0.95,"lower_bound":0.13783405362155787,"upper_bound":0.14803192648522767},"point_estimate":0.14117802391851297,"standard_error":0.002631076096605778}}