{"mean":{"confidence_interval":{"confidence_level":0.95,"lower_bound":-0.016360046900888787,"upper_bound":-0.012922340869803928},"point_estimate":-0.014612653590323932,"standard_error":0.0008765205356591657},"median":{"confidence_interval":{"confidence_level":0.95,"lower_bound":-0.014757321286326008,"upper_bound":-0.011610129231344746},"point_estimate":-0.012995901820279876,"standard_error":0.0007561868537134938}}