{"mean":{"confidence_interval":{"confidence_level":0.95,"lower_bound":0.006596552827174376,"upper_bound":0.020436093858569863},"point_estimate":0.013937682002032048,"standard_error":0.0035013926069834655},"median":{"confidence_interval":{"confidence_level":0.95,"lower_bound":0.011058394677117,"upper_bound":0.017460027074155986},"point_estimate":0.014145342686772588,"standard_error":0.001638377119559773}}