{"mean":{"confidence_interval":{"confidence_level":0.95,"lower_bound":-0.03384497284852822,"upper_bound":-0.030332555172146402},"point_estimate":-0.03204845763045017,"standard_error":0.0009013414961169586},"median":{"confidence_interval":{"confidence_level":0.95,"lower_bound":-0.033720104258824546,"upper_bound":-0.03001046316212863},"point_estimate":-0.032113882846377506,"standard_error":0.0009519946546790545}}