{"mean":{"confidence_interval":{"confidence_level":0.95,"lower_bound":0.04898313658994464,"upper_bound":0.05545154016379789},"point_estimate":0.05219454487080655,"standard_error":0.001645485928476519},"median":{"confidence_interval":{"confidence_level":0.95,"lower_bound":0.0449101554989455,"upper_bound":0.05423268992379682},"point_estimate":0.04766670012439489,"standard_error":0.0025888696952861166}}