{"mean":{"confidence_interval":{"confidence_level":0.95,"lower_bound":0.16868303088740225,"upper_bound":0.18502031764452243},"point_estimate":0.17676431284182592,"standard_error":0.004186193905088426},"median":{"confidence_interval":{"confidence_level":0.95,"lower_bound":0.16404574960770457,"upper_bound":0.19080100945432735},"point_estimate":0.17635154207109305,"standard_error":0.007279346589707667}}