{"mean":{"confidence_interval":{"confidence_level":0.95,"lower_bound":0.02554707284640423,"upper_bound":0.03445417453485655},"point_estimate":0.030187747224104777,"standard_error":0.002230037996307334},"median":{"confidence_interval":{"confidence_level":0.95,"lower_bound":0.021688109486944048,"upper_bound":0.028294798610959626},"point_estimate":0.024191624841443327,"standard_error":0.0016400558360145539}}