{"mean":{"confidence_interval":{"confidence_level":0.95,"lower_bound":-0.08168064632199401,"upper_bound":-0.06601008559473506},"point_estimate":-0.07343947772979798,"standard_error":0.00374244611609666},"median":{"confidence_interval":{"confidence_level":0.95,"lower_bound":-0.0937351252720537,"upper_bound":-0.06497633098152056},"point_estimate":-0.08437232699390851,"standard_error":0.007583189906870931}}