{"mean":{"confidence_interval":{"confidence_level":0.95,"lower_bound":-0.01672935368010474,"upper_bound":-0.011046601492434416},"point_estimate":-0.013978050559173782,"standard_error":0.0014478312731229465},"median":{"confidence_interval":{"confidence_level":0.95,"lower_bound":-0.017907222072133022,"upper_bound":-0.01230926529175247},"point_estimate":-0.015093832881700076,"standard_error":0.001386656878955443}}