{"mean":{"confidence_interval":{"confidence_level":0.95,"lower_bound":0.017274407555119848,"upper_bound":0.021895299755456392},"point_estimate":0.019506101991624725,"standard_error":0.001195954827191867},"median":{"confidence_interval":{"confidence_level":0.95,"lower_bound":0.016254740525096352,"upper_bound":0.021869079121825223},"point_estimate":0.018299292616947627,"standard_error":0.0014972406101389556}}