{"mean":{"confidence_interval":{"confidence_level":0.95,"lower_bound":-0.17809563078030288,"upper_bound":-0.15751462461404675},"point_estimate":-0.16876353993677307,"standard_error":0.00524931314227615},"median":{"confidence_interval":{"confidence_level":0.95,"lower_bound":-0.1857345538147156,"upper_bound":-0.16528208499410635},"point_estimate":-0.17833577411630952,"standard_error":0.005337042172383452}}