{"mean":{"confidence_interval":{"confidence_level":0.95,"lower_bound":-0.06304865365937273,"upper_bound":-0.04798326389185292},"point_estimate":-0.055247081302768675,"standard_error":0.003829400637168357},"median":{"confidence_interval":{"confidence_level":0.95,"lower_bound":-0.05808668256781432,"upper_bound":-0.044935359967800736},"point_estimate":-0.05395168990268351,"standard_error":0.0034219692101153704}}