{"mean":{"confidence_interval":{"confidence_level":0.95,"lower_bound":0.23657390419370797,"upper_bound":0.25823880315213593},"point_estimate":0.24670147536488507,"standard_error":0.0056114178555092525},"median":{"confidence_interval":{"confidence_level":0.95,"lower_bound":0.23001683748623125,"upper_bound":0.25349004790306195},"point_estimate":0.23944825362997957,"standard_error":0.006202973400972414}}