{"mean":{"confidence_interval":{"confidence_level":0.95,"lower_bound":0.042973525880705805,"upper_bound":0.053791548804207986},"point_estimate":0.04853644214095865,"standard_error":0.0027543684050657046},"median":{"confidence_interval":{"confidence_level":0.95,"lower_bound":0.04331874041505756,"upper_bound":0.05928570933683045},"point_estimate":0.051717925718329116,"standard_error":0.004267498065345471}}