{"mean":{"confidence_interval":{"confidence_level":0.95,"lower_bound":-0.011841811126620092,"upper_bound":-0.0008569602376951761},"point_estimate":-0.005625346979615142,"standard_error":0.002835139642753128},"median":{"confidence_interval":{"confidence_level":0.95,"lower_bound":-0.007569097127434921,"upper_bound":-0.0026583865048956795},"point_estimate":-0.005625480243353409,"standard_error":0.0012897578475589218}}