{"mean":{"confidence_interval":{"confidence_level":0.95,"lower_bound":0.0518179345813896,"upper_bound":0.05739746565038335},"point_estimate":0.054659980683164244,"standard_error":0.0014202155244191208},"median":{"confidence_interval":{"confidence_level":0.95,"lower_bound":0.055423522188543295,"upper_bound":0.059447633391414234},"point_estimate":0.05803595801142958,"standard_error":0.0010753333084803475}}