{"mean":{"confidence_interval":{"confidence_level":0.95,"lower_bound":69139.51371641479,"upper_bound":70636.74482780874},"point_estimate":69948.86259922602,"standard_error":380.9258161352679},"median":{"confidence_interval":{"confidence_level":0.95,"lower_bound":69417.08518518519,"upper_bound":69743.35760162602},"point_estimate":69625.05888888889,"standard_error":78.97886039500001},"median_abs_dev":{"confidence_interval":{"confidence_level":0.95,"lower_bound":494.890241283264,"upper_bound":1408.1685906600123},"point_estimate":830.303660007415,"standard_error":229.9662191008183},"slope":{"confidence_interval":{"confidence_level":0.95,"lower_bound":70244.66821064173,"upper_bound":71296.542639983},"point_estimate":70742.64937707502,"standard_error":269.0299545637823},"std_dev":{"confidence_interval":{"confidence_level":0.95,"lower_bound":2279.922112096199,"upper_bound":5460.261269026544},"point_estimate":3828.9523218208997,"standard_error":875.13536606147}}