{"mean":{"confidence_interval":{"confidence_level":0.95,"lower_bound":85537.24180417384,"upper_bound":87333.25346120055},"point_estimate":86578.75932133003,"standard_error":465.96243718120394},"median":{"confidence_interval":{"confidence_level":0.95,"lower_bound":87532.23994252873,"upper_bound":87847.29871366211},"point_estimate":87704.25913065844,"standard_error":79.98460312836075},"median_abs_dev":{"confidence_interval":{"confidence_level":0.95,"lower_bound":417.9366786095504,"upper_bound":880.5478098639784},"point_estimate":579.9630047645447,"standard_error":114.99372886336239},"slope":{"confidence_interval":{"confidence_level":0.95,"lower_bound":87935.9200014398,"upper_bound":88088.06564375131},"point_estimate":88015.58541795971,"standard_error":38.85701386031207},"std_dev":{"confidence_interval":{"confidence_level":0.95,"lower_bound":1565.4476446590656,"upper_bound":7355.204032797744},"point_estimate":4684.508275128113,"standard_error":1613.6241216238468}}