{"mean":{"confidence_interval":{"confidence_level":0.95,"lower_bound":68422.64946489455,"upper_bound":69808.77740826517},"point_estimate":69176.13863843899,"standard_error":354.8815031149193},"median":{"confidence_interval":{"confidence_level":0.95,"lower_bound":68911.03703703704,"upper_bound":69079.29925700778},"point_estimate":68950.85782267115,"standard_error":43.989953866311424},"median_abs_dev":{"confidence_interval":{"confidence_level":0.95,"lower_bound":390.8553399715055,"upper_bound":1068.8852167385705},"point_estimate":585.6754160351026,"standard_error":178.31222940933122},"slope":{"confidence_interval":{"confidence_level":0.95,"lower_bound":69491.89730191877,"upper_bound":70329.4513964287},"point_estimate":69887.06501866903,"standard_error":214.22207121276173},"std_dev":{"confidence_interval":{"confidence_level":0.95,"lower_bound":1971.970984141199,"upper_bound":5190.677708374787},"point_estimate":3577.408046247265,"standard_error":877.5315689587185}}