{"mean":{"confidence_interval":{"confidence_level":0.95,"lower_bound":70684.99248567535,"upper_bound":72165.35265781973},"point_estimate":71478.04712892245,"standard_error":375.78906302234645},"median":{"confidence_interval":{"confidence_level":0.95,"lower_bound":70405.0,"upper_bound":71447.17094413523},"point_estimate":70803.39181893689,"standard_error":251.27693585662718},"median_abs_dev":{"confidence_interval":{"confidence_level":0.95,"lower_bound":1218.7662091576374,"upper_bound":2502.052468374342},"point_estimate":1752.1997394713453,"standard_error":322.1716129335922},"slope":{"confidence_interval":{"confidence_level":0.95,"lower_bound":71552.91716780864,"upper_bound":72804.25148718296},"point_estimate":72175.28755958538,"standard_error":319.6203314649891},"std_dev":{"confidence_interval":{"confidence_level":0.95,"lower_bound":2352.437933187707,"upper_bound":5366.383084580447},"point_estimate":3769.877288438481,"standard_error":847.9207462749879}}