{"mean":{"confidence_interval":{"confidence_level":0.95,"lower_bound":69474.7174630409,"upper_bound":70896.65872626692},"point_estimate":70221.42625255749,"standard_error":363.1300432558764},"median":{"confidence_interval":{"confidence_level":0.95,"lower_bound":69489.28926553672,"upper_bound":69848.69444444444},"point_estimate":69685.97515006003,"standard_error":80.10453722016165},"median_abs_dev":{"confidence_interval":{"confidence_level":0.95,"lower_bound":648.8832682487613,"upper_bound":2864.095499408555},"point_estimate":1129.0686357246148,"standard_error":562.1423280462694},"slope":{"confidence_interval":{"confidence_level":0.95,"lower_bound":71369.31393595044,"upper_bound":72725.53453453493},"point_estimate":72069.43033584552,"standard_error":346.7051184343044},"std_dev":{"confidence_interval":{"confidence_level":0.95,"lower_bound":2527.113752388298,"upper_bound":4860.897276673061},"point_estimate":3649.37682184112,"standard_error":621.4189544915921}}