{"mean":{"confidence_interval":{"confidence_level":0.95,"lower_bound":68398.24442172583,"upper_bound":69687.11413706295},"point_estimate":69116.3106621853,"standard_error":331.8240249571786},"median":{"confidence_interval":{"confidence_level":0.95,"lower_bound":69128.58884160756,"upper_bound":69344.35430711611},"point_estimate":69228.58974025975,"standard_error":57.797947454252906},"median_abs_dev":{"confidence_interval":{"confidence_level":0.95,"lower_bound":429.7860858943601,"upper_bound":1380.0525769537228},"point_estimate":635.4076536041783,"standard_error":254.23314409827154},"slope":{"confidence_interval":{"confidence_level":0.95,"lower_bound":69620.58469878597,"upper_bound":70236.23398380075},"point_estimate":69911.4120699473,"standard_error":157.56504551407266},"std_dev":{"confidence_interval":{"confidence_level":0.95,"lower_bound":1644.363110918396,"upper_bound":4996.5166042539395},"point_estimate":3322.389086674384,"standard_error":964.7038976433391}}