{"mean":{"confidence_interval":{"confidence_level":0.95,"lower_bound":68328.9614601348,"upper_bound":69677.81703752377},"point_estimate":69065.75211890445,"standard_error":345.56039487803685},"median":{"confidence_interval":{"confidence_level":0.95,"lower_bound":68898.65069124424,"upper_bound":69459.4511415525},"point_estimate":69178.57172284645,"standard_error":151.33470684493068},"median_abs_dev":{"confidence_interval":{"confidence_level":0.95,"lower_bound":896.6123285738164,"upper_bound":1779.0340631077938},"point_estimate":1142.1865629476447,"standard_error":225.66577942587412},"slope":{"confidence_interval":{"confidence_level":0.95,"lower_bound":69759.89767717799,"upper_bound":70632.35336468194},"point_estimate":70183.91635249495,"standard_error":223.0517789772257},"std_dev":{"confidence_interval":{"confidence_level":0.95,"lower_bound":1962.1569601415715,"upper_bound":5027.5525487629},"point_estimate":3468.037036336666,"standard_error":839.8366163358586}}