{"mean":{"confidence_interval":{"confidence_level":0.95,"lower_bound":69042.55381543736,"upper_bound":70494.93426071899},"point_estimate":69811.48124921758,"standard_error":369.96674225291787},"median":{"confidence_interval":{"confidence_level":0.95,"lower_bound":69308.63181818182,"upper_bound":69551.57972610096},"point_estimate":69461.86565540195,"standard_error":55.63435137334774},"median_abs_dev":{"confidence_interval":{"confidence_level":0.95,"lower_bound":531.007309245949,"upper_bound":2027.7938009225463},"point_estimate":1004.73572399768,"standard_error":340.289694104062},"slope":{"confidence_interval":{"confidence_level":0.95,"lower_bound":70281.17068928754,"upper_bound":71496.82866055905},"point_estimate":70858.95785251958,"standard_error":310.37479878719233},"std_dev":{"confidence_interval":{"confidence_level":0.95,"lower_bound":2420.2871291530537,"upper_bound":5181.54896126653},"point_estimate":3721.3397306782963,"standard_error":769.1701648017967}}