{"mean":{"confidence_interval":{"confidence_level":0.95,"lower_bound":84451.05230841068,"upper_bound":86210.05771569804},"point_estimate":85466.1468373649,"standard_error":455.7067949057795},"median":{"confidence_interval":{"confidence_level":0.95,"lower_bound":86363.72222222222,"upper_bound":86654.60962301587},"point_estimate":86483.04975177304,"standard_error":85.4203316095848},"median_abs_dev":{"confidence_interval":{"confidence_level":0.95,"lower_bound":585.5124834235495,"upper_bound":1097.3708760050872},"point_estimate":869.2142056322938,"standard_error":128.94533291980994},"slope":{"confidence_interval":{"confidence_level":0.95,"lower_bound":86746.03270568924,"upper_bound":86986.7089593496},"point_estimate":86867.39607556278,"standard_error":61.267651264435806},"std_dev":{"confidence_interval":{"confidence_level":0.95,"lower_bound":1578.8771291959686,"upper_bound":7163.510637353897},"point_estimate":4580.705561869043,"standard_error":1553.0205512987375}}