{"mean":{"confidence_interval":{"confidence_level":0.95,"lower_bound":69931.20331813056,"upper_bound":71649.05403977662},"point_estimate":70799.38563079014,"standard_error":436.6296109003432},"median":{"confidence_interval":{"confidence_level":0.95,"lower_bound":69534.48933901919,"upper_bound":70720.73214285714},"point_estimate":69819.96697255291,"standard_error":273.7161060952072},"median_abs_dev":{"confidence_interval":{"confidence_level":0.95,"lower_bound":1192.3523800946753,"upper_bound":3831.9594895506034},"point_estimate":2040.7860532849352,"standard_error":682.601508319722},"slope":{"confidence_interval":{"confidence_level":0.95,"lower_bound":71019.53329533106,"upper_bound":72421.6257019857},"point_estimate":71704.91861850578,"standard_error":358.1489045712955},"std_dev":{"confidence_interval":{"confidence_level":0.95,"lower_bound":3025.981570705562,"upper_bound":5672.118074133481},"point_estimate":4382.2463353702415,"standard_error":678.8882760838214}}