{"mean":{"confidence_interval":{"confidence_level":0.95,"lower_bound":70631.3530445822,"upper_bound":72090.81029768141},"point_estimate":71387.07251561833,"standard_error":372.0759238910059},"median":{"confidence_interval":{"confidence_level":0.95,"lower_bound":70439.98927543515,"upper_bound":71275.39603174603},"point_estimate":70751.69848310293,"standard_error":224.73808924577833},"median_abs_dev":{"confidence_interval":{"confidence_level":0.95,"lower_bound":1186.5264689148478,"upper_bound":3143.2061764218965},"point_estimate":1799.766917760394,"standard_error":499.9260847713041},"slope":{"confidence_interval":{"confidence_level":0.95,"lower_bound":71954.40093361761,"upper_bound":73215.37081633255},"point_estimate":72577.80908885557,"standard_error":322.1668758545017},"std_dev":{"confidence_interval":{"confidence_level":0.95,"lower_bound":2773.4160048882263,"upper_bound":4802.38774364194},"point_estimate":3738.2545996779695,"standard_error":536.1845579231452}}