{"mean":{"confidence_interval":{"confidence_level":0.95,"lower_bound":69032.85045818218,"upper_bound":71967.5433594157},"point_estimate":70270.01597549475,"standard_error":756.5101888536623},"median":{"confidence_interval":{"confidence_level":0.95,"lower_bound":69260.59156425603,"upper_bound":69934.87508796621},"point_estimate":69729.92831374974,"standard_error":163.60333021363692},"median_abs_dev":{"confidence_interval":{"confidence_level":0.95,"lower_bound":1024.025944770583,"upper_bound":1712.476049948411},"point_estimate":1410.7063813584643,"standard_error":187.83923016671636},"slope":{"confidence_interval":{"confidence_level":0.95,"lower_bound":70351.90834203071,"upper_bound":71240.18591674083},"point_estimate":70760.38103337625,"standard_error":226.38143788810544},"std_dev":{"confidence_interval":{"confidence_level":0.95,"lower_bound":2392.188783036897,"upper_bound":12317.32643967178},"point_estimate":7595.870239721953,"standard_error":2962.619932341732}}