{"mean":{"confidence_interval":{"confidence_level":0.95,"lower_bound":89762.13254371555,"upper_bound":91688.51587519464},"point_estimate":90875.36171908125,"standard_error":499.51552381105756},"median":{"confidence_interval":{"confidence_level":0.95,"lower_bound":92014.60841030627,"upper_bound":92271.52631578948},"point_estimate":92147.3202226345,"standard_error":64.47821515062368},"median_abs_dev":{"confidence_interval":{"confidence_level":0.95,"lower_bound":450.70288823865855,"upper_bound":912.6855256382872},"point_estimate":639.7033790084938,"standard_error":124.61418165822356},"slope":{"confidence_interval":{"confidence_level":0.95,"lower_bound":92298.31128976005,"upper_bound":92496.56010703967},"point_estimate":92395.83704367452,"standard_error":50.53105410869818},"std_dev":{"confidence_interval":{"confidence_level":0.95,"lower_bound":1717.008901614377,"upper_bound":7864.071392786926},"point_estimate":5025.258863851236,"standard_error":1710.1055369729563}}