{"mean":{"confidence_interval":{"confidence_level":0.95,"lower_bound":87517.44613388287,"upper_bound":87593.52948686018},"point_estimate":87553.58327999672,"standard_error":19.482456434602874},"median":{"confidence_interval":{"confidence_level":0.95,"lower_bound":87530.83273467433,"upper_bound":87603.28464419476},"point_estimate":87580.13171296296,"standard_error":18.981901703252635},"median_abs_dev":{"confidence_interval":{"confidence_level":0.95,"lower_bound":93.17890504508978,"upper_bound":195.93436881083568},"point_estimate":135.0837940531382,"standard_error":26.669067507228856},"slope":{"confidence_interval":{"confidence_level":0.95,"lower_bound":87582.39344583344,"upper_bound":87618.29032958172},"point_estimate":87601.08533421998,"standard_error":9.145081929325297},"std_dev":{"confidence_interval":{"confidence_level":0.95,"lower_bound":133.20300777256557,"upper_bound":257.8268390434082},"point_estimate":195.6328072985225,"standard_error":32.711075214388764}}