{"mean":{"confidence_interval":{"confidence_level":0.95,"lower_bound":53248.96317934175,"upper_bound":53617.11242931613},"point_estimate":53384.451661080384,"standard_error":102.38940267677432},"median":{"confidence_interval":{"confidence_level":0.95,"lower_bound":53229.46153846154,"upper_bound":53291.44623059867},"point_estimate":53260.54168566652,"standard_error":14.738085868004859},"median_abs_dev":{"confidence_interval":{"confidence_level":0.95,"lower_bound":104.72130086818623,"upper_bound":173.58201158385705},"point_estimate":141.00170492493564,"standard_error":17.10703429785571},"slope":{"confidence_interval":{"confidence_level":0.95,"lower_bound":53292.3577998536,"upper_bound":53372.5382435045},"point_estimate":53329.285219447316,"standard_error":20.426338639125113},"std_dev":{"confidence_interval":{"confidence_level":0.95,"lower_bound":162.42925123582646,"upper_bound":1735.6480846697941},"point_estimate":1028.7322032362329,"standard_error":529.0498728336556}}