{"mean":{"confidence_interval":{"confidence_level":0.95,"lower_bound":334847.02866279264,"upper_bound":335276.70545076206},"point_estimate":335057.28755705024,"standard_error":110.21148111530653},"median":{"confidence_interval":{"confidence_level":0.95,"lower_bound":334757.3522727273,"upper_bound":335200.4649477587},"point_estimate":334959.244551282,"standard_error":119.45410756742007},"median_abs_dev":{"confidence_interval":{"confidence_level":0.95,"lower_bound":676.343222930477,"upper_bound":1092.9379040740578},"point_estimate":905.6665050916134,"standard_error":104.14136162654027},"slope":{"confidence_interval":{"confidence_level":0.95,"lower_bound":334597.03142797993,"upper_bound":335011.2968965978},"point_estimate":334801.77795970644,"standard_error":105.81005283853598},"std_dev":{"confidence_interval":{"confidence_level":0.95,"lower_bound":863.1716483904955,"upper_bound":1342.9503157168654},"point_estimate":1102.8858645129285,"standard_error":123.71690719370874}}