{"mean":{"confidence_interval":{"confidence_level":0.95,"lower_bound":352212.3052822799,"upper_bound":361638.03187838156},"point_estimate":356865.2605439392,"standard_error":2407.962127421807},"median":{"confidence_interval":{"confidence_level":0.95,"lower_bound":344544.51587301586,"upper_bound":357522.8888888889},"point_estimate":349742.96197540767,"standard_error":3203.1902124969247},"median_abs_dev":{"confidence_interval":{"confidence_level":0.95,"lower_bound":14996.72621110782,"upper_bound":28821.60639562855},"point_estimate":21653.771022007062,"standard_error":3524.1230774634855},"slope":{"confidence_interval":{"confidence_level":0.95,"lower_bound":357985.76812331605,"upper_bound":370135.0724232418},"point_estimate":364151.0929816265,"standard_error":3109.5076979976016},"std_dev":{"confidence_interval":{"confidence_level":0.95,"lower_bound":20826.440894363037,"upper_bound":27113.165572779177},"point_estimate":24146.63799055044,"standard_error":1603.7242072388442}}