{"mean":{"confidence_interval":{"confidence_level":0.95,"lower_bound":64924.106789124555,"upper_bound":66439.10323878458},"point_estimate":65669.14709386586,"standard_error":385.37614494052406},"median":{"confidence_interval":{"confidence_level":0.95,"lower_bound":64309.769506423254,"upper_bound":65840.21052631579},"point_estimate":65181.948745519716,"standard_error":334.6974910377641},"median_abs_dev":{"confidence_interval":{"confidence_level":0.95,"lower_bound":2441.4392242364343,"upper_bound":4085.871850218298},"point_estimate":3570.129009844192,"standard_error":419.72188760768677},"slope":{"confidence_interval":{"confidence_level":0.95,"lower_bound":64992.82966960243,"upper_bound":67126.86462894596},"point_estimate":65961.4859766514,"standard_error":547.808420168245},"std_dev":{"confidence_interval":{"confidence_level":0.95,"lower_bound":3103.797188793279,"upper_bound":4577.0085343460505},"point_estimate":3858.6473321682133,"standard_error":378.9027039377892}}