{"mean":{"confidence_interval":{"confidence_level":0.95,"lower_bound":54337.45633014415,"upper_bound":54409.93583937092},"point_estimate":54371.90753791665,"standard_error":18.495242860774987},"median":{"confidence_interval":{"confidence_level":0.95,"lower_bound":54339.36567834681,"upper_bound":54382.521693823415},"point_estimate":54368.34109730849,"standard_error":10.485617146075876},"median_abs_dev":{"confidence_interval":{"confidence_level":0.95,"lower_bound":74.88823010108437,"upper_bound":149.29310161995372},"point_estimate":101.09559446061292,"standard_error":18.154182325254098},"slope":{"confidence_interval":{"confidence_level":0.95,"lower_bound":54385.46681250673,"upper_bound":54428.7527297717},"point_estimate":54406.21144461568,"standard_error":11.031246825408008},"std_dev":{"confidence_interval":{"confidence_level":0.95,"lower_bound":135.79055100733618,"upper_bound":233.52443279273885},"point_estimate":185.38903722845868,"standard_error":25.13895753449235}}