{"mean":{"confidence_interval":{"confidence_level":0.95,"lower_bound":51073.12001030446,"upper_bound":51584.050448539296},"point_estimate":51324.9837100251,"standard_error":130.37917436571183},"median":{"confidence_interval":{"confidence_level":0.95,"lower_bound":50729.34107142857,"upper_bound":51715.176323454914},"point_estimate":51012.36193783069,"standard_error":228.29256994676084},"median_abs_dev":{"confidence_interval":{"confidence_level":0.95,"lower_bound":1139.3071737450255,"upper_bound":1872.5394720531638},"point_estimate":1559.013729307863,"standard_error":185.38238585928076},"slope":{"confidence_interval":{"confidence_level":0.95,"lower_bound":51635.56260638817,"upper_bound":52285.80302972448},"point_estimate":51968.27685939116,"standard_error":165.49111519931745},"std_dev":{"confidence_interval":{"confidence_level":0.95,"lower_bound":1135.92902063156,"upper_bound":1489.4627109783617},"point_estimate":1309.3457339018855,"standard_error":90.73484959389987}}