{"mean":{"confidence_interval":{"confidence_level":0.95,"lower_bound":52737.565124412424,"upper_bound":52895.536757107904},"point_estimate":52808.40054461439,"standard_error":40.43181241610671},"median":{"confidence_interval":{"confidence_level":0.95,"lower_bound":52712.14525252525,"upper_bound":52771.44246031746},"point_estimate":52738.15552897395,"standard_error":18.245490102538064},"median_abs_dev":{"confidence_interval":{"confidence_level":0.95,"lower_bound":131.47298461032992,"upper_bound":262.6198106693007},"point_estimate":200.05134219814144,"standard_error":33.358531683717196},"slope":{"confidence_interval":{"confidence_level":0.95,"lower_bound":52829.925578863105,"upper_bound":52973.35749280545},"point_estimate":52896.87486659113,"standard_error":36.789384486597996},"std_dev":{"confidence_interval":{"confidence_level":0.95,"lower_bound":219.62849546279378,"upper_bound":594.2352958070605},"point_estimate":405.2501594752749,"standard_error":105.26444677227057}}