{"mean":{"confidence_interval":{"confidence_level":0.95,"lower_bound":52726.034694826514,"upper_bound":53279.20981810564},"point_estimate":52936.11442954769,"standard_error":148.26715894655777},"median":{"confidence_interval":{"confidence_level":0.95,"lower_bound":52676.38815789474,"upper_bound":52756.14893617021},"point_estimate":52728.01763502913,"standard_error":20.473908023152152},"median_abs_dev":{"confidence_interval":{"confidence_level":0.95,"lower_bound":126.86432945604159,"upper_bound":196.69421031269977},"point_estimate":170.50468392196154,"standard_error":17.780315458944564},"slope":{"confidence_interval":{"confidence_level":0.95,"lower_bound":52784.328414778945,"upper_bound":53601.7787193131},"point_estimate":53056.52465198759,"standard_error":236.6270082039535},"std_dev":{"confidence_interval":{"confidence_level":0.95,"lower_bound":167.54904035200423,"upper_bound":2482.9403277414985},"point_estimate":1492.1615482955876,"standard_error":699.271742630651}}