{"mean":{"confidence_interval":{"confidence_level":0.95,"lower_bound":52782.58800773812,"upper_bound":52953.77222894849},"point_estimate":52855.700245648644,"standard_error":44.14221008414942},"median":{"confidence_interval":{"confidence_level":0.95,"lower_bound":52744.414831349204,"upper_bound":52785.14938271605},"point_estimate":52767.71527777778,"standard_error":11.147737961735483},"median_abs_dev":{"confidence_interval":{"confidence_level":0.95,"lower_bound":94.6988854008869,"upper_bound":180.03985387057332},"point_estimate":123.86033414512704,"standard_error":22.141389271326783},"slope":{"confidence_interval":{"confidence_level":0.95,"lower_bound":52830.46200392428,"upper_bound":53211.06472741157},"point_estimate":52978.42997323613,"standard_error":102.71140281317273},"std_dev":{"confidence_interval":{"confidence_level":0.95,"lower_bound":189.68905681710328,"upper_bound":683.0731713874525},"point_estimate":442.2300975448417,"standard_error":143.5423158124576}}