{"mean":{"confidence_interval":{"confidence_level":0.95,"lower_bound":52770.03569434015,"upper_bound":52924.886810347656},"point_estimate":52839.87008636331,"standard_error":39.68607019495524},"median":{"confidence_interval":{"confidence_level":0.95,"lower_bound":52747.17890625,"upper_bound":52819.283967391304},"point_estimate":52776.27832130193,"standard_error":20.628543602344333},"median_abs_dev":{"confidence_interval":{"confidence_level":0.95,"lower_bound":99.11561651890905,"upper_bound":198.37004502845164},"point_estimate":138.2796759585583,"standard_error":24.16332653898118},"slope":{"confidence_interval":{"confidence_level":0.95,"lower_bound":52823.548291680134,"upper_bound":52955.43837623967},"point_estimate":52884.405060218705,"standard_error":33.91882858878915},"std_dev":{"confidence_interval":{"confidence_level":0.95,"lower_bound":218.13625872968035,"upper_bound":572.8872797640792},"point_estimate":398.3672956072242,"standard_error":95.28834763255021}}