{"mean":{"confidence_interval":{"confidence_level":0.95,"lower_bound":56045.44730004741,"upper_bound":56128.91181529778},"point_estimate":56086.73369150266,"standard_error":21.244783986371427},"median":{"confidence_interval":{"confidence_level":0.95,"lower_bound":56053.8625,"upper_bound":56125.9766994382},"point_estimate":56088.37275219298,"standard_error":18.797657423807593},"median_abs_dev":{"confidence_interval":{"confidence_level":0.95,"lower_bound":108.4344169753428,"upper_bound":213.2780552678538},"point_estimate":140.62303990475934,"standard_error":26.847857544860013},"slope":{"confidence_interval":{"confidence_level":0.95,"lower_bound":56124.68184223041,"upper_bound":56213.92318520024},"point_estimate":56167.93943808187,"standard_error":22.846482399169602},"std_dev":{"confidence_interval":{"confidence_level":0.95,"lower_bound":175.2530509077286,"upper_bound":248.6180616881531},"point_estimate":213.4844612605804,"standard_error":18.752393879956376}}