{"mean":{"confidence_interval":{"confidence_level":0.95,"lower_bound":53207.06631432396,"upper_bound":53415.936613599515},"point_estimate":53296.494560527884,"standard_error":53.97765953269448},"median":{"confidence_interval":{"confidence_level":0.95,"lower_bound":53154.89628215172,"upper_bound":53271.07748538012},"point_estimate":53191.888359054385,"standard_error":33.94467985788407},"median_abs_dev":{"confidence_interval":{"confidence_level":0.95,"lower_bound":146.69555260374045,"upper_bound":258.8589645232639},"point_estimate":194.00361922241493,"standard_error":27.98514411910555},"slope":{"confidence_interval":{"confidence_level":0.95,"lower_bound":53246.076310307064,"upper_bound":53587.17461513092},"point_estimate":53374.95765003366,"standard_error":92.80002402316383},"std_dev":{"confidence_interval":{"confidence_level":0.95,"lower_bound":202.18811644161002,"upper_bound":842.9387825164097},"point_estimate":543.1460140081273,"standard_error":177.49954434721343}}