{"mean":{"confidence_interval":{"confidence_level":0.95,"lower_bound":335179.4326436527,"upper_bound":342304.05884640326},"point_estimate":338464.3562447237,"standard_error":1813.8347648292104},"median":{"confidence_interval":{"confidence_level":0.95,"lower_bound":332347.7736625514,"upper_bound":339367.2111645299},"point_estimate":337182.4732142857,"standard_error":1602.181305663453},"median_abs_dev":{"confidence_interval":{"confidence_level":0.95,"lower_bound":9143.33805430759,"upper_bound":14672.726482544547},"point_estimate":11780.702325850734,"standard_error":1416.1704564283425},"slope":{"confidence_interval":{"confidence_level":0.95,"lower_bound":337674.9193888924,"upper_bound":343281.1305687529},"point_estimate":340449.8066213487,"standard_error":1425.969643350161},"std_dev":{"confidence_interval":{"confidence_level":0.95,"lower_bound":11364.036158600142,"upper_bound":25363.586265502112},"point_estimate":18246.29675866947,"standard_error":3728.433717726242}}