{"mean":{"confidence_interval":{"confidence_level":0.95,"lower_bound":49764.105189741895,"upper_bound":49924.34895231021},"point_estimate":49832.10077879043,"standard_error":41.39250013938177},"median":{"confidence_interval":{"confidence_level":0.95,"lower_bound":49749.3,"upper_bound":49805.33174603175},"point_estimate":49782.77142857143,"standard_error":15.223079044071023},"median_abs_dev":{"confidence_interval":{"confidence_level":0.95,"lower_bound":84.9683813416543,"upper_bound":178.80352203039212},"point_estimate":126.39227069727113,"standard_error":25.704913020245666},"slope":{"confidence_interval":{"confidence_level":0.95,"lower_bound":49795.50024474372,"upper_bound":49851.180958179415},"point_estimate":49821.6584631299,"standard_error":14.20534940244304},"std_dev":{"confidence_interval":{"confidence_level":0.95,"lower_bound":180.5976121879517,"upper_bound":658.7939103608238},"point_estimate":417.22505244994426,"standard_error":151.64113161737345}}