{"mean":{"confidence_interval":{"confidence_level":0.95,"lower_bound":334459.6113803647,"upper_bound":334972.913655866},"point_estimate":334709.1681511747,"standard_error":131.06203571124425},"median":{"confidence_interval":{"confidence_level":0.95,"lower_bound":334501.2931034483,"upper_bound":334886.6231884058},"point_estimate":334727.0584918957,"standard_error":89.21206487031841},"median_abs_dev":{"confidence_interval":{"confidence_level":0.95,"lower_bound":476.7892784782124,"upper_bound":867.5055073259721},"point_estimate":604.7013728859871,"standard_error":100.65245068556304},"slope":{"confidence_interval":{"confidence_level":0.95,"lower_bound":334683.64094221534,"upper_bound":334984.9861928256},"point_estimate":334832.4696763706,"standard_error":76.59008477568102},"std_dev":{"confidence_interval":{"confidence_level":0.95,"lower_bound":887.2604135274563,"upper_bound":1754.2531278145013},"point_estimate":1320.7907727283136,"standard_error":225.7075765689307}}