{"mean":{"confidence_interval":{"confidence_level":0.95,"lower_bound":0.06628057042574365,"upper_bound":0.07265149961692688},"point_estimate":0.06942866383199275,"standard_error":0.0016248789285342603},"median":{"confidence_interval":{"confidence_level":0.95,"lower_bound":0.07131809195585226,"upper_bound":0.0758845900620249},"point_estimate":0.07381068115993705,"standard_error":0.0012087822724726983}}