{"mean":{"confidence_interval":{"confidence_level":0.95,"lower_bound":0.0004813475867147987,"upper_bound":0.010168289572754844},"point_estimate":0.0051286915788248955,"standard_error":0.00248294310544593},"median":{"confidence_interval":{"confidence_level":0.95,"lower_bound":0.0003764268677025922,"upper_bound":0.008443046591550285},"point_estimate":0.0054433111354261765,"standard_error":0.0020647073707291378}}