{"mean":{"confidence_interval":{"confidence_level":0.95,"lower_bound":0.19262703271837045,"upper_bound":0.2011050182350789},"point_estimate":0.19672985082693528,"standard_error":0.002173000647177264},"median":{"confidence_interval":{"confidence_level":0.95,"lower_bound":0.19374607526065835,"upper_bound":0.20200626767910146},"point_estimate":0.19785799218638744,"standard_error":0.0024372390021584578}}