{"mean":{"confidence_interval":{"confidence_level":0.95,"lower_bound":0.016213285482055535,"upper_bound":0.022307729876190778},"point_estimate":0.019289285889389163,"standard_error":0.0015561864186606734},"median":{"confidence_interval":{"confidence_level":0.95,"lower_bound":0.02202460813512075,"upper_bound":0.025743187261888956},"point_estimate":0.024242592135802488,"standard_error":0.0010355299364683999}}