{"mean":{"confidence_interval":{"confidence_level":0.95,"lower_bound":0.058451224185287885,"upper_bound":0.06570689895016797},"point_estimate":0.061916952477776066,"standard_error":0.0018702282409363176},"median":{"confidence_interval":{"confidence_level":0.95,"lower_bound":0.055381342375237175,"upper_bound":0.07260892056644752},"point_estimate":0.05845411201525441,"standard_error":0.004498388173081611}}