{"mean":{"confidence_interval":{"confidence_level":0.95,"lower_bound":-0.011354494111093861,"upper_bound":-0.005011245304922},"point_estimate":-0.008200671710148266,"standard_error":0.0016373089826104722},"median":{"confidence_interval":{"confidence_level":0.95,"lower_bound":-0.013598382990882563,"upper_bound":-0.009739263505537665},"point_estimate":-0.011124463944353513,"standard_error":0.0009826498931821775}}