{"mean":{"confidence_interval":{"confidence_level":0.95,"lower_bound":-0.000503120141597201,"upper_bound":0.013571071522809975},"point_estimate":0.005463848583000086,"standard_error":0.0036698097968043066},"median":{"confidence_interval":{"confidence_level":0.95,"lower_bound":-0.004738152190215287,"upper_bound":0.007615341006530274},"point_estimate":0.0008961647538674455,"standard_error":0.003211657677864777}}