{"mean":{"confidence_interval":{"confidence_level":0.95,"lower_bound":-0.00219716853122269,"upper_bound":0.006141163203066829},"point_estimate":0.001883441207448655,"standard_error":0.002142433134606789},"median":{"confidence_interval":{"confidence_level":0.95,"lower_bound":-0.014596035520886064,"upper_bound":0.017428604982143714},"point_estimate":0.0012791554974356245,"standard_error":0.008183523736468324}}