{"mean":{"confidence_interval":{"confidence_level":0.95,"lower_bound":0.03516690262560567,"upper_bound":0.053988362258229276},"point_estimate":0.04333232538148524,"standard_error":0.004791688784627574},"median":{"confidence_interval":{"confidence_level":0.95,"lower_bound":0.03264706239930959,"upper_bound":0.04323590592860427},"point_estimate":0.03805561630970655,"standard_error":0.0030041648623774443}}