{"mean":{"confidence_interval":{"confidence_level":0.95,"lower_bound":-0.016560608724057607,"upper_bound":-0.0036843853399346183},"point_estimate":-0.008790405208610408,"standard_error":0.0034029433988490994},"median":{"confidence_interval":{"confidence_level":0.95,"lower_bound":-0.010966853277235122,"upper_bound":-0.00005003698161865078},"point_estimate":-0.0060292209113632644,"standard_error":0.0026406922675735584}}