{"mean":{"confidence_interval":{"confidence_level":0.95,"lower_bound":0.025475893990628395,"upper_bound":0.033007582573686356},"point_estimate":0.029234249220103203,"standard_error":0.0019493347177813268},"median":{"confidence_interval":{"confidence_level":0.95,"lower_bound":0.016311156756195988,"upper_bound":0.044450709472638295},"point_estimate":0.02663445377445206,"standard_error":0.008375227346948141}}