{"mean":{"confidence_interval":{"confidence_level":0.95,"lower_bound":-0.005602336192187362,"upper_bound":0.0014982963477694344},"point_estimate":-0.0018842353064291162,"standard_error":0.0018267196176152223},"median":{"confidence_interval":{"confidence_level":0.95,"lower_bound":-0.013147936921673882,"upper_bound":0.001344630677756367},"point_estimate":-0.0002242665535180377,"standard_error":0.0032583073867961656}}