{"mean":{"confidence_interval":{"confidence_level":0.95,"lower_bound":-0.004689443114099204,"upper_bound":0.0011268108807393359},"point_estimate":-0.0017922863028331237,"standard_error":0.0014658815481380675},"median":{"confidence_interval":{"confidence_level":0.95,"lower_bound":-0.00471140165023259,"upper_bound":0.001316625777587399},"point_estimate":-0.002584097462055679,"standard_error":0.001563779240379276}}