{"mean":{"confidence_interval":{"confidence_level":0.95,"lower_bound":-0.15898005445033214,"upper_bound":-0.1533397467768029},"point_estimate":-0.1561417242069364,"standard_error":0.0014360531869041843},"median":{"confidence_interval":{"confidence_level":0.95,"lower_bound":-0.16150269465727607,"upper_bound":-0.15154441355895504},"point_estimate":-0.15422463963235222,"standard_error":0.0022306374153259023}}