{"mean":{"confidence_interval":{"confidence_level":0.95,"lower_bound":-0.05244700278565821,"upper_bound":0.005436780648681579},"point_estimate":-0.026615764226522454,"standard_error":0.014696347558236058},"median":{"confidence_interval":{"confidence_level":0.95,"lower_bound":-0.04359031876972119,"upper_bound":-0.01378742639192998},"point_estimate":-0.03110605090793117,"standard_error":0.007619788684236705}}