{"mean":{"confidence_interval":{"confidence_level":0.95,"lower_bound":-0.0033655909598877096,"upper_bound":0.0036600800156297406},"point_estimate":0.00015665781664342404,"standard_error":0.0017916833998047313},"median":{"confidence_interval":{"confidence_level":0.95,"lower_bound":-0.009965148784291666,"upper_bound":0.014488697830940422},"point_estimate":0.0037380055292477454,"standard_error":0.007308958618326735}}