{"mean":{"confidence_interval":{"confidence_level":0.95,"lower_bound":-0.00002390429788893756,"upper_bound":0.00541661171486621},"point_estimate":0.0026241273054767866,"standard_error":0.0013894721903044977},"median":{"confidence_interval":{"confidence_level":0.95,"lower_bound":-0.0007143638603889224,"upper_bound":0.007028519853392368},"point_estimate":0.0037063212159378356,"standard_error":0.0018513258184925973}}