{"mean":{"confidence_interval":{"confidence_level":0.95,"lower_bound":-0.008305660402101477,"upper_bound":-0.0035944223703036045},"point_estimate":-0.0059564488001632165,"standard_error":0.0012037527180855207},"median":{"confidence_interval":{"confidence_level":0.95,"lower_bound":-0.008884680097731135,"upper_bound":-0.0013133960568002534},"point_estimate":-0.004470108969357844,"standard_error":0.0018584113493244144}}