{"mean":{"confidence_interval":{"confidence_level":0.95,"lower_bound":-0.0016248495711097904,"upper_bound":0.006265594346700085},"point_estimate":0.002106861099852253,"standard_error":0.0019977866177830045},"median":{"confidence_interval":{"confidence_level":0.95,"lower_bound":-0.00375467675912311,"upper_bound":0.008414049739428497},"point_estimate":0.0030924869174422387,"standard_error":0.0030893047546219285}}