{"mean":{"confidence_interval":{"confidence_level":0.95,"lower_bound":0.000181979300925145,"upper_bound":0.008891922408483886},"point_estimate":0.0043776989020343215,"standard_error":0.0022266023571882393},"median":{"confidence_interval":{"confidence_level":0.95,"lower_bound":-0.006879820464751062,"upper_bound":0.012718836443107007},"point_estimate":0.0022971925411969796,"standard_error":0.005653582600803288}}