{"mean":{"confidence_interval":{"confidence_level":0.95,"lower_bound":-0.004665092033225634,"upper_bound":0.00035656950407919017},"point_estimate":-0.0021274444900664102,"standard_error":0.0013029441732179392},"median":{"confidence_interval":{"confidence_level":0.95,"lower_bound":-0.006563624903619936,"upper_bound":0.0017138437499435444},"point_estimate":-0.002032556342342451,"standard_error":0.0022862553878943664}}