{"mean":{"confidence_interval":{"confidence_level":0.95,"lower_bound":-0.062398644927041086,"upper_bound":-0.05704509591607593},"point_estimate":-0.05966994072231968,"standard_error":0.0013753673170359354},"median":{"confidence_interval":{"confidence_level":0.95,"lower_bound":-0.06778871490230898,"upper_bound":-0.06155852206100931},"point_estimate":-0.0647456226241695,"standard_error":0.0016052965290831557}}