{"mean":{"confidence_interval":{"confidence_level":0.95,"lower_bound":-0.1577537836599218,"upper_bound":-0.15237633247636403},"point_estimate":-0.15498868329321247,"standard_error":0.0013677095836471575},"median":{"confidence_interval":{"confidence_level":0.95,"lower_bound":-0.15972174545692297,"upper_bound":-0.15223536288697692},"point_estimate":-0.1562914873761584,"standard_error":0.0018549999601567939}}