{"mean":{"confidence_interval":{"confidence_level":0.95,"lower_bound":-0.04525143677400182,"upper_bound":-0.0345931350402348},"point_estimate":-0.03997487005660161,"standard_error":0.002719261211392444},"median":{"confidence_interval":{"confidence_level":0.95,"lower_bound":-0.0513371638531106,"upper_bound":-0.02512052690514457},"point_estimate":-0.035474767625611414,"standard_error":0.007500415037483691}}