{"mean":{"confidence_interval":{"confidence_level":0.95,"lower_bound":0.050908685777660986,"upper_bound":0.058961882787761155},"point_estimate":0.054793549760437044,"standard_error":0.0020449520874720084},"median":{"confidence_interval":{"confidence_level":0.95,"lower_bound":0.05284666297350027,"upper_bound":0.0655635616449187},"point_estimate":0.05703483922414021,"standard_error":0.002824637134750724}}