{"mean":{"confidence_interval":{"confidence_level":0.95,"lower_bound":-0.17137924871716434,"upper_bound":-0.1655378463397023},"point_estimate":-0.1684757013564464,"standard_error":0.001493760043826463},"median":{"confidence_interval":{"confidence_level":0.95,"lower_bound":-0.17513689646270159,"upper_bound":-0.16586028738692338},"point_estimate":-0.16815323898947143,"standard_error":0.002231180182850835}}