{"mean":{"confidence_interval":{"confidence_level":0.95,"lower_bound":0.02998466193107316,"upper_bound":0.03477846293693336},"point_estimate":0.03227472938056519,"standard_error":0.0012230803298894667},"median":{"confidence_interval":{"confidence_level":0.95,"lower_bound":0.023623907127774846,"upper_bound":0.03999054876755581},"point_estimate":0.03654924437423701,"standard_error":0.004766763397980255}}