{"mean":{"confidence_interval":{"confidence_level":0.95,"lower_bound":-0.00487659765358,"upper_bound":0.002828260468774285},"point_estimate":-0.000985993642342975,"standard_error":0.0019666976753911908},"median":{"confidence_interval":{"confidence_level":0.95,"lower_bound":-0.0055556861349295205,"upper_bound":0.0035346439427930143},"point_estimate":0.0005310969938820964,"standard_error":0.002296526617349988}}