{"mean":{"confidence_interval":{"confidence_level":0.95,"lower_bound":-0.01243731519644462,"upper_bound":-0.0036417309191101805},"point_estimate":-0.007873770638495592,"standard_error":0.002242793177612962},"median":{"confidence_interval":{"confidence_level":0.95,"lower_bound":-0.015264778981748273,"upper_bound":0.004504582793854572},"point_estimate":-0.006821240939590578,"standard_error":0.0051840350266768335}}