{"mean":{"confidence_interval":{"confidence_level":0.95,"lower_bound":0.053377073357697015,"upper_bound":0.0596207193097631},"point_estimate":0.05631868548431296,"standard_error":0.0015896577700624305},"median":{"confidence_interval":{"confidence_level":0.95,"lower_bound":0.053609469783521435,"upper_bound":0.05795020292528852},"point_estimate":0.05568680935341219,"standard_error":0.0010850863832538615}}