{"mean":{"confidence_interval":{"confidence_level":0.95,"lower_bound":-0.02951086345029506,"upper_bound":-0.023608220962102806},"point_estimate":-0.026688985686976863,"standard_error":0.0015033482299616804},"median":{"confidence_interval":{"confidence_level":0.95,"lower_bound":-0.03163727807397741,"upper_bound":-0.02388984237289926},"point_estimate":-0.028811946629833107,"standard_error":0.0018982926712929804}}