{"mean":{"confidence_interval":{"confidence_level":0.95,"lower_bound":-0.0054540706911534,"upper_bound":0.005542405468196925},"point_estimate":0.000048099716927207936,"standard_error":0.0027830927440794812},"median":{"confidence_interval":{"confidence_level":0.95,"lower_bound":-0.018618418904822742,"upper_bound":0.007669351534457025},"point_estimate":-0.012269053148185605,"standard_error":0.006922963252123444}}