{"mean":{"confidence_interval":{"confidence_level":0.95,"lower_bound":-0.00737113496768465,"upper_bound":0.0030095454882295308},"point_estimate":-0.002023321634626929,"standard_error":0.0026457457992556783},"median":{"confidence_interval":{"confidence_level":0.95,"lower_bound":-0.011851547512618965,"upper_bound":0.012244234965195756},"point_estimate":0.004639801008406108,"standard_error":0.007315067342896278}}