{"mean":{"confidence_interval":{"confidence_level":0.95,"lower_bound":-0.002188932682657744,"upper_bound":0.00570045858242276},"point_estimate":0.0016311651104059521,"standard_error":0.002010915220906152},"median":{"confidence_interval":{"confidence_level":0.95,"lower_bound":0.0024124201095467868,"upper_bound":0.007669473812234262},"point_estimate":0.0053213280480080005,"standard_error":0.0013337840541549114}}