{"mean":{"confidence_interval":{"confidence_level":0.95,"lower_bound":-0.02114930276283917,"upper_bound":-0.001982730083911437},"point_estimate":-0.010616263164756834,"standard_error":0.004921396327010922},"median":{"confidence_interval":{"confidence_level":0.95,"lower_bound":-0.006019482158834855,"upper_bound":-0.00256501598985015},"point_estimate":-0.004399069454884663,"standard_error":0.0008936582336979917}}