{"mean":{"confidence_interval":{"confidence_level":0.95,"lower_bound":-0.007596719816884983,"upper_bound":0.0030484036318182404},"point_estimate":-0.001603287988523494,"standard_error":0.002740507394587093},"median":{"confidence_interval":{"confidence_level":0.95,"lower_bound":0.0005017971899858864,"upper_bound":0.003969900181543418},"point_estimate":0.0025248670504884885,"standard_error":0.0008370146212324639}}