{"mean":{"confidence_interval":{"confidence_level":0.95,"lower_bound":0.004702352391498183,"upper_bound":0.009968548744745703},"point_estimate":0.007190355606595089,"standard_error":0.0013452804528350738},"median":{"confidence_interval":{"confidence_level":0.95,"lower_bound":0.002840927790139336,"upper_bound":0.008803711687383142},"point_estimate":0.005619324435186757,"standard_error":0.0015333716234909223}}