{"mean":{"confidence_interval":{"confidence_level":0.95,"lower_bound":-0.1463382884731108,"upper_bound":-0.13537726522449434},"point_estimate":-0.14107323479196154,"standard_error":0.002795253576855812},"median":{"confidence_interval":{"confidence_level":0.95,"lower_bound":-0.156842294571052,"upper_bound":-0.14283647087163642},"point_estimate":-0.15305640407363585,"standard_error":0.0035992995266953035}}