{"mean":{"confidence_interval":{"confidence_level":0.95,"lower_bound":-0.0012938724771708455,"upper_bound":0.0041834813411945615},"point_estimate":0.001405324629660143,"standard_error":0.0013940682277739033},"median":{"confidence_interval":{"confidence_level":0.95,"lower_bound":-0.0023452039063001084,"upper_bound":0.006484274825870218},"point_estimate":0.0019243911858293217,"standard_error":0.002355209219408982}}