{"mean":{"confidence_interval":{"confidence_level":0.95,"lower_bound":0.002961915420378369,"upper_bound":0.009828194837778689},"point_estimate":0.006542344362943986,"standard_error":0.0017542210031772614},"median":{"confidence_interval":{"confidence_level":0.95,"lower_bound":0.002517982325223489,"upper_bound":0.009630007278316421},"point_estimate":0.0056941065737021734,"standard_error":0.0018184733825484186}}