{"mean":{"confidence_interval":{"confidence_level":0.95,"lower_bound":-0.0038842817974949085,"upper_bound":0.0023226435432703416},"point_estimate":-0.000772072389859324,"standard_error":0.0015812706822407134},"median":{"confidence_interval":{"confidence_level":0.95,"lower_bound":-0.00562613341588436,"upper_bound":0.0011162463900804553},"point_estimate":-0.0026763327405481263,"standard_error":0.0017706865703538924}}