{"mean":{"confidence_interval":{"confidence_level":0.95,"lower_bound":-0.0007442994125776943,"upper_bound":0.00810307433079515},"point_estimate":0.003538190510096628,"standard_error":0.0023101182404605732},"median":{"confidence_interval":{"confidence_level":0.95,"lower_bound":-0.00465261233206149,"upper_bound":0.00661369957046376},"point_estimate":-0.0011538350902240424,"standard_error":0.00277305098311708}}