{"mean":{"confidence_interval":{"confidence_level":0.95,"lower_bound":-0.013016955153799296,"upper_bound":-0.0039060622579563343},"point_estimate":-0.008205284687435865,"standard_error":0.0023227946982264254},"median":{"confidence_interval":{"confidence_level":0.95,"lower_bound":-0.011800018636978216,"upper_bound":-0.0021706685086191335},"point_estimate":-0.005027122704126086,"standard_error":0.0026262498158702617}}