{"mean":{"confidence_interval":{"confidence_level":0.95,"lower_bound":-0.004309733229783981,"upper_bound":0.0014460735216231379},"point_estimate":-0.0014536867029907308,"standard_error":0.0014633913738936095},"median":{"confidence_interval":{"confidence_level":0.95,"lower_bound":-0.0021565276549911916,"upper_bound":0.0020923953574005782},"point_estimate":0.00023751220853784893,"standard_error":0.0009856349181236491}}