{"mean":{"confidence_interval":{"confidence_level":0.95,"lower_bound":-0.0010685915592773705,"upper_bound":0.005423455880158563},"point_estimate":0.002015473580231353,"standard_error":0.0016816554479690317},"median":{"confidence_interval":{"confidence_level":0.95,"lower_bound":-0.002825433593478507,"upper_bound":0.00809629960972913},"point_estimate":0.0023052533544012377,"standard_error":0.0027931949646052908}}