{"mean":{"confidence_interval":{"confidence_level":0.95,"lower_bound":8107.776394621542,"upper_bound":8154.13441854705},"point_estimate":8131.8139320455675,"standard_error":11.827326792792816},"median":{"confidence_interval":{"confidence_level":0.95,"lower_bound":8125.211300309597,"upper_bound":8166.957527766352},"point_estimate":8143.144777179339,"standard_error":9.102537910617318},"median_abs_dev":{"confidence_interval":{"confidence_level":0.95,"lower_bound":55.57061747550853,"upper_bound":96.32878084384798},"point_estimate":71.19076738485639,"standard_error":10.281596101232823},"slope":{"confidence_interval":{"confidence_level":0.95,"lower_bound":8136.76090103866,"upper_bound":8160.7339960630825},"point_estimate":8148.258975304027,"standard_error":6.127487572853773},"std_dev":{"confidence_interval":{"confidence_level":0.95,"lower_bound":91.55339316242821,"upper_bound":142.65693593281415},"point_estimate":119.15232829358108,"standard_error":13.10472504639274}}