{"mean":{"confidence_interval":{"confidence_level":0.95,"lower_bound":9737.860000137038,"upper_bound":10030.401542575206},"point_estimate":9861.722932872217,"standard_error":75.75560657573254},"median":{"confidence_interval":{"confidence_level":0.95,"lower_bound":9693.009673882287,"upper_bound":9740.047846889953},"point_estimate":9719.88777131508,"standard_error":11.964971820965296},"median_abs_dev":{"confidence_interval":{"confidence_level":0.95,"lower_bound":57.98763335694835,"upper_bound":98.00695203993291},"point_estimate":82.94514301582073,"standard_error":9.775584681533312},"slope":{"confidence_interval":{"confidence_level":0.95,"lower_bound":9744.583146536539,"upper_bound":10206.51176962709},"point_estimate":9943.539592293871,"standard_error":119.90950719456674},"std_dev":{"confidence_interval":{"confidence_level":0.95,"lower_bound":184.24730827478106,"upper_bound":1191.706798933452},"point_estimate":760.4988987468779,"standard_error":256.6214034456333}}