{"mean":{"confidence_interval":{"confidence_level":0.95,"lower_bound":16898.987829957754,"upper_bound":17551.67734087167},"point_estimate":17188.569587403228,"standard_error":167.69238768495654},"median":{"confidence_interval":{"confidence_level":0.95,"lower_bound":16611.08413926499,"upper_bound":16966.922865013774},"point_estimate":16782.945776169658,"standard_error":88.06540729171864},"median_abs_dev":{"confidence_interval":{"confidence_level":0.95,"lower_bound":456.3653123308135,"upper_bound":724.9056412750199},"point_estimate":643.6630187460735,"standard_error":74.4472411600522},"slope":{"confidence_interval":{"confidence_level":0.95,"lower_bound":16834.06307375674,"upper_bound":17444.91728703938},"point_estimate":17116.11537622419,"standard_error":156.0367838135936},"std_dev":{"confidence_interval":{"confidence_level":0.95,"lower_bound":800.5294045946316,"upper_bound":2451.6956284356793},"point_estimate":1679.5498263497086,"standard_error":434.64604388487766}}