{"mean":{"confidence_interval":{"confidence_level":0.95,"lower_bound":8107.151250561499,"upper_bound":8208.63855072937},"point_estimate":8149.682309651898,"standard_error":26.26251719199881},"median":{"confidence_interval":{"confidence_level":0.95,"lower_bound":8114.636165577342,"upper_bound":8137.582681348402},"point_estimate":8126.787848949956,"standard_error":7.00166027912565},"median_abs_dev":{"confidence_interval":{"confidence_level":0.95,"lower_bound":40.98423445068822,"upper_bound":77.56533269062106},"point_estimate":60.865808837423664,"standard_error":9.846234267570436},"slope":{"confidence_interval":{"confidence_level":0.95,"lower_bound":8109.28356022463,"upper_bound":8299.620050428353},"point_estimate":8174.79850120394,"standard_error":53.47456067861169},"std_dev":{"confidence_interval":{"confidence_level":0.95,"lower_bound":103.4131718986729,"upper_bound":418.2696270360202},"point_estimate":263.4617269833344,"standard_error":97.30530855574311}}