{"mean":{"confidence_interval":{"confidence_level":0.95,"lower_bound":9098.76498310844,"upper_bound":9218.115326003805},"point_estimate":9149.001657190885,"standard_error":30.893596556145745},"median":{"confidence_interval":{"confidence_level":0.95,"lower_bound":9102.739682539683,"upper_bound":9124.022684024876},"point_estimate":9110.381970749158,"standard_error":5.473711567818166},"median_abs_dev":{"confidence_interval":{"confidence_level":0.95,"lower_bound":30.40825996777823,"upper_bound":50.266417944924534},"point_estimate":40.095220265178696,"standard_error":5.008815758875989},"slope":{"confidence_interval":{"confidence_level":0.95,"lower_bound":9104.209028702568,"upper_bound":9220.77885020921},"point_estimate":9145.385993136628,"standard_error":32.24413157406098},"std_dev":{"confidence_interval":{"confidence_level":0.95,"lower_bound":87.4387693087892,"upper_bound":489.225680939841},"point_estimate":310.3790878745453,"standard_error":108.4490372179009}}