{"mean":{"confidence_interval":{"confidence_level":0.95,"lower_bound":8533.234772586782,"upper_bound":8685.871061501568},"point_estimate":8594.727760192338,"standard_error":40.241877684954055},"median":{"confidence_interval":{"confidence_level":0.95,"lower_bound":8532.568530607878,"upper_bound":8551.204948607428},"point_estimate":8542.467766794218,"standard_error":5.273034626535068},"median_abs_dev":{"confidence_interval":{"confidence_level":0.95,"lower_bound":28.474452635291374,"upper_bound":53.811802856976556},"point_estimate":36.98610226747289,"standard_error":6.333769091665213},"slope":{"confidence_interval":{"confidence_level":0.95,"lower_bound":8548.43009063766,"upper_bound":8707.09072122907},"point_estimate":8614.6965562657,"standard_error":40.87060165333198},"std_dev":{"confidence_interval":{"confidence_level":0.95,"lower_bound":130.44106161866736,"upper_bound":657.8502591974075},"point_estimate":404.6130887285097,"standard_error":170.0538340923814}}