{"mean":{"confidence_interval":{"confidence_level":0.95,"lower_bound":9133.636608296696,"upper_bound":9341.041298502714},"point_estimate":9210.542162092588,"standard_error":57.325350423045975},"median":{"confidence_interval":{"confidence_level":0.95,"lower_bound":9142.080808080807,"upper_bound":9163.254428341384},"point_estimate":9150.393402777778,"standard_error":4.911174074630363},"median_abs_dev":{"confidence_interval":{"confidence_level":0.95,"lower_bound":26.99386623439677,"upper_bound":46.20725274785968},"point_estimate":34.95481645953214,"standard_error":4.98499186943043},"slope":{"confidence_interval":{"confidence_level":0.95,"lower_bound":9158.001161168067,"upper_bound":9292.380304294138},"point_estimate":9213.645765069045,"standard_error":34.97401011969974},"std_dev":{"confidence_interval":{"confidence_level":0.95,"lower_bound":99.21731061439405,"upper_bound":967.5150126648471},"point_estimate":574.7369078534654,"standard_error":290.0224021299334}}