{"mean":{"confidence_interval":{"confidence_level":0.95,"lower_bound":14802.284067737972,"upper_bound":14894.098606695812},"point_estimate":14839.949692118378,"standard_error":23.850501166662543},"median":{"confidence_interval":{"confidence_level":0.95,"lower_bound":14808.84697217676,"upper_bound":14836.219970505685},"point_estimate":14820.443201997066,"standard_error":7.103619286750288},"median_abs_dev":{"confidence_interval":{"confidence_level":0.95,"lower_bound":49.456953612124295,"upper_bound":89.7172168096253},"point_estimate":62.749067781778606,"standard_error":10.234236945447437},"slope":{"confidence_interval":{"confidence_level":0.95,"lower_bound":14803.477099531188,"upper_bound":14859.598934753485},"point_estimate":14824.993929590433,"standard_error":14.728976146140562},"std_dev":{"confidence_interval":{"confidence_level":0.95,"lower_bound":85.95800411112991,"upper_bound":386.51294052843963},"point_estimate":239.87186407928903,"standard_error":94.91019258145765}}