{"mean":{"confidence_interval":{"confidence_level":0.95,"lower_bound":9470.262665880675,"upper_bound":9688.228205497957},"point_estimate":9567.46884943449,"standard_error":56.172824148688676},"median":{"confidence_interval":{"confidence_level":0.95,"lower_bound":9430.943319838058,"upper_bound":9471.839816933638},"point_estimate":9449.57948442535,"standard_error":9.51097323256169},"median_abs_dev":{"confidence_interval":{"confidence_level":0.95,"lower_bound":58.27703505002395,"upper_bound":88.73434747876173},"point_estimate":72.10966296052483,"standard_error":7.410660137111831},"slope":{"confidence_interval":{"confidence_level":0.95,"lower_bound":9473.916384965361,"upper_bound":9803.808666666406},"point_estimate":9622.701139897179,"standard_error":84.89195969249751},"std_dev":{"confidence_interval":{"confidence_level":0.95,"lower_bound":249.37069809963768,"upper_bound":799.0239325064155},"point_estimate":565.3913151878684,"standard_error":139.03861485023836}}