{"mean":{"confidence_interval":{"confidence_level":0.95,"lower_bound":7879.401145617349,"upper_bound":8067.433862306293},"point_estimate":7957.793305126381,"standard_error":49.05142016047917},"median":{"confidence_interval":{"confidence_level":0.95,"lower_bound":7871.736364534616,"upper_bound":7902.444444444444},"point_estimate":7885.776594469309,"standard_error":7.953067444310342},"median_abs_dev":{"confidence_interval":{"confidence_level":0.95,"lower_bound":42.06864498668217,"upper_bound":73.2970052183261},"point_estimate":61.229574919008904,"standard_error":8.038407173851512},"slope":{"confidence_interval":{"confidence_level":0.95,"lower_bound":7904.331946681232,"upper_bound":8043.941012146594},"point_estimate":7964.111232886238,"standard_error":35.81078960074898},"std_dev":{"confidence_interval":{"confidence_level":0.95,"lower_bound":109.47288270042397,"upper_bound":777.7187704324031},"point_estimate":492.6912126814591,"standard_error":180.27755516738875}}