{"mean":{"confidence_interval":{"confidence_level":0.95,"lower_bound":8590.38994822664,"upper_bound":8632.496399137732},"point_estimate":8611.232563176012,"standard_error":10.683932862500834},"median":{"confidence_interval":{"confidence_level":0.95,"lower_bound":8596.088983050848,"upper_bound":8629.728723404256},"point_estimate":8611.046630184332,"standard_error":8.867980108856061},"median_abs_dev":{"confidence_interval":{"confidence_level":0.95,"lower_bound":45.84883686459243,"upper_bound":72.71411304635184},"point_estimate":58.71049033485207,"standard_error":6.944092668806385},"slope":{"confidence_interval":{"confidence_level":0.95,"lower_bound":8589.107290766651,"upper_bound":8636.360894299067},"point_estimate":8608.66323426186,"standard_error":12.304435230002898},"std_dev":{"confidence_interval":{"confidence_level":0.95,"lower_bound":77.54627698028327,"upper_bound":136.0366954368174},"point_estimate":107.7852998783681,"standard_error":14.93673294238895}}