{"mean":{"confidence_interval":{"confidence_level":0.95,"lower_bound":9541.50689312615,"upper_bound":9719.037196343403},"point_estimate":9620.634411070474,"standard_error":45.6740589484762},"median":{"confidence_interval":{"confidence_level":0.95,"lower_bound":9508.9105349723,"upper_bound":9567.988558352403},"point_estimate":9526.699656750572,"standard_error":13.86815157136645},"median_abs_dev":{"confidence_interval":{"confidence_level":0.95,"lower_bound":72.81975494583128,"upper_bound":107.91977895013038},"point_estimate":94.13995338941055,"standard_error":8.981179763129001},"slope":{"confidence_interval":{"confidence_level":0.95,"lower_bound":9516.727927952368,"upper_bound":9794.822051213827},"point_estimate":9638.898020579749,"standard_error":71.57113867895659},"std_dev":{"confidence_interval":{"confidence_level":0.95,"lower_bound":211.86342861021518,"upper_bound":646.6924976073567},"point_estimate":459.1129407571912,"standard_error":112.95103390088607}}