{"mean":{"confidence_interval":{"confidence_level":0.95,"lower_bound":13379.521976213438,"upper_bound":13449.573689030249},"point_estimate":13412.25183543572,"standard_error":17.839197243980013},"median":{"confidence_interval":{"confidence_level":0.95,"lower_bound":13378.623869801086,"upper_bound":13412.661616161617},"point_estimate":13397.234883004927,"standard_error":8.068232698803577},"median_abs_dev":{"confidence_interval":{"confidence_level":0.95,"lower_bound":61.17723937004733,"upper_bound":125.86214776549981},"point_estimate":85.21379942453365,"standard_error":17.11348448485783},"slope":{"confidence_interval":{"confidence_level":0.95,"lower_bound":13374.485251595159,"upper_bound":13483.24780187676},"point_estimate":13415.85723658933,"standard_error":29.92592123616741},"std_dev":{"confidence_interval":{"confidence_level":0.95,"lower_bound":114.29927760394618,"upper_bound":246.98397999372193},"point_estimate":178.56434031027572,"standard_error":35.80899074848301}}