{"mean":{"confidence_interval":{"confidence_level":0.95,"lower_bound":50198.56012652728,"upper_bound":50338.056174226935},"point_estimate":50257.5443763491,"standard_error":36.18287303901457},"median":{"confidence_interval":{"confidence_level":0.95,"lower_bound":50202.64503161698,"upper_bound":50249.36451525055},"point_estimate":50223.09878167641,"standard_error":11.124038766624311},"median_abs_dev":{"confidence_interval":{"confidence_level":0.95,"lower_bound":86.6075515932521,"upper_bound":145.57097862904612},"point_estimate":125.30352453816106,"standard_error":15.959980723395566},"slope":{"confidence_interval":{"confidence_level":0.95,"lower_bound":50224.45072903459,"upper_bound":50277.58612478087},"point_estimate":50248.745640773035,"standard_error":13.571548545563568},"std_dev":{"confidence_interval":{"confidence_level":0.95,"lower_bound":130.22150047863397,"upper_bound":576.2377287527147},"point_estimate":364.32758521985005,"standard_error":128.8209322995258}}