{"mean":{"confidence_interval":{"confidence_level":0.95,"lower_bound":8539.53629600003,"upper_bound":8640.618297362927},"point_estimate":8583.161376573953,"standard_error":26.20146976758461},"median":{"confidence_interval":{"confidence_level":0.95,"lower_bound":8557.09206081081,"upper_bound":8579.69429347826},"point_estimate":8568.988753607504,"standard_error":5.628521561774914},"median_abs_dev":{"confidence_interval":{"confidence_level":0.95,"lower_bound":30.998449865389166,"upper_bound":61.518530652945415},"point_estimate":40.73780382221432,"standard_error":7.87531411905275},"slope":{"confidence_interval":{"confidence_level":0.95,"lower_bound":8560.94009765822,"upper_bound":8702.335401171278},"point_estimate":8617.214712945175,"standard_error":37.36956388799971},"std_dev":{"confidence_interval":{"confidence_level":0.95,"lower_bound":90.98421087810796,"upper_bound":399.31834387206294},"point_estimate":262.9056831050628,"standard_error":82.36176835571817}}