{"mean":{"confidence_interval":{"confidence_level":0.95,"lower_bound":6675.9884693395425,"upper_bound":6733.880703523996},"point_estimate":6701.225447268856,"standard_error":14.943872515802946},"median":{"confidence_interval":{"confidence_level":0.95,"lower_bound":6661.743948359333,"upper_bound":6697.0329670329675},"point_estimate":6678.373367808662,"standard_error":9.387151110057689},"median_abs_dev":{"confidence_interval":{"confidence_level":0.95,"lower_bound":53.90581442759622,"upper_bound":85.8029063458357},"point_estimate":64.87462152300829,"standard_error":8.21381659228904},"slope":{"confidence_interval":{"confidence_level":0.95,"lower_bound":6668.3974013716415,"upper_bound":6745.921354493142},"point_estimate":6699.406738129611,"standard_error":20.416058867027385},"std_dev":{"confidence_interval":{"confidence_level":0.95,"lower_bound":62.623020672002404,"upper_bound":228.12937699410722},"point_estimate":150.11835949402303,"standard_error":44.62602739147919}}