{"mean":{"confidence_interval":{"confidence_level":0.95,"lower_bound":21850.566057025586,"upper_bound":21923.045239644256},"point_estimate":21881.993695872836,"standard_error":18.72382815015974},"median":{"confidence_interval":{"confidence_level":0.95,"lower_bound":21831.486956521738,"upper_bound":21857.885365853657},"point_estimate":21842.068428912782,"standard_error":7.454435025465602},"median_abs_dev":{"confidence_interval":{"confidence_level":0.95,"lower_bound":34.28968623739178,"upper_bound":63.599559105456215},"point_estimate":48.16815252946159,"standard_error":7.482309659184191},"slope":{"confidence_interval":{"confidence_level":0.95,"lower_bound":21853.93447921442,"upper_bound":21888.24587797359},"point_estimate":21870.13471346239,"standard_error":8.752930052039732},"std_dev":{"confidence_interval":{"confidence_level":0.95,"lower_bound":65.47622521399198,"upper_bound":289.8998702057002},"point_estimate":188.42758282957976,"standard_error":58.771878615471785}}