{"mean":{"confidence_interval":{"confidence_level":0.95,"lower_bound":6548.851267981376,"upper_bound":6667.050706441258},"point_estimate":6596.030214525065,"standard_error":31.018528257832255},"median":{"confidence_interval":{"confidence_level":0.95,"lower_bound":6523.31240981241,"upper_bound":6546.636212624585},"point_estimate":6535.177098364598,"standard_error":7.102239047896724},"median_abs_dev":{"confidence_interval":{"confidence_level":0.95,"lower_bound":27.640862236549665,"upper_bound":48.797324839003146},"point_estimate":33.92006464245421,"standard_error":5.554689821564045},"slope":{"confidence_interval":{"confidence_level":0.95,"lower_bound":6545.968585284699,"upper_bound":6755.812697951958},"point_estimate":6619.714035972894,"standard_error":58.473459743526014},"std_dev":{"confidence_interval":{"confidence_level":0.95,"lower_bound":73.2837088125511,"upper_bound":507.2830215943127},"point_estimate":311.9554511384506,"standard_error":128.48452605844648}}