{"mean":{"confidence_interval":{"confidence_level":0.95,"lower_bound":6589.733868941551,"upper_bound":6662.0886127134245},"point_estimate":6617.181608799134,"standard_error":19.98567469417256},"median":{"confidence_interval":{"confidence_level":0.95,"lower_bound":6574.534013605442,"upper_bound":6597.16472303207},"point_estimate":6582.523942389456,"standard_error":5.775654344518654},"median_abs_dev":{"confidence_interval":{"confidence_level":0.95,"lower_bound":28.756001075175533,"upper_bound":52.359695888121834},"point_estimate":34.669875199703775,"standard_error":5.757235402398219},"slope":{"confidence_interval":{"confidence_level":0.95,"lower_bound":6608.898677419605,"upper_bound":6706.754791294948},"point_estimate":6646.571447148979,"standard_error":26.48800819529363},"std_dev":{"confidence_interval":{"confidence_level":0.95,"lower_bound":44.69615335251103,"upper_bound":337.2761926987221},"point_estimate":201.33198006654717,"standard_error":99.69558781971169}}