{"mean":{"confidence_interval":{"confidence_level":0.95,"lower_bound":29569.11943709235,"upper_bound":29607.67855972371},"point_estimate":29588.59528137665,"standard_error":9.832416762138239},"median":{"confidence_interval":{"confidence_level":0.95,"lower_bound":29581.286201387265,"upper_bound":29608.118855993103},"point_estimate":29596.2866419295,"standard_error":7.571202892748414},"median_abs_dev":{"confidence_interval":{"confidence_level":0.95,"lower_bound":46.83113226307375,"upper_bound":93.06912588351658},"point_estimate":67.06999880926975,"standard_error":12.575413691460806},"slope":{"confidence_interval":{"confidence_level":0.95,"lower_bound":29568.434009523502,"upper_bound":29606.02229504984},"point_estimate":29588.327468597607,"standard_error":9.592830535739264},"std_dev":{"confidence_interval":{"confidence_level":0.95,"lower_bound":74.49925637845412,"upper_bound":122.22961859045866},"point_estimate":99.46247455187228,"standard_error":12.225700247338422}}