{"mean":{"confidence_interval":{"confidence_level":0.95,"lower_bound":6628.805748256155,"upper_bound":6661.180744693885},"point_estimate":6642.733864584419,"standard_error":8.357031304812581},"median":{"confidence_interval":{"confidence_level":0.95,"lower_bound":6619.212557870371,"upper_bound":6635.327419354839},"point_estimate":6628.314252873563,"standard_error":4.6421518178956545},"median_abs_dev":{"confidence_interval":{"confidence_level":0.95,"lower_bound":24.326461607333886,"upper_bound":44.887689530790865},"point_estimate":33.37363829274348,"standard_error":5.194655000841695},"slope":{"confidence_interval":{"confidence_level":0.95,"lower_bound":6625.328431297802,"upper_bound":6660.844719371839},"point_estimate":6639.976812373775,"standard_error":9.162603229738261},"std_dev":{"confidence_interval":{"confidence_level":0.95,"lower_bound":38.08507822218788,"upper_bound":129.84961079171464},"point_estimate":84.23709349165358,"standard_error":27.530320795056795}}