{"mean":{"confidence_interval":{"confidence_level":0.95,"lower_bound":6772.1510138759095,"upper_bound":6811.5058651855525},"point_estimate":6790.571901328992,"standard_error":10.06904668307825},"median":{"confidence_interval":{"confidence_level":0.95,"lower_bound":6756.20424403183,"upper_bound":6798.605098389982},"point_estimate":6787.353634850167,"standard_error":11.74280652894133},"median_abs_dev":{"confidence_interval":{"confidence_level":0.95,"lower_bound":58.08930783587231,"upper_bound":87.57382241961272},"point_estimate":72.9425848318656,"standard_error":7.64686681360106},"slope":{"confidence_interval":{"confidence_level":0.95,"lower_bound":6748.762838538024,"upper_bound":6798.687173930742},"point_estimate":6771.164690181992,"standard_error":12.70561225350751},"std_dev":{"confidence_interval":{"confidence_level":0.95,"lower_bound":65.0378555828939,"upper_bound":137.1979956915772},"point_estimate":101.76903399316338,"standard_error":18.952716405168342}}