{"mean":{"confidence_interval":{"confidence_level":0.95,"lower_bound":6559.459994094316,"upper_bound":6600.340945468163},"point_estimate":6578.593053059259,"standard_error":10.479104951956364},"median":{"confidence_interval":{"confidence_level":0.95,"lower_bound":6538.011475409836,"upper_bound":6553.595714285714},"point_estimate":6545.086347031964,"standard_error":4.020638032526329},"median_abs_dev":{"confidence_interval":{"confidence_level":0.95,"lower_bound":20.464323209742503,"upper_bound":37.23275915257369},"point_estimate":26.94113602169903,"standard_error":4.1466955297957115},"slope":{"confidence_interval":{"confidence_level":0.95,"lower_bound":6551.375209224338,"upper_bound":6588.564424072447},"point_estimate":6567.747178956702,"standard_error":9.571088381639393},"std_dev":{"confidence_interval":{"confidence_level":0.95,"lower_bound":70.44241237034245,"upper_bound":134.46269050159125},"point_estimate":105.7023581437444,"standard_error":16.336613463328693}}