{"mean":{"confidence_interval":{"confidence_level":0.95,"lower_bound":20934.09000663624,"upper_bound":20948.89558256848},"point_estimate":20941.281346782533,"standard_error":3.76818018016961},"median":{"confidence_interval":{"confidence_level":0.95,"lower_bound":20929.740248226954,"upper_bound":20941.321428571428},"point_estimate":20936.02403846154,"standard_error":2.989709003168297},"median_abs_dev":{"confidence_interval":{"confidence_level":0.95,"lower_bound":19.01732878408554,"upper_bound":35.49946352311759},"point_estimate":26.441875043332324,"standard_error":4.216275296657495},"slope":{"confidence_interval":{"confidence_level":0.95,"lower_bound":20943.035717957257,"upper_bound":20961.140939533387},"point_estimate":20951.47667319344,"standard_error":4.6388926065010665},"std_dev":{"confidence_interval":{"confidence_level":0.95,"lower_bound":30.812699830282167,"upper_bound":44.1808327099752},"point_estimate":37.88048825685122,"standard_error":3.430864489289066}}