{"mean":{"confidence_interval":{"confidence_level":0.95,"lower_bound":6652.406867048999,"upper_bound":6691.218750435267},"point_estimate":6668.797274462435,"standard_error":10.054360366288618},"median":{"confidence_interval":{"confidence_level":0.95,"lower_bound":6641.838304552591,"upper_bound":6662.743572874494},"point_estimate":6652.403879026956,"standard_error":5.040627933270007},"median_abs_dev":{"confidence_interval":{"confidence_level":0.95,"lower_bound":31.78472744096348,"upper_bound":50.3022471715026},"point_estimate":39.1071265629606,"standard_error":4.680819765510379},"slope":{"confidence_interval":{"confidence_level":0.95,"lower_bound":6657.740784212364,"upper_bound":6684.428091607945},"point_estimate":6670.231990087643,"standard_error":6.801127033475844},"std_dev":{"confidence_interval":{"confidence_level":0.95,"lower_bound":42.960999737757184,"upper_bound":159.06743340302384},"point_estimate":101.24558830595875,"standard_error":36.53306843465748}}