{"mean":{"confidence_interval":{"confidence_level":0.95,"lower_bound":6624.393036029717,"upper_bound":6658.63653936299},"point_estimate":6640.721051847645,"standard_error":8.764354880120901},"median":{"confidence_interval":{"confidence_level":0.95,"lower_bound":6621.778316070831,"upper_bound":6655.586206896552},"point_estimate":6646.632503965107,"standard_error":9.388108303635008},"median_abs_dev":{"confidence_interval":{"confidence_level":0.95,"lower_bound":47.29516240145083,"upper_bound":105.34393458462017},"point_estimate":84.24114172154351,"standard_error":15.978373740505717},"slope":{"confidence_interval":{"confidence_level":0.95,"lower_bound":6661.720698184306,"upper_bound":6697.930959568808},"point_estimate":6677.707974446124,"standard_error":9.291529091814727},"std_dev":{"confidence_interval":{"confidence_level":0.95,"lower_bound":63.38819125671751,"upper_bound":112.22808461563513},"point_estimate":88.48586888776066,"standard_error":12.642471407264624}}