{"mean":{"confidence_interval":{"confidence_level":0.95,"lower_bound":33634.00023646014,"upper_bound":33681.72385400686},"point_estimate":33654.72070722024,"standard_error":12.325622797903911},"median":{"confidence_interval":{"confidence_level":0.95,"lower_bound":33624.5270794173,"upper_bound":33646.333333333336},"point_estimate":33637.946702944944,"standard_error":5.669453823583716},"median_abs_dev":{"confidence_interval":{"confidence_level":0.95,"lower_bound":42.53799535018834,"upper_bound":68.17362614325938},"point_estimate":54.504202477387985,"standard_error":6.646613115257797},"slope":{"confidence_interval":{"confidence_level":0.95,"lower_bound":33625.42572131434,"upper_bound":33647.07873831451},"point_estimate":33636.17871287129,"standard_error":5.526391297007838},"std_dev":{"confidence_interval":{"confidence_level":0.95,"lower_bound":50.78040879690595,"upper_bound":189.92725430120646},"point_estimate":124.18931703705721,"standard_error":37.992644066092396}}