{"mean":{"confidence_interval":{"confidence_level":0.95,"lower_bound":27815.56733284587,"upper_bound":27828.12845319192},"point_estimate":27821.714608258208,"standard_error":3.191901298559317},"median":{"confidence_interval":{"confidence_level":0.95,"lower_bound":27813.710884353743,"upper_bound":27822.469576719577},"point_estimate":27817.55330634278,"standard_error":2.219128357119949},"median_abs_dev":{"confidence_interval":{"confidence_level":0.95,"lower_bound":15.267956989091255,"upper_bound":27.419112637818245},"point_estimate":21.755018365999373,"standard_error":3.0823124942377254},"slope":{"confidence_interval":{"confidence_level":0.95,"lower_bound":27816.30968032506,"upper_bound":27826.661598451727},"point_estimate":27821.150448417975,"standard_error":2.6294198853319206},"std_dev":{"confidence_interval":{"confidence_level":0.95,"lower_bound":24.857387601925712,"upper_bound":38.735999819839016},"point_estimate":32.214826087630776,"standard_error":3.545527008048602}}