{"mean":{"confidence_interval":{"confidence_level":0.95,"lower_bound":27885.10190969978,"upper_bound":27937.462019681043},"point_estimate":27905.632397217345,"standard_error":13.970595383722113},"median":{"confidence_interval":{"confidence_level":0.95,"lower_bound":27878.543209876545,"upper_bound":27889.472789115647},"point_estimate":27885.743149506994,"standard_error":3.1684086200868053},"median_abs_dev":{"confidence_interval":{"confidence_level":0.95,"lower_bound":19.96308236916263,"upper_bound":44.31583731392477},"point_estimate":31.302123291443362,"standard_error":6.433505237550329},"slope":{"confidence_interval":{"confidence_level":0.95,"lower_bound":27880.40023382765,"upper_bound":27894.085732577238},"point_estimate":27886.87982773544,"standard_error":3.4848843636752456},"std_dev":{"confidence_interval":{"confidence_level":0.95,"lower_bound":36.83825952519396,"upper_bound":231.45068308655266},"point_estimate":140.54611425366417,"standard_error":62.63785675451632}}