{"mean":{"confidence_interval":{"confidence_level":0.95,"lower_bound":6613.6027779352335,"upper_bound":6655.201388233579},"point_estimate":6632.502855697837,"standard_error":10.672203545591422},"median":{"confidence_interval":{"confidence_level":0.95,"lower_bound":6597.777511961723,"upper_bound":6614.875598086124},"point_estimate":6606.459787720585,"standard_error":4.000739927389292},"median_abs_dev":{"confidence_interval":{"confidence_level":0.95,"lower_bound":25.01390315476557,"upper_bound":45.713167613738435},"point_estimate":34.763343712702486,"standard_error":5.573354930820352},"slope":{"confidence_interval":{"confidence_level":0.95,"lower_bound":6614.855145019849,"upper_bound":6669.831437310223},"point_estimate":6636.527473971278,"standard_error":14.586307088409798},"std_dev":{"confidence_interval":{"confidence_level":0.95,"lower_bound":57.81816441914926,"upper_bound":148.50750174753867},"point_estimate":107.48210053048307,"standard_error":23.08897053841664}}