{"mean":{"confidence_interval":{"confidence_level":0.95,"lower_bound":27869.969324487163,"upper_bound":27885.14693033683},"point_estimate":27877.35711143236,"standard_error":3.8775550775126386},"median":{"confidence_interval":{"confidence_level":0.95,"lower_bound":27863.825880758806,"upper_bound":27880.2865497076},"point_estimate":27873.471536941415,"standard_error":5.026075813422655},"median_abs_dev":{"confidence_interval":{"confidence_level":0.95,"lower_bound":26.348730719086326,"upper_bound":44.52209449576889},"point_estimate":35.55421475405954,"standard_error":4.7569756717924925},"slope":{"confidence_interval":{"confidence_level":0.95,"lower_bound":27867.5366070746,"upper_bound":27885.943833485588},"point_estimate":27876.25204472686,"standard_error":4.6918720786700865},"std_dev":{"confidence_interval":{"confidence_level":0.95,"lower_bound":31.786514508306762,"upper_bound":45.41805904307178},"point_estimate":38.92505338744079,"standard_error":3.4887972385893335}}