{"mean":{"confidence_interval":{"confidence_level":0.95,"lower_bound":27884.826487499708,"upper_bound":27904.603129513394},"point_estimate":27894.175375714327,"standard_error":5.053242651126374},"median":{"confidence_interval":{"confidence_level":0.95,"lower_bound":27879.433862433863,"upper_bound":27893.037037037036},"point_estimate":27886.961332595056,"standard_error":3.0257302746106913},"median_abs_dev":{"confidence_interval":{"confidence_level":0.95,"lower_bound":19.525774415251615,"upper_bound":39.66255624603988},"point_estimate":27.686868273843594,"standard_error":5.2174662411855826},"slope":{"confidence_interval":{"confidence_level":0.95,"lower_bound":27884.746162279138,"upper_bound":27895.752449376898},"point_estimate":27890.14898576425,"standard_error":2.813923043804572},"std_dev":{"confidence_interval":{"confidence_level":0.95,"lower_bound":35.11848194923176,"upper_bound":68.12523805351763},"point_estimate":51.03172155572317,"standard_error":8.78907209660502}}