{"mean":{"confidence_interval":{"confidence_level":0.95,"lower_bound":32957.71260055135,"upper_bound":33142.66900779545},"point_estimate":33051.22980481523,"standard_error":47.179656110441876},"median":{"confidence_interval":{"confidence_level":0.95,"lower_bound":33006.24528301887,"upper_bound":33208.97557471264},"point_estimate":33100.583214149505,"standard_error":54.89681561078835},"median_abs_dev":{"confidence_interval":{"confidence_level":0.95,"lower_bound":258.4697876584209,"upper_bound":453.0025490562366},"point_estimate":323.1571010374304,"standard_error":49.080933654366476},"slope":{"confidence_interval":{"confidence_level":0.95,"lower_bound":33021.75797123424,"upper_bound":33172.78048201322},"point_estimate":33098.02505135215,"standard_error":38.51928423324792},"std_dev":{"confidence_interval":{"confidence_level":0.95,"lower_bound":386.4532129844681,"upper_bound":550.3065867131133},"point_estimate":472.5354834176003,"standard_error":41.784023069370406}}