{"mean":{"confidence_interval":{"confidence_level":0.95,"lower_bound":184208.60174575823,"upper_bound":184474.992805769},"point_estimate":184346.62868515804,"standard_error":68.06198912638226},"median":{"confidence_interval":{"confidence_level":0.95,"lower_bound":184370.37179487178,"upper_bound":184647.66666666666},"point_estimate":184529.0583791209,"standard_error":73.27139984096657},"median_abs_dev":{"confidence_interval":{"confidence_level":0.95,"lower_bound":349.8665096068449,"upper_bound":636.6007179334724},"point_estimate":467.6597528848832,"standard_error":77.85239437705876},"slope":{"confidence_interval":{"confidence_level":0.95,"lower_bound":183989.6106246507,"upper_bound":184377.39667975283},"point_estimate":184188.68460075857,"standard_error":99.09023822917412},"std_dev":{"confidence_interval":{"confidence_level":0.95,"lower_bound":537.3891571596139,"upper_bound":823.242885847294},"point_estimate":686.5355889253013,"standard_error":73.09263835499597}}