{"mean":{"confidence_interval":{"confidence_level":0.95,"lower_bound":6594.261557458499,"upper_bound":6617.074555508189},"point_estimate":6605.319181107185,"standard_error":5.828185870969027},"median":{"confidence_interval":{"confidence_level":0.95,"lower_bound":6590.323611111111,"upper_bound":6616.688297872341},"point_estimate":6607.448719298245,"standard_error":6.86065128258176},"median_abs_dev":{"confidence_interval":{"confidence_level":0.95,"lower_bound":39.21243175505936,"upper_bound":66.23084394044669},"point_estimate":56.764100737402075,"standard_error":6.536897450216093},"slope":{"confidence_interval":{"confidence_level":0.95,"lower_bound":6607.154901083188,"upper_bound":6625.958833427206},"point_estimate":6616.224084527856,"standard_error":4.786201144651095},"std_dev":{"confidence_interval":{"confidence_level":0.95,"lower_bound":44.85600611986985,"upper_bound":72.61047446829511},"point_estimate":58.60015428559581,"standard_error":7.206586883760405}}