{"mean":{"confidence_interval":{"confidence_level":0.95,"lower_bound":6711.593361946704,"upper_bound":6746.96818116833},"point_estimate":6728.7937200627375,"standard_error":9.023108886339752},"median":{"confidence_interval":{"confidence_level":0.95,"lower_bound":6707.419732441472,"upper_bound":6741.363547008546},"point_estimate":6722.215331837973,"standard_error":7.844924363551726},"median_abs_dev":{"confidence_interval":{"confidence_level":0.95,"lower_bound":56.35828188405626,"upper_bound":97.45892587605312},"point_estimate":79.94075464493507,"standard_error":10.538133612428457},"slope":{"confidence_interval":{"confidence_level":0.95,"lower_bound":6686.177594869951,"upper_bound":6722.694907945235},"point_estimate":6703.705947187142,"standard_error":9.342041110970403},"std_dev":{"confidence_interval":{"confidence_level":0.95,"lower_bound":72.44163521137173,"upper_bound":107.6377483950166},"point_estimate":90.6802746055656,"standard_error":9.045353818635189}}