{"mean":{"confidence_interval":{"confidence_level":0.95,"lower_bound":21866.338910705384,"upper_bound":21899.308341306914},"point_estimate":21882.00888210098,"standard_error":8.434906867170671},"median":{"confidence_interval":{"confidence_level":0.95,"lower_bound":21851.575,"upper_bound":21878.20304232804},"point_estimate":21863.23560868561,"standard_error":7.301920565062049},"median_abs_dev":{"confidence_interval":{"confidence_level":0.95,"lower_bound":38.47565750405339,"upper_bound":79.35078041725008},"point_estimate":53.85100289061862,"standard_error":10.132643910416922},"slope":{"confidence_interval":{"confidence_level":0.95,"lower_bound":21872.732726351696,"upper_bound":21907.391165645284},"point_estimate":21889.248950954796,"standard_error":8.84789049030474},"std_dev":{"confidence_interval":{"confidence_level":0.95,"lower_bound":60.760343443326995,"upper_bound":110.9288687646279},"point_estimate":84.54137140221285,"standard_error":13.425164778286748}}