{"mean":{"confidence_interval":{"confidence_level":0.95,"lower_bound":6567.513343663908,"upper_bound":6595.596883419428},"point_estimate":6580.808661604824,"standard_error":7.181342521587289},"median":{"confidence_interval":{"confidence_level":0.95,"lower_bound":6544.988494318182,"upper_bound":6572.51774617208},"point_estimate":6557.652063622652,"standard_error":8.15647312549936},"median_abs_dev":{"confidence_interval":{"confidence_level":0.95,"lower_bound":27.31354576945867,"upper_bound":53.11245651909031},"point_estimate":37.46102492415949,"standard_error":6.7774954938864544},"slope":{"confidence_interval":{"confidence_level":0.95,"lower_bound":6585.384563632925,"upper_bound":6619.857348457371},"point_estimate":6602.611274231901,"standard_error":8.768772786226982},"std_dev":{"confidence_interval":{"confidence_level":0.95,"lower_bound":52.423971596962524,"upper_bound":89.39951662492858},"point_estimate":72.23107128143971,"standard_error":9.469558942801473}}