{"mean":{"confidence_interval":{"confidence_level":0.95,"lower_bound":6555.421297844002,"upper_bound":6582.922320726642},"point_estimate":6568.01137672837,"standard_error":7.053599023049648},"median":{"confidence_interval":{"confidence_level":0.95,"lower_bound":6545.579937304075,"upper_bound":6567.318181818182},"point_estimate":6554.261675980191,"standard_error":4.969657654616301},"median_abs_dev":{"confidence_interval":{"confidence_level":0.95,"lower_bound":31.872117291299624,"upper_bound":50.65439886830702},"point_estimate":40.08682146018441,"standard_error":4.895687938240005},"slope":{"confidence_interval":{"confidence_level":0.95,"lower_bound":6561.364694418582,"upper_bound":6592.184735970407},"point_estimate":6576.100387173045,"standard_error":7.852712657910282},"std_dev":{"confidence_interval":{"confidence_level":0.95,"lower_bound":37.87662091463715,"upper_bound":96.68364870244613},"point_estimate":70.99664756321354,"standard_error":14.542743592508893}}