{"mean":{"confidence_interval":{"confidence_level":0.95,"lower_bound":9031.59256735809,"upper_bound":9237.995187534236},"point_estimate":9124.538801226463,"standard_error":52.959065572181466},"median":{"confidence_interval":{"confidence_level":0.95,"lower_bound":9074.253787878788,"upper_bound":9124.853125},"point_estimate":9112.5271059414,"standard_error":17.0995183294968},"median_abs_dev":{"confidence_interval":{"confidence_level":0.95,"lower_bound":154.32441846916893,"upper_bound":418.0746898396373},"point_estimate":325.17539758326126,"standard_error":62.425036192213604},"slope":{"confidence_interval":{"confidence_level":0.95,"lower_bound":9052.686143009476,"upper_bound":9355.05638390234},"point_estimate":9174.36630707847,"standard_error":79.64867847878915},"std_dev":{"confidence_interval":{"confidence_level":0.95,"lower_bound":243.33785188094728,"upper_bound":750.4328799779395},"point_estimate":531.8815489047072,"standard_error":125.74247900238932}}