{"mean":{"confidence_interval":{"confidence_level":0.95,"lower_bound":12293.062729738705,"upper_bound":12415.909442737347},"point_estimate":12353.828816271995,"standard_error":31.306045290059274},"median":{"confidence_interval":{"confidence_level":0.95,"lower_bound":12121.438034188035,"upper_bound":12574.553333333333},"point_estimate":12158.984479044262,"standard_error":149.12982286768823},"median_abs_dev":{"confidence_interval":{"confidence_level":0.95,"lower_bound":128.51963528949625,"upper_bound":519.029565560159},"point_estimate":222.42158973143128,"standard_error":120.02517726586217},"slope":{"confidence_interval":{"confidence_level":0.95,"lower_bound":12243.05431507479,"upper_bound":12398.425658164299},"point_estimate":12323.86962982119,"standard_error":39.79227044920288},"std_dev":{"confidence_interval":{"confidence_level":0.95,"lower_bound":290.21863577776753,"upper_bound":334.93863350181357},"point_estimate":314.15249992566686,"standard_error":11.411984353589078}}