{"mean":{"confidence_interval":{"confidence_level":0.95,"lower_bound":8764.900379142386,"upper_bound":8936.51024153064},"point_estimate":8841.62039891687,"standard_error":43.997699215938454},"median":{"confidence_interval":{"confidence_level":0.95,"lower_bound":8833.266942947517,"upper_bound":8884.665799916458},"point_estimate":8868.94706879845,"standard_error":18.15701327252662},"median_abs_dev":{"confidence_interval":{"confidence_level":0.95,"lower_bound":87.77381615003728,"upper_bound":326.17042472252837},"point_estimate":147.32339761572268,"standard_error":71.35995472753439},"slope":{"confidence_interval":{"confidence_level":0.95,"lower_bound":8798.229272354572,"upper_bound":8899.127448278965},"point_estimate":8845.190402874243,"standard_error":25.748514828839802},"std_dev":{"confidence_interval":{"confidence_level":0.95,"lower_bound":215.3990294487231,"upper_bound":639.4455262690873},"point_estimate":441.49517589614385,"standard_error":112.17647299398368}}