{"mean":{"confidence_interval":{"confidence_level":0.95,"lower_bound":13749.255549745876,"upper_bound":14239.031790735213},"point_estimate":13968.882515691099,"standard_error":125.96344055154984},"median":{"confidence_interval":{"confidence_level":0.95,"lower_bound":13504.08510638298,"upper_bound":13676.395032193279},"point_estimate":13581.6361208577,"standard_error":45.00254986859619},"median_abs_dev":{"confidence_interval":{"confidence_level":0.95,"lower_bound":220.11635988029076,"upper_bound":455.0077654538422},"point_estimate":335.79081232710575,"standard_error":62.006454129230185},"slope":{"confidence_interval":{"confidence_level":0.95,"lower_bound":13519.429556122346,"upper_bound":13771.504758419827},"point_estimate":13627.399386893912,"standard_error":64.86665332367369},"std_dev":{"confidence_interval":{"confidence_level":0.95,"lower_bound":628.3081136682594,"upper_bound":1804.6185280861132},"point_estimate":1265.00403529099,"standard_error":302.79535793966716}}