{"mean":{"confidence_interval":{"confidence_level":0.95,"lower_bound":8699.709600551465,"upper_bound":8801.725717104904},"point_estimate":8749.48454813932,"standard_error":26.048847114468586},"median":{"confidence_interval":{"confidence_level":0.95,"lower_bound":8660.079081632653,"upper_bound":8874.419172932332},"point_estimate":8829.304271708683,"standard_error":49.4183857029793},"median_abs_dev":{"confidence_interval":{"confidence_level":0.95,"lower_bound":147.15624203031092,"upper_bound":326.0686420882461},"point_estimate":246.5501858232079,"standard_error":53.97585327501076},"slope":{"confidence_interval":{"confidence_level":0.95,"lower_bound":8756.120073794196,"upper_bound":8851.179717281211},"point_estimate":8807.91421309295,"standard_error":24.16325288938688},"std_dev":{"confidence_interval":{"confidence_level":0.95,"lower_bound":210.93229169424654,"upper_bound":327.29580245823735},"point_estimate":262.36919937120894,"standard_error":31.703399836482834}}