{"mean":{"confidence_interval":{"confidence_level":0.95,"lower_bound":12222.292297914231,"upper_bound":12422.083578468482},"point_estimate":12307.436641648097,"standard_error":51.482011565913844},"median":{"confidence_interval":{"confidence_level":0.95,"lower_bound":12224.771391799964,"upper_bound":12302.137355699855},"point_estimate":12260.418025493025,"standard_error":25.550751288283355},"median_abs_dev":{"confidence_interval":{"confidence_level":0.95,"lower_bound":189.27946374717564,"upper_bound":400.8920086347722},"point_estimate":345.66375530056257,"standard_error":53.937174573509054},"slope":{"confidence_interval":{"confidence_level":0.95,"lower_bound":12421.778900852654,"upper_bound":12574.915122821309},"point_estimate":12486.053763459928,"standard_error":40.02176913729155},"std_dev":{"confidence_interval":{"confidence_level":0.95,"lower_bound":237.70697488145404,"upper_bound":813.9740031474671},"point_estimate":516.8289605408816,"standard_error":185.55318986546226}}