{"mean":{"confidence_interval":{"confidence_level":0.95,"lower_bound":11591.034376385336,"upper_bound":11719.91235683312},"point_estimate":11654.986961825953,"standard_error":32.96888403888671},"median":{"confidence_interval":{"confidence_level":0.95,"lower_bound":11395.697580645161,"upper_bound":11850.917624521073},"point_estimate":11429.735615079366,"standard_error":160.2132858407849},"median_abs_dev":{"confidence_interval":{"confidence_level":0.95,"lower_bound":78.81031266008023,"upper_bound":596.0564960443982},"point_estimate":328.81177465973803,"standard_error":164.83770487416345},"slope":{"confidence_interval":{"confidence_level":0.95,"lower_bound":11541.531423432085,"upper_bound":11696.919639842064},"point_estimate":11621.730949214325,"standard_error":39.61527221763277},"std_dev":{"confidence_interval":{"confidence_level":0.95,"lower_bound":302.0092775657685,"upper_bound":354.1515429977593},"point_estimate":330.5856423600418,"standard_error":13.32687583865158}}