{"mean":{"confidence_interval":{"confidence_level":0.95,"lower_bound":12270.706576383725,"upper_bound":12388.786167996763},"point_estimate":12329.404711632518,"standard_error":30.12006485273478},"median":{"confidence_interval":{"confidence_level":0.95,"lower_bound":12095.563559322034,"upper_bound":12538.819444444445},"point_estimate":12124.9415015015,"standard_error":159.5409336871116},"median_abs_dev":{"confidence_interval":{"confidence_level":0.95,"lower_bound":88.9662714706262,"upper_bound":531.0482860484879},"point_estimate":262.34616592085155,"standard_error":143.29465443619557},"slope":{"confidence_interval":{"confidence_level":0.95,"lower_bound":12247.182193739047,"upper_bound":12397.558795697601},"point_estimate":12326.452581399932,"standard_error":38.280900818016804},"std_dev":{"confidence_interval":{"confidence_level":0.95,"lower_bound":281.19135505501214,"upper_bound":321.41431309818387},"point_estimate":302.9364871191226,"standard_error":10.245242173022303}}