{"mean":{"confidence_interval":{"confidence_level":0.95,"lower_bound":20618.280720067072,"upper_bound":21196.842437324496},"point_estimate":20897.898356587546,"standard_error":147.5743126132129},"median":{"confidence_interval":{"confidence_level":0.95,"lower_bound":20285.904761904763,"upper_bound":20843.723017408127},"point_estimate":20567.964141268236,"standard_error":149.0535325956093},"median_abs_dev":{"confidence_interval":{"confidence_level":0.95,"lower_bound":840.3886279677595,"upper_bound":1567.7165648658827},"point_estimate":1158.1156724393354,"standard_error":195.8676238911245},"slope":{"confidence_interval":{"confidence_level":0.95,"lower_bound":20100.918487373463,"upper_bound":20531.800944280832},"point_estimate":20302.549192932085,"standard_error":109.77278216126805},"std_dev":{"confidence_interval":{"confidence_level":0.95,"lower_bound":1177.9170446334638,"upper_bound":1752.2773886668615},"point_estimate":1481.274034450052,"standard_error":146.6554765997188}}