{"mean":{"confidence_interval":{"confidence_level":0.95,"lower_bound":9115.767659413887,"upper_bound":9192.199389305111},"point_estimate":9154.08629129682,"standard_error":19.50737437562786},"median":{"confidence_interval":{"confidence_level":0.95,"lower_bound":9044.031545489393,"upper_bound":9245.381904761905},"point_estimate":9209.485394157662,"standard_error":61.99369642283695},"median_abs_dev":{"confidence_interval":{"confidence_level":0.95,"lower_bound":129.5528718892469,"upper_bound":286.1303426642},"point_estimate":232.2043524334932,"standard_error":36.53350104567589},"slope":{"confidence_interval":{"confidence_level":0.95,"lower_bound":9148.415573914874,"upper_bound":9224.09455534151},"point_estimate":9187.939460406595,"standard_error":19.200350834607594},"std_dev":{"confidence_interval":{"confidence_level":0.95,"lower_bound":166.6412508686391,"upper_bound":223.2196603568726},"point_estimate":195.72613239794882,"standard_error":14.48816614829796}}