{"mean":{"confidence_interval":{"confidence_level":0.95,"lower_bound":11231.552426054111,"upper_bound":11373.185700168484},"point_estimate":11301.562430457876,"standard_error":36.3180924653524},"median":{"confidence_interval":{"confidence_level":0.95,"lower_bound":11008.993055555555,"upper_bound":11560.91411564626},"point_estimate":11046.11037447766,"standard_error":204.8497531336652},"median_abs_dev":{"confidence_interval":{"confidence_level":0.95,"lower_bound":79.19757230747145,"upper_bound":749.779456977929},"point_estimate":316.11268830106513,"standard_error":190.60188824555323},"slope":{"confidence_interval":{"confidence_level":0.95,"lower_bound":11178.710153582231,"upper_bound":11353.146185486665},"point_estimate":11269.796036155854,"standard_error":44.55358599129493},"std_dev":{"confidence_interval":{"confidence_level":0.95,"lower_bound":332.43186735803573,"upper_bound":392.8661196977246},"point_estimate":364.29106658531657,"standard_error":15.499415377255602}}