{"mean":{"confidence_interval":{"confidence_level":0.95,"lower_bound":9147.65718419019,"upper_bound":9345.840840023422},"point_estimate":9233.509614342835,"standard_error":51.114835915772},"median":{"confidence_interval":{"confidence_level":0.95,"lower_bound":9068.627819548872,"upper_bound":9230.710237052104},"point_estimate":9198.53042346442,"standard_error":36.7483784744561},"median_abs_dev":{"confidence_interval":{"confidence_level":0.95,"lower_bound":185.3390280797316,"upper_bound":316.04874666273287},"point_estimate":285.5953736151616,"standard_error":36.32118502193585},"slope":{"confidence_interval":{"confidence_level":0.95,"lower_bound":9152.578842759896,"upper_bound":9319.676481591043},"point_estimate":9227.02786168169,"standard_error":42.95649721745407},"std_dev":{"confidence_interval":{"confidence_level":0.95,"lower_bound":204.48950333659008,"upper_bound":790.9168765984164},"point_estimate":513.1415110298755,"standard_error":162.89594762553162}}