{"mean":{"confidence_interval":{"confidence_level":0.95,"lower_bound":13201.403471617847,"upper_bound":13334.525767956808},"point_estimate":13266.626747014863,"standard_error":34.06354158249816},"median":{"confidence_interval":{"confidence_level":0.95,"lower_bound":13100.528205128205,"upper_bound":13130.465625570776},"point_estimate":13111.515830995791,"standard_error":7.715023946015844},"median_abs_dev":{"confidence_interval":{"confidence_level":0.95,"lower_bound":47.83024328545791,"upper_bound":104.51553320866665},"point_estimate":67.53331130104431,"standard_error":14.567265519453981},"slope":{"confidence_interval":{"confidence_level":0.95,"lower_bound":13081.453675586385,"upper_bound":13112.663785485754},"point_estimate":13096.782600857101,"standard_error":7.951418105066792},"std_dev":{"confidence_interval":{"confidence_level":0.95,"lower_bound":278.3769536584368,"upper_bound":394.8079999756132},"point_estimate":342.5732876616956,"standard_error":29.54864527603788}}