{"mean":{"confidence_interval":{"confidence_level":0.95,"lower_bound":11298.471282909219,"upper_bound":11421.693380836497},"point_estimate":11359.535551373225,"standard_error":31.488091321449343},"median":{"confidence_interval":{"confidence_level":0.95,"lower_bound":11122.783593208595,"upper_bound":11607.386775362318},"point_estimate":11149.787323485692,"standard_error":176.6681092298113},"median_abs_dev":{"confidence_interval":{"confidence_level":0.95,"lower_bound":101.550003059912,"upper_bound":592.4226606755768},"point_estimate":294.67711102531274,"standard_error":142.37221410945256},"slope":{"confidence_interval":{"confidence_level":0.95,"lower_bound":11254.673391038663,"upper_bound":11402.707805051135},"point_estimate":11332.129268755234,"standard_error":37.87420075789968},"std_dev":{"confidence_interval":{"confidence_level":0.95,"lower_bound":293.02188006273576,"upper_bound":338.56812281416273},"point_estimate":317.3585019788445,"standard_error":11.60431458804514}}