{"mean":{"confidence_interval":{"confidence_level":0.95,"lower_bound":14591.858971151838,"upper_bound":14687.150354232537},"point_estimate":14637.367092271754,"standard_error":24.354764128984563},"median":{"confidence_interval":{"confidence_level":0.95,"lower_bound":14528.770454545454,"upper_bound":14545.954545454546},"point_estimate":14534.241216216216,"standard_error":4.635558648812654},"median_abs_dev":{"confidence_interval":{"confidence_level":0.95,"lower_bound":30.861385370290662,"upper_bound":64.21823292152587},"point_estimate":46.3632333468075,"standard_error":8.454024903613227},"slope":{"confidence_interval":{"confidence_level":0.95,"lower_bound":14525.767162839284,"upper_bound":14542.122516322368},"point_estimate":14533.608755430767,"standard_error":4.159906538836316},"std_dev":{"confidence_interval":{"confidence_level":0.95,"lower_bound":189.14648138904636,"upper_bound":294.21260597177127},"point_estimate":244.62608385207372,"standard_error":26.837110991221312}}