{"mean":{"confidence_interval":{"confidence_level":0.95,"lower_bound":11485.75953723819,"upper_bound":11625.977607508736},"point_estimate":11555.305349721917,"standard_error":35.80772594218725},"median":{"confidence_interval":{"confidence_level":0.95,"lower_bound":11270.249309010502,"upper_bound":11813.331578947369},"point_estimate":11304.41129101162,"standard_error":193.82536950865676},"median_abs_dev":{"confidence_interval":{"confidence_level":0.95,"lower_bound":101.07182991110157,"upper_bound":636.4872533854074},"point_estimate":202.86025732355043,"standard_error":161.60581279387787},"slope":{"confidence_interval":{"confidence_level":0.95,"lower_bound":11434.37295027888,"upper_bound":11586.298871012183},"point_estimate":11514.346459041426,"standard_error":38.900595006794276},"std_dev":{"confidence_interval":{"confidence_level":0.95,"lower_bound":333.774999284969,"upper_bound":381.8241183952458},"point_estimate":359.9478140590088,"standard_error":12.234331896249914}}