{"mean":{"confidence_interval":{"confidence_level":0.95,"lower_bound":9039.71287431411,"upper_bound":9165.639498307475},"point_estimate":9099.270157708464,"standard_error":32.04935349362046},"median":{"confidence_interval":{"confidence_level":0.95,"lower_bound":9106.07875,"upper_bound":9145.803768382353},"point_estimate":9127.541792084727,"standard_error":13.46215610743703},"median_abs_dev":{"confidence_interval":{"confidence_level":0.95,"lower_bound":148.64671955796032,"upper_bound":338.9119294518621},"point_estimate":255.89502513713936,"standard_error":50.49916355263629},"slope":{"confidence_interval":{"confidence_level":0.95,"lower_bound":9063.567818952797,"upper_bound":9257.403445541153},"point_estimate":9142.399824331314,"standard_error":51.809335050332415},"std_dev":{"confidence_interval":{"confidence_level":0.95,"lower_bound":209.99682010131446,"upper_bound":439.3023478635407},"point_estimate":321.53541232334305,"standard_error":61.13929072405954}}