{"mean":{"confidence_interval":{"confidence_level":0.95,"lower_bound":8821.561416566125,"upper_bound":8921.950794930184},"point_estimate":8871.254563260358,"standard_error":25.54239818307563},"median":{"confidence_interval":{"confidence_level":0.95,"lower_bound":8867.75964673913,"upper_bound":8941.76452020202},"point_estimate":8914.998330053852,"standard_error":22.682505885393763},"median_abs_dev":{"confidence_interval":{"confidence_level":0.95,"lower_bound":177.12562296875876,"upper_bound":360.65467287554554},"point_estimate":285.46603277329046,"standard_error":47.01076532656115},"slope":{"confidence_interval":{"confidence_level":0.95,"lower_bound":8862.129655254703,"upper_bound":8961.858473861608},"point_estimate":8911.692942773754,"standard_error":25.367213212959054},"std_dev":{"confidence_interval":{"confidence_level":0.95,"lower_bound":220.153172091817,"upper_bound":290.42603802920274},"point_estimate":256.6728084422503,"standard_error":17.960582705054797}}