{"mean":{"confidence_interval":{"confidence_level":0.95,"lower_bound":1852140.523346115,"upper_bound":1882456.723609968},"point_estimate":1864287.4913912704,"standard_error":8210.790315930808},"median":{"confidence_interval":{"confidence_level":0.95,"lower_bound":1850176.338393038,"upper_bound":1851926.8735632184},"point_estimate":1851171.3406451615,"standard_error":425.10574265787864},"median_abs_dev":{"confidence_interval":{"confidence_level":0.95,"lower_bound":2504.8132416209455,"upper_bound":4934.4233104733685},"point_estimate":3552.357020571418,"standard_error":671.2151483157438},"slope":{"confidence_interval":{"confidence_level":0.95,"lower_bound":1851788.0832360021,"upper_bound":1854424.07333314},"point_estimate":1853058.2633190483,"standard_error":673.1398673616297},"std_dev":{"confidence_interval":{"confidence_level":0.95,"lower_bound":5266.601967637533,"upper_bound":129209.05003583003},"point_estimate":81901.31050274808,"standard_error":33985.34499182763}}