{"mean":{"confidence_interval":{"confidence_level":0.95,"lower_bound":1807732.504384382,"upper_bound":1811010.2285189265},"point_estimate":1809134.6631941807,"standard_error":842.7332667033361},"median":{"confidence_interval":{"confidence_level":0.95,"lower_bound":1806898.8285714285,"upper_bound":1807626.3731343283},"point_estimate":1807127.5471428572,"standard_error":215.7281330263563},"median_abs_dev":{"confidence_interval":{"confidence_level":0.95,"lower_bound":1652.566782586331,"upper_bound":3262.6072557133703},"point_estimate":2343.6702944969397,"standard_error":402.50975711273446},"slope":{"confidence_interval":{"confidence_level":0.95,"lower_bound":1807536.2117520063,"upper_bound":1809563.035135021},"point_estimate":1808471.904176149,"standard_error":519.3571936298098},"std_dev":{"confidence_interval":{"confidence_level":0.95,"lower_bound":3746.0872547353065,"upper_bound":12961.44338350655},"point_estimate":8466.920326479669,"standard_error":2671.173956563083}}