{"mean":{"confidence_interval":{"confidence_level":0.95,"lower_bound":1940730.3226987312,"upper_bound":1945639.4240165062},"point_estimate":1942615.107032444,"standard_error":1317.024308403705},"median":{"confidence_interval":{"confidence_level":0.95,"lower_bound":1939778.4888888889,"upper_bound":1940800.5755208335},"point_estimate":1940117.1911461907,"standard_error":279.52236934215557},"median_abs_dev":{"confidence_interval":{"confidence_level":0.95,"lower_bound":2045.1256809644976,"upper_bound":3508.4019857135177},"point_estimate":2717.538150778164,"standard_error":390.95568297735764},"slope":{"confidence_interval":{"confidence_level":0.95,"lower_bound":1940064.7681737174,"upper_bound":1941703.4350422435},"point_estimate":1940839.3263691445,"standard_error":418.0305266163373},"std_dev":{"confidence_interval":{"confidence_level":0.95,"lower_bound":3296.1576356941905,"upper_bound":21920.79460626933},"point_estimate":13233.559052257531,"standard_error":6132.592685712925}}