{"mean":{"confidence_interval":{"confidence_level":0.95,"lower_bound":2355213.2177727274,"upper_bound":2357781.6711590914},"point_estimate":2356545.8009090913,"standard_error":651.828882963515},"median":{"confidence_interval":{"confidence_level":0.95,"lower_bound":2356837.0454545454,"upper_bound":2358616.590909091},"point_estimate":2357663.090909091,"standard_error":429.4616963869223},"median_abs_dev":{"confidence_interval":{"confidence_level":0.95,"lower_bound":3439.429766210486,"upper_bound":5724.859310409062},"point_estimate":4775.589297034398,"standard_error":582.2850548468798},"slope":null,"std_dev":{"confidence_interval":{"confidence_level":0.95,"lower_bound":5143.90262084441,"upper_bound":7841.911319233868},"point_estimate":6538.042051601578,"standard_error":690.4329282430647}}