{"mean":{"confidence_interval":{"confidence_level":0.95,"lower_bound":6365153.91928125,"upper_bound":6464219.7968125},"point_estimate":6412836.26875,"standard_error":25222.60006575389},"median":{"confidence_interval":{"confidence_level":0.95,"lower_bound":6353530.5625,"upper_bound":6427887.0},"point_estimate":6396493.125,"standard_error":16489.98514624203},"median_abs_dev":{"confidence_interval":{"confidence_level":0.95,"lower_bound":138632.64177627861,"upper_bound":225874.47663992643},"point_estimate":167367.28251613677,"standard_error":22149.6996961196},"slope":null,"std_dev":{"confidence_interval":{"confidence_level":0.95,"lower_bound":191356.9598554556,"upper_bound":322729.27896456537},"point_estimate":253512.978996864,"standard_error":34945.018585833815}}