{"mean":{"confidence_interval":{"confidence_level":0.95,"lower_bound":1964492.1736513823,"upper_bound":1969383.0058190292},"point_estimate":1966673.0374410544,"standard_error":1260.8046977403194},"median":{"confidence_interval":{"confidence_level":0.95,"lower_bound":1962838.1666666667,"upper_bound":1964189.1257142858},"point_estimate":1963295.4175595236,"standard_error":353.9952711498676},"median_abs_dev":{"confidence_interval":{"confidence_level":0.95,"lower_bound":2122.332395527442,"upper_bound":3998.6402466228815},"point_estimate":2928.8575597669956,"standard_error":513.0872935723252},"slope":{"confidence_interval":{"confidence_level":0.95,"lower_bound":1963925.5340783081,"upper_bound":1965977.0558398643},"point_estimate":1964885.38918871,"standard_error":520.9269016470281},"std_dev":{"confidence_interval":{"confidence_level":0.95,"lower_bound":5644.49628185787,"upper_bound":17765.83785438026},"point_estimate":12704.040658394973,"standard_error":3033.8628375041844}}