{"mean":{"confidence_interval":{"confidence_level":0.95,"lower_bound":1948407.6887332802,"upper_bound":1955328.1540608266},"point_estimate":1951356.474465167,"standard_error":1779.51519517554},"median":{"confidence_interval":{"confidence_level":0.95,"lower_bound":1946145.5555555555,"upper_bound":1950037.5938888888},"point_estimate":1947126.777124183,"standard_error":1011.6487096327213},"median_abs_dev":{"confidence_interval":{"confidence_level":0.95,"lower_bound":6080.674103234902,"upper_bound":10180.637459747077},"point_estimate":8385.703692853362,"standard_error":963.3007983896076},"slope":{"confidence_interval":{"confidence_level":0.95,"lower_bound":1948088.410285012,"upper_bound":1952472.9707553007},"point_estimate":1950164.8790956112,"standard_error":1121.0348129383788},"std_dev":{"confidence_interval":{"confidence_level":0.95,"lower_bound":8086.267378178969,"upper_bound":27526.06265962594},"point_estimate":17854.733120918878,"standard_error":5864.322780894358}}