{"mean":{"confidence_interval":{"confidence_level":0.95,"lower_bound":3351642.052390625,"upper_bound":3413358.0691874996},"point_estimate":3382045.910625,"standard_error":15750.199297823383},"median":{"confidence_interval":{"confidence_level":0.95,"lower_bound":3331034.5625,"upper_bound":3405190.875},"point_estimate":3368503.09375,"standard_error":16025.936665106263},"median_abs_dev":{"confidence_interval":{"confidence_level":0.95,"lower_bound":106858.21356929376,"upper_bound":161648.47511985328},"point_estimate":132913.4197153151,"standard_error":14039.951711978674},"slope":null,"std_dev":{"confidence_interval":{"confidence_level":0.95,"lower_bound":129776.33105791325,"upper_bound":185303.44777060807},"point_estimate":158714.50111647797,"standard_error":14195.078126478174}}