{"mean":{"confidence_interval":{"confidence_level":0.95,"lower_bound":1855376.7221870064,"upper_bound":1874792.76525173},"point_estimate":1864642.491752489,"standard_error":4942.477806145482},"median":{"confidence_interval":{"confidence_level":0.95,"lower_bound":1840190.06779661,"upper_bound":1859040.6984126985},"point_estimate":1847700.1852159468,"standard_error":5125.770131031326},"median_abs_dev":{"confidence_interval":{"confidence_level":0.95,"lower_bound":25258.15919665667,"upper_bound":46894.21899823015},"point_estimate":36050.98239064895,"standard_error":5729.617309089874},"slope":{"confidence_interval":{"confidence_level":0.95,"lower_bound":1856972.550827952,"upper_bound":1879509.9166011564},"point_estimate":1867567.6399527118,"standard_error":5772.987034156859},"std_dev":{"confidence_interval":{"confidence_level":0.95,"lower_bound":37265.64868698348,"upper_bound":61513.912870311244},"point_estimate":50006.70033267821,"standard_error":6214.268449568917}}