{"mean":{"confidence_interval":{"confidence_level":0.95,"lower_bound":1807330.5403897134,"upper_bound":1812143.8541626278},"point_estimate":1809431.5091235747,"standard_error":1240.683661245316},"median":{"confidence_interval":{"confidence_level":0.95,"lower_bound":1805922.3736263737,"upper_bound":1806577.6639705882},"point_estimate":1806156.9992022582,"standard_error":182.29798455706063},"median_abs_dev":{"confidence_interval":{"confidence_level":0.95,"lower_bound":1133.200579881553,"upper_bound":2228.685310289407},"point_estimate":1717.0443485303051,"standard_error":279.6174315827432},"slope":{"confidence_interval":{"confidence_level":0.95,"lower_bound":1806702.6258962874,"upper_bound":1810822.6133012797},"point_estimate":1808405.0686862716,"standard_error":1069.7804548274503},"std_dev":{"confidence_interval":{"confidence_level":0.95,"lower_bound":4856.86251612685,"upper_bound":18457.599875287968},"point_estimate":12438.504698695726,"standard_error":3487.132293179961}}