{"mean":{"confidence_interval":{"confidence_level":0.95,"lower_bound":2763216.178539474,"upper_bound":2765156.023894738},"point_estimate":2764082.1263157893,"standard_error":496.7466529195446},"median":{"confidence_interval":{"confidence_level":0.95,"lower_bound":2762894.8947368423,"upper_bound":2764273.8421052634},"point_estimate":2763784.4736842103,"standard_error":302.5843786128824},"median_abs_dev":{"confidence_interval":{"confidence_level":0.95,"lower_bound":2309.578632681084,"upper_bound":3515.166506014826},"point_estimate":2848.347659958,"standard_error":312.0302569064739},"slope":null,"std_dev":{"confidence_interval":{"confidence_level":0.95,"lower_bound":2777.65410419941,"upper_bound":7454.358657978182},"point_estimate":5002.266541630202,"standard_error":1413.0158852755526}}