{"mean":{"confidence_interval":{"confidence_level":0.95,"lower_bound":2425089.758011904,"upper_bound":2425919.2582499995},"point_estimate":2425470.1476190486,"standard_error":213.2807406961425},"median":{"confidence_interval":{"confidence_level":0.95,"lower_bound":2424827.095238095,"upper_bound":2425317.5714285714},"point_estimate":2425100.904761905,"standard_error":127.6776862180686},"median_abs_dev":{"confidence_interval":{"confidence_level":0.95,"lower_bound":907.2099838935895,"upper_bound":1687.3399700436132},"point_estimate":1408.4699749946594,"standard_error":199.38680113272648},"slope":null,"std_dev":{"confidence_interval":{"confidence_level":0.95,"lower_bound":1338.0324353039173,"upper_bound":3049.8223562042012},"point_estimate":2152.7310539745636,"standard_error":497.47239647239235}}