{"mean":{"confidence_interval":{"confidence_level":0.95,"lower_bound":3203266.703828125,"upper_bound":3214116.810203125},"point_estimate":3208822.60875,"standard_error":2775.899326225292},"median":{"confidence_interval":{"confidence_level":0.95,"lower_bound":3206649.21875,"upper_bound":3218399.375},"point_estimate":3213774.28125,"standard_error":2883.346612862826},"median_abs_dev":{"confidence_interval":{"confidence_level":0.95,"lower_bound":22179.046968743205,"upper_bound":37102.52765379846},"point_estimate":30277.795656211674,"standard_error":3773.2523354214754},"slope":null,"std_dev":{"confidence_interval":{"confidence_level":0.95,"lower_bound":23893.97492986675,"upper_bound":31581.99931754561},"point_estimate":27903.060142017253,"standard_error":1972.4607558962869}}