{"mean":{"confidence_interval":{"confidence_level":0.95,"lower_bound":3047243.621749999,"upper_bound":3100823.3730441174},"point_estimate":3072345.8647058816,"standard_error":13661.62981043741},"median":{"confidence_interval":{"confidence_level":0.95,"lower_bound":3019830.6176470593,"upper_bound":3053123.294117647},"point_estimate":3033190.0588235296,"standard_error":8434.27546306128},"median_abs_dev":{"confidence_interval":{"confidence_level":0.95,"lower_bound":57326.90827636176,"upper_bound":106673.63498263469},"point_estimate":78459.3214247151,"standard_error":12152.589729046711},"slope":null,"std_dev":{"confidence_interval":{"confidence_level":0.95,"lower_bound":94050.67743260642,"upper_bound":179061.808298797},"point_estimate":137529.31677452847,"standard_error":22062.522458201554}}