{"mean":{"confidence_interval":{"confidence_level":0.95,"lower_bound":3302498.655166666,"upper_bound":3378554.616766666},"point_estimate":3338385.672666665,"standard_error":19385.280216176943},"median":{"confidence_interval":{"confidence_level":0.95,"lower_bound":3265158.5666666664,"upper_bound":3336595.533333333},"point_estimate":3293201.966666667,"standard_error":17547.59690799095},"median_abs_dev":{"confidence_interval":{"confidence_level":0.95,"lower_bound":106273.35915327059,"upper_bound":170405.84027469135},"point_estimate":142720.60850620313,"standard_error":15820.80480023144},"slope":null,"std_dev":{"confidence_interval":{"confidence_level":0.95,"lower_bound":134726.92965444646,"upper_bound":250346.62353604703},"point_estimate":195240.49787521677,"standard_error":29693.095124142314}}