{"mean":{"confidence_interval":{"confidence_level":0.95,"lower_bound":2413519.078892857,"upper_bound":2414514.9066428565},"point_estimate":2413968.337142857,"standard_error":256.1666160404191},"median":{"confidence_interval":{"confidence_level":0.95,"lower_bound":2413103.4285714286,"upper_bound":2413722.476190476},"point_estimate":2413479.619047619,"standard_error":163.0333484513813},"median_abs_dev":{"confidence_interval":{"confidence_level":0.95,"lower_bound":868.379984583568,"upper_bound":1522.736072965932},"point_estimate":1217.8499783785942,"standard_error":166.58943081281436},"slope":null,"std_dev":{"confidence_interval":{"confidence_level":0.95,"lower_bound":1541.0628705659194,"upper_bound":3663.2506034885478},"point_estimate":2563.0421790168634,"standard_error":606.2091016738201}}