{"mean":{"confidence_interval":{"confidence_level":0.95,"lower_bound":1942621.393961367,"upper_bound":1949086.492665736},"point_estimate":1945364.0478076541,"standard_error":1673.26591206096},"median":{"confidence_interval":{"confidence_level":0.95,"lower_bound":1941376.3003663002,"upper_bound":1942442.807449495},"point_estimate":1941916.9115922719,"standard_error":353.49093811824326},"median_abs_dev":{"confidence_interval":{"confidence_level":0.95,"lower_bound":2150.4772826157932,"upper_bound":4231.765336871083},"point_estimate":2924.7407280399266,"standard_error":534.0718939441721},"slope":{"confidence_interval":{"confidence_level":0.95,"lower_bound":1942344.8238947087,"upper_bound":1946339.2834883896},"point_estimate":1944072.8022905276,"standard_error":1020.0039880686253},"std_dev":{"confidence_interval":{"confidence_level":0.95,"lower_bound":4759.512582108839,"upper_bound":26451.61716582774},"point_estimate":16808.345685672924,"standard_error":5697.063896352968}}