{"mean":{"confidence_interval":{"confidence_level":0.95,"lower_bound":1841453.853708065,"upper_bound":1843965.7666002573},"point_estimate":1842519.8563942518,"standard_error":648.4891104904998},"median":{"confidence_interval":{"confidence_level":0.95,"lower_bound":1840065.5,"upper_bound":1841893.5333333332},"point_estimate":1840834.9494529772,"standard_error":372.14678745386664},"median_abs_dev":{"confidence_interval":{"confidence_level":0.95,"lower_bound":1978.8269950326069,"upper_bound":3730.1369995663645},"point_estimate":2807.729469617245,"standard_error":425.21286411843636},"slope":{"confidence_interval":{"confidence_level":0.95,"lower_bound":1840103.254769787,"upper_bound":1841388.512246848},"point_estimate":1840700.3748071524,"standard_error":328.67911038513},"std_dev":{"confidence_interval":{"confidence_level":0.95,"lower_bound":3065.096819766813,"upper_bound":10060.265781208407},"point_estimate":6489.509589599132,"standard_error":2237.298313774312}}