{"mean":{"confidence_interval":{"confidence_level":0.95,"lower_bound":3111824.230867647,"upper_bound":3132688.34527941},"point_estimate":3122408.6735294107,"standard_error":5312.375407119793},"median":{"confidence_interval":{"confidence_level":0.95,"lower_bound":3121077.7647058824,"upper_bound":3152527.2647058824},"point_estimate":3140561.617647059,"standard_error":7657.480730795723},"median_abs_dev":{"confidence_interval":{"confidence_level":0.95,"lower_bound":31668.662481886546,"upper_bound":69486.8880193017},"point_estimate":45584.62927306385,"standard_error":8920.678940737667},"slope":null,"std_dev":{"confidence_interval":{"confidence_level":0.95,"lower_bound":46312.7762739043,"upper_bound":59000.27561113378},"point_estimate":53309.460219601475,"standard_error":3242.207247832596}}