{"mean":{"confidence_interval":{"confidence_level":0.95,"lower_bound":2828847.383972223,"upper_bound":2846394.8235972235},"point_estimate":2837692.6350000007,"standard_error":4489.731537371875},"median":{"confidence_interval":{"confidence_level":0.95,"lower_bound":2820629.8333333335,"upper_bound":2856885.5555555555},"point_estimate":2838571.944444444,"standard_error":9037.957871601424},"median_abs_dev":{"confidence_interval":{"confidence_level":0.95,"lower_bound":41458.3137139678,"upper_bound":61736.82195395208},"point_estimate":54680.92276255286,"standard_error":5196.8706204178225},"slope":null,"std_dev":{"confidence_interval":{"confidence_level":0.95,"lower_bound":40124.674488747,"upper_bound":49773.489599222514},"point_estimate":45244.45189939765,"standard_error":2444.3413138656188}}