{"mean":{"confidence_interval":{"confidence_level":0.95,"lower_bound":5902456.129416669,"upper_bound":5910173.189888888},"point_estimate":5906265.574444444,"standard_error":1966.0539958528796},"median":{"confidence_interval":{"confidence_level":0.95,"lower_bound":5899503.333333334,"upper_bound":5910384.777777778},"point_estimate":5904920.666666666,"standard_error":2787.658650190179},"median_abs_dev":{"confidence_interval":{"confidence_level":0.95,"lower_bound":15196.732096870663,"upper_bound":23782.798011104573},"point_estimate":19820.30248145385,"standard_error":2230.5958834297207},"slope":null,"std_dev":{"confidence_interval":{"confidence_level":0.95,"lower_bound":16755.055572647798,"upper_bound":22315.855550185777},"point_estimate":19703.680402008038,"standard_error":1421.8675991110495}}