{"mean":{"confidence_interval":{"confidence_level":0.95,"lower_bound":1940435.0451459228,"upper_bound":1943015.2089874835},"point_estimate":1941539.2898147372,"standard_error":664.3297088647103},"median":{"confidence_interval":{"confidence_level":0.95,"lower_bound":1939458.5341976318,"upper_bound":1940784.9224137932},"point_estimate":1940027.4418353576,"standard_error":361.8655561162047},"median_abs_dev":{"confidence_interval":{"confidence_level":0.95,"lower_bound":1819.2149064206417,"upper_bound":3320.3184982135467},"point_estimate":2452.0676375197204,"standard_error":387.8670575154988},"slope":{"confidence_interval":{"confidence_level":0.95,"lower_bound":1939680.8775376575,"upper_bound":1941546.4577670952},"point_estimate":1940548.7741303383,"standard_error":477.61526637890614},"std_dev":{"confidence_interval":{"confidence_level":0.95,"lower_bound":3078.9284460233116,"upper_bound":10297.04148969513},"point_estimate":6681.436168264105,"standard_error":2199.853588696418}}