{"mean":{"confidence_interval":{"confidence_level":0.95,"lower_bound":1840081.4465270936,"upper_bound":1843459.51832001},"point_estimate":1841438.6858769413,"standard_error":892.5683666590603},"median":{"confidence_interval":{"confidence_level":0.95,"lower_bound":1839483.9666666666,"upper_bound":1841029.9777039848},"point_estimate":1840083.4407096172,"standard_error":395.4336051714477},"median_abs_dev":{"confidence_interval":{"confidence_level":0.95,"lower_bound":2403.303338039024,"upper_bound":4264.650884244583},"point_estimate":3404.695794437471,"standard_error":481.21640138723524},"slope":{"confidence_interval":{"confidence_level":0.95,"lower_bound":1838420.4159318216,"upper_bound":1840641.6672668187},"point_estimate":1839425.998338998,"standard_error":566.1778581928711},"std_dev":{"confidence_interval":{"confidence_level":0.95,"lower_bound":3073.041939056692,"upper_bound":14560.461844828656},"point_estimate":8941.042114309015,"standard_error":3809.146318685336}}