{"mean":{"confidence_interval":{"confidence_level":0.95,"lower_bound":5552635.3650250025,"upper_bound":5594423.690049998},"point_estimate":5573312.016000002,"standard_error":10655.576826780041},"median":{"confidence_interval":{"confidence_level":0.95,"lower_bound":5532676.4,"upper_bound":5597311.5},"point_estimate":5555673.2,"standard_error":17613.772256553304},"median_abs_dev":{"confidence_interval":{"confidence_level":0.95,"lower_bound":82031.29285365356,"upper_bound":132569.7159764168},"point_estimate":106985.45192062814,"standard_error":13223.027376071766},"slope":null,"std_dev":{"confidence_interval":{"confidence_level":0.95,"lower_bound":92497.44091800172,"upper_bound":120352.36979512402},"point_estimate":107105.987084062,"standard_error":7113.187761846505}}