{"mean":{"confidence_interval":{"confidence_level":0.95,"lower_bound":1845133.1564628086,"upper_bound":1851716.2515284226},"point_estimate":1847683.223473307,"standard_error":1774.5617415644153},"median":{"confidence_interval":{"confidence_level":0.95,"lower_bound":1843803.9019607843,"upper_bound":1846400.2608695652},"point_estimate":1844879.9222222222,"standard_error":660.0054676461068},"median_abs_dev":{"confidence_interval":{"confidence_level":0.95,"lower_bound":3545.9047050476834,"upper_bound":5407.3733336989235},"point_estimate":4515.309692117126,"standard_error":470.87342359026064},"slope":{"confidence_interval":{"confidence_level":0.95,"lower_bound":1842647.474694745,"upper_bound":1846193.8063570154},"point_estimate":1844119.0089788681,"standard_error":917.4202813333943},"std_dev":{"confidence_interval":{"confidence_level":0.95,"lower_bound":4552.921680140139,"upper_bound":29284.682423470404},"point_estimate":17701.512121667653,"standard_error":8121.755020514507}}