{"mean":{"confidence_interval":{"confidence_level":0.95,"lower_bound":3058212.4001911734,"upper_bound":3105619.121176469},"point_estimate":3081129.305882351,"standard_error":12094.972578316478},"median":{"confidence_interval":{"confidence_level":0.95,"lower_bound":3029265.294117647,"upper_bound":3086566.0588235296},"point_estimate":3053245.176470588,"standard_error":16956.906910382466},"median_abs_dev":{"confidence_interval":{"confidence_level":0.95,"lower_bound":80541.63308774738,"upper_bound":143989.41174955945},"point_estimate":101420.56524648343,"standard_error":18207.48072692497},"slope":null,"std_dev":{"confidence_interval":{"confidence_level":0.95,"lower_bound":97529.29746416511,"upper_bound":145896.97951781773},"point_estimate":121408.06696108724,"standard_error":12486.657151524576}}