{"mean":{"confidence_interval":{"confidence_level":0.95,"lower_bound":1953281.1750767012,"upper_bound":1957929.3278243565},"point_estimate":1955381.8361304593,"standard_error":1190.6888116715659},"median":{"confidence_interval":{"confidence_level":0.95,"lower_bound":1951308.1621621621,"upper_bound":1953132.0697674418},"point_estimate":1951932.2574879227,"standard_error":491.7685525148511},"median_abs_dev":{"confidence_interval":{"confidence_level":0.95,"lower_bound":2086.1021574307133,"upper_bound":3668.2045480646625},"point_estimate":2552.6950162190924,"standard_error":407.18958501951516},"slope":{"confidence_interval":{"confidence_level":0.95,"lower_bound":1952137.3806733836,"upper_bound":1954547.1436086232},"point_estimate":1953223.3935096792,"standard_error":618.6984186151291},"std_dev":{"confidence_interval":{"confidence_level":0.95,"lower_bound":6137.321957123016,"upper_bound":16482.693942785714},"point_estimate":12024.65330445978,"standard_error":2619.7259214449405}}