{"mean":{"confidence_interval":{"confidence_level":0.95,"lower_bound":2422609.568976191,"upper_bound":2426323.632285714},"point_estimate":2424100.4642857136,"standard_error":978.661621016467},"median":{"confidence_interval":{"confidence_level":0.95,"lower_bound":2422171.738095238,"upper_bound":2422914.619047619},"point_estimate":2422521.738095238,"standard_error":190.77497142970128},"median_abs_dev":{"confidence_interval":{"confidence_level":0.95,"lower_bound":1189.680578878701,"upper_bound":1955.6199652807395},"point_estimate":1604.0319715225262,"standard_error":195.52174703436984},"slope":null,"std_dev":{"confidence_interval":{"confidence_level":0.95,"lower_bound":1814.828331079023,"upper_bound":15782.819480152886},"point_estimate":9767.107442128741,"standard_error":3957.716667642746}}