{"mean":{"confidence_interval":{"confidence_level":0.95,"lower_bound":3193782.8968125,"upper_bound":3267191.59},"point_estimate":3229029.1275,"standard_error":18639.51545347605},"median":{"confidence_interval":{"confidence_level":0.95,"lower_bound":3148324.4375,"upper_bound":3212274.375},"point_estimate":3181746.3125,"standard_error":16783.79852649417},"median_abs_dev":{"confidence_interval":{"confidence_level":0.95,"lower_bound":100830.46592865139,"upper_bound":184259.0073287487},"point_estimate":143038.0949355662,"standard_error":20761.586148848775},"slope":null,"std_dev":{"confidence_interval":{"confidence_level":0.95,"lower_bound":145169.33381259054,"upper_bound":225681.14071111073},"point_estimate":186969.346735304,"standard_error":20558.98363094603}}