{"mean":{"confidence_interval":{"confidence_level":0.95,"lower_bound":2575607.669212501,"upper_bound":2582765.1569625014},"point_estimate":2578608.6880000015,"standard_error":1855.928363484782},"median":{"confidence_interval":{"confidence_level":0.95,"lower_bound":2573784.95,"upper_bound":2574814.9},"point_estimate":2574382.425,"standard_error":318.28444744871047},"median_abs_dev":{"confidence_interval":{"confidence_level":0.95,"lower_bound":1868.113031834226,"upper_bound":3387.7780048547793},"point_estimate":2683.505952358246,"standard_error":391.35284457878},"slope":null,"std_dev":{"confidence_interval":{"confidence_level":0.95,"lower_bound":6537.369184099335,"upper_bound":29342.513943114853},"point_estimate":18654.937531844647,"standard_error":6555.501815302792}}