{"mean":{"confidence_interval":{"confidence_level":0.95,"lower_bound":1944160.2283847886,"upper_bound":1953210.691726778},"point_estimate":1947852.363765258,"standard_error":2374.308632173914},"median":{"confidence_interval":{"confidence_level":0.95,"lower_bound":1944346.6590909092,"upper_bound":1946210.8275862068},"point_estimate":1945047.0253623188,"standard_error":470.79838950284596},"median_abs_dev":{"confidence_interval":{"confidence_level":0.95,"lower_bound":3654.582460118216,"upper_bound":7928.534555333451},"point_estimate":6375.732702606478,"standard_error":1196.9555311938539},"slope":{"confidence_interval":{"confidence_level":0.95,"lower_bound":1940604.0157297081,"upper_bound":1948638.8714933007},"point_estimate":1943493.2184247081,"standard_error":2164.0707544282322},"std_dev":{"confidence_interval":{"confidence_level":0.95,"lower_bound":5126.207308805039,"upper_bound":37917.225329373614},"point_estimate":23732.377800845945,"standard_error":9134.507791908292}}