{"mean":{"confidence_interval":{"confidence_level":0.95,"lower_bound":2670143.5690657897,"upper_bound":2716219.114000002},"point_estimate":2692800.8757894747,"standard_error":11751.582386798136},"median":{"confidence_interval":{"confidence_level":0.95,"lower_bound":2632922.8157894732,"upper_bound":2694346.8947368423},"point_estimate":2662188.9736842103,"standard_error":17451.528440227325},"median_abs_dev":{"confidence_interval":{"confidence_level":0.95,"lower_bound":69960.18625795806,"upper_bound":133084.254248072},"point_estimate":96315.97583215439,"standard_error":16679.15897313577},"slope":null,"std_dev":{"confidence_interval":{"confidence_level":0.95,"lower_bound":99495.95776751917,"upper_bound":134451.04263078267},"point_estimate":118199.83311011716,"standard_error":8938.325193311633}}