{"mean":{"confidence_interval":{"confidence_level":0.95,"lower_bound":1950894.002198324,"upper_bound":1958375.100315889},"point_estimate":1953985.1739610108,"standard_error":1942.8614166178704},"median":{"confidence_interval":{"confidence_level":0.95,"lower_bound":1949042.2058823528,"upper_bound":1950101.2301340192},"point_estimate":1949326.0212765958,"standard_error":279.1341593445091},"median_abs_dev":{"confidence_interval":{"confidence_level":0.95,"lower_bound":1672.327415229339,"upper_bound":3139.753631553506},"point_estimate":2112.307376846567,"standard_error":366.8183937697734},"slope":{"confidence_interval":{"confidence_level":0.95,"lower_bound":1950230.1190225687,"upper_bound":1954583.4287044131},"point_estimate":1952168.5544790898,"standard_error":1124.7469278740355},"std_dev":{"confidence_interval":{"confidence_level":0.95,"lower_bound":6720.274366699147,"upper_bound":30873.199201633328},"point_estimate":19446.620438084083,"standard_error":7156.93919275623}}