{"mean":{"confidence_interval":{"confidence_level":0.95,"lower_bound":2606995.4298625,"upper_bound":2615475.0727624996},"point_estimate":2611055.236500003,"standard_error":2167.456954441022},"median":{"confidence_interval":{"confidence_level":0.95,"lower_bound":2602413.1,"upper_bound":2610367.05},"point_estimate":2606070.6,"standard_error":1961.61388408225},"median_abs_dev":{"confidence_interval":{"confidence_level":0.95,"lower_bound":14086.330609917779,"upper_bound":22181.7712461947},"point_estimate":18258.218675851822,"standard_error":1945.1694307098303},"slope":null,"std_dev":{"confidence_interval":{"confidence_level":0.95,"lower_bound":16942.520129576198,"upper_bound":25986.494968993065},"point_estimate":21759.67605011156,"standard_error":2311.7724005460873}}