{"mean":{"confidence_interval":{"confidence_level":0.95,"lower_bound":1874810.571612163,"upper_bound":1879284.5503919995},"point_estimate":1876743.4763835722,"standard_error":1154.4299240682114},"median":{"confidence_interval":{"confidence_level":0.95,"lower_bound":1873601.408603896,"upper_bound":1874468.2},"point_estimate":1874138.7009773015,"standard_error":234.84217484515537},"median_abs_dev":{"confidence_interval":{"confidence_level":0.95,"lower_bound":1280.0324183153684,"upper_bound":2421.682915339829},"point_estimate":1898.76337893484,"standard_error":298.416507530585},"slope":{"confidence_interval":{"confidence_level":0.95,"lower_bound":1874216.7586210817,"upper_bound":1876168.4373836066},"point_estimate":1875107.657035614,"standard_error":500.968441342751},"std_dev":{"confidence_interval":{"confidence_level":0.95,"lower_bound":3948.082114316486,"upper_bound":18183.056862639107},"point_estimate":11716.25297487576,"standard_error":3797.8825355477375}}