{"mean":{"confidence_interval":{"confidence_level":0.95,"lower_bound":1840704.7444072997,"upper_bound":1854558.7985727768},"point_estimate":1846615.3279701122,"standard_error":3576.1764140169644},"median":{"confidence_interval":{"confidence_level":0.95,"lower_bound":1836132.4736842106,"upper_bound":1838059.043478261},"point_estimate":1836995.1241405653,"standard_error":504.93339558733936},"median_abs_dev":{"confidence_interval":{"confidence_level":0.95,"lower_bound":2297.938977039487,"upper_bound":4635.055667256729},"point_estimate":2939.5036909558994,"standard_error":602.9247628780163},"slope":{"confidence_interval":{"confidence_level":0.95,"lower_bound":1840806.0116447608,"upper_bound":1849404.9398261611},"point_estimate":1844689.8520437416,"standard_error":2205.267528198921},"std_dev":{"confidence_interval":{"confidence_level":0.95,"lower_bound":11082.448230296159,"upper_bound":54919.973260266794},"point_estimate":35950.85583731812,"standard_error":11375.699963888626}}