{"mean":{"confidence_interval":{"confidence_level":0.95,"lower_bound":1804374.6143084357,"upper_bound":1823383.3711017729},"point_estimate":1812622.5771469108,"standard_error":4896.9541620114005},"median":{"confidence_interval":{"confidence_level":0.95,"lower_bound":1800695.5349358974,"upper_bound":1802093.0393750002},"point_estimate":1801370.3274257071,"standard_error":379.0820376974785},"median_abs_dev":{"confidence_interval":{"confidence_level":0.95,"lower_bound":3286.141880338694,"upper_bound":5597.032129726134},"point_estimate":4392.839873725391,"standard_error":592.877266854078},"slope":{"confidence_interval":{"confidence_level":0.95,"lower_bound":1800796.091127995,"upper_bound":1833864.9772289703},"point_estimate":1815059.7465523866,"standard_error":8441.977140171713},"std_dev":{"confidence_interval":{"confidence_level":0.95,"lower_bound":13331.53892615225,"upper_bound":75386.24936734095},"point_estimate":49663.67140094581,"standard_error":15481.904181254342}}