{"mean":{"confidence_interval":{"confidence_level":0.95,"lower_bound":3443677.640666667,"upper_bound":3490310.080083331},"point_estimate":3466085.935333333,"standard_error":11947.716541678692},"median":{"confidence_interval":{"confidence_level":0.95,"lower_bound":3418384.2,"upper_bound":3473930.8},"point_estimate":3443914.1666666665,"standard_error":14375.811462450532},"median_abs_dev":{"confidence_interval":{"confidence_level":0.95,"lower_bound":70413.61474990798,"upper_bound":115756.41452491314},"point_estimate":87043.39503467102,"standard_error":11246.052433822286},"slope":null,"std_dev":{"confidence_interval":{"confidence_level":0.95,"lower_bound":92113.30828314717,"upper_bound":144679.4136862014},"point_estimate":119680.405756477,"standard_error":13451.592216674804}}