{"mean":{"confidence_interval":{"confidence_level":0.95,"lower_bound":1943848.3927367933,"upper_bound":1985061.6484545588},"point_estimate":1959607.1611593133,"standard_error":11015.278943719564},"median":{"confidence_interval":{"confidence_level":0.95,"lower_bound":1940933.652173913,"upper_bound":1942277.4130434783},"point_estimate":1941369.1696060468,"standard_error":389.2418223349573},"median_abs_dev":{"confidence_interval":{"confidence_level":0.95,"lower_bound":1893.1155215528086,"upper_bound":4096.466521444484},"point_estimate":2870.7580576817127,"standard_error":535.0248173878891},"slope":{"confidence_interval":{"confidence_level":0.95,"lower_bound":1941869.3742150383,"upper_bound":1948342.0840734583},"point_estimate":1944357.1401950642,"standard_error":1743.7899239474357},"std_dev":{"confidence_interval":{"confidence_level":0.95,"lower_bound":10499.56153896233,"upper_bound":183716.92532707562},"point_estimate":110845.61824154768,"standard_error":51248.532790274985}}