{"mean":{"confidence_interval":{"confidence_level":0.95,"lower_bound":1516479.5614681463,"upper_bound":1550893.7237698974},"point_estimate":1529748.939702827,"standard_error":9197.281545015449},"median":{"confidence_interval":{"confidence_level":0.95,"lower_bound":1518673.427051282,"upper_bound":1525274.0},"point_estimate":1523076.6115506329,"standard_error":1549.3433563551546},"median_abs_dev":{"confidence_interval":{"confidence_level":0.95,"lower_bound":8807.38274266591,"upper_bound":19667.341092214243},"point_estimate":15230.416894990642,"standard_error":2808.9732067957334},"slope":{"confidence_interval":{"confidence_level":0.95,"lower_bound":1511062.5065479146,"upper_bound":1520746.8140782877},"point_estimate":1515971.77308704,"standard_error":2472.7190906232872},"std_dev":{"confidence_interval":{"confidence_level":0.95,"lower_bound":17465.07174314759,"upper_bound":153840.19196698786},"point_estimate":92684.96390006473,"standard_error":42422.651883357874}}