{"mean":{"confidence_interval":{"confidence_level":0.95,"lower_bound":1561477.1025762577,"upper_bound":1572916.1416703635},"point_estimate":1567099.4497864968,"standard_error":2911.6162737939717},"median":{"confidence_interval":{"confidence_level":0.95,"lower_bound":1556384.9024390243,"upper_bound":1570282.6585365853},"point_estimate":1561871.1469872184,"standard_error":3563.148614162327},"median_abs_dev":{"confidence_interval":{"confidence_level":0.95,"lower_bound":17293.966327453505,"upper_bound":31559.31544962495},"point_estimate":20836.98874955166,"standard_error":3939.1583742009084},"slope":{"confidence_interval":{"confidence_level":0.95,"lower_bound":1567469.1962410181,"upper_bound":1579989.219825393},"point_estimate":1573448.4742781143,"standard_error":3208.0907336446157},"std_dev":{"confidence_interval":{"confidence_level":0.95,"lower_bound":24228.71679546236,"upper_bound":33690.74893011165},"point_estimate":29284.46210986883,"standard_error":2420.6714725381157}}