{"mean":{"confidence_interval":{"confidence_level":0.95,"lower_bound":1989023.20365,"upper_bound":1993918.8617300014},"point_estimate":1991268.4264000002,"standard_error":1249.6208212645736},"median":{"confidence_interval":{"confidence_level":0.95,"lower_bound":1986595.34,"upper_bound":1989423.32},"point_estimate":1987881.22,"standard_error":675.9645509120174},"median_abs_dev":{"confidence_interval":{"confidence_level":0.95,"lower_bound":4489.342372298268,"upper_bound":7824.815732681763},"point_estimate":6190.922362089115,"standard_error":887.6538435812258},"slope":null,"std_dev":{"confidence_interval":{"confidence_level":0.95,"lower_bound":7152.857331990885,"upper_bound":17206.793793187662},"point_estimate":12584.80892325166,"standard_error":2588.8432677259107}}