{"mean":{"confidence_interval":{"confidence_level":0.95,"lower_bound":1536578.6803233505,"upper_bound":1559944.900158802},"point_estimate":1546477.711841487,"standard_error":6041.671205274822},"median":{"confidence_interval":{"confidence_level":0.95,"lower_bound":1532602.3791637137,"upper_bound":1534854.7810344826},"point_estimate":1534075.7902985075,"standard_error":672.7443985699518},"median_abs_dev":{"confidence_interval":{"confidence_level":0.95,"lower_bound":4085.206000989752,"upper_bound":7800.456507582797},"point_estimate":5722.300322179323,"standard_error":898.1359339247795},"slope":{"confidence_interval":{"confidence_level":0.95,"lower_bound":1535273.968831934,"upper_bound":1558888.0626136165},"point_estimate":1544655.7926052904,"standard_error":6197.718441441512},"std_dev":{"confidence_interval":{"confidence_level":0.95,"lower_bound":15054.098270313134,"upper_bound":93721.270165608},"point_estimate":60449.998464346536,"standard_error":20681.54005543052}}