{"mean":{"confidence_interval":{"confidence_level":0.95,"lower_bound":2224693.716499999,"upper_bound":2228554.307420455},"point_estimate":2226606.925,"standard_error":983.8503953696851},"median":{"confidence_interval":{"confidence_level":0.95,"lower_bound":2222921.5681818184,"upper_bound":2227845.090909091},"point_estimate":2225515.454545454,"standard_error":1326.8395959725665},"median_abs_dev":{"confidence_interval":{"confidence_level":0.95,"lower_bound":7836.383247239929,"upper_bound":13184.997434101448},"point_estimate":10032.113808257574,"standard_error":1414.4731020010547},"slope":null,"std_dev":{"confidence_interval":{"confidence_level":0.95,"lower_bound":8680.49003190017,"upper_bound":10988.797065780338},"point_estimate":9918.752073550791,"standard_error":591.2633548022523}}