{"mean":{"confidence_interval":{"confidence_level":0.95,"lower_bound":2079769.1633125003,"upper_bound":2082208.2211354165},"point_estimate":2080941.9408333334,"standard_error":622.177321153015},"median":{"confidence_interval":{"confidence_level":0.95,"lower_bound":2078394.9583333335,"upper_bound":2080524.25},"point_estimate":2079707.6041666665,"standard_error":528.9530558269477},"median_abs_dev":{"confidence_interval":{"confidence_level":0.95,"lower_bound":3793.170257657824,"upper_bound":6359.797912091017},"point_estimate":5463.936877996075,"standard_error":621.8046585015481},"slope":null,"std_dev":{"confidence_interval":{"confidence_level":0.95,"lower_bound":4861.955863510464,"upper_bound":7570.133700854818},"point_estimate":6261.189536457671,"standard_error":693.9299696965863}}