{"mean":{"confidence_interval":{"confidence_level":0.95,"lower_bound":1586718.28236143,"upper_bound":1589917.6305345204},"point_estimate":1588183.568404446,"standard_error":819.7162542459906},"median":{"confidence_interval":{"confidence_level":0.95,"lower_bound":1585162.2777777778,"upper_bound":1586549.9906593408},"point_estimate":1585686.003787879,"standard_error":353.4715716006901},"median_abs_dev":{"confidence_interval":{"confidence_level":0.95,"lower_bound":2484.895305699694,"upper_bound":4465.2900621537465},"point_estimate":3553.091371207687,"standard_error":507.84088690982765},"slope":{"confidence_interval":{"confidence_level":0.95,"lower_bound":1585217.739518135,"upper_bound":1587537.9411175821},"point_estimate":1586297.0591724545,"standard_error":595.0376952739825},"std_dev":{"confidence_interval":{"confidence_level":0.95,"lower_bound":5092.45832568174,"upper_bound":11242.230013249231},"point_estimate":8253.193957135827,"standard_error":1600.9454693995656}}