{"mean":{"confidence_interval":{"confidence_level":0.95,"lower_bound":1577562.5794415332,"upper_bound":1601495.4153158148},"point_estimate":1587121.2957258935,"standard_error":6276.457824224069},"median":{"confidence_interval":{"confidence_level":0.95,"lower_bound":1586639.6595744682,"upper_bound":1592740.358974359},"point_estimate":1590630.243902439,"standard_error":1624.0885079238235},"median_abs_dev":{"confidence_interval":{"confidence_level":0.95,"lower_bound":6868.921760173524,"upper_bound":17853.965107224547},"point_estimate":9986.170177659893,"standard_error":2994.057480944873},"slope":{"confidence_interval":{"confidence_level":0.95,"lower_bound":1570867.9562754505,"upper_bound":1582822.600190374},"point_estimate":1576971.5215693808,"standard_error":3046.755580132267},"std_dev":{"confidence_interval":{"confidence_level":0.95,"lower_bound":21059.248644831943,"upper_bound":102251.33727961972},"point_estimate":62661.33676503676,"standard_error":26421.685280413836}}