{"mean":{"confidence_interval":{"confidence_level":0.95,"lower_bound":1513672.1772344687,"upper_bound":1518870.524084906},"point_estimate":1515885.1457021958,"standard_error":1345.7155789754804},"median":{"confidence_interval":{"confidence_level":0.95,"lower_bound":1512376.223880597,"upper_bound":1514038.2395833333},"point_estimate":1513109.3425287358,"standard_error":402.87986779262434},"median_abs_dev":{"confidence_interval":{"confidence_level":0.95,"lower_bound":2389.6598440299504,"upper_bound":3777.259023613442},"point_estimate":2976.9573638463394,"standard_error":335.19658390957585},"slope":{"confidence_interval":{"confidence_level":0.95,"lower_bound":1513514.0519277959,"upper_bound":1519641.0806051278},"point_estimate":1516050.0890704892,"standard_error":1586.5238469883489},"std_dev":{"confidence_interval":{"confidence_level":0.95,"lower_bound":5251.575625187196,"upper_bound":20942.333587539968},"point_estimate":13511.34054779506,"standard_error":4456.508546258942}}