{"mean":{"confidence_interval":{"confidence_level":0.95,"lower_bound":1597641.0889723813,"upper_bound":1602153.5453234015},"point_estimate":1599569.1931003022,"standard_error":1166.356542405794},"median":{"confidence_interval":{"confidence_level":0.95,"lower_bound":1595900.2035897435,"upper_bound":1598174.5774647887},"point_estimate":1597227.6238095239,"standard_error":567.2696642348917},"median_abs_dev":{"confidence_interval":{"confidence_level":0.95,"lower_bound":2888.5615864951033,"upper_bound":4880.143455956208},"point_estimate":3923.5349203432093,"standard_error":516.5780281468254},"slope":{"confidence_interval":{"confidence_level":0.95,"lower_bound":1595901.5474887395,"upper_bound":1598274.143873912},"point_estimate":1596989.3280833457,"standard_error":606.35142819799},"std_dev":{"confidence_interval":{"confidence_level":0.95,"lower_bound":4984.451361547014,"upper_bound":18194.110590734894},"point_estimate":11748.54008611768,"standard_error":3870.8182419911864}}