{"mean":{"confidence_interval":{"confidence_level":0.95,"lower_bound":2597046.0072236843,"upper_bound":2660837.9749736837},"point_estimate":2627765.4594736854,"standard_error":16237.294888200759},"median":{"confidence_interval":{"confidence_level":0.95,"lower_bound":2571323.1052631577,"upper_bound":2615939.342105263},"point_estimate":2602681.236842105,"standard_error":10466.47227332457},"median_abs_dev":{"confidence_interval":{"confidence_level":0.95,"lower_bound":103751.17080739097,"upper_bound":155689.42288332814},"point_estimate":135073.2850124961,"standard_error":13186.860684629657},"slope":null,"std_dev":{"confidence_interval":{"confidence_level":0.95,"lower_bound":123533.03455163124,"upper_bound":201064.8013540527},"point_estimate":163432.86226976424,"standard_error":19910.53385699555}}