{"mean":{"confidence_interval":{"confidence_level":0.95,"lower_bound":3116458.2882000008,"upper_bound":3250740.4942},"point_estimate":3182666.0713333334,"standard_error":34194.93850738232},"median":{"confidence_interval":{"confidence_level":0.95,"lower_bound":3027111.066666667,"upper_bound":3225893.2},"point_estimate":3116772.0,"standard_error":52467.22122755788},"median_abs_dev":{"confidence_interval":{"confidence_level":0.95,"lower_bound":278133.82768213743,"upper_bound":452486.2205947631},"point_estimate":385732.0381718877,"standard_error":45737.951475336085},"slope":null,"std_dev":{"confidence_interval":{"confidence_level":0.95,"lower_bound":296368.35752953246,"upper_bound":387557.48045460135},"point_estimate":344310.1047771832,"standard_error":23387.071802460978}}