{"mean":{"confidence_interval":{"confidence_level":0.95,"lower_bound":1582378.6102859753,"upper_bound":1587289.3529805928},"point_estimate":1584403.9544919014,"standard_error":1278.4798718433124},"median":{"confidence_interval":{"confidence_level":0.95,"lower_bound":1580786.349779087,"upper_bound":1582109.0344827587},"point_estimate":1581527.3527777777,"standard_error":298.705320102969},"median_abs_dev":{"confidence_interval":{"confidence_level":0.95,"lower_bound":2601.154686138948,"upper_bound":4736.255546866977},"point_estimate":3835.964040558079,"standard_error":562.633663137732},"slope":{"confidence_interval":{"confidence_level":0.95,"lower_bound":1580357.9810873386,"upper_bound":1582046.8949744217},"point_estimate":1581143.204335747,"standard_error":430.0089412582938},"std_dev":{"confidence_interval":{"confidence_level":0.95,"lower_bound":4693.435306793501,"upper_bound":20510.622211702455},"point_estimate":12839.48564098391,"standard_error":4968.838597168245}}