{"mean":{"confidence_interval":{"confidence_level":0.95,"lower_bound":1589660.6399543544,"upper_bound":1598724.3381506891},"point_estimate":1593139.712153088,"standard_error":2435.37045982154},"median":{"confidence_interval":{"confidence_level":0.95,"lower_bound":1588270.9411764706,"upper_bound":1589953.111111111},"point_estimate":1589053.4148020656,"standard_error":382.208479013421},"median_abs_dev":{"confidence_interval":{"confidence_level":0.95,"lower_bound":2713.8506846941773,"upper_bound":4717.673588895967},"point_estimate":3546.7149573698534,"standard_error":496.48915179008844},"slope":{"confidence_interval":{"confidence_level":0.95,"lower_bound":1589722.786891547,"upper_bound":1593887.2130691626},"point_estimate":1591655.0676370622,"standard_error":1068.0274061312855},"std_dev":{"confidence_interval":{"confidence_level":0.95,"lower_bound":5569.701888680516,"upper_bound":40576.929034498804},"point_estimate":24460.416109117486,"standard_error":11341.691792913918}}