{"mean":{"confidence_interval":{"confidence_level":0.95,"lower_bound":2006606.7672400011,"upper_bound":2010512.9479300005},"point_estimate":2008507.1108,"standard_error":994.4066724504133},"median":{"confidence_interval":{"confidence_level":0.95,"lower_bound":2003884.56,"upper_bound":2007436.52},"point_estimate":2005512.58,"standard_error":1074.4966081749208},"median_abs_dev":{"confidence_interval":{"confidence_level":0.95,"lower_bound":5100.2595522524,"upper_bound":10511.930333376207},"point_estimate":7530.836914300891,"standard_error":1443.5358486965204},"slope":null,"std_dev":{"confidence_interval":{"confidence_level":0.95,"lower_bound":8185.737186995843,"upper_bound":11671.053393072729},"point_estimate":9997.598233086654,"standard_error":892.4465892964827}}