{"mean":{"confidence_interval":{"confidence_level":0.95,"lower_bound":1584607.3598685954,"upper_bound":1587345.549833428},"point_estimate":1585861.859657977,"standard_error":700.6608523860276},"median":{"confidence_interval":{"confidence_level":0.95,"lower_bound":1583329.3684210526,"upper_bound":1585575.2307692308},"point_estimate":1584116.8098039215,"standard_error":586.6735772099692},"median_abs_dev":{"confidence_interval":{"confidence_level":0.95,"lower_bound":2938.531228318464,"upper_bound":5082.162147348582},"point_estimate":4087.9333714246495,"standard_error":543.8212602655406},"slope":{"confidence_interval":{"confidence_level":0.95,"lower_bound":1583875.5749719895,"upper_bound":1585857.5460419378},"point_estimate":1584797.8640756614,"standard_error":507.1035955622102},"std_dev":{"confidence_interval":{"confidence_level":0.95,"lower_bound":4255.3010901928155,"upper_bound":9765.156210015628},"point_estimate":7019.823157572915,"standard_error":1463.2419151002618}}