{"mean":{"confidence_interval":{"confidence_level":0.95,"lower_bound":2048946.9985416655,"upper_bound":2060644.6241875004},"point_estimate":2053940.6533333329,"standard_error":3022.993517510119},"median":{"confidence_interval":{"confidence_level":0.95,"lower_bound":2045120.4791666665,"upper_bound":2047732.9166666667},"point_estimate":2046395.3541666665,"standard_error":651.4718950106208},"median_abs_dev":{"confidence_interval":{"confidence_level":0.95,"lower_bound":4074.4936026631635,"upper_bound":7002.443225681839},"point_estimate":5621.524900197753,"standard_error":751.4596033950112},"slope":null,"std_dev":{"confidence_interval":{"confidence_level":0.95,"lower_bound":12879.294750073474,"upper_bound":46733.03198381204},"point_estimate":30346.480900555256,"standard_error":9899.600273698288}}