{"mean":{"confidence_interval":{"confidence_level":0.95,"lower_bound":1595347.1494003488,"upper_bound":1607783.5739901615},"point_estimate":1600503.4159185542,"standard_error":3255.4465337758525},"median":{"confidence_interval":{"confidence_level":0.95,"lower_bound":1593266.9310344828,"upper_bound":1595416.281504065},"point_estimate":1593930.844191919,"standard_error":546.53579939386},"median_abs_dev":{"confidence_interval":{"confidence_level":0.95,"lower_bound":3117.3523434525637,"upper_bound":5486.629734735729},"point_estimate":4234.495508277789,"standard_error":596.2247834371234},"slope":{"confidence_interval":{"confidence_level":0.95,"lower_bound":1594363.3253991161,"upper_bound":1605768.5781836708},"point_estimate":1598796.4825742575,"standard_error":3023.229564925221},"std_dev":{"confidence_interval":{"confidence_level":0.95,"lower_bound":6471.302306648502,"upper_bound":51603.26415871085},"point_estimate":32722.904949372652,"standard_error":12254.077551642167}}