{"mean":{"confidence_interval":{"confidence_level":0.95,"lower_bound":1516509.048408048,"upper_bound":1529068.8433018345},"point_estimate":1521887.480422201,"standard_error":3264.8749368704034},"median":{"confidence_interval":{"confidence_level":0.95,"lower_bound":1512409.4666666666,"upper_bound":1514917.9936868688},"point_estimate":1513600.2749654856,"standard_error":749.8216544005799},"median_abs_dev":{"confidence_interval":{"confidence_level":0.95,"lower_bound":3682.1348779512186,"upper_bound":6959.315096261785},"point_estimate":5059.768280590982,"standard_error":900.2372479672581},"slope":{"confidence_interval":{"confidence_level":0.95,"lower_bound":1513769.86420051,"upper_bound":1522350.576542188},"point_estimate":1517381.0404403724,"standard_error":2234.3761241468974},"std_dev":{"confidence_interval":{"confidence_level":0.95,"lower_bound":11953.126647281339,"upper_bound":50858.149487001865},"point_estimate":32796.42377887782,"standard_error":10830.969499750001}}