{"mean":{"confidence_interval":{"confidence_level":0.95,"lower_bound":-0.014354315490238011,"upper_bound":0.023756936291267197},"point_estimate":0.003750718213902493,"standard_error":0.009744734778725313},"median":{"confidence_interval":{"confidence_level":0.95,"lower_bound":-0.0023142870992708398,"upper_bound":0.005484983734942661},"point_estimate":0.0013541333728028793,"standard_error":0.0023120214824238206}}