{"mean":{"confidence_interval":{"confidence_level":0.95,"lower_bound":-0.006623774185244816,"upper_bound":0.03016920875203883},"point_estimate":0.011744196214062308,"standard_error":0.009371347715949392},"median":{"confidence_interval":{"confidence_level":0.95,"lower_bound":0.000021227044196159284,"upper_bound":0.011351112128421326},"point_estimate":0.00629180280878705,"standard_error":0.003655445140976684}}