{"mean":{"confidence_interval":{"confidence_level":0.95,"lower_bound":0.0031277009549829315,"upper_bound":0.02637289143071537},"point_estimate":0.014413983176073453,"standard_error":0.005859660571509664},"median":{"confidence_interval":{"confidence_level":0.95,"lower_bound":0.0026052990115081887,"upper_bound":0.023823872082278763},"point_estimate":0.01697782963827299,"standard_error":0.005522322661948204}}