{"mean":{"confidence_interval":{"confidence_level":0.95,"lower_bound":-0.1503458092715006,"upper_bound":-0.12729621722822948},"point_estimate":-0.13920708211873234,"standard_error":0.005917314987960195},"median":{"confidence_interval":{"confidence_level":0.95,"lower_bound":-0.16293910112468388,"upper_bound":-0.11055248821171726},"point_estimate":-0.15762497190735303,"standard_error":0.014429326229487524}}