{"mean":{"confidence_interval":{"confidence_level":0.95,"lower_bound":0.1748939250085688,"upper_bound":0.1761615553004608},"point_estimate":0.17555972963072275,"standard_error":0.00032366178633756856},"median":{"confidence_interval":{"confidence_level":0.95,"lower_bound":0.17484807194185392,"upper_bound":0.17581307448330175},"point_estimate":0.17519901236783397,"standard_error":0.0002591658240217821}}