{"mean":{"confidence_interval":{"confidence_level":0.95,"lower_bound":0.15102893278764232,"upper_bound":0.18016425276578868},"point_estimate":0.1657046033527445,"standard_error":0.007489079191159105},"median":{"confidence_interval":{"confidence_level":0.95,"lower_bound":0.16503356836092653,"upper_bound":0.21504798282111248},"point_estimate":0.2003169129802549,"standard_error":0.012110568884031689}}