{"mean":{"confidence_interval":{"confidence_level":0.95,"lower_bound":-0.03306096893035858,"upper_bound":0.0049091964197447765},"point_estimate":-0.013899001053838123,"standard_error":0.009611059351500004},"median":{"confidence_interval":{"confidence_level":0.95,"lower_bound":-0.05131604150789873,"upper_bound":-0.005944037198129526},"point_estimate":-0.02794327101273597,"standard_error":0.011020165369163896}}