{"mean":{"confidence_interval":{"confidence_level":0.95,"lower_bound":-0.020353678513683693,"upper_bound":0.01973038693333463},"point_estimate":-0.0005590315949592917,"standard_error":0.010275953590595634},"median":{"confidence_interval":{"confidence_level":0.95,"lower_bound":-0.019836351918523953,"upper_bound":0.0055381200096569},"point_estimate":-0.0013237968115142884,"standard_error":0.009611301958907545}}