{"mean":{"confidence_interval":{"confidence_level":0.95,"lower_bound":-0.1678769999462205,"upper_bound":-0.13467888707280093},"point_estimate":-0.15101662892074996,"standard_error":0.00853209506045368},"median":{"confidence_interval":{"confidence_level":0.95,"lower_bound":-0.16739827705674426,"upper_bound":-0.11921975302000642},"point_estimate":-0.14893346612638114,"standard_error":0.010620298077857478}}