{"mean":{"confidence_interval":{"confidence_level":0.95,"lower_bound":-0.3011365948985104,"upper_bound":-0.26683672775542927},"point_estimate":-0.2835654854644982,"standard_error":0.008766049541680258},"median":{"confidence_interval":{"confidence_level":0.95,"lower_bound":-0.29214730694954927,"upper_bound":-0.2335719071220448},"point_estimate":-0.2777949844292449,"standard_error":0.015935988624368378}}