{"mean":{"confidence_interval":{"confidence_level":0.95,"lower_bound":-0.0043143401856700426,"upper_bound":0.04709995448892636},"point_estimate":0.02173767029774676,"standard_error":0.013149738701748868},"median":{"confidence_interval":{"confidence_level":0.95,"lower_bound":-0.0005017340443472795,"upper_bound":0.008558170809116694},"point_estimate":0.0030590833739982948,"standard_error":0.0026175393165113734}}