{"mean":{"confidence_interval":{"confidence_level":0.95,"lower_bound":0.7369605299363089,"upper_bound":0.7923088291569359},"point_estimate":0.7646869287278515,"standard_error":0.014182228529090951},"median":{"confidence_interval":{"confidence_level":0.95,"lower_bound":0.7779482307597895,"upper_bound":0.8236573612036076},"point_estimate":0.7879427998418331,"standard_error":0.011239126135446288}}