{"mean":{"confidence_interval":{"confidence_level":0.95,"lower_bound":-0.019055304496512982,"upper_bound":0.0012957842860785646},"point_estimate":-0.009289847982503874,"standard_error":0.005196399628594833},"median":{"confidence_interval":{"confidence_level":0.95,"lower_bound":-0.04411748780767499,"upper_bound":0.032921063153632524},"point_estimate":0.0009816718283457426,"standard_error":0.01526561655775377}}