{"mean":{"confidence_interval":{"confidence_level":0.95,"lower_bound":-0.018899751195223337,"upper_bound":0.015522541533737074},"point_estimate":-0.0018561548923876625,"standard_error":0.008802755533387654},"median":{"confidence_interval":{"confidence_level":0.95,"lower_bound":-0.0010718159096825275,"upper_bound":0.005845513048633455},"point_estimate":0.0016695194800926405,"standard_error":0.0018346633466572114}}