{"mean":{"confidence_interval":{"confidence_level":0.95,"lower_bound":0.07123298122262423,"upper_bound":0.09917866883607587},"point_estimate":0.08498939576381614,"standard_error":0.007228052291939043},"median":{"confidence_interval":{"confidence_level":0.95,"lower_bound":0.09153932665533882,"upper_bound":0.11778436508505785},"point_estimate":0.10499927499137462,"standard_error":0.007809411957134198}}