{"mean":{"confidence_interval":{"confidence_level":0.95,"lower_bound":-0.019470111390676132,"upper_bound":0.01756938143180977},"point_estimate":-0.0010254281809883858,"standard_error":0.009440695191742145},"median":{"confidence_interval":{"confidence_level":0.95,"lower_bound":-0.008694123966360268,"upper_bound":0.032194525467192925},"point_estimate":0.008521722528516129,"standard_error":0.011374434495455336}}