{"mean":{"confidence_interval":{"confidence_level":0.95,"lower_bound":-0.007665103091087614,"upper_bound":0.04205004818482772},"point_estimate":0.014341033354493993,"standard_error":0.012525593961547617},"median":{"confidence_interval":{"confidence_level":0.95,"lower_bound":-0.015698481658977914,"upper_bound":0.001963548284595125},"point_estimate":-0.008053140950654347,"standard_error":0.004278517382979383}}