{"mean":{"confidence_interval":{"confidence_level":0.95,"lower_bound":0.16775552076395983,"upper_bound":0.20613052695565925},"point_estimate":0.18650820833041992,"standard_error":0.009817447252702458},"median":{"confidence_interval":{"confidence_level":0.95,"lower_bound":0.1640284186779548,"upper_bound":0.19931643627730494},"point_estimate":0.19394973308071828,"standard_error":0.011117738127980177}}