{"mean":{"confidence_interval":{"confidence_level":0.95,"lower_bound":-0.005887656216984857,"upper_bound":0.027767367512288397},"point_estimate":0.011124999469359409,"standard_error":0.008579484482002962},"median":{"confidence_interval":{"confidence_level":0.95,"lower_bound":-0.000703780743286142,"upper_bound":0.02090449725089094},"point_estimate":0.005398994748732511,"standard_error":0.007403621957792314}}