{"mean":{"confidence_interval":{"confidence_level":0.95,"lower_bound":-0.02113225033889368,"upper_bound":0.011779816518480016},"point_estimate":-0.004858277822245016,"standard_error":0.008399810393620475},"median":{"confidence_interval":{"confidence_level":0.95,"lower_bound":-0.00520135976107583,"upper_bound":0.004357017882950398},"point_estimate":-0.0017898329447076922,"standard_error":0.002971080078378321}}