{"mean":{"confidence_interval":{"confidence_level":0.95,"lower_bound":-0.051142572181241734,"upper_bound":-0.014126668309399572},"point_estimate":-0.03349932546022161,"standard_error":0.009492528455861121},"median":{"confidence_interval":{"confidence_level":0.95,"lower_bound":-0.035817667362569194,"upper_bound":-0.029212340086731237},"point_estimate":-0.03268790910238761,"standard_error":0.002733925885665141}}