{"mean":{"confidence_interval":{"confidence_level":0.95,"lower_bound":-0.015391062427274138,"upper_bound":0.020588020769793935},"point_estimate":0.0023285842848843608,"standard_error":0.009221608445714246},"median":{"confidence_interval":{"confidence_level":0.95,"lower_bound":-0.005168136397542655,"upper_bound":0.0030751781267051026},"point_estimate":-0.000775282147507661,"standard_error":0.003451607153453523}}