{"mean":{"confidence_interval":{"confidence_level":0.95,"lower_bound":0.1485463995955347,"upper_bound":0.1827793866882393},"point_estimate":0.16540206964731086,"standard_error":0.008707698417830615},"median":{"confidence_interval":{"confidence_level":0.95,"lower_bound":0.14647347545712264,"upper_bound":0.22690595607090858},"point_estimate":0.17372938078543432,"standard_error":0.016796817184168186}}