{"mean":{"confidence_interval":{"confidence_level":0.95,"lower_bound":-0.00044400202625312834,"upper_bound":0.021131793015071513},"point_estimate":0.009737617038788615,"standard_error":0.005452609765242653},"median":{"confidence_interval":{"confidence_level":0.95,"lower_bound":-0.010156040563105595,"upper_bound":0.05019608895420591},"point_estimate":0.012431140146765385,"standard_error":0.014150024217489069}}