{"mean":{"confidence_interval":{"confidence_level":0.95,"lower_bound":0.0034350395696752375,"upper_bound":0.017961873286829556},"point_estimate":0.010434063166006924,"standard_error":0.0037236201516496177},"median":{"confidence_interval":{"confidence_level":0.95,"lower_bound":-0.00019036990842558055,"upper_bound":0.009483764243770176},"point_estimate":0.003913829962177262,"standard_error":0.0025757775576337946}}