{"mean":{"confidence_interval":{"confidence_level":0.95,"lower_bound":-0.013579508203151871,"upper_bound":0.005224159280845386},"point_estimate":-0.00401378883975867,"standard_error":0.0047677561899837845},"median":{"confidence_interval":{"confidence_level":0.95,"lower_bound":-0.013290164692657647,"upper_bound":-0.0010687241208323988},"point_estimate":-0.006502118849674887,"standard_error":0.003238039154044757}}