{"mean":{"confidence_interval":{"confidence_level":0.95,"lower_bound":-0.016613650679319508,"upper_bound":0.021965501723925137},"point_estimate":0.002530137971645585,"standard_error":0.009886556193269388},"median":{"confidence_interval":{"confidence_level":0.95,"lower_bound":-0.007789277192661759,"upper_bound":0.012405299328148489},"point_estimate":0.002215765124083724,"standard_error":0.009855185594517337}}