{"mean":{"confidence_interval":{"confidence_level":0.95,"lower_bound":-0.004055801398033289,"upper_bound":0.013251640696681494},"point_estimate":0.004780148781369009,"standard_error":0.004430148293335947},"median":{"confidence_interval":{"confidence_level":0.95,"lower_bound":-0.004833451735195893,"upper_bound":0.008710824642525816},"point_estimate":0.0013505717420374541,"standard_error":0.0034932371919632623}}