{"mean":{"confidence_interval":{"confidence_level":0.95,"lower_bound":-0.019518272888466335,"upper_bound":0.017542689579957988},"point_estimate":-0.0006338533261969204,"standard_error":0.009447053269206421},"median":{"confidence_interval":{"confidence_level":0.95,"lower_bound":-0.008655067327046795,"upper_bound":0.00005788921069564308},"point_estimate":-0.003426521918585723,"standard_error":0.005819833581828429}}