{"mean":{"confidence_interval":{"confidence_level":0.95,"lower_bound":-0.01258758301078059,"upper_bound":0.00521534302468154},"point_estimate":-0.004030711482681637,"standard_error":0.00452337337666453},"median":{"confidence_interval":{"confidence_level":0.95,"lower_bound":-0.011078175405534463,"upper_bound":0.0022765254694510073},"point_estimate":-0.004314222487802555,"standard_error":0.003323110447469427}}