{"mean":{"confidence_interval":{"confidence_level":0.95,"lower_bound":-0.00036511101347192425,"upper_bound":0.017947973678457494},"point_estimate":0.009325548518939186,"standard_error":0.004671885792246269},"median":{"confidence_interval":{"confidence_level":0.95,"lower_bound":0.009082862316534879,"upper_bound":0.02052756033920411},"point_estimate":0.015826885612530983,"standard_error":0.0026959672784667168}}