{"mean":{"confidence_interval":{"confidence_level":0.95,"lower_bound":-0.11434111073535681,"upper_bound":-0.07137714070501484},"point_estimate":-0.09201911148835917,"standard_error":0.010981623285887997},"median":{"confidence_interval":{"confidence_level":0.95,"lower_bound":-0.07461977736163583,"upper_bound":-0.06260590165367574},"point_estimate":-0.06969165940554145,"standard_error":0.0032907352616547954}}