{"mean":{"confidence_interval":{"confidence_level":0.95,"lower_bound":-0.07808898143734844,"upper_bound":-0.041072672072457864},"point_estimate":-0.059303335521769696,"standard_error":0.00941979483521145},"median":{"confidence_interval":{"confidence_level":0.95,"lower_bound":-0.08449200358497733,"upper_bound":0.010657619080039149},"point_estimate":-0.06102691394723425,"standard_error":0.021749052481168624}}