{"mean":{"confidence_interval":{"confidence_level":0.95,"lower_bound":0.043094602094248986,"upper_bound":0.0779048135202356},"point_estimate":0.06082254616051164,"standard_error":0.008917334433490215},"median":{"confidence_interval":{"confidence_level":0.95,"lower_bound":-0.011593796883960318,"upper_bound":0.0644800991787351},"point_estimate":0.054094962144027425,"standard_error":0.019801696767712443}}