{"mean":{"confidence_interval":{"confidence_level":0.95,"lower_bound":-0.07836885377958712,"upper_bound":-0.05141817432534648},"point_estimate":-0.06485482084524419,"standard_error":0.006840458238185839},"median":{"confidence_interval":{"confidence_level":0.95,"lower_bound":-0.0675636919841307,"upper_bound":-0.04442576163189449},"point_estimate":-0.05682533286026947,"standard_error":0.006281064844649723}}