{"mean":{"confidence_interval":{"confidence_level":0.95,"lower_bound":-0.03251235149146762,"upper_bound":-0.01410203791724946},"point_estimate":-0.023276434111665467,"standard_error":0.004704421607631223},"median":{"confidence_interval":{"confidence_level":0.95,"lower_bound":-0.026644981040478855,"upper_bound":-0.008936345769514631},"point_estimate":-0.014917480524947457,"standard_error":0.0043488406307135435}}