{"mean":{"confidence_interval":{"confidence_level":0.95,"lower_bound":-0.012116419395219548,"upper_bound":0.021370622518560974},"point_estimate":0.004003856241267645,"standard_error":0.0085396025574831},"median":{"confidence_interval":{"confidence_level":0.95,"lower_bound":-0.006198870270624712,"upper_bound":0.002140594204528723},"point_estimate":-0.0024579238592432606,"standard_error":0.0033114909789432032}}