{"mean":{"confidence_interval":{"confidence_level":0.95,"lower_bound":0.06264930289093451,"upper_bound":0.12299458275878652},"point_estimate":0.09140079805107315,"standard_error":0.015355738008220387},"median":{"confidence_interval":{"confidence_level":0.95,"lower_bound":0.028875656129526472,"upper_bound":0.09766312486488671},"point_estimate":0.062157926358349824,"standard_error":0.017443805253068666}}