{"mean":{"confidence_interval":{"confidence_level":0.95,"lower_bound":-0.029018887069977142,"upper_bound":-0.009270118402598004},"point_estimate":-0.01829351585724004,"standard_error":0.0050454508260619185},"median":{"confidence_interval":{"confidence_level":0.95,"lower_bound":-0.023780321217440892,"upper_bound":-0.013951410905396644},"point_estimate":-0.019714024237407646,"standard_error":0.0026098660170587825}}