{"mean":{"confidence_interval":{"confidence_level":0.95,"lower_bound":-0.00128053328594562,"upper_bound":0.014924001893738426},"point_estimate":0.007196855628179177,"standard_error":0.004137157224347989},"median":{"confidence_interval":{"confidence_level":0.95,"lower_bound":0.0018763386614271127,"upper_bound":0.0159262962433937},"point_estimate":0.008815032323758576,"standard_error":0.0036439439590120926}}