{"mean":{"confidence_interval":{"confidence_level":0.95,"lower_bound":-0.00999323909330526,"upper_bound":0.025457923758183076},"point_estimate":0.00801366943132309,"standard_error":0.009055413776236561},"median":{"confidence_interval":{"confidence_level":0.95,"lower_bound":-0.005068024467434151,"upper_bound":0.0036119126006306512},"point_estimate":-0.0016322237245938176,"standard_error":0.0023744421405402496}}