{"mean":{"confidence_interval":{"confidence_level":0.95,"lower_bound":-0.020080166357978362,"upper_bound":0.006755430199115763},"point_estimate":-0.00718402635405746,"standard_error":0.006788030899927494},"median":{"confidence_interval":{"confidence_level":0.95,"lower_bound":-0.0375990397200172,"upper_bound":0.005842001451308976},"point_estimate":-0.0073046226862022445,"standard_error":0.012913027365168063}}