{"mean":{"confidence_interval":{"confidence_level":0.95,"lower_bound":-0.027345818058921632,"upper_bound":0.008811952794210983},"point_estimate":-0.009461907057326302,"standard_error":0.009218589036956597},"median":{"confidence_interval":{"confidence_level":0.95,"lower_bound":-0.006857145886006936,"upper_bound":0.004598812932281815},"point_estimate":-0.0021901060962633556,"standard_error":0.003402000558444248}}