{"mean":{"confidence_interval":{"confidence_level":0.95,"lower_bound":0.11653388465989156,"upper_bound":0.1537253884105183},"point_estimate":0.13624569008418885,"standard_error":0.00947627439993792},"median":{"confidence_interval":{"confidence_level":0.95,"lower_bound":0.08908743896260374,"upper_bound":0.16548701422193446},"point_estimate":0.10450472745184403,"standard_error":0.015934731805361355}}