{"mean":{"confidence_interval":{"confidence_level":0.95,"lower_bound":0.05081723107343139,"upper_bound":0.13872026975279084},"point_estimate":0.08721677528810678,"standard_error":0.022622313628094894},"median":{"confidence_interval":{"confidence_level":0.95,"lower_bound":0.03956892091507069,"upper_bound":0.1126653034752998},"point_estimate":0.0857073088223077,"standard_error":0.01746785102039334}}