{"mean":{"confidence_interval":{"confidence_level":0.95,"lower_bound":-0.06280618006276548,"upper_bound":-0.012058865713081218},"point_estimate":-0.036945699880557625,"standard_error":0.012934678979699228},"median":{"confidence_interval":{"confidence_level":0.95,"lower_bound":-0.02632883674497366,"upper_bound":0.02994191361619647},"point_estimate":-0.0076981177757570185,"standard_error":0.012451880722514385}}