{"mean":{"confidence_interval":{"confidence_level":0.95,"lower_bound":-0.12537603554239043,"upper_bound":-0.044289480356795675},"point_estimate":-0.08167391823516557,"standard_error":0.020757884222319598},"median":{"confidence_interval":{"confidence_level":0.95,"lower_bound":-0.0675325116439024,"upper_bound":-0.05102677289831949},"point_estimate":-0.058447345979539045,"standard_error":0.003915095208442334}}