{"mean":{"confidence_interval":{"confidence_level":0.95,"lower_bound":0.15616172594480418,"upper_bound":0.1742958651375104},"point_estimate":0.16333790496033518,"standard_error":0.0041063260073169496},"median":{"confidence_interval":{"confidence_level":0.95,"lower_bound":0.14952928392760145,"upper_bound":0.15275618458673423},"point_estimate":0.15097714601316925,"standard_error":0.0008242395203419149}}