{"mean":{"confidence_interval":{"confidence_level":0.95,"lower_bound":-0.007343361655650516,"upper_bound":0.030125290920011035},"point_estimate":0.011562242709913129,"standard_error":0.009572611835024959},"median":{"confidence_interval":{"confidence_level":0.95,"lower_bound":0.006960909067502566,"upper_bound":0.014594347800932427},"point_estimate":0.010676256728543887,"standard_error":0.002160592875594523}}