{"mean":{"confidence_interval":{"confidence_level":0.95,"lower_bound":-0.026104792052985076,"upper_bound":0.009793541647909717},"point_estimate":-0.007792241867218386,"standard_error":0.009150830287932845},"median":{"confidence_interval":{"confidence_level":0.95,"lower_bound":-0.003172523532428695,"upper_bound":0.0022665031868420726},"point_estimate":-0.000024034424879082472,"standard_error":0.0017603962070841933}}