{"mean":{"confidence_interval":{"confidence_level":0.95,"lower_bound":87555.34037597779,"upper_bound":87725.34911623315},"point_estimate":87637.83504186617,"standard_error":43.390117629528},"median":{"confidence_interval":{"confidence_level":0.95,"lower_bound":87591.04179104477,"upper_bound":87689.96355932203},"point_estimate":87642.74234693877,"standard_error":25.624273138370803},"median_abs_dev":{"confidence_interval":{"confidence_level":0.95,"lower_bound":182.36757314468812,"upper_bound":384.41164243849386},"point_estimate":248.31773643283682,"standard_error":52.48028182004375},"slope":{"confidence_interval":{"confidence_level":0.95,"lower_bound":87723.90922990498,"upper_bound":87945.21054428241},"point_estimate":87821.00064489435,"standard_error":57.16667259564745},"std_dev":{"confidence_interval":{"confidence_level":0.95,"lower_bound":321.6904559758111,"upper_bound":544.3979617122534},"point_estimate":435.6162944414853,"standard_error":57.26241193732524}}