{"mean":{"confidence_interval":{"confidence_level":0.95,"lower_bound":3896531.4464038457,"upper_bound":3902033.699115385},"point_estimate":3899147.161538462,"standard_error":1402.6215911535537},"median":{"confidence_interval":{"confidence_level":0.95,"lower_bound":3892670.153846154,"upper_bound":3895066.115384615},"point_estimate":3893520.846153846,"standard_error":695.6328267119327},"median_abs_dev":{"confidence_interval":{"confidence_level":0.95,"lower_bound":3409.181616397951,"upper_bound":7412.48666070927},"point_estimate":5010.617680274682,"standard_error":1049.9524913435523},"slope":null,"std_dev":{"confidence_interval":{"confidence_level":0.95,"lower_bound":10525.444567313256,"upper_bound":17434.429671309616},"point_estimate":14075.948445056061,"standard_error":1775.6362744475425}}