{"mean":{"confidence_interval":{"confidence_level":0.95,"lower_bound":83713.28346445697,"upper_bound":84209.15165511136},"point_estimate":83921.57723409026,"standard_error":128.736620310386},"median":{"confidence_interval":{"confidence_level":0.95,"lower_bound":83717.39607843137,"upper_bound":83853.08863636364},"point_estimate":83766.36956521739,"standard_error":33.70574239783817},"median_abs_dev":{"confidence_interval":{"confidence_level":0.95,"lower_bound":285.1247578130319,"upper_bound":502.78936866533036},"point_estimate":375.276787844934,"standard_error":56.95752266598308},"slope":{"confidence_interval":{"confidence_level":0.95,"lower_bound":83884.16531993957,"upper_bound":84116.71020171349},"point_estimate":83984.93716270135,"standard_error":59.81365798181246},"std_dev":{"confidence_interval":{"confidence_level":0.95,"lower_bound":447.61075000082093,"upper_bound":2036.2240701226556},"point_estimate":1294.1752450379693,"standard_error":456.3840789468569}}