{"mean":{"confidence_interval":{"confidence_level":0.95,"lower_bound":84842.62020362707,"upper_bound":85001.01665166505},"point_estimate":84919.21071083126,"standard_error":40.42419562957295},"median":{"confidence_interval":{"confidence_level":0.95,"lower_bound":84809.63231707318,"upper_bound":84898.42368421053},"point_estimate":84859.75296924709,"standard_error":23.073547821492436},"median_abs_dev":{"confidence_interval":{"confidence_level":0.95,"lower_bound":136.66848614507708,"upper_bound":311.2552444404834},"point_estimate":199.83731356699695,"standard_error":44.69044320025253},"slope":{"confidence_interval":{"confidence_level":0.95,"lower_bound":84906.39674955692,"upper_bound":85082.38767802565},"point_estimate":84986.76111955076,"standard_error":44.98549756087456},"std_dev":{"confidence_interval":{"confidence_level":0.95,"lower_bound":306.64345137049406,"upper_bound":507.4179995180927},"point_estimate":407.05467722018443,"standard_error":51.8731014610239}}