{"mean":{"confidence_interval":{"confidence_level":0.95,"lower_bound":76474.71395031692,"upper_bound":76760.99481242207},"point_estimate":76610.39094637691,"standard_error":73.08092038600084},"median":{"confidence_interval":{"confidence_level":0.95,"lower_bound":76407.83333333333,"upper_bound":76570.81308685447},"point_estimate":76517.57969305442,"standard_error":44.128828781538424},"median_abs_dev":{"confidence_interval":{"confidence_level":0.95,"lower_bound":264.5603360075623,"upper_bound":481.7857488378965},"point_estimate":353.2019628354643,"standard_error":54.16253677040154},"slope":{"confidence_interval":{"confidence_level":0.95,"lower_bound":76578.8366672832,"upper_bound":76931.67215815476},"point_estimate":76743.29299492636,"standard_error":90.83560317807061},"std_dev":{"confidence_interval":{"confidence_level":0.95,"lower_bound":525.544530966238,"upper_bound":921.7747972494724},"point_estimate":737.7261961762873,"standard_error":101.098606177901}}