{"mean":{"confidence_interval":{"confidence_level":0.95,"lower_bound":85840.33892634498,"upper_bound":86068.99782294444},"point_estimate":85953.50126379129,"standard_error":58.43692765519657},"median":{"confidence_interval":{"confidence_level":0.95,"lower_bound":85955.40743727598,"upper_bound":86108.63888888889},"point_estimate":86009.6899659864,"standard_error":40.37134022123368},"median_abs_dev":{"confidence_interval":{"confidence_level":0.95,"lower_bound":340.3830184131222,"upper_bound":726.8813378889354},"point_estimate":522.1220972185168,"standard_error":98.3963458077003},"slope":{"confidence_interval":{"confidence_level":0.95,"lower_bound":85587.45188635742,"upper_bound":85949.3095841986},"point_estimate":85754.45776316438,"standard_error":92.51548007615513},"std_dev":{"confidence_interval":{"confidence_level":0.95,"lower_bound":486.95600357389765,"upper_bound":697.0360498297633},"point_estimate":587.6632749980854,"standard_error":54.347018871181305}}