{"mean":{"confidence_interval":{"confidence_level":0.95,"lower_bound":80182.12825773896,"upper_bound":80343.36656580277},"point_estimate":80262.12950064623,"standard_error":41.02812845874959},"median":{"confidence_interval":{"confidence_level":0.95,"lower_bound":80233.2660395937,"upper_bound":80369.212292885},"point_estimate":80309.5531372549,"standard_error":33.85947357978771},"median_abs_dev":{"confidence_interval":{"confidence_level":0.95,"lower_bound":206.86770665588213,"upper_bound":337.1126683255736},"point_estimate":257.419881214196,"standard_error":32.62458850411213},"slope":{"confidence_interval":{"confidence_level":0.95,"lower_bound":80324.7769015833,"upper_bound":80424.44928539325},"point_estimate":80374.54486281464,"standard_error":25.3979075634529},"std_dev":{"confidence_interval":{"confidence_level":0.95,"lower_bound":321.2105062506432,"upper_bound":501.4858743095977},"point_estimate":412.11306702965817,"standard_error":46.42042309058932}}