{"mean":{"confidence_interval":{"confidence_level":0.95,"lower_bound":82281.97702943886,"upper_bound":83644.80396425229},"point_estimate":82770.25704284506,"standard_error":397.2801285627147},"median":{"confidence_interval":{"confidence_level":0.95,"lower_bound":82293.72307692308,"upper_bound":82380.6338028169},"point_estimate":82335.55328798186,"standard_error":21.82997418471875},"median_abs_dev":{"confidence_interval":{"confidence_level":0.95,"lower_bound":207.3108005111581,"upper_bound":362.0107274362529},"point_estimate":278.26496242904676,"standard_error":39.230302075215306},"slope":{"confidence_interval":{"confidence_level":0.95,"lower_bound":82390.99704299301,"upper_bound":82510.22758647088},"point_estimate":82447.13275129304,"standard_error":30.531291710094415},"std_dev":{"confidence_interval":{"confidence_level":0.95,"lower_bound":335.5324315586091,"upper_bound":6769.66003206557},"point_estimate":3979.4370525620575,"standard_error":2190.1066534442384}}