{"mean":{"confidence_interval":{"confidence_level":0.95,"lower_bound":115728.86368439224,"upper_bound":115866.08746024469},"point_estimate":115799.09185893662,"standard_error":35.084673939743546},"median":{"confidence_interval":{"confidence_level":0.95,"lower_bound":115746.96666666666,"upper_bound":115909.71067415731},"point_estimate":115806.58980392157,"standard_error":39.65219783281025},"median_abs_dev":{"confidence_interval":{"confidence_level":0.95,"lower_bound":220.65755498405582,"upper_bound":339.3290786768746},"point_estimate":279.114561750607,"standard_error":30.15966229348351},"slope":{"confidence_interval":{"confidence_level":0.95,"lower_bound":115834.31411257562,"upper_bound":115940.40857745445},"point_estimate":115888.20120289641,"standard_error":27.00273422122388},"std_dev":{"confidence_interval":{"confidence_level":0.95,"lower_bound":284.71909260084414,"upper_bound":416.16494886609246},"point_estimate":353.2186702431762,"standard_error":33.623253083420295}}