{"mean":{"confidence_interval":{"confidence_level":0.95,"lower_bound":116988.47492108714,"upper_bound":117163.54701877746},"point_estimate":117080.24261235636,"standard_error":44.60636525781733},"median":{"confidence_interval":{"confidence_level":0.95,"lower_bound":117115.41666666667,"upper_bound":117258.02651515152},"point_estimate":117192.69773950017,"standard_error":33.99898065591791},"median_abs_dev":{"confidence_interval":{"confidence_level":0.95,"lower_bound":195.89559045439475,"upper_bound":355.6338922687063},"point_estimate":268.98865657307766,"standard_error":43.70285397565504},"slope":{"confidence_interval":{"confidence_level":0.95,"lower_bound":117225.26190914425,"upper_bound":117311.07064187128},"point_estimate":117267.91137431654,"standard_error":21.8612430731067},"std_dev":{"confidence_interval":{"confidence_level":0.95,"lower_bound":335.2650731035998,"upper_bound":538.8891484156297},"point_estimate":446.10012460918466,"standard_error":52.1730221736449}}