{"mean":{"confidence_interval":{"confidence_level":0.95,"lower_bound":86911.41094678413,"upper_bound":87221.66409311985},"point_estimate":87054.52108549085,"standard_error":79.46064507168029},"median":{"confidence_interval":{"confidence_level":0.95,"lower_bound":86854.79166666667,"upper_bound":86958.32674242425},"point_estimate":86880.02631578947,"standard_error":28.728633806943144},"median_abs_dev":{"confidence_interval":{"confidence_level":0.95,"lower_bound":203.63189006441465,"upper_bound":360.6491870669681},"point_estimate":268.73425049217104,"standard_error":37.614578499897625},"slope":{"confidence_interval":{"confidence_level":0.95,"lower_bound":87010.42487853921,"upper_bound":87564.02321303183},"point_estimate":87248.70896803113,"standard_error":143.73449501892915},"std_dev":{"confidence_interval":{"confidence_level":0.95,"lower_bound":475.048051467843,"upper_bound":1112.6333775366415},"point_estimate":802.2513219987359,"standard_error":167.8635280362235}}