{"mean":{"confidence_interval":{"confidence_level":0.95,"lower_bound":84784.8197852529,"upper_bound":84990.54025026024},"point_estimate":84881.0627663846,"standard_error":52.36608483017002},"median":{"confidence_interval":{"confidence_level":0.95,"lower_bound":84771.8452321514,"upper_bound":84866.02183333333},"point_estimate":84832.16570193818,"standard_error":23.29445344823694},"median_abs_dev":{"confidence_interval":{"confidence_level":0.95,"lower_bound":156.21991189320516,"upper_bound":319.11330966566544},"point_estimate":209.02400807798702,"standard_error":42.35578339722641},"slope":{"confidence_interval":{"confidence_level":0.95,"lower_bound":84894.44502100356,"upper_bound":85128.61502259746},"point_estimate":85002.20044805674,"standard_error":60.08277687185494},"std_dev":{"confidence_interval":{"confidence_level":0.95,"lower_bound":347.2874051241493,"upper_bound":700.0177215079191},"point_estimate":527.8540039738027,"standard_error":91.6164691661578}}