{"mean":{"confidence_interval":{"confidence_level":0.95,"lower_bound":76603.08099905966,"upper_bound":76917.90811924188},"point_estimate":76740.75996894314,"standard_error":81.10317859361724},"median":{"confidence_interval":{"confidence_level":0.95,"lower_bound":76563.66470588236,"upper_bound":76704.56483607602},"point_estimate":76652.28986311506,"standard_error":33.700586124320374},"median_abs_dev":{"confidence_interval":{"confidence_level":0.95,"lower_bound":219.58529020571538,"upper_bound":363.6307658366368},"point_estimate":291.5327846761099,"standard_error":35.33620826529356},"slope":{"confidence_interval":{"confidence_level":0.95,"lower_bound":76671.06285060685,"upper_bound":76930.05159702619},"point_estimate":76785.66002167382,"standard_error":66.46502688053484},"std_dev":{"confidence_interval":{"confidence_level":0.95,"lower_bound":360.02876142116565,"upper_bound":1243.4761349372004},"point_estimate":816.7107040431231,"standard_error":247.14569401359705}}