{"mean":{"confidence_interval":{"confidence_level":0.95,"lower_bound":85078.4466278055,"upper_bound":85375.42823537097},"point_estimate":85215.42117174083,"standard_error":76.18184117539661},"median":{"confidence_interval":{"confidence_level":0.95,"lower_bound":84973.63598484849,"upper_bound":85128.18625730995},"point_estimate":85078.24723214286,"standard_error":39.72212088903183},"median_abs_dev":{"confidence_interval":{"confidence_level":0.95,"lower_bound":256.0380511832376,"upper_bound":397.9596514942165},"point_estimate":318.99500429462773,"standard_error":35.496745717381536},"slope":{"confidence_interval":{"confidence_level":0.95,"lower_bound":85227.64544812386,"upper_bound":85644.70644432331},"point_estimate":85415.07671228018,"standard_error":107.08064366904696},"std_dev":{"confidence_interval":{"confidence_level":0.95,"lower_bound":464.067479334166,"upper_bound":1020.1090375961847},"point_estimate":765.5501273279865,"standard_error":141.95259148152883}}