{"mean":{"confidence_interval":{"confidence_level":0.95,"lower_bound":88095.89102002123,"upper_bound":88283.67937454152},"point_estimate":88184.59931157804,"standard_error":47.962732836653686},"median":{"confidence_interval":{"confidence_level":0.95,"lower_bound":88092.64444444445,"upper_bound":88246.72786377708},"point_estimate":88165.85694444444,"standard_error":33.31452041062323},"median_abs_dev":{"confidence_interval":{"confidence_level":0.95,"lower_bound":244.83370482926085,"upper_bound":399.7254262367968},"point_estimate":300.88653111652974,"standard_error":39.4609028512984},"slope":{"confidence_interval":{"confidence_level":0.95,"lower_bound":88192.60111811917,"upper_bound":88494.43346671715},"point_estimate":88325.55885572139,"standard_error":78.08941026554369},"std_dev":{"confidence_interval":{"confidence_level":0.95,"lower_bound":322.39686036199595,"upper_bound":649.2394788706158},"point_estimate":481.13567664045485,"standard_error":87.35656524862216}}