{"mean":{"confidence_interval":{"confidence_level":0.95,"lower_bound":125623.28259761476,"upper_bound":126214.38445837656},"point_estimate":125838.52824801076,"standard_error":170.88498960221423},"median":{"confidence_interval":{"confidence_level":0.95,"lower_bound":125639.58783783784,"upper_bound":125725.09722222222},"point_estimate":125683.56726190477,"standard_error":21.936611338595362},"median_abs_dev":{"confidence_interval":{"confidence_level":0.95,"lower_bound":135.68155962243435,"upper_bound":261.9862748906755},"point_estimate":198.4625518087524,"standard_error":32.68946185653107},"slope":{"confidence_interval":{"confidence_level":0.95,"lower_bound":125710.70459356302,"upper_bound":126710.53031947013},"point_estimate":126032.26839736958,"standard_error":295.06212984430135},"std_dev":{"confidence_interval":{"confidence_level":0.95,"lower_bound":258.2193787269421,"upper_bound":2932.246619882424},"point_estimate":1724.0081758358103,"standard_error":938.3825757004365}}