{"mean":{"confidence_interval":{"confidence_level":0.95,"lower_bound":83804.88572737858,"upper_bound":84161.79693676598},"point_estimate":83961.06839318332,"standard_error":91.83710613956671},"median":{"confidence_interval":{"confidence_level":0.95,"lower_bound":83693.79120879121,"upper_bound":83879.03053830226},"point_estimate":83769.5006097561,"standard_error":46.83756716901546},"median_abs_dev":{"confidence_interval":{"confidence_level":0.95,"lower_bound":227.18904636310592,"upper_bound":378.1116316225414},"point_estimate":281.7004166893078,"standard_error":38.444312858519815},"slope":{"confidence_interval":{"confidence_level":0.95,"lower_bound":83900.06250088247,"upper_bound":84267.46943560606},"point_estimate":84061.34017260233,"standard_error":94.56513219793972},"std_dev":{"confidence_interval":{"confidence_level":0.95,"lower_bound":400.08238695663914,"upper_bound":1389.8313986818196},"point_estimate":921.0898402928916,"standard_error":271.34893269759965}}