{"mean":{"confidence_interval":{"confidence_level":0.95,"lower_bound":-0.51308213112891,"upper_bound":-0.48867451299592973},"point_estimate":-0.5016555633942387,"standard_error":0.006215949414883514},"median":{"confidence_interval":{"confidence_level":0.95,"lower_bound":-0.5063364181163685,"upper_bound":-0.4971728006108148},"point_estimate":-0.50355343337608,"standard_error":0.0020252708883539395}}