{"mean":{"confidence_interval":{"confidence_level":0.95,"lower_bound":0.915414066104626,"upper_bound":1.01750841977195},"point_estimate":0.9660244748856066,"standard_error":0.026190010368997763},"median":{"confidence_interval":{"confidence_level":0.95,"lower_bound":0.9501457767930823,"upper_bound":0.9908057539130544},"point_estimate":0.967075741853965,"standard_error":0.012130223145684585}}