{"mean":{"confidence_interval":{"confidence_level":0.95,"lower_bound":-0.006501355278080464,"upper_bound":0.02966622183553662},"point_estimate":0.010906440657838523,"standard_error":0.009204939856048925},"median":{"confidence_interval":{"confidence_level":0.95,"lower_bound":-0.0046404822174608285,"upper_bound":0.00393463068573463},"point_estimate":-0.0014015685591302063,"standard_error":0.002170608399810915}}