{"mean":{"confidence_interval":{"confidence_level":0.95,"lower_bound":-0.010305284368896087,"upper_bound":0.020084776785346783},"point_estimate":0.005061698025000005,"standard_error":0.007669686000065041},"median":{"confidence_interval":{"confidence_level":0.95,"lower_bound":0.0044589556474785574,"upper_bound":0.01180710143881973},"point_estimate":0.00851997413174943,"standard_error":0.001841370728471271}}