{"mean":{"confidence_interval":{"confidence_level":0.95,"lower_bound":-0.0008633575250989094,"upper_bound":0.029582652207302367},"point_estimate":0.014486078860133311,"standard_error":0.007796803633696747},"median":{"confidence_interval":{"confidence_level":0.95,"lower_bound":0.005004873558936529,"upper_bound":0.013215187100524606},"point_estimate":0.00880134124834675,"standard_error":0.0020451991923604875}}