{"mean":{"confidence_interval":{"confidence_level":0.95,"lower_bound":-0.030342136354622826,"upper_bound":-0.0014970028432197038},"point_estimate":-0.016422227959852265,"standard_error":0.007319222286871579},"median":{"confidence_interval":{"confidence_level":0.95,"lower_bound":-0.02008100236137378,"upper_bound":-0.01482261693421072},"point_estimate":-0.017702081188980867,"standard_error":0.001372414411296195}}