{"mean":{"confidence_interval":{"confidence_level":0.95,"lower_bound":-0.012023556482622363,"upper_bound":0.019105979148721062},"point_estimate":0.003140209804744609,"standard_error":0.007940360895798677},"median":{"confidence_interval":{"confidence_level":0.95,"lower_bound":-0.003956040737455924,"upper_bound":0.005043353359255381},"point_estimate":0.0014820608740413466,"standard_error":0.00233357336256987}}