{"mean":{"confidence_interval":{"confidence_level":0.95,"lower_bound":-0.10515389342603347,"upper_bound":-0.048315546028552356},"point_estimate":-0.0782178265534732,"standard_error":0.01447188388477952},"median":{"confidence_interval":{"confidence_level":0.95,"lower_bound":-0.10545186458090633,"upper_bound":-0.060500146578384206},"point_estimate":-0.08212343776073139,"standard_error":0.010584541103742297}}