{"mean":{"confidence_interval":{"confidence_level":0.95,"lower_bound":0.02363314374306258,"upper_bound":0.057111789401818935},"point_estimate":0.040117960797257934,"standard_error":0.008374230343861842},"median":{"confidence_interval":{"confidence_level":0.95,"lower_bound":0.037587302022006996,"upper_bound":0.04303344117088215},"point_estimate":0.04018383428609762,"standard_error":0.001360577145534285}}