{"mean":{"confidence_interval":{"confidence_level":0.95,"lower_bound":0.0023684351166954557,"upper_bound":0.029268591103029207},"point_estimate":0.015790109544151498,"standard_error":0.006850294527548438},"median":{"confidence_interval":{"confidence_level":0.95,"lower_bound":0.00811066337512889,"upper_bound":0.01516104857266054},"point_estimate":0.011881699387595868,"standard_error":0.001740894278761719}}