{"mean":{"confidence_interval":{"confidence_level":0.95,"lower_bound":-0.003949488570680533,"upper_bound":0.02740609977068449},"point_estimate":0.011482928994990482,"standard_error":0.007963593032032796},"median":{"confidence_interval":{"confidence_level":0.95,"lower_bound":0.013466035792681685,"upper_bound":0.01982831666125784},"point_estimate":0.01579069970103042,"standard_error":0.0016082827835695306}}