{"mean":{"confidence_interval":{"confidence_level":0.95,"lower_bound":-0.01322106111698215,"upper_bound":0.014862620921529584},"point_estimate":0.001080559962505001,"standard_error":0.00709246709704585},"median":{"confidence_interval":{"confidence_level":0.95,"lower_bound":-0.0009734240445795628,"upper_bound":0.00354166072486256},"point_estimate":0.0013985813916503886,"standard_error":0.001204219761384736}}