{"mean":{"confidence_interval":{"confidence_level":0.95,"lower_bound":-0.007325846328529648,"upper_bound":0.02243205906963324},"point_estimate":0.0072524597717442685,"standard_error":0.007627935762326995},"median":{"confidence_interval":{"confidence_level":0.95,"lower_bound":-0.004000495807725768,"upper_bound":0.012148782935237579},"point_estimate":0.002212715634418716,"standard_error":0.003990241010559963}}