{"mean":{"confidence_interval":{"confidence_level":0.95,"lower_bound":-0.003941210436571734,"upper_bound":0.028297913732328733},"point_estimate":0.01198603133482945,"standard_error":0.00820596621549273},"median":{"confidence_interval":{"confidence_level":0.95,"lower_bound":0.006151711485830269,"upper_bound":0.013586427561431691},"point_estimate":0.009577717631190641,"standard_error":0.0025501969917872346}}