{"mean":{"confidence_interval":{"confidence_level":0.95,"lower_bound":-0.012905032013719654,"upper_bound":0.018980250470609694},"point_estimate":0.0036223824783438996,"standard_error":0.008132345478474716},"median":{"confidence_interval":{"confidence_level":0.95,"lower_bound":0.004604619881472205,"upper_bound":0.012377073798741645},"point_estimate":0.008155403255502014,"standard_error":0.0019524102722289164}}