{"mean":{"confidence_interval":{"confidence_level":0.95,"lower_bound":0.0071339176867159055,"upper_bound":0.035435636582085574},"point_estimate":0.02141162155814924,"standard_error":0.0071931830773391},"median":{"confidence_interval":{"confidence_level":0.95,"lower_bound":0.015056821618884886,"upper_bound":0.023065010177064416},"point_estimate":0.01778429529029313,"standard_error":0.002128869209010433}}