{"mean":{"confidence_interval":{"confidence_level":0.95,"lower_bound":-0.19084458258957396,"upper_bound":-0.16304007317567107},"point_estimate":-0.17746827550854027,"standard_error":0.006957518135094991},"median":{"confidence_interval":{"confidence_level":0.95,"lower_bound":-0.18377577787242905,"upper_bound":-0.17876713245842102},"point_estimate":-0.18142746508940022,"standard_error":0.0012822440876523043}}