{"mean":{"confidence_interval":{"confidence_level":0.95,"lower_bound":0.005426338821969059,"upper_bound":0.035642552809714505},"point_estimate":0.020213016327256472,"standard_error":0.0076915368759764985},"median":{"confidence_interval":{"confidence_level":0.95,"lower_bound":0.02036963720550697,"upper_bound":0.02665280724382857},"point_estimate":0.023294396090278946,"standard_error":0.0015250492022970288}}