{"mean":{"confidence_interval":{"confidence_level":0.95,"lower_bound":-0.5362685022030437,"upper_bound":-0.5148352219836403},"point_estimate":-0.52654950457331,"standard_error":0.005471723266915893},"median":{"confidence_interval":{"confidence_level":0.95,"lower_bound":-0.5368736832971879,"upper_bound":-0.5189980645179959},"point_estimate":-0.528568036337239,"standard_error":0.004835800152186816}}