{"mean":{"confidence_interval":{"confidence_level":0.95,"lower_bound":-0.453498720851757,"upper_bound":-0.4207703491773128},"point_estimate":-0.4372147985330146,"standard_error":0.008350111152963514},"median":{"confidence_interval":{"confidence_level":0.95,"lower_bound":-0.44725352842328703,"upper_bound":-0.4320574730935477},"point_estimate":-0.4382902868488415,"standard_error":0.003912372655221292}}