{"mean":{"confidence_interval":{"confidence_level":0.95,"lower_bound":-0.016743680712124853,"upper_bound":0.016048108424293373},"point_estimate":0.00021334407621798057,"standard_error":0.008172326415795399},"median":{"confidence_interval":{"confidence_level":0.95,"lower_bound":-0.01089417569779294,"upper_bound":0.0006117586188567614},"point_estimate":-0.006576266656906582,"standard_error":0.0030301135410732397}}