{"mean":{"confidence_interval":{"confidence_level":0.95,"lower_bound":0.00012060040732186054,"upper_bound":0.029045633884565464},"point_estimate":0.01435784581708699,"standard_error":0.007371901135397135},"median":{"confidence_interval":{"confidence_level":0.95,"lower_bound":0.006339903487269234,"upper_bound":0.02132331928137221},"point_estimate":0.013036552804295276,"standard_error":0.0038433718589269373}}