{"mean":{"confidence_interval":{"confidence_level":0.95,"lower_bound":-0.025844600209463834,"upper_bound":0.0016994042639561545},"point_estimate":-0.012088681148063274,"standard_error":0.007061392157992588},"median":{"confidence_interval":{"confidence_level":0.95,"lower_bound":-0.010799345864431875,"upper_bound":-0.003342135005386493},"point_estimate":-0.007084060866630604,"standard_error":0.001898199829647064}}