{"mean":{"confidence_interval":{"confidence_level":0.95,"lower_bound":-0.15612123715761145,"upper_bound":-0.12503400235100182},"point_estimate":-0.14058092018639234,"standard_error":0.007869831786767796},"median":{"confidence_interval":{"confidence_level":0.95,"lower_bound":-0.15158399290025648,"upper_bound":-0.12548837562151768},"point_estimate":-0.14270829202386792,"standard_error":0.006381967244123133}}