{"mean":{"confidence_interval":{"confidence_level":0.95,"lower_bound":-0.03179040128599105,"upper_bound":-0.0013997162396465952},"point_estimate":-0.016752791459240024,"standard_error":0.007649370009277482},"median":{"confidence_interval":{"confidence_level":0.95,"lower_bound":-0.02068775872654483,"upper_bound":-0.015310821814853992},"point_estimate":-0.018575467338868945,"standard_error":0.0014025370724351474}}