{"mean":{"confidence_interval":{"confidence_level":0.95,"lower_bound":0.775277138634906,"upper_bound":0.8491766268164324},"point_estimate":0.8109823390674746,"standard_error":0.018732941325835747},"median":{"confidence_interval":{"confidence_level":0.95,"lower_bound":0.8019457755107722,"upper_bound":0.8454453582707628},"point_estimate":0.8215411778066648,"standard_error":0.011404641109153688}}