{"mean":{"confidence_interval":{"confidence_level":0.95,"lower_bound":-0.017398942927420783,"upper_bound":0.008008954293076258},"point_estimate":-0.004496001109125514,"standard_error":0.006499287789803954},"median":{"confidence_interval":{"confidence_level":0.95,"lower_bound":-0.013240324500140468,"upper_bound":-0.006473876479990204},"point_estimate":-0.009284655196835634,"standard_error":0.0016744906751065978}}