{"mean":{"confidence_interval":{"confidence_level":0.95,"lower_bound":-0.022646729015892472,"upper_bound":0.008379613243650405},"point_estimate":-0.0075081486345750514,"standard_error":0.007909633559567832},"median":{"confidence_interval":{"confidence_level":0.95,"lower_bound":-0.014084737144505755,"upper_bound":-0.007104662745893053},"point_estimate":-0.010930025204954341,"standard_error":0.0017713623549781923}}