{"mean":{"confidence_interval":{"confidence_level":0.95,"lower_bound":-0.026272381667665056,"upper_bound":0.006119912837502118},"point_estimate":-0.010340447996109448,"standard_error":0.008270151876505228},"median":{"confidence_interval":{"confidence_level":0.95,"lower_bound":-0.014242696799098023,"upper_bound":-0.006889137756321717},"point_estimate":-0.010492163118999143,"standard_error":0.0018399432109666187}}