{"mean":{"confidence_interval":{"confidence_level":0.95,"lower_bound":-0.01145789238219877,"upper_bound":0.014817584158105232},"point_estimate":0.0015930928079641582,"standard_error":0.006660590900309046},"median":{"confidence_interval":{"confidence_level":0.95,"lower_bound":-0.005492752352088015,"upper_bound":0.0018137245810958547},"point_estimate":-0.0012513686168085236,"standard_error":0.0018935843393227578}}