{"mean":{"confidence_interval":{"confidence_level":0.95,"lower_bound":0.0011339634849181215,"upper_bound":0.032253045232655916},"point_estimate":0.01674273815035754,"standard_error":0.00788952933225468},"median":{"confidence_interval":{"confidence_level":0.95,"lower_bound":0.011774247856192854,"upper_bound":0.01899246208099619},"point_estimate":0.01566234104359121,"standard_error":0.0018283215770467922}}