{"mean":{"confidence_interval":{"confidence_level":0.95,"lower_bound":0.8007348542892233,"upper_bound":0.8822069968789086},"point_estimate":0.8425446560806322,"standard_error":0.021195867584472786},"median":{"confidence_interval":{"confidence_level":0.95,"lower_bound":0.8460891817410416,"upper_bound":0.8661222465059535},"point_estimate":0.8558677480149872,"standard_error":0.006107161412406098}}