{"mean":{"confidence_interval":{"confidence_level":0.95,"lower_bound":-0.0038274832200951322,"upper_bound":0.02486642146875755},"point_estimate":0.00914005380846783,"standard_error":0.007315195124784622},"median":{"confidence_interval":{"confidence_level":0.95,"lower_bound":0.007639832274409732,"upper_bound":0.01220650236083338},"point_estimate":0.0095472506426586,"standard_error":0.0011358599841006043}}