{"mean":{"confidence_interval":{"confidence_level":0.95,"lower_bound":-0.01883379311017938,"upper_bound":0.008239438874623342},"point_estimate":-0.004755975426982584,"standard_error":0.006843570706768684},"median":{"confidence_interval":{"confidence_level":0.95,"lower_bound":-0.0064717784613086415,"upper_bound":0.005923383129022186},"point_estimate":0.0005071125097859674,"standard_error":0.0032337471519901036}}