{"mean":{"confidence_interval":{"confidence_level":0.95,"lower_bound":-0.030048351524180617,"upper_bound":-0.00048564206017572063},"point_estimate":-0.015760365489852157,"standard_error":0.007348224239195512},"median":{"confidence_interval":{"confidence_level":0.95,"lower_bound":-0.018038865498800516,"upper_bound":-0.013120143711451315},"point_estimate":-0.015449338700361803,"standard_error":0.001229804557792534}}