{"mean":{"confidence_interval":{"confidence_level":0.95,"lower_bound":-0.0071360345174313064,"upper_bound":0.02771835310939815},"point_estimate":0.01004117439907204,"standard_error":0.008921209304359629},"median":{"confidence_interval":{"confidence_level":0.95,"lower_bound":-0.002149311119440056,"upper_bound":0.02940303866431182},"point_estimate":0.011294957839536268,"standard_error":0.009189115919743607}}