{"mean":{"confidence_interval":{"confidence_level":0.95,"lower_bound":-0.019627215524086642,"upper_bound":0.009172462702766573},"point_estimate":-0.00559505667938609,"standard_error":0.007352220660208804},"median":{"confidence_interval":{"confidence_level":0.95,"lower_bound":-0.013663575405974515,"upper_bound":-0.0015898017726950764},"point_estimate":-0.00927384865555414,"standard_error":0.003015013994154205}}