{"mean":{"confidence_interval":{"confidence_level":0.95,"lower_bound":0.07556703562240975,"upper_bound":0.1274564386222043},"point_estimate":0.10440630932714279,"standard_error":0.012986566962318504},"median":{"confidence_interval":{"confidence_level":0.95,"lower_bound":0.09640276316695506,"upper_bound":0.13818980967710548},"point_estimate":0.1227445406093215,"standard_error":0.012972160713926359}}