{"mean":{"confidence_interval":{"confidence_level":0.95,"lower_bound":0.15223090355058544,"upper_bound":0.2384566595458403},"point_estimate":0.19561983430193908,"standard_error":0.021942107788001555},"median":{"confidence_interval":{"confidence_level":0.95,"lower_bound":0.13683918297973485,"upper_bound":0.17686139522274913},"point_estimate":0.15390930867859764,"standard_error":0.010200517641991255}}