{"mean":{"confidence_interval":{"confidence_level":0.95,"lower_bound":0.0006913668179625985,"upper_bound":0.026393883622498213},"point_estimate":0.01356613568334808,"standard_error":0.0065382793693664265},"median":{"confidence_interval":{"confidence_level":0.95,"lower_bound":0.007921280826006738,"upper_bound":0.016117390046695768},"point_estimate":0.01235990535589937,"standard_error":0.002066987790460218}}