{"mean":{"confidence_interval":{"confidence_level":0.95,"lower_bound":10805.083786462326,"upper_bound":11205.753180800004},"point_estimate":10987.098368830671,"standard_error":102.49276272732317},"median":{"confidence_interval":{"confidence_level":0.95,"lower_bound":10662.724206349207,"upper_bound":10910.081587301589},"point_estimate":10785.783169462116,"standard_error":65.2934353032106},"median_abs_dev":{"confidence_interval":{"confidence_level":0.95,"lower_bound":425.00385390667947,"upper_bound":713.4298338100834},"point_estimate":555.3865060450806,"standard_error":72.90730602864689},"slope":{"confidence_interval":{"confidence_level":0.95,"lower_bound":10714.675315631113,"upper_bound":10972.076809895107},"point_estimate":10838.29272308894,"standard_error":65.85630070130843},"std_dev":{"confidence_interval":{"confidence_level":0.95,"lower_bound":610.0714956358557,"upper_bound":1461.5256271646106},"point_estimate":1026.0263085872934,"standard_error":235.38412477745715}}