{"mean":{"confidence_interval":{"confidence_level":0.95,"lower_bound":6920.414456278037,"upper_bound":6942.568271969645},"point_estimate":6930.916810220906,"standard_error":5.641749288244366},"median":{"confidence_interval":{"confidence_level":0.95,"lower_bound":6908.313254830918,"upper_bound":6927.449735449735},"point_estimate":6916.035524920467,"standard_error":4.479443417472527},"median_abs_dev":{"confidence_interval":{"confidence_level":0.95,"lower_bound":29.551713971991653,"upper_bound":46.21219558393217},"point_estimate":37.73054160354861,"standard_error":4.258750671534901},"slope":{"confidence_interval":{"confidence_level":0.95,"lower_bound":6920.796021195427,"upper_bound":6949.361502441024},"point_estimate":6933.547407516871,"standard_error":7.327836207141301},"std_dev":{"confidence_interval":{"confidence_level":0.95,"lower_bound":39.86380363303569,"upper_bound":71.87587195424064},"point_estimate":56.91423312056635,"standard_error":8.20103262955187}}