{"mean":{"confidence_interval":{"confidence_level":0.95,"lower_bound":10422.749651250557,"upper_bound":10433.92641342253},"point_estimate":10427.95778294322,"standard_error":2.8380185198006744},"median":{"confidence_interval":{"confidence_level":0.95,"lower_bound":10421.432612179487,"upper_bound":10427.880357142858},"point_estimate":10424.377560908084,"standard_error":1.721103832358327},"median_abs_dev":{"confidence_interval":{"confidence_level":0.95,"lower_bound":13.389995762279916,"upper_bound":23.007215334939},"point_estimate":17.46176038766717,"standard_error":2.352859776498424},"slope":{"confidence_interval":{"confidence_level":0.95,"lower_bound":10424.204017540736,"upper_bound":10432.475220775976},"point_estimate":10428.106735259347,"standard_error":2.09891724339878},"std_dev":{"confidence_interval":{"confidence_level":0.95,"lower_bound":18.217690727656976,"upper_bound":37.969297200405975},"point_estimate":28.445279612326463,"standard_error":5.078951488846963}}