{"mean":{"confidence_interval":{"confidence_level":0.95,"lower_bound":6826.603242902855,"upper_bound":6867.992508173985},"point_estimate":6848.17250273705,"standard_error":10.587516275942455},"median":{"confidence_interval":{"confidence_level":0.95,"lower_bound":6856.3936507936505,"upper_bound":6891.665168539326},"point_estimate":6883.78778409091,"standard_error":9.73557149842481},"median_abs_dev":{"confidence_interval":{"confidence_level":0.95,"lower_bound":39.83548067164406,"upper_bound":75.89665334006615},"point_estimate":53.984469552948234,"standard_error":8.290340691409442},"slope":{"confidence_interval":{"confidence_level":0.95,"lower_bound":6824.517663955412,"upper_bound":6871.85930040834},"point_estimate":6849.467558740948,"standard_error":12.10810481447872},"std_dev":{"confidence_interval":{"confidence_level":0.95,"lower_bound":81.70413378054829,"upper_bound":127.37562116857188},"point_estimate":106.32278286596632,"standard_error":11.66836956515094}}