{"mean":{"confidence_interval":{"confidence_level":0.95,"lower_bound":10233.119233502339,"upper_bound":10239.887594341395},"point_estimate":10236.411881452403,"standard_error":1.7276451448227494},"median":{"confidence_interval":{"confidence_level":0.95,"lower_bound":10229.759308510638,"upper_bound":10236.996913390663},"point_estimate":10233.3455078125,"standard_error":1.7956240626737838},"median_abs_dev":{"confidence_interval":{"confidence_level":0.95,"lower_bound":13.240950089826827,"upper_bound":19.788839626619946},"point_estimate":17.042092998815463,"standard_error":1.7392978391475882},"slope":{"confidence_interval":{"confidence_level":0.95,"lower_bound":10231.607401942925,"upper_bound":10239.098455822526},"point_estimate":10235.182948869513,"standard_error":1.909134017986228},"std_dev":{"confidence_interval":{"confidence_level":0.95,"lower_bound":14.078719859059033,"upper_bound":20.683003848275725},"point_estimate":17.40857699944604,"standard_error":1.6976457776256648}}