{"mean":{"confidence_interval":{"confidence_level":0.95,"lower_bound":10893.894537593465,"upper_bound":10905.81852603354},"point_estimate":10899.351516242286,"standard_error":3.05548613466074},"median":{"confidence_interval":{"confidence_level":0.95,"lower_bound":10887.250641966251,"upper_bound":10897.401979405035},"point_estimate":10892.909677419355,"standard_error":2.7245427501708397},"median_abs_dev":{"confidence_interval":{"confidence_level":0.95,"lower_bound":13.223442115781443,"upper_bound":23.26500940488812},"point_estimate":18.77165469128107,"standard_error":2.6303755856975912},"slope":{"confidence_interval":{"confidence_level":0.95,"lower_bound":10893.689418223086,"upper_bound":10902.101079581344},"point_estimate":10897.713167725728,"standard_error":2.145564331703147},"std_dev":{"confidence_interval":{"confidence_level":0.95,"lower_bound":18.92580305628199,"upper_bound":42.7568539989801},"point_estimate":30.902446281993413,"standard_error":6.295105470064224}}