{"mean":{"confidence_interval":{"confidence_level":0.95,"lower_bound":6882.72321994446,"upper_bound":6908.376587962723},"point_estimate":6893.356759721165,"standard_error":6.645429944123282},"median":{"confidence_interval":{"confidence_level":0.95,"lower_bound":6878.656108597285,"upper_bound":6892.415423861852},"point_estimate":6883.772747252748,"standard_error":3.6858922630882933},"median_abs_dev":{"confidence_interval":{"confidence_level":0.95,"lower_bound":21.64526726788497,"upper_bound":37.20424173663048},"point_estimate":27.64640824712364,"standard_error":3.9679175883765847},"slope":{"confidence_interval":{"confidence_level":0.95,"lower_bound":6886.160128042276,"upper_bound":6906.642456895083},"point_estimate":6895.114333587205,"standard_error":5.288194560814309},"std_dev":{"confidence_interval":{"confidence_level":0.95,"lower_bound":26.240817561878334,"upper_bound":106.32311076184466},"point_estimate":66.70749739515725,"standard_error":25.163913278883662}}