{"mean":{"confidence_interval":{"confidence_level":0.95,"lower_bound":10405.646417929327,"upper_bound":10412.759408425312},"point_estimate":10409.040247994011,"standard_error":1.8152563177088306},"median":{"confidence_interval":{"confidence_level":0.95,"lower_bound":10404.287439613527,"upper_bound":10410.89552238806},"point_estimate":10407.906495931706,"standard_error":1.6280108647109441},"median_abs_dev":{"confidence_interval":{"confidence_level":0.95,"lower_bound":10.546863941474367,"upper_bound":18.786475634577773},"point_estimate":15.231325925015602,"standard_error":2.0753156616537134},"slope":{"confidence_interval":{"confidence_level":0.95,"lower_bound":10408.619098677478,"upper_bound":10413.953288398554},"point_estimate":10411.244858217166,"standard_error":1.3588985289711615},"std_dev":{"confidence_interval":{"confidence_level":0.95,"lower_bound":12.653953634618661,"upper_bound":23.56982753619497},"point_estimate":18.197881504410507,"standard_error":2.8330710467665026}}