{"mean":{"confidence_interval":{"confidence_level":0.95,"lower_bound":10946.960819991924,"upper_bound":10989.579206847986},"point_estimate":10962.810854161706,"standard_error":11.967709030896687},"median":{"confidence_interval":{"confidence_level":0.95,"lower_bound":10940.394304347827,"upper_bound":10952.540425531915},"point_estimate":10945.059444444443,"standard_error":2.9291440076217605},"median_abs_dev":{"confidence_interval":{"confidence_level":0.95,"lower_bound":18.061300182492413,"upper_bound":30.42764002390239},"point_estimate":23.371864835066287,"standard_error":3.08910804809456},"slope":{"confidence_interval":{"confidence_level":0.95,"lower_bound":10946.073606319404,"upper_bound":10954.141748116665},"point_estimate":10949.922073887987,"standard_error":2.046859112676996},"std_dev":{"confidence_interval":{"confidence_level":0.95,"lower_bound":23.01842713193499,"upper_bound":202.96106082476243},"point_estimate":120.35193512495997,"standard_error":62.07315510089999}}