{"mean":{"confidence_interval":{"confidence_level":0.95,"lower_bound":24772.346848793,"upper_bound":24788.109195728484},"point_estimate":24780.07157200503,"standard_error":4.0057796055322346},"median":{"confidence_interval":{"confidence_level":0.95,"lower_bound":24764.907103825135,"upper_bound":24783.22619047619},"point_estimate":24775.76159113659,"standard_error":4.649747094816444},"median_abs_dev":{"confidence_interval":{"confidence_level":0.95,"lower_bound":26.01854033323868,"upper_bound":41.97930997531302},"point_estimate":32.409504456119805,"standard_error":3.881691891791959},"slope":{"confidence_interval":{"confidence_level":0.95,"lower_bound":24776.53209129061,"upper_bound":24788.04029013663},"point_estimate":24782.187717353823,"standard_error":2.9276278235845345},"std_dev":{"confidence_interval":{"confidence_level":0.95,"lower_bound":31.692560269026963,"upper_bound":49.134051476532},"point_estimate":40.20186140075873,"standard_error":4.514777218662702}}