{"mean":{"confidence_interval":{"confidence_level":0.95,"lower_bound":13200.794636905222,"upper_bound":13941.810285383242},"point_estimate":13525.576242891038,"standard_error":190.8571731519823},"median":{"confidence_interval":{"confidence_level":0.95,"lower_bound":12863.464285714286,"upper_bound":13013.467032967033},"point_estimate":12912.631363534425,"standard_error":42.27010966581335},"median_abs_dev":{"confidence_interval":{"confidence_level":0.95,"lower_bound":156.9223800666015,"upper_bound":336.93584252498175},"point_estimate":217.65596235532908,"standard_error":46.12722554822386},"slope":{"confidence_interval":{"confidence_level":0.95,"lower_bound":13212.127931332656,"upper_bound":13782.345095632983},"point_estimate":13475.915093837742,"standard_error":145.75038568427684},"std_dev":{"confidence_interval":{"confidence_level":0.95,"lower_bound":776.8361662647557,"upper_bound":2887.43171947343},"point_estimate":1922.8993740691758,"standard_error":551.8044936767596}}