{"mean":{"confidence_interval":{"confidence_level":0.95,"lower_bound":9065.127755400232,"upper_bound":9070.2728492529},"point_estimate":9067.561544285274,"standard_error":1.3167319519304468},"median":{"confidence_interval":{"confidence_level":0.95,"lower_bound":9062.67686746988,"upper_bound":9068.241164241164},"point_estimate":9065.480230664145,"standard_error":1.171038300282881},"median_abs_dev":{"confidence_interval":{"confidence_level":0.95,"lower_bound":7.4760668647895825,"upper_bound":11.641978646193841},"point_estimate":9.82466995520949,"standard_error":1.0685106564570954},"slope":{"confidence_interval":{"confidence_level":0.95,"lower_bound":9068.47959059564,"upper_bound":9073.645800317798},"point_estimate":9071.029513589705,"standard_error":1.3217131790790928},"std_dev":{"confidence_interval":{"confidence_level":0.95,"lower_bound":9.311599593062077,"upper_bound":17.530086227509084},"point_estimate":13.203405498741477,"standard_error":2.2475340141647546}}