{"mean":{"confidence_interval":{"confidence_level":0.95,"lower_bound":10929.471643600957,"upper_bound":10967.028739778718},"point_estimate":10945.73177032181,"standard_error":9.66682995736351},"median":{"confidence_interval":{"confidence_level":0.95,"lower_bound":10919.647212009804,"upper_bound":10927.385869565218},"point_estimate":10923.858575048052,"standard_error":1.7812571690057797},"median_abs_dev":{"confidence_interval":{"confidence_level":0.95,"lower_bound":15.487653838754515,"upper_bound":26.430532814288846},"point_estimate":21.18844926865233,"standard_error":2.917096042388622},"slope":{"confidence_interval":{"confidence_level":0.95,"lower_bound":10923.17094919445,"upper_bound":10938.283930413869},"point_estimate":10929.758617186346,"standard_error":3.8748175683576407},"std_dev":{"confidence_interval":{"confidence_level":0.95,"lower_bound":41.24704727592679,"upper_bound":146.81474759334841},"point_estimate":97.22607496950585,"standard_error":28.64345495668426}}