{"mean":{"confidence_interval":{"confidence_level":0.95,"lower_bound":10780.14266600905,"upper_bound":10813.134303254928},"point_estimate":10796.911496310304,"standard_error":8.362960041511736},"median":{"confidence_interval":{"confidence_level":0.95,"lower_bound":10788.598398268397,"upper_bound":10816.62554112554},"point_estimate":10804.37239016964,"standard_error":7.303053961742858},"median_abs_dev":{"confidence_interval":{"confidence_level":0.95,"lower_bound":48.71360053952831,"upper_bound":87.55285331734336},"point_estimate":69.37412604109004,"standard_error":9.834476543297697},"slope":{"confidence_interval":{"confidence_level":0.95,"lower_bound":10791.743648387603,"upper_bound":10826.320753330318},"point_estimate":10809.121497373619,"standard_error":8.81543297529775},"std_dev":{"confidence_interval":{"confidence_level":0.95,"lower_bound":63.94866892977961,"upper_bound":105.25435456914175},"point_estimate":84.17770235145679,"standard_error":10.730359173735607}}