{"mean":{"confidence_interval":{"confidence_level":0.95,"lower_bound":6898.1023916811055,"upper_bound":6910.944344199393},"point_estimate":6904.285431605477,"standard_error":3.275693834201455},"median":{"confidence_interval":{"confidence_level":0.95,"lower_bound":6896.737109044801,"upper_bound":6903.716923076923},"point_estimate":6900.188756182259,"standard_error":1.7405164353416143},"median_abs_dev":{"confidence_interval":{"confidence_level":0.95,"lower_bound":17.73440022813887,"upper_bound":31.055297957790938},"point_estimate":24.121197949117885,"standard_error":3.2232512846452632},"slope":{"confidence_interval":{"confidence_level":0.95,"lower_bound":6898.175157896218,"upper_bound":6910.67494487603},"point_estimate":6904.392406815882,"standard_error":3.1902408011432795},"std_dev":{"confidence_interval":{"confidence_level":0.95,"lower_bound":24.986226781369716,"upper_bound":40.2237028269676},"point_estimate":32.9851561651331,"standard_error":3.8992624781276897}}