{"mean":{"confidence_interval":{"confidence_level":0.95,"lower_bound":10887.884939420766,"upper_bound":10902.20094961053},"point_estimate":10894.390756966553,"standard_error":3.6423231709971877},"median":{"confidence_interval":{"confidence_level":0.95,"lower_bound":10882.484848484848,"upper_bound":10893.921875},"point_estimate":10887.27375,"standard_error":3.144532848663928},"median_abs_dev":{"confidence_interval":{"confidence_level":0.95,"lower_bound":14.239693135852772,"upper_bound":26.93912627414398},"point_estimate":19.361941304755298,"standard_error":3.3161089389608644},"slope":{"confidence_interval":{"confidence_level":0.95,"lower_bound":10888.128244735193,"upper_bound":10901.890016563728},"point_estimate":10894.564596571598,"standard_error":3.5199126605735405},"std_dev":{"confidence_interval":{"confidence_level":0.95,"lower_bound":22.0711375280469,"upper_bound":52.15739957131911},"point_estimate":36.41189588032409,"standard_error":8.798156538674517}}