{"mean":{"confidence_interval":{"confidence_level":0.95,"lower_bound":6902.795536663725,"upper_bound":6918.123932649902},"point_estimate":6910.218305665444,"standard_error":3.914649779968337},"median":{"confidence_interval":{"confidence_level":0.95,"lower_bound":6895.1069023569025,"upper_bound":6908.49520344288},"point_estimate":6903.762896825398,"standard_error":2.895179626982973},"median_abs_dev":{"confidence_interval":{"confidence_level":0.95,"lower_bound":26.25061626982026,"upper_bound":45.59988081742398},"point_estimate":36.17343584427979,"standard_error":4.990995564964945},"slope":{"confidence_interval":{"confidence_level":0.95,"lower_bound":6907.658241044995,"upper_bound":6922.181656621366},"point_estimate":6914.880228067583,"standard_error":3.7108978072713157},"std_dev":{"confidence_interval":{"confidence_level":0.95,"lower_bound":30.287677457138376,"upper_bound":49.35542492709532},"point_estimate":39.41130772075472,"standard_error":5.047155262794768}}