{"mean":{"confidence_interval":{"confidence_level":0.95,"lower_bound":10891.350607021612,"upper_bound":10902.833446982175},"point_estimate":10896.99797556655,"standard_error":2.9360246902167404},"median":{"confidence_interval":{"confidence_level":0.95,"lower_bound":10884.524038461539,"upper_bound":10897.77195945946},"point_estimate":10890.102583607457,"standard_error":3.7187199527976866},"median_abs_dev":{"confidence_interval":{"confidence_level":0.95,"lower_bound":21.28326909329835,"upper_bound":33.65856035157208},"point_estimate":28.840331810206642,"standard_error":3.211106044131068},"slope":{"confidence_interval":{"confidence_level":0.95,"lower_bound":10895.761916495836,"upper_bound":10907.098008643105},"point_estimate":10901.344509753215,"standard_error":2.896135064959113},"std_dev":{"confidence_interval":{"confidence_level":0.95,"lower_bound":24.39234844881067,"upper_bound":34.488890769249785},"point_estimate":29.602347390568408,"standard_error":2.583816623373026}}