{"mean":{"confidence_interval":{"confidence_level":0.95,"lower_bound":6931.023117919233,"upper_bound":6956.855028917826},"point_estimate":6942.509769762326,"standard_error":6.619807703485891},"median":{"confidence_interval":{"confidence_level":0.95,"lower_bound":6927.851724137931,"upper_bound":6949.0482142857145},"point_estimate":6936.273809523809,"standard_error":5.703953246791729},"median_abs_dev":{"confidence_interval":{"confidence_level":0.95,"lower_bound":30.286674838289816,"upper_bound":47.68237719284512},"point_estimate":39.45799322104917,"standard_error":4.292734332500198},"slope":{"confidence_interval":{"confidence_level":0.95,"lower_bound":6934.0170958037015,"upper_bound":6950.499536389377},"point_estimate":6942.126236737106,"standard_error":4.203665157812711},"std_dev":{"confidence_interval":{"confidence_level":0.95,"lower_bound":36.32305979056403,"upper_bound":98.69093962051028},"point_estimate":66.31140021178119,"standard_error":18.594206229459612}}