{"mean":{"confidence_interval":{"confidence_level":0.95,"lower_bound":11011.209505197034,"upper_bound":11210.494928734337},"point_estimate":11109.26006114231,"standard_error":50.96214250709553},"median":{"confidence_interval":{"confidence_level":0.95,"lower_bound":10995.974137931034,"upper_bound":11162.974137931034},"point_estimate":11069.105015082956,"standard_error":50.72239734864742},"median_abs_dev":{"confidence_interval":{"confidence_level":0.95,"lower_bound":265.801402600901,"upper_bound":476.05280609445106},"point_estimate":389.4796544021824,"standard_error":51.38767746522896},"slope":{"confidence_interval":{"confidence_level":0.95,"lower_bound":11049.452384920778,"upper_bound":11218.677288746785},"point_estimate":11133.463763484557,"standard_error":43.26479931339565},"std_dev":{"confidence_interval":{"confidence_level":0.95,"lower_bound":400.6775177610101,"upper_bound":616.3139401369227},"point_estimate":513.1072061539465,"standard_error":54.90918346336361}}