{"mean":{"confidence_interval":{"confidence_level":0.95,"lower_bound":26610.540004487204,"upper_bound":26643.7231784842},"point_estimate":26627.403873075145,"standard_error":8.437985601976354},"median":{"confidence_interval":{"confidence_level":0.95,"lower_bound":26607.493548387098,"upper_bound":26640.65090909091},"point_estimate":26622.067332123414,"standard_error":6.978982585511486},"median_abs_dev":{"confidence_interval":{"confidence_level":0.95,"lower_bound":43.57419812863251,"upper_bound":71.76304171122037},"point_estimate":60.08779132891653,"standard_error":7.245013501037305},"slope":{"confidence_interval":{"confidence_level":0.95,"lower_bound":26613.67195939645,"upper_bound":26639.389342979684},"point_estimate":26626.739765331757,"standard_error":6.591004655698079},"std_dev":{"confidence_interval":{"confidence_level":0.95,"lower_bound":60.844202297332664,"upper_bound":108.4935919612246},"point_estimate":84.7451356556054,"standard_error":12.288525870335933}}