{"mean":{"confidence_interval":{"confidence_level":0.95,"lower_bound":10887.415713037868,"upper_bound":10923.834398277926},"point_estimate":10901.141578942439,"standard_error":9.997678321373485},"median":{"confidence_interval":{"confidence_level":0.95,"lower_bound":10880.482142857143,"upper_bound":10888.14834770115},"point_estimate":10884.444647606382,"standard_error":2.2450149237251296},"median_abs_dev":{"confidence_interval":{"confidence_level":0.95,"lower_bound":12.707496688949684,"upper_bound":23.33202829206743},"point_estimate":17.49727627590028,"standard_error":2.7888179677226024},"slope":{"confidence_interval":{"confidence_level":0.95,"lower_bound":10882.369391052627,"upper_bound":10890.930778138594},"point_estimate":10886.610860425595,"standard_error":2.1766332329420166},"std_dev":{"confidence_interval":{"confidence_level":0.95,"lower_bound":22.130850527124167,"upper_bound":168.62054380150713},"point_estimate":100.66753190573047,"standard_error":49.72186482322857}}