{"mean":{"confidence_interval":{"confidence_level":0.95,"lower_bound":6898.051943129674,"upper_bound":6926.2748811699485},"point_estimate":6909.889524817062,"standard_error":7.300383889672743},"median":{"confidence_interval":{"confidence_level":0.95,"lower_bound":6894.208678398896,"upper_bound":6906.357723577235},"point_estimate":6901.654694570136,"standard_error":3.57429932393417},"median_abs_dev":{"confidence_interval":{"confidence_level":0.95,"lower_bound":21.052624806596665,"upper_bound":35.66120520629898},"point_estimate":28.743294689497326,"standard_error":3.6036909783469393},"slope":{"confidence_interval":{"confidence_level":0.95,"lower_bound":6900.427656411453,"upper_bound":6909.219700247053},"point_estimate":6904.8405943057,"standard_error":2.2408923517093213},"std_dev":{"confidence_interval":{"confidence_level":0.95,"lower_bound":26.026557352965735,"upper_bound":115.88175836560237},"point_estimate":73.22340714390725,"standard_error":26.007844748746493}}