{"mean":{"confidence_interval":{"confidence_level":0.95,"lower_bound":6952.336435195986,"upper_bound":7080.253530298446},"point_estimate":7003.553512969781,"standard_error":33.60184690875043},"median":{"confidence_interval":{"confidence_level":0.95,"lower_bound":6924.688095238095,"upper_bound":6949.579861111111},"point_estimate":6936.70826007326,"standard_error":5.7272157488405835},"median_abs_dev":{"confidence_interval":{"confidence_level":0.95,"lower_bound":28.9545195313884,"upper_bound":48.650377674745044},"point_estimate":37.56236666472018,"standard_error":4.992028312024771},"slope":{"confidence_interval":{"confidence_level":0.95,"lower_bound":6954.162198286336,"upper_bound":7178.537220436393},"point_estimate":7035.123696862223,"standard_error":61.992124439864895},"std_dev":{"confidence_interval":{"confidence_level":0.95,"lower_bound":94.5318308131719,"upper_bound":550.1035882567542},"point_estimate":338.3667649188327,"standard_error":140.55713950115666}}