{"mean":{"confidence_interval":{"confidence_level":0.95,"lower_bound":6901.400655644356,"upper_bound":6933.0614541625},"point_estimate":6915.647811917825,"standard_error":8.136218324669612},"median":{"confidence_interval":{"confidence_level":0.95,"lower_bound":6886.982046332047,"upper_bound":6906.050511695907},"point_estimate":6897.910797034291,"standard_error":4.4766640685346895},"median_abs_dev":{"confidence_interval":{"confidence_level":0.95,"lower_bound":26.098613912544007,"upper_bound":44.344795197570726},"point_estimate":35.27541205677613,"standard_error":4.156765687003487},"slope":{"confidence_interval":{"confidence_level":0.95,"lower_bound":6903.327277124181,"upper_bound":6953.211253077916},"point_estimate":6924.522288754249,"standard_error":13.019680971205226},"std_dev":{"confidence_interval":{"confidence_level":0.95,"lower_bound":35.89588455940819,"upper_bound":114.66108821658143},"point_estimate":81.81538733406926,"standard_error":19.257111149366356}}