{"mean":{"confidence_interval":{"confidence_level":0.95,"lower_bound":6895.64576076976,"upper_bound":6923.28756152115},"point_estimate":6908.265449412017,"standard_error":7.090587719144977},"median":{"confidence_interval":{"confidence_level":0.95,"lower_bound":6886.952417695473,"upper_bound":6901.792270531401},"point_estimate":6895.983090560072,"standard_error":3.8326819905350273},"median_abs_dev":{"confidence_interval":{"confidence_level":0.95,"lower_bound":24.002530626219947,"upper_bound":40.231841286945944},"point_estimate":29.78617175777444,"standard_error":4.213695049707761},"slope":{"confidence_interval":{"confidence_level":0.95,"lower_bound":6894.605707172576,"upper_bound":6920.329435574223},"point_estimate":6906.330888790371,"standard_error":6.590704579269531},"std_dev":{"confidence_interval":{"confidence_level":0.95,"lower_bound":39.271117423037,"upper_bound":99.46378737303415},"point_estimate":71.44503081170004,"standard_error":15.606396000104558}}