{"mean":{"confidence_interval":{"confidence_level":0.95,"lower_bound":6866.686363903348,"upper_bound":6892.968541922278},"point_estimate":6878.393919629706,"standard_error":6.73010291394357},"median":{"confidence_interval":{"confidence_level":0.95,"lower_bound":6856.656976744186,"upper_bound":6872.2295918367345},"point_estimate":6864.182186234818,"standard_error":3.4784204207042198},"median_abs_dev":{"confidence_interval":{"confidence_level":0.95,"lower_bound":25.28605142608267,"upper_bound":39.444863481383265},"point_estimate":33.147689422552716,"standard_error":3.4532540538442587},"slope":{"confidence_interval":{"confidence_level":0.95,"lower_bound":6871.030151939528,"upper_bound":6891.2180078897545},"point_estimate":6879.873127826216,"standard_error":5.211083315427234},"std_dev":{"confidence_interval":{"confidence_level":0.95,"lower_bound":31.022831789491285,"upper_bound":97.77355767208127},"point_estimate":67.63558312277813,"standard_error":17.249994024313025}}