{"mean":{"confidence_interval":{"confidence_level":0.95,"lower_bound":6382.255969788747,"upper_bound":6412.517650569189},"point_estimate":6396.761903898153,"standard_error":7.732016906065092},"median":{"confidence_interval":{"confidence_level":0.95,"lower_bound":6359.5615384615385,"upper_bound":6390.910909090909},"point_estimate":6375.105808980756,"standard_error":7.206046542945353},"median_abs_dev":{"confidence_interval":{"confidence_level":0.95,"lower_bound":40.71621065214296,"upper_bound":72.83973139436686},"point_estimate":55.33774050283761,"standard_error":8.481857771185577},"slope":{"confidence_interval":{"confidence_level":0.95,"lower_bound":6382.597108039172,"upper_bound":6412.6484369521195},"point_estimate":6396.850921235407,"standard_error":7.659104780612217},"std_dev":{"confidence_interval":{"confidence_level":0.95,"lower_bound":59.23006576074645,"upper_bound":94.83680781550095},"point_estimate":77.74677713287124,"standard_error":9.122719103429203}}