{"mean":{"confidence_interval":{"confidence_level":0.95,"lower_bound":9611.925921148837,"upper_bound":9724.374282201414},"point_estimate":9665.863217141654,"standard_error":28.6016324823456},"median":{"confidence_interval":{"confidence_level":0.95,"lower_bound":9557.575,"upper_bound":9673.712837837838},"point_estimate":9604.713578637977,"standard_error":28.50715661295737},"median_abs_dev":{"confidence_interval":{"confidence_level":0.95,"lower_bound":174.1827163941295,"upper_bound":296.6842055297803},"point_estimate":208.33148352963732,"standard_error":31.807459325051184},"slope":{"confidence_interval":{"confidence_level":0.95,"lower_bound":9674.289622394714,"upper_bound":9825.958244546182},"point_estimate":9746.480578542929,"standard_error":38.62455912681839},"std_dev":{"confidence_interval":{"confidence_level":0.95,"lower_bound":215.70332379150156,"upper_bound":364.27750999070986},"point_estimate":287.57484244006196,"standard_error":38.94338859499272}}