{"mean":{"confidence_interval":{"confidence_level":0.95,"lower_bound":10880.402353995109,"upper_bound":10891.962998378065},"point_estimate":10885.883456139862,"standard_error":2.9403603492598704},"median":{"confidence_interval":{"confidence_level":0.95,"lower_bound":10877.860074626866,"upper_bound":10887.861848799348},"point_estimate":10880.24872364954,"standard_error":2.956064935284745},"median_abs_dev":{"confidence_interval":{"confidence_level":0.95,"lower_bound":16.137059628924895,"upper_bound":28.02518479128599},"point_estimate":21.302760429608703,"standard_error":3.055069943167294},"slope":{"confidence_interval":{"confidence_level":0.95,"lower_bound":10883.533898171754,"upper_bound":10892.376449628235},"point_estimate":10887.855276710507,"standard_error":2.24446517600376},"std_dev":{"confidence_interval":{"confidence_level":0.95,"lower_bound":21.268628846320727,"upper_bound":37.902251476032674},"point_estimate":29.610137020037307,"standard_error":4.318408260672173}}