{"mean":{"confidence_interval":{"confidence_level":0.95,"lower_bound":25865.618803929385,"upper_bound":26100.57906679042},"point_estimate":25987.19485695976,"standard_error":59.923232860384424},"median":{"confidence_interval":{"confidence_level":0.95,"lower_bound":25884.416248206602,"upper_bound":26201.99540229885},"point_estimate":26072.112916666665,"standard_error":93.09745785855748},"median_abs_dev":{"confidence_interval":{"confidence_level":0.95,"lower_bound":436.10766011280435,"upper_bound":667.3941431513849},"point_estimate":549.4769662448346,"standard_error":58.40544272255296},"slope":{"confidence_interval":{"confidence_level":0.95,"lower_bound":25948.121808935113,"upper_bound":26149.4239772998},"point_estimate":26051.002662331906,"standard_error":51.58701802567186},"std_dev":{"confidence_interval":{"confidence_level":0.95,"lower_bound":479.3966246824699,"upper_bound":720.7265434745743},"point_estimate":601.2609913102725,"standard_error":61.9484817542787}}