{"mean":{"confidence_interval":{"confidence_level":0.95,"lower_bound":6894.811063617679,"upper_bound":6928.195956652019},"point_estimate":6909.594969729191,"standard_error":8.597918287750314},"median":{"confidence_interval":{"confidence_level":0.95,"lower_bound":6883.485408333467,"upper_bound":6899.099456099456},"point_estimate":6892.860161943319,"standard_error":3.5131945544369696},"median_abs_dev":{"confidence_interval":{"confidence_level":0.95,"lower_bound":21.692641664337977,"upper_bound":38.640189147891256},"point_estimate":29.701047991194905,"standard_error":4.461187409729592},"slope":{"confidence_interval":{"confidence_level":0.95,"lower_bound":6899.510575764559,"upper_bound":6953.041283278585},"point_estimate":6922.045455888872,"standard_error":13.965409459339996},"std_dev":{"confidence_interval":{"confidence_level":0.95,"lower_bound":37.14421544929422,"upper_bound":127.85124011263034},"point_estimate":86.84410268556339,"standard_error":23.73118896778364}}