{"mean":{"confidence_interval":{"confidence_level":0.95,"lower_bound":10965.803890429714,"upper_bound":10977.530730347493},"point_estimate":10971.328914587682,"standard_error":2.9953461695517802},"median":{"confidence_interval":{"confidence_level":0.95,"lower_bound":10960.646969696969,"upper_bound":10972.618592171717},"point_estimate":10965.555362817795,"standard_error":3.234379033763492},"median_abs_dev":{"confidence_interval":{"confidence_level":0.95,"lower_bound":17.851637561858304,"upper_bound":31.0621244438869},"point_estimate":24.698887684430666,"standard_error":3.1319637256898765},"slope":{"confidence_interval":{"confidence_level":0.95,"lower_bound":10967.627877239,"upper_bound":10977.215536518817},"point_estimate":10972.32671316684,"standard_error":2.4507947832108883},"std_dev":{"confidence_interval":{"confidence_level":0.95,"lower_bound":21.185374758079934,"upper_bound":40.46814893321914},"point_estimate":30.167364467158773,"standard_error":5.351161107472211}}