{"mean":{"confidence_interval":{"confidence_level":0.95,"lower_bound":6889.588991509072,"upper_bound":6903.2794479668155},"point_estimate":6896.239687403147,"standard_error":3.497300773972287},"median":{"confidence_interval":{"confidence_level":0.95,"lower_bound":6883.658680295073,"upper_bound":6895.499930478309},"point_estimate":6888.979166666667,"standard_error":3.1065746812352546},"median_abs_dev":{"confidence_interval":{"confidence_level":0.95,"lower_bound":18.185867577273882,"upper_bound":36.67955054611432},"point_estimate":28.18040170539419,"standard_error":4.534311535694008},"slope":{"confidence_interval":{"confidence_level":0.95,"lower_bound":6888.206995922002,"upper_bound":6905.076769116334},"point_estimate":6896.0503105758335,"standard_error":4.3110490925921345},"std_dev":{"confidence_interval":{"confidence_level":0.95,"lower_bound":27.581949961684252,"upper_bound":41.80246847948765},"point_estimate":35.0082288865727,"standard_error":3.644351193630504}}