{"mean":{"confidence_interval":{"confidence_level":0.95,"lower_bound":25857.823978048058,"upper_bound":26003.72993823182},"point_estimate":25931.7753462864,"standard_error":37.19356176147251},"median":{"confidence_interval":{"confidence_level":0.95,"lower_bound":25872.136363636364,"upper_bound":26115.458974358975},"point_estimate":25972.070085470084,"standard_error":56.01350091051782},"median_abs_dev":{"confidence_interval":{"confidence_level":0.95,"lower_bound":310.2445583548011,"upper_bound":521.2059817679841},"point_estimate":422.2118888673745,"standard_error":59.23789879483106},"slope":{"confidence_interval":{"confidence_level":0.95,"lower_bound":25967.48407691194,"upper_bound":26121.073197660757},"point_estimate":26045.921702379193,"standard_error":39.09760914605655},"std_dev":{"confidence_interval":{"confidence_level":0.95,"lower_bound":324.0124577583045,"upper_bound":416.20802449031237},"point_estimate":373.93977748425044,"standard_error":23.48492036257522}}