{"mean":{"confidence_interval":{"confidence_level":0.95,"lower_bound":10495.002382322664,"upper_bound":10512.901428228446},"point_estimate":10503.223841882183,"standard_error":4.585372469779686},"median":{"confidence_interval":{"confidence_level":0.95,"lower_bound":10484.893325617284,"upper_bound":10498.859020310632},"point_estimate":10488.805555555555,"standard_error":3.66986544124027},"median_abs_dev":{"confidence_interval":{"confidence_level":0.95,"lower_bound":15.469886948059616,"upper_bound":29.41186957189854},"point_estimate":22.376112835240807,"standard_error":3.429891483756435},"slope":{"confidence_interval":{"confidence_level":0.95,"lower_bound":10491.798249715033,"upper_bound":10520.886030506677},"point_estimate":10502.993260430521,"standard_error":7.809306914009728},"std_dev":{"confidence_interval":{"confidence_level":0.95,"lower_bound":27.07683783562631,"upper_bound":63.617176595858886},"point_estimate":46.103235210225996,"standard_error":9.46973060553659}}