{"mean":{"confidence_interval":{"confidence_level":0.95,"lower_bound":9163.6661916519,"upper_bound":9173.928216318993},"point_estimate":9168.618967485216,"standard_error":2.6126016888057935},"median":{"confidence_interval":{"confidence_level":0.95,"lower_bound":9158.170786516854,"upper_bound":9173.132608695652},"point_estimate":9167.234126984127,"standard_error":4.261292260583057},"median_abs_dev":{"confidence_interval":{"confidence_level":0.95,"lower_bound":19.726709346751118,"upper_bound":30.979216204175785},"point_estimate":25.14229450100356,"standard_error":2.901542833090162},"slope":{"confidence_interval":{"confidence_level":0.95,"lower_bound":9167.087260052926,"upper_bound":9176.533198255489},"point_estimate":9171.72567311955,"standard_error":2.399976845971757},"std_dev":{"confidence_interval":{"confidence_level":0.95,"lower_bound":20.580617111044546,"upper_bound":32.81192541865302},"point_estimate":26.479063973525502,"standard_error":3.1938269179241012}}