{"mean":{"confidence_interval":{"confidence_level":0.95,"lower_bound":6873.095004654529,"upper_bound":6900.267146471619},"point_estimate":6884.7489962878635,"standard_error":7.03134606857655},"median":{"confidence_interval":{"confidence_level":0.95,"lower_bound":6867.5190365190365,"upper_bound":6881.3},"point_estimate":6873.739924922059,"standard_error":3.0452633311674253},"median_abs_dev":{"confidence_interval":{"confidence_level":0.95,"lower_bound":21.915390111301587,"upper_bound":35.39236873354742},"point_estimate":27.742647430480996,"standard_error":3.51003765571914},"slope":{"confidence_interval":{"confidence_level":0.95,"lower_bound":6878.290099146013,"upper_bound":6894.149450775853},"point_estimate":6885.65392504348,"standard_error":4.04873796200919},"std_dev":{"confidence_interval":{"confidence_level":0.95,"lower_bound":26.173104061180034,"upper_bound":109.07832830225702},"point_estimate":70.60866932064671,"standard_error":22.467458413959662}}