{"mean":{"confidence_interval":{"confidence_level":0.95,"lower_bound":38836245.73875,"upper_bound":38871980.139625},"point_estimate":38853925.895,"standard_error":9129.784136337292},"median":{"confidence_interval":{"confidence_level":0.95,"lower_bound":38828043.0,"upper_bound":38881343.5},"point_estimate":38850468.25,"standard_error":13010.427980618768},"median_abs_dev":{"confidence_interval":{"confidence_level":0.95,"lower_bound":73575.13564378023,"upper_bound":120098.01086783409},"point_estimate":100410.56581735611,"standard_error":12128.654148122647},"slope":null,"std_dev":{"confidence_interval":{"confidence_level":0.95,"lower_bound":79154.27726466222,"upper_bound":103920.9168377611},"point_estimate":91872.09355576735,"standard_error":6357.4376012247585}}