{"mean":{"confidence_interval":{"confidence_level":0.95,"lower_bound":32699649.6565,"upper_bound":32743319.467125002},"point_estimate":32721295.82,"standard_error":11145.637442840707},"median":{"confidence_interval":{"confidence_level":0.95,"lower_bound":32692859.0,"upper_bound":32736580.5},"point_estimate":32705707.5,"standard_error":11393.667743658994},"median_abs_dev":{"confidence_interval":{"confidence_level":0.95,"lower_bound":76870.79785902055,"upper_bound":129332.89444763202},"point_estimate":101747.12969362736,"standard_error":13261.948216378905},"slope":null,"std_dev":{"confidence_interval":{"confidence_level":0.95,"lower_bound":93573.94761405734,"upper_bound":128367.59804293101},"point_estimate":111734.29274759676,"standard_error":8877.950327057115}}