{"mean":{"confidence_interval":{"confidence_level":0.95,"lower_bound":4272285.854166666,"upper_bound":4292977.601666666},"point_estimate":4281174.020833334,"standard_error":5337.693189988964},"median":{"confidence_interval":{"confidence_level":0.95,"lower_bound":4267174.958333334,"upper_bound":4275081.25},"point_estimate":4270480.208333334,"standard_error":2138.1500764438724},"median_abs_dev":{"confidence_interval":{"confidence_level":0.95,"lower_bound":11779.442115872407,"upper_bound":19887.657821922574},"point_estimate":15400.569001585705,"standard_error":2055.716533452136},"slope":null,"std_dev":{"confidence_interval":{"confidence_level":0.95,"lower_bound":16293.794235699734,"upper_bound":83063.70433085121},"point_estimate":53716.44619725399,"standard_error":17194.988111246417}}