{"mean":{"confidence_interval":{"confidence_level":0.95,"lower_bound":36265981.16025,"upper_bound":36293224.13325},"point_estimate":36279474.155,"standard_error":6956.4915612964605},"median":{"confidence_interval":{"confidence_level":0.95,"lower_bound":36253423.5,"upper_bound":36290774.5},"point_estimate":36275046.25,"standard_error":9566.32091015941},"median_abs_dev":{"confidence_interval":{"confidence_level":0.95,"lower_bound":57044.145937263966,"upper_bound":88067.92103648186},"point_estimate":71832.33937472105,"standard_error":7747.051990141761},"slope":null,"std_dev":{"confidence_interval":{"confidence_level":0.95,"lower_bound":60803.36317347036,"upper_bound":77481.81965915045},"point_estimate":69778.46620543695,"standard_error":4257.950843997869}}