{"mean":{"confidence_interval":{"confidence_level":0.95,"lower_bound":4951537.587136364,"upper_bound":4976205.395931819},"point_estimate":4962968.665454544,"standard_error":6296.910122824151},"median":{"confidence_interval":{"confidence_level":0.95,"lower_bound":4940546.5,"upper_bound":4946716.636363637},"point_estimate":4943531.5,"standard_error":1497.1461697594625},"median_abs_dev":{"confidence_interval":{"confidence_level":0.95,"lower_bound":8558.308348059654,"upper_bound":15814.184629923933},"point_estimate":11103.325984694615,"standard_error":1825.2192322817336},"slope":null,"std_dev":{"confidence_interval":{"confidence_level":0.95,"lower_bound":40488.4943315026,"upper_bound":81183.98043437279},"point_estimate":63285.82581552657,"standard_error":10361.113793014647}}