{"mean":{"confidence_interval":{"confidence_level":0.95,"lower_bound":3955025.389423077,"upper_bound":3962587.4988653837},"point_estimate":3958252.326153847,"standard_error":1943.8079451749836},"median":{"confidence_interval":{"confidence_level":0.95,"lower_bound":3952452.615384615,"upper_bound":3958060.3076923075},"point_estimate":3955281.769230769,"standard_error":1453.3296118161097},"median_abs_dev":{"confidence_interval":{"confidence_level":0.95,"lower_bound":8874.387257832668,"upper_bound":13145.301597393316},"point_estimate":11271.523322967436,"standard_error":1086.9491003389373},"slope":null,"std_dev":{"confidence_interval":{"confidence_level":0.95,"lower_bound":9580.546478313958,"upper_bound":30032.998639473288},"point_estimate":19458.468405011536,"standard_error":6556.437953751489}}