{"mean":{"confidence_interval":{"confidence_level":0.95,"lower_bound":28161674.808125,"upper_bound":28203981.326625},"point_estimate":28182402.33,"standard_error":10818.47302754943},"median":{"confidence_interval":{"confidence_level":0.95,"lower_bound":28133500.75,"upper_bound":28188057.0},"point_estimate":28163529.0,"standard_error":12462.761853075288},"median_abs_dev":{"confidence_interval":{"confidence_level":0.95,"lower_bound":76437.66554296017,"upper_bound":125244.4860264659},"point_estimate":98315.65205454826,"standard_error":12210.943462798628},"slope":null,"std_dev":{"confidence_interval":{"confidence_level":0.95,"lower_bound":90188.04775759256,"upper_bound":125168.55736160738},"point_estimate":108558.08182710725,"standard_error":8937.455526343947}}