{"mean":{"confidence_interval":{"confidence_level":0.95,"lower_bound":45770180.787125,"upper_bound":45971551.374375},"point_estimate":45871052.11,"standard_error":51318.09066703232},"median":{"confidence_interval":{"confidence_level":0.95,"lower_bound":45719474.5,"upper_bound":46093701.0},"point_estimate":45882748.0,"standard_error":108580.96949697776},"median_abs_dev":{"confidence_interval":{"confidence_level":0.95,"lower_bound":464768.7755987048,"upper_bound":717445.1015228031},"point_estimate":604390.033569932,"standard_error":61911.38595890077},"slope":null,"std_dev":{"confidence_interval":{"confidence_level":0.95,"lower_bound":459075.0415571489,"upper_bound":564400.2196399493},"point_estimate":514745.1379936473,"standard_error":26788.406216570158}}