{"mean":{"confidence_interval":{"confidence_level":0.95,"lower_bound":4396759.834916668,"upper_bound":4407381.375229169},"point_estimate":4401745.535833334,"standard_error":2713.503618274702},"median":{"confidence_interval":{"confidence_level":0.95,"lower_bound":4391007.916666667,"upper_bound":4398146.75},"point_estimate":4393609.083333334,"standard_error":2033.096810139268},"median_abs_dev":{"confidence_interval":{"confidence_level":0.95,"lower_bound":10724.448684602745,"upper_bound":17280.567543208137},"point_estimate":13822.156004608829,"standard_error":1712.8181203141378},"slope":null,"std_dev":{"confidence_interval":{"confidence_level":0.95,"lower_bound":18994.31575880909,"upper_bound":34103.04029120597},"point_estimate":27234.13219984743,"standard_error":3853.8462742649886}}