{"mean":{"confidence_interval":{"confidence_level":0.95,"lower_bound":4238960.491812503,"upper_bound":4248425.795041665},"point_estimate":4243115.406666667,"standard_error":2438.1995684555177},"median":{"confidence_interval":{"confidence_level":0.95,"lower_bound":4236863.666666667,"upper_bound":4244715.416666666},"point_estimate":4239716.625,"standard_error":2235.169486856731},"median_abs_dev":{"confidence_interval":{"confidence_level":0.95,"lower_bound":10133.817920089228,"upper_bound":17348.70536699799},"point_estimate":13403.136187046535,"standard_error":1805.220151266843},"slope":null,"std_dev":{"confidence_interval":{"confidence_level":0.95,"lower_bound":12297.178229591646,"upper_bound":37208.7918658724},"point_estimate":24553.76847440721,"standard_error":7461.436308912181}}