{"mean":{"confidence_interval":{"confidence_level":0.95,"lower_bound":3795011.879964284,"upper_bound":3804923.5410535703},"point_estimate":3799211.963571427,"standard_error":2570.991892469307},"median":{"confidence_interval":{"confidence_level":0.95,"lower_bound":3792577.0714285714,"upper_bound":3796585.9642857146},"point_estimate":3794384.0,"standard_error":1075.7352018558176},"median_abs_dev":{"confidence_interval":{"confidence_level":0.95,"lower_bound":7048.650924861431,"upper_bound":11333.417798791219},"point_estimate":9206.151586558188,"standard_error":1037.7027193543943},"slope":null,"std_dev":{"confidence_interval":{"confidence_level":0.95,"lower_bound":8825.303792893239,"upper_bound":40535.71473793927},"point_estimate":25876.353167440033,"standard_error":8863.194044187263}}