{"mean":{"confidence_interval":{"confidence_level":0.95,"lower_bound":56702431.588,"upper_bound":56772484.460750006},"point_estimate":56737049.99,"standard_error":17923.353723340788},"median":{"confidence_interval":{"confidence_level":0.95,"lower_bound":56688621.0,"upper_bound":56760820.0},"point_estimate":56712670.0,"standard_error":21029.829990688526},"median_abs_dev":{"confidence_interval":{"confidence_level":0.95,"lower_bound":119154.72516708079,"upper_bound":193950.0220566988},"point_estimate":153298.61337840557,"standard_error":18632.471728728404},"slope":null,"std_dev":{"confidence_interval":{"confidence_level":0.95,"lower_bound":150823.0094602926,"upper_bound":206191.2733793391},"point_estimate":179835.38742318313,"standard_error":14129.411349826672}}