{"mean":{"confidence_interval":{"confidence_level":0.95,"lower_bound":4233131.306270832,"upper_bound":4241162.352937497},"point_estimate":4236732.652499998,"standard_error":2068.13442474236},"median":{"confidence_interval":{"confidence_level":0.95,"lower_bound":4229681.916666667,"upper_bound":4235153.916666667},"point_estimate":4232497.25,"standard_error":1352.0775040130916},"median_abs_dev":{"confidence_interval":{"confidence_level":0.95,"lower_bound":8470.031874626415,"upper_bound":13992.531451583829},"point_estimate":10655.87843582011,"standard_error":1396.7886420784798},"slope":null,"std_dev":{"confidence_interval":{"confidence_level":0.95,"lower_bound":10926.166596316005,"upper_bound":30301.463715043174},"point_estimate":20856.458768213226,"standard_error":5173.081249344852}}