{"mean":{"confidence_interval":{"confidence_level":0.95,"lower_bound":44378253.885875,"upper_bound":44563484.50625},"point_estimate":44476467.42,"standard_error":47379.20234938664},"median":{"confidence_interval":{"confidence_level":0.95,"lower_bound":44499306.5,"upper_bound":44710232.5},"point_estimate":44634704.5,"standard_error":45597.719735659884},"median_abs_dev":{"confidence_interval":{"confidence_level":0.95,"lower_bound":174504.98210191727,"upper_bound":374472.9330492765},"point_estimate":270393.24734956026,"standard_error":48213.09582733457},"slope":null,"std_dev":{"confidence_interval":{"confidence_level":0.95,"lower_bound":325560.7964052225,"upper_bound":636620.322790768},"point_estimate":474704.71225669404,"standard_error":84551.69883409636}}