{"mean":{"confidence_interval":{"confidence_level":0.95,"lower_bound":4204109.4462916665,"upper_bound":4213276.391083333},"point_estimate":4208455.871666667,"standard_error":2343.5903028173047},"median":{"confidence_interval":{"confidence_level":0.95,"lower_bound":4199136.083333333,"upper_bound":4206063.916666667},"point_estimate":4203080.458333334,"standard_error":1993.5747346835844},"median_abs_dev":{"confidence_interval":{"confidence_level":0.95,"lower_bound":9703.306408357324,"upper_bound":16408.42810869309},"point_estimate":13126.94016694988,"standard_error":1643.7754149740572},"slope":null,"std_dev":{"confidence_interval":{"confidence_level":0.95,"lower_bound":17190.810637394294,"upper_bound":29237.481395875195},"point_estimate":23584.665127031985,"standard_error":3077.2361242248853}}