{"mean":{"confidence_interval":{"confidence_level":0.95,"lower_bound":31471114.6085,"upper_bound":31532850.628375},"point_estimate":31501872.7,"standard_error":15715.090777482117},"median":{"confidence_interval":{"confidence_level":0.95,"lower_bound":31441143.25,"upper_bound":31546969.5},"point_estimate":31510344.5,"standard_error":25708.557845285195},"median_abs_dev":{"confidence_interval":{"confidence_level":0.95,"lower_bound":150226.66623294353,"upper_bound":230176.61111354828},"point_estimate":191665.3354972601,"standard_error":19939.273650250256},"slope":null,"std_dev":{"confidence_interval":{"confidence_level":0.95,"lower_bound":139242.8548182347,"upper_bound":174707.62441020834},"point_estimate":157902.29527705614,"standard_error":9043.265389298698}}