{"mean":{"confidence_interval":{"confidence_level":0.95,"lower_bound":3847501.934384616,"upper_bound":3854578.0992884617},"point_estimate":3850612.316153847,"standard_error":1817.2105334817873},"median":{"confidence_interval":{"confidence_level":0.95,"lower_bound":3845129.076923077,"upper_bound":3850560.8076923075},"point_estimate":3847741.307692308,"standard_error":1203.9602041639635},"median_abs_dev":{"confidence_interval":{"confidence_level":0.95,"lower_bound":8564.980047941208,"upper_bound":12842.781349494793},"point_estimate":10950.141267134619,"standard_error":1085.0385709990596},"slope":null,"std_dev":{"confidence_interval":{"confidence_level":0.95,"lower_bound":9547.927915111304,"upper_bound":27582.496997055838},"point_estimate":18365.650458029144,"standard_error":5354.553731066405}}