{"mean":{"confidence_interval":{"confidence_level":0.95,"lower_bound":4808180.568250001,"upper_bound":4813619.738159089},"point_estimate":4810580.083636362,"standard_error":1396.449352070725},"median":{"confidence_interval":{"confidence_level":0.95,"lower_bound":4806316.818181818,"upper_bound":4810387.045454545},"point_estimate":4808427.454545455,"standard_error":1106.0102274637982},"median_abs_dev":{"confidence_interval":{"confidence_level":0.95,"lower_bound":6226.245980370375,"upper_bound":9936.317632686761},"point_estimate":7482.9516307871645,"standard_error":928.0167543106402},"slope":null,"std_dev":{"confidence_interval":{"confidence_level":0.95,"lower_bound":7618.997078099298,"upper_bound":20904.154374584286},"point_estimate":14003.257841209837,"standard_error":4019.2201086190466}}