{"mean":{"confidence_interval":{"confidence_level":0.95,"lower_bound":4751795.719437502,"upper_bound":4758826.6581666665},"point_estimate":4755107.300000001,"standard_error":1791.2722075485883},"median":{"confidence_interval":{"confidence_level":0.95,"lower_bound":4746950.916666667,"upper_bound":4754197.833333333},"point_estimate":4750733.833333334,"standard_error":1755.4808540002102},"median_abs_dev":{"confidence_interval":{"confidence_level":0.95,"lower_bound":9444.99888356731,"upper_bound":15617.955222726328},"point_estimate":11386.4913478496,"standard_error":1595.7191614601961},"slope":null,"std_dev":{"confidence_interval":{"confidence_level":0.95,"lower_bound":12370.335165580775,"upper_bound":22908.469565185125},"point_estimate":18010.723677159676,"standard_error":2679.2973699345202}}