{"mean":{"confidence_interval":{"confidence_level":0.95,"lower_bound":4503044.436916666,"upper_bound":4514471.447124999},"point_estimate":4508183.683333334,"standard_error":2941.100386573565},"median":{"confidence_interval":{"confidence_level":0.95,"lower_bound":4498553.708333334,"upper_bound":4506757.375},"point_estimate":4503023.666666666,"standard_error":2139.7595913804225},"median_abs_dev":{"confidence_interval":{"confidence_level":0.95,"lower_bound":10479.943238945196,"upper_bound":16237.064261734486},"point_estimate":13649.98908266402,"standard_error":1442.8269206734453},"slope":null,"std_dev":{"confidence_interval":{"confidence_level":0.95,"lower_bound":12827.280280976995,"upper_bound":41462.62876949363},"point_estimate":29483.0783192259,"standard_error":7006.3678467648415}}