{"mean":{"confidence_interval":{"confidence_level":0.95,"lower_bound":41578909.636625,"upper_bound":41641177.008250006},"point_estimate":41610314.095,"standard_error":15895.67308350855},"median":{"confidence_interval":{"confidence_level":0.95,"lower_bound":41591278.5,"upper_bound":41677828.5},"point_estimate":41627291.5,"standard_error":21068.104461785566},"median_abs_dev":{"confidence_interval":{"confidence_level":0.95,"lower_bound":118163.95920217037,"upper_bound":201337.8177255392},"point_estimate":167255.8095306158,"standard_error":21727.044611488152},"slope":null,"std_dev":{"confidence_interval":{"confidence_level":0.95,"lower_bound":136672.45478402352,"upper_bound":180292.80324997427},"point_estimate":159464.18154162666,"standard_error":11134.161167107648}}