{"mean":{"confidence_interval":{"confidence_level":0.95,"lower_bound":8711912.155,"upper_bound":8717464.806125004},"point_estimate":8714501.543333335,"standard_error":1413.7051793305127},"median":{"confidence_interval":{"confidence_level":0.95,"lower_bound":8710664.666666666,"upper_bound":8714302.5},"point_estimate":8711836.166666666,"standard_error":1004.7357202162066},"median_abs_dev":{"confidence_interval":{"confidence_level":0.95,"lower_bound":7518.140916528158,"upper_bound":12429.253329337103},"point_estimate":9927.48942375045,"standard_error":1217.952137883301},"slope":null,"std_dev":{"confidence_interval":{"confidence_level":0.95,"lower_bound":9452.170455177044,"upper_bound":19472.87770062418},"point_estimate":14205.790285361114,"standard_error":2748.578025507788}}