{"mean":{"confidence_interval":{"confidence_level":0.95,"lower_bound":41891135.354,"upper_bound":41944439.363125004},"point_estimate":41918230.335,"standard_error":13615.374226668362},"median":{"confidence_interval":{"confidence_level":0.95,"lower_bound":41896057.0,"upper_bound":41960106.0},"point_estimate":41927077.25,"standard_error":15309.351710026673},"median_abs_dev":{"confidence_interval":{"confidence_level":0.95,"lower_bound":99228.19233834743,"upper_bound":160897.3181597516},"point_estimate":125271.91412597895,"standard_error":15706.451344788775},"slope":null,"std_dev":{"confidence_interval":{"confidence_level":0.95,"lower_bound":112930.55896335829,"upper_bound":159764.37291696115},"point_estimate":136456.95525029898,"standard_error":12034.21620024339}}