{"mean":{"confidence_interval":{"confidence_level":0.95,"lower_bound":3713597.8871964263,"upper_bound":3721770.247124999},"point_estimate":3717408.239285712,"standard_error":2089.871639344537},"median":{"confidence_interval":{"confidence_level":0.95,"lower_bound":3710160.0357142854,"upper_bound":3716473.285714286},"point_estimate":3713544.964285714,"standard_error":1662.872027482028},"median_abs_dev":{"confidence_interval":{"confidence_level":0.95,"lower_bound":8470.834949612963,"upper_bound":12913.1280707461},"point_estimate":10658.675960770428,"standard_error":1092.0531020524518},"slope":null,"std_dev":{"confidence_interval":{"confidence_level":0.95,"lower_bound":13698.246542472736,"upper_bound":27439.00126618484},"point_estimate":21054.6769066498,"standard_error":3514.007225426815}}