{"mean":{"confidence_interval":{"confidence_level":0.95,"lower_bound":3945811.4097499996,"upper_bound":3953500.6814423073},"point_estimate":3949211.110000001,"standard_error":1983.802357366236},"median":{"confidence_interval":{"confidence_level":0.95,"lower_bound":3943426.5384615385,"upper_bound":3946793.769230769},"point_estimate":3945347.769230769,"standard_error":864.3882587469176},"median_abs_dev":{"confidence_interval":{"confidence_level":0.95,"lower_bound":5398.146504163742,"upper_bound":8921.317249307398},"point_estimate":7327.807392982044,"standard_error":901.0390307847598},"slope":null,"std_dev":{"confidence_interval":{"confidence_level":0.95,"lower_bound":9093.433141023766,"upper_bound":29762.798466662425},"point_estimate":19888.66178711624,"standard_error":5492.554870361292}}