{"mean":{"confidence_interval":{"confidence_level":0.95,"lower_bound":4983679.104954546,"upper_bound":4997101.188204546},"point_estimate":4989622.321818184,"standard_error":3460.488354469958},"median":{"confidence_interval":{"confidence_level":0.95,"lower_bound":4978795.727272727,"upper_bound":4985556.363636363},"point_estimate":4982322.7272727275,"standard_error":1946.0155560823575},"median_abs_dev":{"confidence_interval":{"confidence_level":0.95,"lower_bound":8205.988681587494,"upper_bound":13400.27768937043},"point_estimate":10765.7649270521,"standard_error":1397.2580773193565},"slope":null,"std_dev":{"confidence_interval":{"confidence_level":0.95,"lower_bound":12453.4366398178,"upper_bound":49692.51674650419},"point_estimate":34802.68914847208,"standard_error":8885.14157067834}}