{"mean":{"confidence_interval":{"confidence_level":0.95,"lower_bound":9474026.55,"upper_bound":9501641.771833332},"point_estimate":9488022.231666666,"standard_error":7072.521132675033},"median":{"confidence_interval":{"confidence_level":0.95,"lower_bound":9487915.333333332,"upper_bound":9523132.333333334},"point_estimate":9510115.333333332,"standard_error":8834.7697585497},"median_abs_dev":{"confidence_interval":{"confidence_level":0.95,"lower_bound":50211.151533573015,"upper_bound":91700.16742199844},"point_estimate":70412.00859993696,"standard_error":9930.684095588927},"slope":null,"std_dev":{"confidence_interval":{"confidence_level":0.95,"lower_bound":62544.60343146699,"upper_bound":78198.63847743247},"point_estimate":71002.30849648826,"standard_error":3978.2116826233946}}