{"mean":{"confidence_interval":{"confidence_level":0.95,"lower_bound":8438222.403624998,"upper_bound":8441404.008999998},"point_estimate":8439749.965000002,"standard_error":813.2909194916963},"median":{"confidence_interval":{"confidence_level":0.95,"lower_bound":8436540.166666668,"upper_bound":8439565.333333334},"point_estimate":8438081.916666666,"standard_error":871.2186627896472},"median_abs_dev":{"confidence_interval":{"confidence_level":0.95,"lower_bound":4843.28346401453,"upper_bound":8772.049844265444},"point_estimate":7128.958423434768,"standard_error":1011.642176207203},"slope":null,"std_dev":{"confidence_interval":{"confidence_level":0.95,"lower_bound":6365.286584664957,"upper_bound":10045.233514678841},"point_estimate":8165.569036877523,"standard_error":952.2999365239015}}