{"mean":{"confidence_interval":{"confidence_level":0.95,"lower_bound":8756810.095750002,"upper_bound":8794490.551333336},"point_estimate":8770901.428333335,"standard_error":10455.397890387763},"median":{"confidence_interval":{"confidence_level":0.95,"lower_bound":8750034.166666668,"upper_bound":8761259.333333332},"point_estimate":8754017.666666668,"standard_error":3168.0971410500874},"median_abs_dev":{"confidence_interval":{"confidence_level":0.95,"lower_bound":16123.274713754654,"upper_bound":29689.311572908435},"point_estimate":21250.846722722054,"standard_error":3528.8526614903344},"slope":null,"std_dev":{"confidence_interval":{"confidence_level":0.95,"lower_bound":23155.559738971002,"upper_bound":176613.7102878866},"point_estimate":105093.1213144197,"standard_error":53202.93066521665}}