{"mean":{"confidence_interval":{"confidence_level":0.95,"lower_bound":4186541.8784583323,"upper_bound":4192385.306},"point_estimate":4189495.633333334,"standard_error":1490.5094120758076},"median":{"confidence_interval":{"confidence_level":0.95,"lower_bound":4187635.0833333335,"upper_bound":4191522.3333333335},"point_estimate":4189545.666666667,"standard_error":1082.7056146374766},"median_abs_dev":{"confidence_interval":{"confidence_level":0.95,"lower_bound":10316.548366844769,"upper_bound":18405.61382323515},"point_estimate":13124.09851700056,"standard_error":1965.0359059683637},"slope":null,"std_dev":{"confidence_interval":{"confidence_level":0.95,"lower_bound":12628.117058759515,"upper_bound":17256.685373579006},"point_estimate":15018.42214801331,"standard_error":1185.0588469088093}}