{"mean":{"confidence_interval":{"confidence_level":0.95,"lower_bound":45530886.28325,"upper_bound":45554768.8175},"point_estimate":45542525.005,"standard_error":6088.486236017759},"median":{"confidence_interval":{"confidence_level":0.95,"lower_bound":45522156.0,"upper_bound":45546826.0},"point_estimate":45535282.25,"standard_error":5792.6204654924595},"median_abs_dev":{"confidence_interval":{"confidence_level":0.95,"lower_bound":33434.8533064127,"upper_bound":57713.53982537985},"point_estimate":42066.17970317602,"standard_error":6174.949800977698},"slope":null,"std_dev":{"confidence_interval":{"confidence_level":0.95,"lower_bound":47242.17931181205,"upper_bound":74152.00929026013},"point_estimate":61250.22959394177,"standard_error":6889.373729456779}}