{"mean":{"confidence_interval":{"confidence_level":0.95,"lower_bound":4979284.787954546,"upper_bound":5025832.7597727245},"point_estimate":4998678.197272727,"standard_error":12058.154700035437},"median":{"confidence_interval":{"confidence_level":0.95,"lower_bound":4972366.0,"upper_bound":4978349.818181818},"point_estimate":4976054.2272727275,"standard_error":1917.5441184251702},"median_abs_dev":{"confidence_interval":{"confidence_level":0.95,"lower_bound":11544.736431403155,"upper_bound":19158.763378047282},"point_estimate":15957.627862150333,"standard_error":1989.2413846822767},"slope":null,"std_dev":{"confidence_interval":{"confidence_level":0.95,"lower_bound":29149.874656060663,"upper_bound":191832.671582181},"point_estimate":121178.96369936297,"standard_error":43689.404536712645}}