{"mean":{"confidence_interval":{"confidence_level":0.95,"lower_bound":32353497.195125002,"upper_bound":32398011.3475},"point_estimate":32375396.345,"standard_error":11348.340516857023},"median":{"confidence_interval":{"confidence_level":0.95,"lower_bound":32334290.5,"upper_bound":32399390.5},"point_estimate":32373165.0,"standard_error":18646.01231656722},"median_abs_dev":{"confidence_interval":{"confidence_level":0.95,"lower_bound":91179.5277312398,"upper_bound":139919.63121592999},"point_estimate":117050.52662193775,"standard_error":12251.948430402808},"slope":null,"std_dev":{"confidence_interval":{"confidence_level":0.95,"lower_bound":94730.1038172429,"upper_bound":133670.70681096433},"point_estimate":114423.40624198645,"standard_error":9993.485176848444}}