{"mean":{"confidence_interval":{"confidence_level":0.95,"lower_bound":4913442.725863637,"upper_bound":4930630.874704546},"point_estimate":4921124.640909092,"standard_error":4426.740664066871},"median":{"confidence_interval":{"confidence_level":0.95,"lower_bound":4909409.818181818,"upper_bound":4914289.7272727275},"point_estimate":4911624.727272727,"standard_error":1341.75102209893},"median_abs_dev":{"confidence_interval":{"confidence_level":0.95,"lower_bound":8407.95923254625,"upper_bound":14134.50163088049},"point_estimate":11355.772325666276,"standard_error":1515.358199708668},"slope":null,"std_dev":{"confidence_interval":{"confidence_level":0.95,"lower_bound":20065.441104159734,"upper_bound":64090.682508456746},"point_estimate":44575.91984099135,"standard_error":11081.797298498934}}