{"mean":{"confidence_interval":{"confidence_level":0.95,"lower_bound":37197894.716625,"upper_bound":37259209.276625},"point_estimate":37228003.075,"standard_error":15649.218820399294},"median":{"confidence_interval":{"confidence_level":0.95,"lower_bound":37174075.5,"upper_bound":37253926.0},"point_estimate":37206350.5,"standard_error":21915.267239452307},"median_abs_dev":{"confidence_interval":{"confidence_level":0.95,"lower_bound":129468.41335147619,"upper_bound":205342.32025444508},"point_estimate":176875.65945982933,"standard_error":19774.274280973474},"slope":null,"std_dev":{"confidence_interval":{"confidence_level":0.95,"lower_bound":136300.82350598546,"upper_bound":175300.8323080822},"point_estimate":157260.96661013315,"standard_error":9978.909776679102}}