{"mean":{"confidence_interval":{"confidence_level":0.95,"lower_bound":-0.016058163339344646,"upper_bound":-0.006869952954795342},"point_estimate":-0.012102299493970126,"standard_error":0.0023120594705500065},"median":{"confidence_interval":{"confidence_level":0.95,"lower_bound":-0.017877880195875693,"upper_bound":-0.01440976695342211},"point_estimate":-0.016174212793471976,"standard_error":0.0008507706566281669}}