{"mean":{"confidence_interval":{"confidence_level":0.95,"lower_bound":0.5115490979000707,"upper_bound":0.5389568340224898},"point_estimate":0.5242388280163279,"standard_error":0.007027590675915481},"median":{"confidence_interval":{"confidence_level":0.95,"lower_bound":0.5137284383390419,"upper_bound":0.5503421313709338},"point_estimate":0.5366074134884944,"standard_error":0.011080247868406954}}