{"mean":{"confidence_interval":{"confidence_level":0.95,"lower_bound":-0.23370580972727195,"upper_bound":-0.22356709957888266},"point_estimate":-0.22855446207652674,"standard_error":0.002581045492499717},"median":{"confidence_interval":{"confidence_level":0.95,"lower_bound":-0.23517319134291292,"upper_bound":-0.22594853698735973},"point_estimate":-0.23051257701703187,"standard_error":0.0024074873068058987}}