{"mean":{"confidence_interval":{"confidence_level":0.95,"lower_bound":0.05238682287452006,"upper_bound":0.07634984163489009},"point_estimate":0.06327028906812027,"standard_error":0.006294886206472711},"median":{"confidence_interval":{"confidence_level":0.95,"lower_bound":0.03955879872753254,"upper_bound":0.053107717180859895},"point_estimate":0.04597631798703161,"standard_error":0.003464875596341408}}