{"mean":{"confidence_interval":{"confidence_level":0.95,"lower_bound":-0.05030404098751972,"upper_bound":-0.03248952033324872},"point_estimate":-0.04151105476866801,"standard_error":0.0045468732866267925},"median":{"confidence_interval":{"confidence_level":0.95,"lower_bound":-0.06326986115628408,"upper_bound":-0.042832320232632615},"point_estimate":-0.05227612385955105,"standard_error":0.005953171238540079}}