{"mean":{"confidence_interval":{"confidence_level":0.95,"lower_bound":-0.034529456678954414,"upper_bound":-0.030817348820561898},"point_estimate":-0.0328194071357214,"standard_error":0.0009451980939409164},"median":{"confidence_interval":{"confidence_level":0.95,"lower_bound":-0.036161624009043436,"upper_bound":-0.03307523872517659},"point_estimate":-0.03487260870628983,"standard_error":0.0007835575491508416}}