{"mean":{"confidence_interval":{"confidence_level":0.95,"lower_bound":-0.1501426987612176,"upper_bound":-0.13369496236814407},"point_estimate":-0.1415737910188235,"standard_error":0.00419168043929273},"median":{"confidence_interval":{"confidence_level":0.95,"lower_bound":-0.14207953002403706,"upper_bound":-0.12206234055756437},"point_estimate":-0.13330026877334733,"standard_error":0.005842065837848212}}