{"mean":{"confidence_interval":{"confidence_level":0.95,"lower_bound":0.007768057886917924,"upper_bound":0.023309698155250164},"point_estimate":0.01705794217233092,"standard_error":0.00407200551306992},"median":{"confidence_interval":{"confidence_level":0.95,"lower_bound":0.01874738064443826,"upper_bound":0.02440628989318383},"point_estimate":0.02144373258615495,"standard_error":0.001451733790503484}}