{"mean":{"confidence_interval":{"confidence_level":0.95,"lower_bound":-0.0033955126531041153,"upper_bound":0.011081522684313042},"point_estimate":0.0031697292175365543,"standard_error":0.003796686120510808},"median":{"confidence_interval":{"confidence_level":0.95,"lower_bound":-0.007585475694284138,"upper_bound":0.008793793321769217},"point_estimate":-0.0028937882606582255,"standard_error":0.004143658028808368}}