{"mean":{"confidence_interval":{"confidence_level":0.95,"lower_bound":0.05709273264102626,"upper_bound":0.06019386030173186},"point_estimate":0.05866128376562352,"standard_error":0.00079423597533131},"median":{"confidence_interval":{"confidence_level":0.95,"lower_bound":0.0565718442069533,"upper_bound":0.06100244161858259},"point_estimate":0.05884673015341435,"standard_error":0.0011499889525922406}}