{"mean":{"confidence_interval":{"confidence_level":0.95,"lower_bound":0.011495648283106752,"upper_bound":0.02061746011773047},"point_estimate":0.01587924589069334,"standard_error":0.0023346806888183496},"median":{"confidence_interval":{"confidence_level":0.95,"lower_bound":0.009196938229448115,"upper_bound":0.0185436536170831},"point_estimate":0.012755780398154615,"standard_error":0.0024487437178967644}}