{"mean":{"confidence_interval":{"confidence_level":0.95,"lower_bound":0.18782901912945632,"upper_bound":0.20246128173521377},"point_estimate":0.19545952695800173,"standard_error":0.0037266555760506292},"median":{"confidence_interval":{"confidence_level":0.95,"lower_bound":0.18530096278974867,"upper_bound":0.20044304941450797},"point_estimate":0.19357898526341355,"standard_error":0.003694431813592787}}