{"mean":{"confidence_interval":{"confidence_level":0.95,"lower_bound":-0.25528917358961883,"upper_bound":-0.23904594578861824},"point_estimate":-0.24596216325860498,"standard_error":0.004210916423732516},"median":{"confidence_interval":{"confidence_level":0.95,"lower_bound":-0.2454894224548544,"upper_bound":-0.23444379624746528},"point_estimate":-0.24012352129405312,"standard_error":0.002535971702773639}}