{"mean":{"confidence_interval":{"confidence_level":0.95,"lower_bound":-0.0761471471095958,"upper_bound":-0.07289757449867351},"point_estimate":-0.07449842822327057,"standard_error":0.0008271582686457437},"median":{"confidence_interval":{"confidence_level":0.95,"lower_bound":-0.07624349582426909,"upper_bound":-0.07180949330112263},"point_estimate":-0.07374624923694562,"standard_error":0.001273129249690462}}