{"mean":{"confidence_interval":{"confidence_level":0.95,"lower_bound":-0.02762543590838532,"upper_bound":-0.020147499463655048},"point_estimate":-0.02399244254525501,"standard_error":0.001893812035962822},"median":{"confidence_interval":{"confidence_level":0.95,"lower_bound":-0.029851950555924045,"upper_bound":-0.021862647557113313},"point_estimate":-0.026049803554633155,"standard_error":0.0022781820830638615}}