{"mean":{"confidence_interval":{"confidence_level":0.95,"lower_bound":-0.06654570208435555,"upper_bound":-0.057376487687279654},"point_estimate":-0.06194343039656258,"standard_error":0.002339040286136684},"median":{"confidence_interval":{"confidence_level":0.95,"lower_bound":-0.05466131073292779,"upper_bound":-0.04936846671713635},"point_estimate":-0.051985960833302425,"standard_error":0.001447446630973207}}