{"mean":{"confidence_interval":{"confidence_level":0.95,"lower_bound":0.08600869010590033,"upper_bound":0.10239171325920139},"point_estimate":0.0935982608083541,"standard_error":0.004077045226163707},"median":{"confidence_interval":{"confidence_level":0.95,"lower_bound":0.08089513491116551,"upper_bound":0.09690054637726037},"point_estimate":0.08955225218047391,"standard_error":0.004058350649397464}}