{"mean":{"confidence_interval":{"confidence_level":0.95,"lower_bound":0.08403927895824007,"upper_bound":0.08769238247684295},"point_estimate":0.08548840916434775,"standard_error":0.0009718221461533697},"median":{"confidence_interval":{"confidence_level":0.95,"lower_bound":0.08396204306656552,"upper_bound":0.08524447417067837},"point_estimate":0.08457037071215878,"standard_error":0.00031025325999928867}}