{"mean":{"confidence_interval":{"confidence_level":0.95,"lower_bound":-0.013913838159561818,"upper_bound":-0.0033869602640961066},"point_estimate":-0.008787889667773996,"standard_error":0.0027107496890738034},"median":{"confidence_interval":{"confidence_level":0.95,"lower_bound":-0.016212256911550482,"upper_bound":-0.007950750395353756},"point_estimate":-0.011474722652135338,"standard_error":0.002035010321301393}}