{"mean":{"confidence_interval":{"confidence_level":0.95,"lower_bound":-0.09085075391516699,"upper_bound":-0.08615363135727822},"point_estimate":-0.08852668308220335,"standard_error":0.0011910259794614883},"median":{"confidence_interval":{"confidence_level":0.95,"lower_bound":-0.08954027459990321,"upper_bound":-0.08600761646302457},"point_estimate":-0.0881246742381766,"standard_error":0.000886909352878019}}