{"mean":{"confidence_interval":{"confidence_level":0.95,"lower_bound":-0.014139093584762319,"upper_bound":-0.002322948542135439},"point_estimate":-0.008290037807720307,"standard_error":0.002995845317696356},"median":{"confidence_interval":{"confidence_level":0.95,"lower_bound":-0.011993986425544945,"upper_bound":0.0005888573310326439},"point_estimate":-0.005405718795551739,"standard_error":0.003181129058396329}}