{"mean":{"confidence_interval":{"confidence_level":0.95,"lower_bound":-0.029148373493942753,"upper_bound":-0.01623814022704584},"point_estimate":-0.022377036518160698,"standard_error":0.0032972162449832693},"median":{"confidence_interval":{"confidence_level":0.95,"lower_bound":-0.024699091380794846,"upper_bound":-0.007949521344189865},"point_estimate":-0.016553969261644763,"standard_error":0.004085115601901647}}