{"mean":{"confidence_interval":{"confidence_level":0.95,"lower_bound":-0.37467904220921056,"upper_bound":-0.36844411176233793},"point_estimate":-0.3714947289642141,"standard_error":0.001587865434558971},"median":{"confidence_interval":{"confidence_level":0.95,"lower_bound":-0.37343317656264496,"upper_bound":-0.3660899317002161},"point_estimate":-0.36925243710704103,"standard_error":0.0019114865968598027}}