{"mean":{"confidence_interval":{"confidence_level":0.95,"lower_bound":-0.007455363089267532,"upper_bound":0.0054664403664656715},"point_estimate":-0.0013806755737271192,"standard_error":0.003321337031191694},"median":{"confidence_interval":{"confidence_level":0.95,"lower_bound":-0.017044464518330527,"upper_bound":0.0040653858586976455},"point_estimate":-0.007402992222559024,"standard_error":0.005828612537353545}}