{"mean":{"confidence_interval":{"confidence_level":0.95,"lower_bound":-0.16819200457997344,"upper_bound":-0.1594196013514647},"point_estimate":-0.16364621073260355,"standard_error":0.002241469626415714},"median":{"confidence_interval":{"confidence_level":0.95,"lower_bound":-0.17001227744119862,"upper_bound":-0.1581929086157089},"point_estimate":-0.1637905190229697,"standard_error":0.0029453563015644393}}