{"mean":{"confidence_interval":{"confidence_level":0.95,"lower_bound":-0.21889364016333346,"upper_bound":-0.20471696940498676},"point_estimate":-0.21180801883886435,"standard_error":0.0036057021663974116},"median":{"confidence_interval":{"confidence_level":0.95,"lower_bound":-0.21918169906177287,"upper_bound":-0.20456869986055526},"point_estimate":-0.2114440025532499,"standard_error":0.003837133865768953}}