{"mean":{"confidence_interval":{"confidence_level":0.95,"lower_bound":0.02237263754700658,"upper_bound":0.03673831721047218},"point_estimate":0.029786044815133028,"standard_error":0.003689671445057467},"median":{"confidence_interval":{"confidence_level":0.95,"lower_bound":0.026983251670872788,"upper_bound":0.03757676276769306},"point_estimate":0.03203646481177658,"standard_error":0.0026322766930292002}}