{"mean":{"confidence_interval":{"confidence_level":0.95,"lower_bound":0.14363537105906188,"upper_bound":0.1460000046777887},"point_estimate":0.14477702397706715,"standard_error":0.0006058348713985414},"median":{"confidence_interval":{"confidence_level":0.95,"lower_bound":0.14406705507490014,"upper_bound":0.14679596808262008},"point_estimate":0.14528312440531566,"standard_error":0.000689626024462221}}