{"mean":{"confidence_interval":{"confidence_level":0.95,"lower_bound":-0.3519919556224067,"upper_bound":-0.3427455136185346},"point_estimate":-0.34721975620462175,"standard_error":0.002352645431190985},"median":{"confidence_interval":{"confidence_level":0.95,"lower_bound":-0.3477194695104956,"upper_bound":-0.3369750254123254},"point_estimate":-0.3416943950106307,"standard_error":0.003085853403854748}}