{"mean":{"confidence_interval":{"confidence_level":0.95,"lower_bound":-0.12142255706846414,"upper_bound":-0.11343780780781704},"point_estimate":-0.11717575630314547,"standard_error":0.002039017065091491},"median":{"confidence_interval":{"confidence_level":0.95,"lower_bound":-0.11541024604023067,"upper_bound":-0.1090651249313287},"point_estimate":-0.11146826071626337,"standard_error":0.0015944059803252785}}