{"mean":{"confidence_interval":{"confidence_level":0.95,"lower_bound":-0.026978104233334466,"upper_bound":-0.02164451160612079},"point_estimate":-0.024225600585215834,"standard_error":0.001359291319945431},"median":{"confidence_interval":{"confidence_level":0.95,"lower_bound":-0.02555799992379948,"upper_bound":-0.020650115389081954},"point_estimate":-0.02256085768368965,"standard_error":0.0012148768612157605}}