{"mean":{"confidence_interval":{"confidence_level":0.95,"lower_bound":0.0488419671362506,"upper_bound":0.05569275810157708},"point_estimate":0.052471507124153716,"standard_error":0.0016741815092735993},"median":{"confidence_interval":{"confidence_level":0.95,"lower_bound":0.04778964259699259,"upper_bound":0.05481005083460209},"point_estimate":0.051458877213545806,"standard_error":0.0017449333315302622}}