{"mean":{"confidence_interval":{"confidence_level":0.95,"lower_bound":-0.035663901284978386,"upper_bound":-0.030298807582414038},"point_estimate":-0.033079256821163305,"standard_error":0.0013739164830721443},"median":{"confidence_interval":{"confidence_level":0.95,"lower_bound":-0.036626824955841686,"upper_bound":-0.03190480705599901},"point_estimate":-0.033807699636922095,"standard_error":0.0011757524926914336}}