{"mean":{"confidence_interval":{"confidence_level":0.95,"lower_bound":-0.0020575086712580986,"upper_bound":0.0009136876120396367},"point_estimate":-0.0005917903945128478,"standard_error":0.0007644765234027099},"median":{"confidence_interval":{"confidence_level":0.95,"lower_bound":-0.002228041005186566,"upper_bound":0.000104346548890355},"point_estimate":-0.0010694781466391579,"standard_error":0.0006135573301878176}}