{"mean":{"confidence_interval":{"confidence_level":0.95,"lower_bound":-0.10140119345041844,"upper_bound":-0.09659654105288151},"point_estimate":-0.09935013012586869,"standard_error":0.001216019315853896},"median":{"confidence_interval":{"confidence_level":0.95,"lower_bound":-0.10247079282775051,"upper_bound":-0.09788157581718793},"point_estimate":-0.0997947589420658,"standard_error":0.0011465212198890225}}