{"mean":{"confidence_interval":{"confidence_level":0.95,"lower_bound":-0.0018988301921831763,"upper_bound":0.000777794422503596},"point_estimate":-0.0005332640556651169,"standard_error":0.0006831979802011458},"median":{"confidence_interval":{"confidence_level":0.95,"lower_bound":-0.0026280487493467453,"upper_bound":0.0006289656517806108},"point_estimate":-0.000504533848810329,"standard_error":0.0008735303561686528}}