{"mean":{"confidence_interval":{"confidence_level":0.95,"lower_bound":0.014447083789830579,"upper_bound":0.025851296802882454},"point_estimate":0.019288924225180804,"standard_error":0.002877376610831338},"median":{"confidence_interval":{"confidence_level":0.95,"lower_bound":0.009314644458935229,"upper_bound":0.024778917264112448},"point_estimate":0.012309029255216375,"standard_error":0.0035873685903139887}}