{"mean":{"confidence_interval":{"confidence_level":0.95,"lower_bound":-0.035302659723148055,"upper_bound":-0.03293225595992962},"point_estimate":-0.034038813917340205,"standard_error":0.000602944566708759},"median":{"confidence_interval":{"confidence_level":0.95,"lower_bound":-0.035371965277424144,"upper_bound":-0.03326599991304413},"point_estimate":-0.03417442463777132,"standard_error":0.0004751259127588107}}