{"mean":{"confidence_interval":{"confidence_level":0.95,"lower_bound":0.025853032356623458,"upper_bound":0.0386241786102976},"point_estimate":0.03177294549430165,"standard_error":0.0033138927239715304},"median":{"confidence_interval":{"confidence_level":0.95,"lower_bound":0.032107237204882066,"upper_bound":0.043195883593314166},"point_estimate":0.03788978281818589,"standard_error":0.0029771806033963575}}