{"mean":{"confidence_interval":{"confidence_level":0.95,"lower_bound":0.05987861321826049,"upper_bound":0.0682036126934836},"point_estimate":0.06459206808254403,"standard_error":0.002137413509962171},"median":{"confidence_interval":{"confidence_level":0.95,"lower_bound":0.06625315363212181,"upper_bound":0.07399882608325647},"point_estimate":0.06975895407466726,"standard_error":0.002178858886952774}}