{"mean":{"confidence_interval":{"confidence_level":0.95,"lower_bound":0.0008349864796329991,"upper_bound":0.004810953815713059},"point_estimate":0.0029140783592001007,"standard_error":0.0010092459378955197},"median":{"confidence_interval":{"confidence_level":0.95,"lower_bound":0.001441216619032737,"upper_bound":0.005993813423303962},"point_estimate":0.003343777240780721,"standard_error":0.0012418193467010918}}