{"mean":{"confidence_interval":{"confidence_level":0.95,"lower_bound":-0.06434273735675741,"upper_bound":-0.05721954552208697},"point_estimate":-0.06073322535208858,"standard_error":0.001809590088032416},"median":{"confidence_interval":{"confidence_level":0.95,"lower_bound":-0.05766782618316746,"upper_bound":-0.05292990187118074},"point_estimate":-0.05621246544794134,"standard_error":0.0011731931557265858}}