{"mean":{"confidence_interval":{"confidence_level":0.95,"lower_bound":0.019000483393969158,"upper_bound":0.035791324143342025},"point_estimate":0.025871239569243976,"standard_error":0.00452156131605679},"median":{"confidence_interval":{"confidence_level":0.95,"lower_bound":0.016082561542356766,"upper_bound":0.021078316330781766},"point_estimate":0.018713102088094402,"standard_error":0.0012651333244023929}}