{"mean":{"confidence_interval":{"confidence_level":0.95,"lower_bound":-0.021163221362674345,"upper_bound":-0.009282286860086364},"point_estimate":-0.015432319401515016,"standard_error":0.003005042924173443},"median":{"confidence_interval":{"confidence_level":0.95,"lower_bound":-0.02424833319577857,"upper_bound":-0.015147378131142974},"point_estimate":-0.019746744434230745,"standard_error":0.0022701642452570923}}