{"mean":{"confidence_interval":{"confidence_level":0.95,"lower_bound":0.2990876781454878,"upper_bound":0.3142991837961468},"point_estimate":0.3065442454994798,"standard_error":0.003814752137677215},"median":{"confidence_interval":{"confidence_level":0.95,"lower_bound":0.2933056774315997,"upper_bound":0.30644867232758344},"point_estimate":0.2978631792047677,"standard_error":0.0034701349027876126}}