{"mean":{"confidence_interval":{"confidence_level":0.95,"lower_bound":-0.14295112426465437,"upper_bound":-0.13444811038035015},"point_estimate":-0.13851145288752587,"standard_error":0.0021701909626069622},"median":{"confidence_interval":{"confidence_level":0.95,"lower_bound":-0.1392665201825785,"upper_bound":-0.1294150026922256},"point_estimate":-0.13171154488227044,"standard_error":0.002325818781851544}}