{"mean":{"confidence_interval":{"confidence_level":0.95,"lower_bound":-0.1330091526792783,"upper_bound":-0.13011574585255792},"point_estimate":-0.13159421677555894,"standard_error":0.0007321891682835859},"median":{"confidence_interval":{"confidence_level":0.95,"lower_bound":-0.13362974307286368,"upper_bound":-0.13054234073987792},"point_estimate":-0.13246783091892822,"standard_error":0.0007503712216821122}}