{"mean":{"confidence_interval":{"confidence_level":0.95,"lower_bound":0.022257089196134852,"upper_bound":0.02873966548393721},"point_estimate":0.025530452563499173,"standard_error":0.001618723128762331},"median":{"confidence_interval":{"confidence_level":0.95,"lower_bound":0.022207616811422026,"upper_bound":0.027084972291892884},"point_estimate":0.024551876580188203,"standard_error":0.0010590306632830844}}