{"mean":{"confidence_interval":{"confidence_level":0.95,"lower_bound":0.2560986311031632,"upper_bound":0.2720513405251547},"point_estimate":0.2648670036520657,"standard_error":0.004338743793432599},"median":{"confidence_interval":{"confidence_level":0.95,"lower_bound":0.2464669798958643,"upper_bound":0.2608102343112646},"point_estimate":0.251481564144876,"standard_error":0.003912984290442006}}