{"mean":{"confidence_interval":{"confidence_level":0.95,"lower_bound":-0.002745076659815826,"upper_bound":0.008871296246276564},"point_estimate":0.002207244131839481,"standard_error":0.003046851069291701},"median":{"confidence_interval":{"confidence_level":0.95,"lower_bound":-0.003652528759967355,"upper_bound":-0.0013023642904600452},"point_estimate":-0.0023240507991267867,"standard_error":0.0005905072430956532}}