{"mean":{"confidence_interval":{"confidence_level":0.95,"lower_bound":-0.010032375606040884,"upper_bound":-0.0015380860228563055},"point_estimate":-0.005400263329551125,"standard_error":0.0021846961810484487},"median":{"confidence_interval":{"confidence_level":0.95,"lower_bound":-0.004736768259012516,"upper_bound":0.0006958690860561223},"point_estimate":-0.002333766204791643,"standard_error":0.0013970681375549204}}