{"mean":{"confidence_interval":{"confidence_level":0.95,"lower_bound":0.00907023848709141,"upper_bound":0.014954779339065638},"point_estimate":0.011957059764938105,"standard_error":0.0015216965135480117},"median":{"confidence_interval":{"confidence_level":0.95,"lower_bound":0.005624376573950318,"upper_bound":0.009583764341947187},"point_estimate":0.00809250094768621,"standard_error":0.0010333987970726065}}