{"mean":{"confidence_interval":{"confidence_level":0.95,"lower_bound":-0.18318008546127543,"upper_bound":-0.17922574583677295},"point_estimate":-0.1813594914405936,"standard_error":0.0010101352415329541},"median":{"confidence_interval":{"confidence_level":0.95,"lower_bound":-0.18579077504446317,"upper_bound":-0.18260591093040057},"point_estimate":-0.18426725469125538,"standard_error":0.0008114180046542112}}