{"mean":{"confidence_interval":{"confidence_level":0.95,"lower_bound":0.29102860056035057,"upper_bound":0.30871976870975837},"point_estimate":0.29993341340450685,"standard_error":0.004443422208611751},"median":{"confidence_interval":{"confidence_level":0.95,"lower_bound":0.28005954416339235,"upper_bound":0.3020734980264872},"point_estimate":0.28985711670566294,"standard_error":0.005955867408326216}}