{"mean":{"confidence_interval":{"confidence_level":0.95,"lower_bound":0.11353668420267904,"upper_bound":0.12047192887465652},"point_estimate":0.11697819208690752,"standard_error":0.0017681818715231266},"median":{"confidence_interval":{"confidence_level":0.95,"lower_bound":0.11129730892683898,"upper_bound":0.12021872686049462},"point_estimate":0.11553740675573021,"standard_error":0.002359456718238549}}