{"mean":{"confidence_interval":{"confidence_level":0.95,"lower_bound":0.29098645183871297,"upper_bound":0.3031885349436718},"point_estimate":0.2968112995021903,"standard_error":0.0031199797053271055},"median":{"confidence_interval":{"confidence_level":0.95,"lower_bound":0.2873548927749614,"upper_bound":0.2996659635740332},"point_estimate":0.291244271398851,"standard_error":0.0033255204346945727}}