{"mean":{"confidence_interval":{"confidence_level":0.95,"lower_bound":0.05852775310535009,"upper_bound":0.06454688662828373},"point_estimate":0.06172139706167834,"standard_error":0.0015384299158192976},"median":{"confidence_interval":{"confidence_level":0.95,"lower_bound":0.059749730959216096,"upper_bound":0.06574106244024702},"point_estimate":0.06258942368754372,"standard_error":0.001564687638109956}}