{"mean":{"confidence_interval":{"confidence_level":0.95,"lower_bound":0.04246100826004637,"upper_bound":0.04613422001231504},"point_estimate":0.044239936059361495,"standard_error":0.000927796909239751},"median":{"confidence_interval":{"confidence_level":0.95,"lower_bound":0.04260708445604977,"upper_bound":0.04395016589627367},"point_estimate":0.04316539452631707,"standard_error":0.000357969009516051}}