{"mean":{"confidence_interval":{"confidence_level":0.95,"lower_bound":0.24100232475483493,"upper_bound":0.25608256196028434},"point_estimate":0.2488471415313036,"standard_error":0.0037655908837245264},"median":{"confidence_interval":{"confidence_level":0.95,"lower_bound":0.238381440802653,"upper_bound":0.2537634009225669},"point_estimate":0.24660538560175027,"standard_error":0.0037599257418247565}}