{"mean":{"confidence_interval":{"confidence_level":0.95,"lower_bound":-0.014384131189507364,"upper_bound":-0.004684718999289457},"point_estimate":-0.009483265992351608,"standard_error":0.0024834112105317184},"median":{"confidence_interval":{"confidence_level":0.95,"lower_bound":-0.014368404147196756,"upper_bound":0.001659303486140686},"point_estimate":-0.005183126613118816,"standard_error":0.004219452281224677}}