{"mean":{"confidence_interval":{"confidence_level":0.95,"lower_bound":0.4875507422711849,"upper_bound":0.5023794023853505},"point_estimate":0.49539153801076696,"standard_error":0.0038451837681374437},"median":{"confidence_interval":{"confidence_level":0.95,"lower_bound":0.48181790829303184,"upper_bound":0.4972864861592196},"point_estimate":0.4896277784401011,"standard_error":0.0040716242620137165}}