{"mean":{"confidence_interval":{"confidence_level":0.95,"lower_bound":0.030916731647523444,"upper_bound":0.04810227368288822},"point_estimate":0.039148206025420684,"standard_error":0.0044122989946899244},"median":{"confidence_interval":{"confidence_level":0.95,"lower_bound":0.018005919033449835,"upper_bound":0.04054024838343118},"point_estimate":0.02912828417650859,"standard_error":0.0057943616406634195}}