{"mean":{"confidence_interval":{"confidence_level":0.95,"lower_bound":-0.03500378400912085,"upper_bound":-0.01819483966418717},"point_estimate":-0.025677785970826927,"standard_error":0.004337228182810622},"median":{"confidence_interval":{"confidence_level":0.95,"lower_bound":-0.019527114046757665,"upper_bound":-0.015192942241845864},"point_estimate":-0.017015618884736794,"standard_error":0.0011173478233876873}}