{"mean":{"confidence_interval":{"confidence_level":0.95,"lower_bound":0.00070233118315184,"upper_bound":0.015016430976448622},"point_estimate":0.006801446711657277,"standard_error":0.0035363788419373533},"median":{"confidence_interval":{"confidence_level":0.95,"lower_bound":0.0015899989983234608,"upper_bound":0.00509280112528776},"point_estimate":0.0036181623359472503,"standard_error":0.000925372931232215}}