{"mean":{"confidence_interval":{"confidence_level":0.95,"lower_bound":0.02085262069967994,"upper_bound":0.02596428234004942},"point_estimate":0.023400089857764872,"standard_error":0.0013015482056672985},"median":{"confidence_interval":{"confidence_level":0.95,"lower_bound":0.0236500064555778,"upper_bound":0.028509989236242816},"point_estimate":0.02603786094361049,"standard_error":0.001298931710603932}}