{"mean":{"confidence_interval":{"confidence_level":0.95,"lower_bound":0.17786221582926864,"upper_bound":0.1854302672181374},"point_estimate":0.18147594906922104,"standard_error":0.001911970616872213},"median":{"confidence_interval":{"confidence_level":0.95,"lower_bound":0.17487111371602615,"upper_bound":0.1839534758747179},"point_estimate":0.17832314122339343,"standard_error":0.002153910816984251}}