{"mean":{"confidence_interval":{"confidence_level":0.95,"lower_bound":-0.03522227701988378,"upper_bound":-0.019430798184625682},"point_estimate":-0.026234409462921993,"standard_error":0.004064633637316753},"median":{"confidence_interval":{"confidence_level":0.95,"lower_bound":-0.020035982288623598,"upper_bound":-0.017700445633867967},"point_estimate":-0.018803740959685844,"standard_error":0.0006191113369492827}}