{"mean":{"confidence_interval":{"confidence_level":0.95,"lower_bound":-0.011146039405362169,"upper_bound":-0.003645213206466239},"point_estimate":-0.00746726901618322,"standard_error":0.0019163617017446506},"median":{"confidence_interval":{"confidence_level":0.95,"lower_bound":-0.009403655576042724,"upper_bound":-0.003263057560555671},"point_estimate":-0.006329734366251172,"standard_error":0.0017273934116802468}}