{"mean":{"confidence_interval":{"confidence_level":0.95,"lower_bound":0.029274470697961647,"upper_bound":0.14601457904398588},"point_estimate":0.08343454903095493,"standard_error":0.029752273008290586},"median":{"confidence_interval":{"confidence_level":0.95,"lower_bound":-0.012102700786283949,"upper_bound":-0.00742623558575628},"point_estimate":-0.00989133987410562,"standard_error":0.0012147095791636682}}