{"mean":{"confidence_interval":{"confidence_level":0.95,"lower_bound":-0.23695340863879613,"upper_bound":-0.2350357670077572},"point_estimate":-0.2359199697922626,"standard_error":0.0004923791029412306},"median":{"confidence_interval":{"confidence_level":0.95,"lower_bound":-0.23668677787070613,"upper_bound":-0.23474629918320034},"point_estimate":-0.23559050455776231,"standard_error":0.0005292436701887499}}