{"mean":{"confidence_interval":{"confidence_level":0.95,"lower_bound":-0.27362739103652967,"upper_bound":-0.26232122032515104},"point_estimate":-0.2679709557509078,"standard_error":0.0028847480456677655},"median":{"confidence_interval":{"confidence_level":0.95,"lower_bound":-0.27299565236870926,"upper_bound":-0.2622447617136591},"point_estimate":-0.26864703652201116,"standard_error":0.0031823373804842825}}