{"mean":{"confidence_interval":{"confidence_level":0.95,"lower_bound":-0.1164104397152709,"upper_bound":-0.07937222634322738},"point_estimate":-0.09803613151759183,"standard_error":0.0094161664679644},"median":{"confidence_interval":{"confidence_level":0.95,"lower_bound":-0.11077918391486442,"upper_bound":-0.0454778124957485},"point_estimate":-0.07017775426202977,"standard_error":0.015500851085922173}}