{"mean":{"confidence_interval":{"confidence_level":0.95,"lower_bound":-0.1388188965337125,"upper_bound":-0.12732472876958958},"point_estimate":-0.13355315534427337,"standard_error":0.0029590056414913247},"median":{"confidence_interval":{"confidence_level":0.95,"lower_bound":-0.1424022700108133,"upper_bound":-0.13330957315026198},"point_estimate":-0.13563222940475284,"standard_error":0.0021387250664603}}