{"mean":{"confidence_interval":{"confidence_level":0.95,"lower_bound":-0.004672568813257418,"upper_bound":0.0035047707356321606},"point_estimate":-0.0003380107345301031,"standard_error":0.0020898838015993865},"median":{"confidence_interval":{"confidence_level":0.95,"lower_bound":-0.00004141905546395375,"upper_bound":0.005880370991927508},"point_estimate":0.0023203226896797435,"standard_error":0.0015922986291317203}}