{"mean":{"confidence_interval":{"confidence_level":0.95,"lower_bound":9501.116638381689,"upper_bound":9564.865231485084},"point_estimate":9530.484702914904,"standard_error":16.313860760553936},"median":{"confidence_interval":{"confidence_level":0.95,"lower_bound":9471.217021276596,"upper_bound":9496.158138736264},"point_estimate":9483.693727598566,"standard_error":6.5686687528423615},"median_abs_dev":{"confidence_interval":{"confidence_level":0.95,"lower_bound":35.56998853341161,"upper_bound":75.46750022304471},"point_estimate":53.873106579522364,"standard_error":10.581849738509096},"slope":{"confidence_interval":{"confidence_level":0.95,"lower_bound":9497.793002909644,"upper_bound":9563.954450161493},"point_estimate":9527.81363203783,"standard_error":16.920558065239415},"std_dev":{"confidence_interval":{"confidence_level":0.95,"lower_bound":101.29093873795829,"upper_bound":218.02599411665142},"point_estimate":163.75356089605344,"standard_error":29.883835056940747}}