{"mean":{"confidence_interval":{"confidence_level":0.95,"lower_bound":8799.221557654531,"upper_bound":8813.085314997996},"point_estimate":8805.249097832158,"standard_error":3.558831874934995},"median":{"confidence_interval":{"confidence_level":0.95,"lower_bound":8794.30505050505,"upper_bound":8803.83064516129},"point_estimate":8799.13284848485,"standard_error":2.0693126702262465},"median_abs_dev":{"confidence_interval":{"confidence_level":0.95,"lower_bound":12.633513020391591,"upper_bound":22.200117694104033},"point_estimate":17.357592758973844,"standard_error":2.603870834621299},"slope":{"confidence_interval":{"confidence_level":0.95,"lower_bound":8802.593444166656,"upper_bound":8823.635694961322},"point_estimate":8811.063490764001,"standard_error":5.552260425602411},"std_dev":{"confidence_interval":{"confidence_level":0.95,"lower_bound":15.846406366462025,"upper_bound":54.461502084066105},"point_estimate":35.75599993534495,"standard_error":10.756039058210138}}