{"mean":{"confidence_interval":{"confidence_level":0.95,"lower_bound":9537.340803107485,"upper_bound":9657.347759730317},"point_estimate":9589.525762997377,"standard_error":31.005398931967687},"median":{"confidence_interval":{"confidence_level":0.95,"lower_bound":9485.309917355371,"upper_bound":9545.158475993703},"point_estimate":9525.60232093123,"standard_error":13.89627973019994},"median_abs_dev":{"confidence_interval":{"confidence_level":0.95,"lower_bound":72.581725269964,"upper_bound":130.33024222940716},"point_estimate":103.93771731078301,"standard_error":15.783034061233876},"slope":{"confidence_interval":{"confidence_level":0.95,"lower_bound":9541.431171153241,"upper_bound":9641.713124847127},"point_estimate":9586.525770248667,"standard_error":25.73442138208356},"std_dev":{"confidence_interval":{"confidence_level":0.95,"lower_bound":117.30308093142457,"upper_bound":476.1369483372119},"point_estimate":312.2458487541517,"standard_error":94.24265266567991}}