{"mean":{"confidence_interval":{"confidence_level":0.95,"lower_bound":10113.868040261681,"upper_bound":11077.78489972639},"point_estimate":10527.495583067808,"standard_error":249.26908767003107},"median":{"confidence_interval":{"confidence_level":0.95,"lower_bound":9898.07444668008,"upper_bound":10385.768707482994},"point_estimate":10100.444302721087,"standard_error":141.9273113777449},"median_abs_dev":{"confidence_interval":{"confidence_level":0.95,"lower_bound":736.080725144942,"upper_bound":1234.306239825496},"point_estimate":1046.5118790855374,"standard_error":125.16595963368835},"slope":{"confidence_interval":{"confidence_level":0.95,"lower_bound":10002.893640525112,"upper_bound":10952.67697258862},"point_estimate":10386.319745825329,"standard_error":249.67997128058366},"std_dev":{"confidence_interval":{"confidence_level":0.95,"lower_bound":995.9951615656137,"upper_bound":3892.1976964809446},"point_estimate":2507.54948928709,"standard_error":817.143543543072}}