{"mean":{"confidence_interval":{"confidence_level":0.95,"lower_bound":8803.179560009596,"upper_bound":8811.25302865545},"point_estimate":8806.810519890414,"standard_error":2.0694964194145564},"median":{"confidence_interval":{"confidence_level":0.95,"lower_bound":8800.335910962429,"upper_bound":8805.782692307692},"point_estimate":8803.95352574986,"standard_error":1.301392994288069},"median_abs_dev":{"confidence_interval":{"confidence_level":0.95,"lower_bound":11.021827419708407,"upper_bound":18.002860599846358},"point_estimate":14.594128684309988,"standard_error":1.8851991616873713},"slope":{"confidence_interval":{"confidence_level":0.95,"lower_bound":8804.248897539712,"upper_bound":8810.126220746382},"point_estimate":8807.116928033101,"standard_error":1.4997772487213545},"std_dev":{"confidence_interval":{"confidence_level":0.95,"lower_bound":12.167839212059924,"upper_bound":30.419265334331175},"point_estimate":20.772237277768973,"standard_error":5.525060385578324}}