{"mean":{"confidence_interval":{"confidence_level":0.95,"lower_bound":8784.864028113212,"upper_bound":8790.932113798115},"point_estimate":8787.784005986325,"standard_error":1.5506183712615897},"median":{"confidence_interval":{"confidence_level":0.95,"lower_bound":8782.363461538462,"upper_bound":8790.20487804878},"point_estimate":8785.96967844203,"standard_error":1.5429931746841425},"median_abs_dev":{"confidence_interval":{"confidence_level":0.95,"lower_bound":9.999881070505502,"upper_bound":15.129250204547526},"point_estimate":13.166184829544685,"standard_error":1.3560368150130004},"slope":{"confidence_interval":{"confidence_level":0.95,"lower_bound":8785.772148424312,"upper_bound":8791.219012929725},"point_estimate":8788.483690852667,"standard_error":1.3889649751046267},"std_dev":{"confidence_interval":{"confidence_level":0.95,"lower_bound":11.675651118922652,"upper_bound":19.4822240039344},"point_estimate":15.582905135968746,"standard_error":2.0204865952209397}}