{"mean":{"confidence_interval":{"confidence_level":0.95,"lower_bound":6565.734486284656,"upper_bound":6608.530862748807},"point_estimate":6583.61638721128,"standard_error":11.08767248620444},"median":{"confidence_interval":{"confidence_level":0.95,"lower_bound":6548.092391304348,"upper_bound":6580.107142857143},"point_estimate":6566.201251526252,"standard_error":10.258086716257889},"median_abs_dev":{"confidence_interval":{"confidence_level":0.95,"lower_bound":30.467386757482625,"upper_bound":51.58233246016416},"point_estimate":41.08366484696152,"standard_error":5.277311342016782},"slope":{"confidence_interval":{"confidence_level":0.95,"lower_bound":6557.985256830082,"upper_bound":6584.577440042128},"point_estimate":6570.098098123245,"standard_error":6.7867795792864545},"std_dev":{"confidence_interval":{"confidence_level":0.95,"lower_bound":43.39898412588519,"upper_bound":175.7472696648127},"point_estimate":111.38939761268087,"standard_error":40.400074918311844}}