{"mean":{"confidence_interval":{"confidence_level":0.95,"lower_bound":7518.106843384699,"upper_bound":7532.423021414644},"point_estimate":7524.304628643216,"standard_error":3.678684648529316},"median":{"confidence_interval":{"confidence_level":0.95,"lower_bound":7511.727272727273,"upper_bound":7521.198916827852},"point_estimate":7516.752820891845,"standard_error":2.6650972038456913},"median_abs_dev":{"confidence_interval":{"confidence_level":0.95,"lower_bound":13.136413403145626,"upper_bound":21.19147385655086},"point_estimate":17.261460298798344,"standard_error":1.9599715397030768},"slope":{"confidence_interval":{"confidence_level":0.95,"lower_bound":7520.144092284305,"upper_bound":7538.716485084453},"point_estimate":7527.40452328815,"standard_error":4.91006906314804},"std_dev":{"confidence_interval":{"confidence_level":0.95,"lower_bound":17.987288250449804,"upper_bound":56.34018334833033},"point_estimate":36.84696259589255,"standard_error":11.902027762745186}}