{"mean":{"confidence_interval":{"confidence_level":0.95,"lower_bound":8807.857327343181,"upper_bound":8816.866499123498},"point_estimate":8812.051710034631,"standard_error":2.300723669982207},"median":{"confidence_interval":{"confidence_level":0.95,"lower_bound":8802.960294117647,"upper_bound":8807.613793103448},"point_estimate":8805.077246376812,"standard_error":1.1295190470292495},"median_abs_dev":{"confidence_interval":{"confidence_level":0.95,"lower_bound":7.473946712003747,"upper_bound":14.840755154683421},"point_estimate":10.80263039645123,"standard_error":1.8970479644469702},"slope":{"confidence_interval":{"confidence_level":0.95,"lower_bound":8806.08381266151,"upper_bound":8813.939876944574},"point_estimate":8809.466054381557,"standard_error":2.0189305882054893},"std_dev":{"confidence_interval":{"confidence_level":0.95,"lower_bound":15.323723136115058,"upper_bound":31.175334267617835},"point_estimate":23.20151157584639,"standard_error":4.158452443471907}}