{"mean":{"confidence_interval":{"confidence_level":0.95,"lower_bound":8072.168683856214,"upper_bound":8256.762772919428},"point_estimate":8162.590839027297,"standard_error":47.1570455243995},"median":{"confidence_interval":{"confidence_level":0.95,"lower_bound":7973.125,"upper_bound":8233.594339622641},"point_estimate":8078.588624338624,"standard_error":71.61499096397267},"median_abs_dev":{"confidence_interval":{"confidence_level":0.95,"lower_bound":323.8626252705708,"upper_bound":550.0289088888812},"point_estimate":388.5101384150661,"standard_error":58.780133871248275},"slope":{"confidence_interval":{"confidence_level":0.95,"lower_bound":8129.507998671491,"upper_bound":8339.634511093847},"point_estimate":8230.943342692479,"standard_error":53.69668690066206},"std_dev":{"confidence_interval":{"confidence_level":0.95,"lower_bound":396.0584650019124,"upper_bound":546.4871708355361},"point_estimate":474.21351468492674,"standard_error":38.471351590162605}}