{"mean":{"confidence_interval":{"confidence_level":0.95,"lower_bound":9489.218562796508,"upper_bound":9563.433943423259},"point_estimate":9521.965456890772,"standard_error":19.02195076900771},"median":{"confidence_interval":{"confidence_level":0.95,"lower_bound":9460.994947848762,"upper_bound":9495.676664149316},"point_estimate":9476.576109235592,"standard_error":8.926927241223453},"median_abs_dev":{"confidence_interval":{"confidence_level":0.95,"lower_bound":43.40604544299386,"upper_bound":68.33982923461379},"point_estimate":55.21309464754752,"standard_error":6.517857164925805},"slope":{"confidence_interval":{"confidence_level":0.95,"lower_bound":9497.132837113852,"upper_bound":9576.560569685336},"point_estimate":9531.793418285572,"standard_error":20.432936848931476},"std_dev":{"confidence_interval":{"confidence_level":0.95,"lower_bound":91.75726270089635,"upper_bound":281.33844898088734},"point_estimate":190.67309147231006,"standard_error":50.35433031992678}}