{"mean":{"confidence_interval":{"confidence_level":0.95,"lower_bound":30099.756360865515,"upper_bound":30119.129569032535},"point_estimate":30109.39703280176,"standard_error":4.928902904353463},"median":{"confidence_interval":{"confidence_level":0.95,"lower_bound":30097.875,"upper_bound":30120.150434091465},"point_estimate":30110.27142857143,"standard_error":5.753403114434586},"median_abs_dev":{"confidence_interval":{"confidence_level":0.95,"lower_bound":32.88861833216768,"upper_bound":51.33220228668027},"point_estimate":41.849168811952545,"standard_error":4.657449263986689},"slope":{"confidence_interval":{"confidence_level":0.95,"lower_bound":30101.667894263017,"upper_bound":30121.089372869097},"point_estimate":30110.688059208907,"standard_error":4.957446012439155},"std_dev":{"confidence_interval":{"confidence_level":0.95,"lower_bound":39.74451130311908,"upper_bound":59.106383707332874},"point_estimate":49.607305459570966,"standard_error":4.975781163361999}}