{"mean":{"confidence_interval":{"confidence_level":0.95,"lower_bound":9442.703823271164,"upper_bound":9459.75872074618},"point_estimate":9451.418305968638,"standard_error":4.349026326630043},"median":{"confidence_interval":{"confidence_level":0.95,"lower_bound":9445.464448380568,"upper_bound":9464.971794871795},"point_estimate":9453.462761341223,"standard_error":4.587017399637024},"median_abs_dev":{"confidence_interval":{"confidence_level":0.95,"lower_bound":28.258554851114596,"upper_bound":42.37765912690397},"point_estimate":35.73521646968274,"standard_error":3.573934894437833},"slope":{"confidence_interval":{"confidence_level":0.95,"lower_bound":9442.785349889939,"upper_bound":9457.69984403319},"point_estimate":9450.237070170851,"standard_error":3.8005749595062723},"std_dev":{"confidence_interval":{"confidence_level":0.95,"lower_bound":31.926170329382455,"upper_bound":56.195346805004874},"point_estimate":43.87927077255933,"standard_error":6.2857203523145735}}