{"mean":{"confidence_interval":{"confidence_level":0.95,"lower_bound":7411.8147248128835,"upper_bound":7423.224675225179},"point_estimate":7416.916270375445,"standard_error":2.926096400381165},"median":{"confidence_interval":{"confidence_level":0.95,"lower_bound":7408.177922077922,"upper_bound":7416.936639118458},"point_estimate":7412.197742017019,"standard_error":2.212378540087731},"median_abs_dev":{"confidence_interval":{"confidence_level":0.95,"lower_bound":16.126559869819424,"upper_bound":25.130761430075026},"point_estimate":20.80578562040204,"standard_error":2.33315303993877},"slope":{"confidence_interval":{"confidence_level":0.95,"lower_bound":7411.692307556089,"upper_bound":7418.9310122609095},"point_estimate":7415.278616816906,"standard_error":1.8518651824535153},"std_dev":{"confidence_interval":{"confidence_level":0.95,"lower_bound":17.144185774409348,"upper_bound":43.23436212130623},"point_estimate":29.47671308377155,"standard_error":7.980324226946342}}