{"mean":{"confidence_interval":{"confidence_level":0.95,"lower_bound":9517.922138821203,"upper_bound":9585.31845394931},"point_estimate":9547.998311693958,"standard_error":17.291309150386404},"median":{"confidence_interval":{"confidence_level":0.95,"lower_bound":9493.29106029106,"upper_bound":9509.365372405373},"point_estimate":9501.769921104536,"standard_error":3.9345372775915965},"median_abs_dev":{"confidence_interval":{"confidence_level":0.95,"lower_bound":29.372592970802202,"upper_bound":52.6516848675629},"point_estimate":40.23476957415198,"standard_error":5.843115686457815},"slope":{"confidence_interval":{"confidence_level":0.95,"lower_bound":9506.68724142428,"upper_bound":9633.397714345252},"point_estimate":9553.84828909527,"standard_error":34.49097241006548},"std_dev":{"confidence_interval":{"confidence_level":0.95,"lower_bound":88.26075507458971,"upper_bound":249.8100784285551},"point_estimate":173.90915772375033,"standard_error":42.20437252268515}}