{"mean":{"confidence_interval":{"confidence_level":0.95,"lower_bound":9451.68544154501,"upper_bound":9494.166393062911},"point_estimate":9471.478683969312,"standard_error":10.829149417691596},"median":{"confidence_interval":{"confidence_level":0.95,"lower_bound":9430.772435897436,"upper_bound":9457.665680473372},"point_estimate":9443.840321141837,"standard_error":5.78598723695048},"median_abs_dev":{"confidence_interval":{"confidence_level":0.95,"lower_bound":39.64470832582175,"upper_bound":66.52966589499017},"point_estimate":47.556890453459694,"standard_error":6.773656513169513},"slope":{"confidence_interval":{"confidence_level":0.95,"lower_bound":9461.161032757078,"upper_bound":9512.257052675379},"point_estimate":9484.829726159756,"standard_error":13.063970207903514},"std_dev":{"confidence_interval":{"confidence_level":0.95,"lower_bound":70.4703449936096,"upper_bound":142.84082702279784},"point_estimate":109.31947333651716,"standard_error":18.451199573609355}}