{"mean":{"confidence_interval":{"confidence_level":0.95,"lower_bound":8904.745264575358,"upper_bound":9404.730549777207},"point_estimate":9119.005442340927,"standard_error":128.89780876804647},"median":{"confidence_interval":{"confidence_level":0.95,"lower_bound":8813.765202702703,"upper_bound":8949.8359375},"point_estimate":8875.338113584476,"standard_error":33.952139159936515},"median_abs_dev":{"confidence_interval":{"confidence_level":0.95,"lower_bound":237.61490455808575,"upper_bound":427.6606864545},"point_estimate":354.2699848581628,"standard_error":48.47192792197073},"slope":{"confidence_interval":{"confidence_level":0.95,"lower_bound":8910.245810998373,"upper_bound":9810.683070534284},"point_estimate":9278.705529037978,"standard_error":236.10891135523275},"std_dev":{"confidence_interval":{"confidence_level":0.95,"lower_bound":352.7100650907063,"upper_bound":1937.2790116534204},"point_estimate":1292.7246290329422,"standard_error":398.05928244218114}}