{"mean":{"confidence_interval":{"confidence_level":0.95,"lower_bound":6602.132360764297,"upper_bound":6666.746870734658},"point_estimate":6628.769677295193,"standard_error":16.859120587306492},"median":{"confidence_interval":{"confidence_level":0.95,"lower_bound":6598.165476190476,"upper_bound":6624.633333333333},"point_estimate":6611.685204081632,"standard_error":6.943458024855493},"median_abs_dev":{"confidence_interval":{"confidence_level":0.95,"lower_bound":44.74168311214352,"upper_bound":81.08827741143226},"point_estimate":60.5743539666068,"standard_error":9.237982708589294},"slope":{"confidence_interval":{"confidence_level":0.95,"lower_bound":6567.517625555084,"upper_bound":6617.709490274426},"point_estimate":6589.316791572547,"standard_error":12.870583557170233},"std_dev":{"confidence_interval":{"confidence_level":0.95,"lower_bound":58.12006553305122,"upper_bound":272.90238102813066},"point_estimate":169.97119624923707,"standard_error":65.83513572255758}}