{"mean":{"confidence_interval":{"confidence_level":0.95,"lower_bound":9488.353374231263,"upper_bound":9523.000414683584},"point_estimate":9504.73600180011,"standard_error":8.860677680784482},"median":{"confidence_interval":{"confidence_level":0.95,"lower_bound":9473.443395061728,"upper_bound":9491.378048780487},"point_estimate":9480.407137681159,"standard_error":4.946358050508223},"median_abs_dev":{"confidence_interval":{"confidence_level":0.95,"lower_bound":33.98011156579097,"upper_bound":67.58425709210866},"point_estimate":43.856296253364455,"standard_error":8.6861588345301},"slope":{"confidence_interval":{"confidence_level":0.95,"lower_bound":9491.365880561238,"upper_bound":9535.830021185791},"point_estimate":9510.426404610611,"standard_error":11.555458551853677},"std_dev":{"confidence_interval":{"confidence_level":0.95,"lower_bound":63.55866504358881,"upper_bound":110.92476321453317},"point_estimate":89.08540139758365,"standard_error":12.104972196515922}}