{"mean":{"confidence_interval":{"confidence_level":0.95,"lower_bound":9498.525408743182,"upper_bound":9562.813264930917},"point_estimate":9526.180093948344,"standard_error":16.547239993631255},"median":{"confidence_interval":{"confidence_level":0.95,"lower_bound":9483.021686746988,"upper_bound":9505.922222222222},"point_estimate":9492.205216417911,"standard_error":5.9226320358938604},"median_abs_dev":{"confidence_interval":{"confidence_level":0.95,"lower_bound":42.16884252620709,"upper_bound":73.33110646017363},"point_estimate":55.81282052354751,"standard_error":7.663147150000764},"slope":{"confidence_interval":{"confidence_level":0.95,"lower_bound":9502.032329919917,"upper_bound":9540.64328499571},"point_estimate":9519.222997192257,"standard_error":9.87013570419588},"std_dev":{"confidence_interval":{"confidence_level":0.95,"lower_bound":68.7361161657545,"upper_bound":255.46206775747277},"point_estimate":166.14483688482844,"standard_error":51.17062766710005}}