{"mean":{"confidence_interval":{"confidence_level":0.95,"lower_bound":6504.16887577884,"upper_bound":6534.453353300119},"point_estimate":6518.401996560768,"standard_error":7.742070206273698},"median":{"confidence_interval":{"confidence_level":0.95,"lower_bound":6485.13474025974,"upper_bound":6516.375205254516},"point_estimate":6501.109467166687,"standard_error":8.257651178466334},"median_abs_dev":{"confidence_interval":{"confidence_level":0.95,"lower_bound":44.209670373888244,"upper_bound":72.46702294520789},"point_estimate":59.01680830690542,"standard_error":7.246617908613677},"slope":{"confidence_interval":{"confidence_level":0.95,"lower_bound":6532.208105271275,"upper_bound":6574.051472939087},"point_estimate":6552.078939812958,"standard_error":10.680937114970567},"std_dev":{"confidence_interval":{"confidence_level":0.95,"lower_bound":53.408025755904966,"upper_bound":99.66819254042584},"point_estimate":77.69107063734607,"standard_error":11.838225769149698}}