{"mean":{"confidence_interval":{"confidence_level":0.95,"lower_bound":8648.15917033466,"upper_bound":8655.864388392769},"point_estimate":8651.68999585503,"standard_error":1.97361136854212},"median":{"confidence_interval":{"confidence_level":0.95,"lower_bound":8644.864583333334,"upper_bound":8647.590323464912},"point_estimate":8646.112914131169,"standard_error":0.684746989855926},"median_abs_dev":{"confidence_interval":{"confidence_level":0.95,"lower_bound":4.652507761532097,"upper_bound":8.21179812344272},"point_estimate":6.078054050535617,"standard_error":0.8930517455422434},"slope":{"confidence_interval":{"confidence_level":0.95,"lower_bound":8646.77639052859,"upper_bound":8652.23167114744},"point_estimate":8649.405037929166,"standard_error":1.3921644683375807},"std_dev":{"confidence_interval":{"confidence_level":0.95,"lower_bound":11.240120440340359,"upper_bound":27.036529730188875},"point_estimate":19.840208198862758,"standard_error":4.041215498279151}}