{"mean":{"confidence_interval":{"confidence_level":0.95,"lower_bound":6560.332192675629,"upper_bound":6666.138645893148},"point_estimate":6606.554815363272,"standard_error":27.312496102281045},"median":{"confidence_interval":{"confidence_level":0.95,"lower_bound":6532.721212121212,"upper_bound":6542.388494318182},"point_estimate":6536.091004583652,"standard_error":2.5678215012651537},"median_abs_dev":{"confidence_interval":{"confidence_level":0.95,"lower_bound":17.059496114259627,"upper_bound":44.94699998108452},"point_estimate":31.365564141319247,"standard_error":8.018583383658394},"slope":{"confidence_interval":{"confidence_level":0.95,"lower_bound":6546.962659134985,"upper_bound":6624.879066464766},"point_estimate":6581.26933594852,"standard_error":20.05455660357915},"std_dev":{"confidence_interval":{"confidence_level":0.95,"lower_bound":106.6931901352936,"upper_bound":413.123024553681},"point_estimate":274.05563628301917,"standard_error":80.10399300513079}}