{"mean":{"confidence_interval":{"confidence_level":0.95,"lower_bound":9494.356522326249,"upper_bound":9600.175813811855},"point_estimate":9538.19969936101,"standard_error":27.678467274431146},"median":{"confidence_interval":{"confidence_level":0.95,"lower_bound":9478.770454545454,"upper_bound":9496.76},"point_estimate":9491.999751861042,"standard_error":4.877339904238974},"median_abs_dev":{"confidence_interval":{"confidence_level":0.95,"lower_bound":33.04256441337642,"upper_bound":66.8208232132986},"point_estimate":44.339731061335776,"standard_error":8.732594434119534},"slope":{"confidence_interval":{"confidence_level":0.95,"lower_bound":9501.549431589337,"upper_bound":9548.173668647602},"point_estimate":9522.854599083788,"standard_error":11.934226081360332},"std_dev":{"confidence_interval":{"confidence_level":0.95,"lower_bound":58.8641308593816,"upper_bound":439.88557213027303},"point_estimate":277.9940417734184,"standard_error":104.00153904114173}}