{"mean":{"confidence_interval":{"confidence_level":0.95,"lower_bound":6516.816959562717,"upper_bound":6545.764076138314},"point_estimate":6529.953074677286,"standard_error":7.42382584721665},"median":{"confidence_interval":{"confidence_level":0.95,"lower_bound":6510.094967532468,"upper_bound":6524.107919254659},"point_estimate":6517.056156494108,"standard_error":3.5128508623133983},"median_abs_dev":{"confidence_interval":{"confidence_level":0.95,"lower_bound":20.24132191930965,"upper_bound":35.78552247656789},"point_estimate":28.15189949087453,"standard_error":3.9962142819117785},"slope":{"confidence_interval":{"confidence_level":0.95,"lower_bound":6526.405087278846,"upper_bound":6572.163514417167},"point_estimate":6546.189562160907,"standard_error":11.897113800256902},"std_dev":{"confidence_interval":{"confidence_level":0.95,"lower_bound":39.29912118610784,"upper_bound":102.97027779881411},"point_estimate":74.56023266438126,"standard_error":16.126167011265245}}