{"mean":{"confidence_interval":{"confidence_level":0.95,"lower_bound":9484.609085746848,"upper_bound":9619.4630053356},"point_estimate":9538.839676954967,"standard_error":35.39391109268371},"median":{"confidence_interval":{"confidence_level":0.95,"lower_bound":9458.284615384615,"upper_bound":9477.220238095239},"point_estimate":9468.276864035088,"standard_error":4.26354625429152},"median_abs_dev":{"confidence_interval":{"confidence_level":0.95,"lower_bound":37.74165511812966,"upper_bound":57.54285194791328},"point_estimate":48.17261933707291,"standard_error":5.1567146539482955},"slope":{"confidence_interval":{"confidence_level":0.95,"lower_bound":9486.136362482806,"upper_bound":9563.162424074522},"point_estimate":9520.534675878036,"standard_error":19.776779700193877},"std_dev":{"confidence_interval":{"confidence_level":0.95,"lower_bound":99.1346023676035,"upper_bound":575.8366067675609},"point_estimate":354.9768035277827,"standard_error":144.07901684825828}}