{"mean":{"confidence_interval":{"confidence_level":0.95,"lower_bound":6486.88451476558,"upper_bound":6517.09130079138},"point_estimate":6501.106196534429,"standard_error":7.742532356359519},"median":{"confidence_interval":{"confidence_level":0.95,"lower_bound":6474.545518207283,"upper_bound":6490.8886446886445},"point_estimate":6483.077651515152,"standard_error":4.036047774656916},"median_abs_dev":{"confidence_interval":{"confidence_level":0.95,"lower_bound":30.579426677450556,"upper_bound":49.18948030946004},"point_estimate":39.915054497498,"standard_error":4.723313045063927},"slope":{"confidence_interval":{"confidence_level":0.95,"lower_bound":6504.416245636369,"upper_bound":6553.9395595589},"point_estimate":6527.704216259579,"standard_error":12.657029576808215},"std_dev":{"confidence_interval":{"confidence_level":0.95,"lower_bound":52.28157801484831,"upper_bound":98.92279676524987},"point_estimate":77.78076169978556,"standard_error":11.867776142302604}}