{"mean":{"confidence_interval":{"confidence_level":0.95,"lower_bound":8107.114805005327,"upper_bound":8296.11872888408},"point_estimate":8201.416125933354,"standard_error":48.13694712087369},"median":{"confidence_interval":{"confidence_level":0.95,"lower_bound":8019.236039272031,"upper_bound":8355.141666666666},"point_estimate":8157.555,"standard_error":94.7557471679648},"median_abs_dev":{"confidence_interval":{"confidence_level":0.95,"lower_bound":440.88056334459037,"upper_bound":687.6674513557525},"point_estimate":553.4904840866229,"standard_error":63.49661553822237},"slope":{"confidence_interval":{"confidence_level":0.95,"lower_bound":8050.35826538965,"upper_bound":8315.763123313829},"point_estimate":8183.328144229348,"standard_error":67.75240526709715},"std_dev":{"confidence_interval":{"confidence_level":0.95,"lower_bound":432.19083256638737,"upper_bound":527.6118049996518},"point_estimate":483.07013646200573,"standard_error":24.376323717245665}}