{"mean":{"confidence_interval":{"confidence_level":0.95,"lower_bound":20889.11850786708,"upper_bound":20940.63227162213},"point_estimate":20911.122728787075,"standard_error":13.280228194140825},"median":{"confidence_interval":{"confidence_level":0.95,"lower_bound":20880.57960704607,"upper_bound":20903.392156862745},"point_estimate":20892.96604669185,"standard_error":6.370849146686896},"median_abs_dev":{"confidence_interval":{"confidence_level":0.95,"lower_bound":30.658537909714575,"upper_bound":51.41978629116641},"point_estimate":39.00194781407134,"standard_error":5.397015396218266},"slope":{"confidence_interval":{"confidence_level":0.95,"lower_bound":20890.671512732708,"upper_bound":20910.633109998435},"point_estimate":20900.095417959707,"standard_error":5.080390576434806},"std_dev":{"confidence_interval":{"confidence_level":0.95,"lower_bound":51.75219334308991,"upper_bound":208.5918342372617},"point_estimate":133.70106480097314,"standard_error":45.33723264403918}}