{"mean":{"confidence_interval":{"confidence_level":0.95,"lower_bound":24542.258440320136,"upper_bound":25078.90367375243},"point_estimate":24799.774728057924,"standard_error":136.7589000836793},"median":{"confidence_interval":{"confidence_level":0.95,"lower_bound":24228.086021505376,"upper_bound":24885.426666666666},"point_estimate":24542.370448179274,"standard_error":134.82671030258047},"median_abs_dev":{"confidence_interval":{"confidence_level":0.95,"lower_bound":870.7126103297227,"upper_bound":1367.2955246864053},"point_estimate":1146.2033805076478,"standard_error":133.98366032810046},"slope":{"confidence_interval":{"confidence_level":0.95,"lower_bound":24319.27956030253,"upper_bound":24913.91807526192},"point_estimate":24606.63321314221,"standard_error":151.98614303328813},"std_dev":{"confidence_interval":{"confidence_level":0.95,"lower_bound":1051.8208228418835,"upper_bound":1721.7017256388076},"point_estimate":1375.1733962220956,"standard_error":175.68751244455757}}