{"mean":{"confidence_interval":{"confidence_level":0.95,"lower_bound":9445.275134379184,"upper_bound":9482.44422418188},"point_estimate":9461.546145034901,"standard_error":9.573805940838385},"median":{"confidence_interval":{"confidence_level":0.95,"lower_bound":9431.74,"upper_bound":9451.742647058823},"point_estimate":9443.274702212138,"standard_error":4.549436220973386},"median_abs_dev":{"confidence_interval":{"confidence_level":0.95,"lower_bound":26.645108152503276,"upper_bound":48.66837842632401},"point_estimate":34.76390117882598,"standard_error":5.8191894393599535},"slope":{"confidence_interval":{"confidence_level":0.95,"lower_bound":9444.994292555553,"upper_bound":9482.678262577512},"point_estimate":9461.120364711098,"standard_error":9.791587688865613},"std_dev":{"confidence_interval":{"confidence_level":0.95,"lower_bound":39.640374520457385,"upper_bound":145.92776370536197},"point_estimate":96.23440711438566,"standard_error":28.30073215468103}}