{"mean":{"confidence_interval":{"confidence_level":0.95,"lower_bound":8908.919599712837,"upper_bound":9281.865119411214},"point_estimate":9083.026928090607,"standard_error":95.20111137046312},"median":{"confidence_interval":{"confidence_level":0.95,"lower_bound":8759.504807692309,"upper_bound":8958.604707792209},"point_estimate":8873.432961556715,"standard_error":57.05208913535298},"median_abs_dev":{"confidence_interval":{"confidence_level":0.95,"lower_bound":405.7222149022533,"upper_bound":689.3237042448613},"point_estimate":537.2254162210178,"standard_error":69.63041945898114},"slope":{"confidence_interval":{"confidence_level":0.95,"lower_bound":8846.551579137991,"upper_bound":9297.56128054272},"point_estimate":9054.760337351432,"standard_error":115.27472306065333},"std_dev":{"confidence_interval":{"confidence_level":0.95,"lower_bound":627.3725899389106,"upper_bound":1296.19760562057},"point_estimate":960.802756294188,"standard_error":175.27670199821242}}