{"mean":{"confidence_interval":{"confidence_level":0.95,"lower_bound":9478.550786294556,"upper_bound":9707.672861781917},"point_estimate":9561.753086747405,"standard_error":65.67477751966531},"median":{"confidence_interval":{"confidence_level":0.95,"lower_bound":9455.929347826086,"upper_bound":9490.282432432432},"point_estimate":9468.058234688626,"standard_error":8.617321789986928},"median_abs_dev":{"confidence_interval":{"confidence_level":0.95,"lower_bound":39.70078726642354,"upper_bound":60.16812603286693},"point_estimate":49.86155581996933,"standard_error":5.1841017988383875},"slope":{"confidence_interval":{"confidence_level":0.95,"lower_bound":9479.794393707718,"upper_bound":9524.922886951837},"point_estimate":9500.08938702527,"standard_error":11.53085144079701},"std_dev":{"confidence_interval":{"confidence_level":0.95,"lower_bound":73.49840771920319,"upper_bound":1117.1257673964108},"point_estimate":659.0206161958902,"standard_error":352.8655617128122}}