{"mean":{"confidence_interval":{"confidence_level":0.95,"lower_bound":12395.885311805887,"upper_bound":12515.602408437728},"point_estimate":12452.952604827784,"standard_error":30.585737968598277},"median":{"confidence_interval":{"confidence_level":0.95,"lower_bound":12364.465,"upper_bound":12456.717857142858},"point_estimate":12406.42151826484,"standard_error":22.892061841399226},"median_abs_dev":{"confidence_interval":{"confidence_level":0.95,"lower_bound":124.113344833971,"upper_bound":238.69901294406523},"point_estimate":188.37987840384076,"standard_error":30.244965919292653},"slope":{"confidence_interval":{"confidence_level":0.95,"lower_bound":12368.608687945542,"upper_bound":12435.888273224096},"point_estimate":12401.861488695138,"standard_error":17.13227301594756},"std_dev":{"confidence_interval":{"confidence_level":0.95,"lower_bound":226.94026163303238,"upper_bound":381.8837773375077},"point_estimate":307.02584151222635,"standard_error":39.87707174335599}}