{"mean":{"confidence_interval":{"confidence_level":0.95,"lower_bound":9441.993689742323,"upper_bound":9484.789247796236},"point_estimate":9461.429666530881,"standard_error":10.976615165185278},"median":{"confidence_interval":{"confidence_level":0.95,"lower_bound":9427.36028604119,"upper_bound":9445.499888392857},"point_estimate":9436.052102102101,"standard_error":4.388882438513636},"median_abs_dev":{"confidence_interval":{"confidence_level":0.95,"lower_bound":39.465948780472615,"upper_bound":66.46896987257239},"point_estimate":54.46066378490261,"standard_error":7.005703192021991},"slope":{"confidence_interval":{"confidence_level":0.95,"lower_bound":9455.887017678107,"upper_bound":9506.321122230616},"point_estimate":9479.462933353037,"standard_error":12.865923811915717},"std_dev":{"confidence_interval":{"confidence_level":0.95,"lower_bound":61.07009391741862,"upper_bound":155.91564155452642},"point_estimate":110.49057763826968,"standard_error":24.85933355753452}}