{"mean":{"confidence_interval":{"confidence_level":0.95,"lower_bound":3769394.164392859,"upper_bound":3774092.9804285704},"point_estimate":3771183.3200000008,"standard_error":1255.1912699600284},"median":{"confidence_interval":{"confidence_level":0.95,"lower_bound":3768687.3571428573,"upper_bound":3769530.5},"point_estimate":3769119.6428571427,"standard_error":189.72724062302194},"median_abs_dev":{"confidence_interval":{"confidence_level":0.95,"lower_bound":1340.001654959784,"upper_bound":2303.1131591113212},"point_estimate":1890.3149664402008,"standard_error":252.02864593313151},"slope":null,"std_dev":{"confidence_interval":{"confidence_level":0.95,"lower_bound":2372.3214371744725,"upper_bound":21007.422848768703},"point_estimate":12621.892772840649,"standard_error":5884.71771095657}}