{"mean":{"confidence_interval":{"confidence_level":0.95,"lower_bound":2134931.188402174,"upper_bound":2138611.4369673915},"point_estimate":2136743.246956521,"standard_error":940.168333921352},"median":{"confidence_interval":{"confidence_level":0.95,"lower_bound":2133909.347826087,"upper_bound":2138065.9565217393},"point_estimate":2135270.1739130435,"standard_error":1033.5193429422252},"median_abs_dev":{"confidence_interval":{"confidence_level":0.95,"lower_bound":7255.102971196175,"upper_bound":11912.371707208315},"point_estimate":10307.292860487203,"standard_error":1258.1543168152002},"slope":null,"std_dev":{"confidence_interval":{"confidence_level":0.95,"lower_bound":8103.360399631095,"upper_bound":10639.907600387301},"point_estimate":9444.443303620546,"standard_error":646.2025747621227}}