{"mean":{"confidence_interval":{"confidence_level":0.95,"lower_bound":1515783.7868220166,"upper_bound":1545074.332211518},"point_estimate":1526013.815100328,"standard_error":8877.26496364067},"median":{"confidence_interval":{"confidence_level":0.95,"lower_bound":1514324.9523809524,"upper_bound":1516848.6551874455},"point_estimate":1515699.782428356,"standard_error":732.5355547117088},"median_abs_dev":{"confidence_interval":{"confidence_level":0.95,"lower_bound":3253.7676063206454,"upper_bound":5493.334762119013},"point_estimate":4430.590254638572,"standard_error":553.7145561970107},"slope":{"confidence_interval":{"confidence_level":0.95,"lower_bound":1514428.616786979,"upper_bound":1516334.5422279772},"point_estimate":1515363.3979961579,"standard_error":485.86919159301846},"std_dev":{"confidence_interval":{"confidence_level":0.95,"lower_bound":4631.903267984172,"upper_bound":151574.57817588723},"point_estimate":88736.99849417961,"standard_error":51283.61670397424}}