{"mean":{"confidence_interval":{"confidence_level":0.95,"lower_bound":2567337.834223684,"upper_bound":2602033.231592106},"point_estimate":2584171.786842105,"standard_error":8879.112610664326},"median":{"confidence_interval":{"confidence_level":0.95,"lower_bound":2548804.210526316,"upper_bound":2602457.263157895},"point_estimate":2564454.289473684,"standard_error":12865.081249299461},"median_abs_dev":{"confidence_interval":{"confidence_level":0.95,"lower_bound":65328.11476651017,"upper_bound":98262.71835851429},"point_estimate":81410.89109150974,"standard_error":8088.36775136721},"slope":null,"std_dev":{"confidence_interval":{"confidence_level":0.95,"lower_bound":69835.80019435733,"upper_bound":108338.86901169422},"point_estimate":88785.37930367602,"standard_error":9947.265216929929}}