{"mean":{"confidence_interval":{"confidence_level":0.95,"lower_bound":2134094.954347824,"upper_bound":2138518.611956522},"point_estimate":2136282.695652174,"standard_error":1127.094239014541},"median":{"confidence_interval":{"confidence_level":0.95,"lower_bound":2132708.695652174,"upper_bound":2138495.652173913},"point_estimate":2134680.434782609,"standard_error":1576.6175226866699},"median_abs_dev":{"confidence_interval":{"confidence_level":0.95,"lower_bound":9117.989838123322,"upper_bound":14516.587568366129},"point_estimate":10864.879372326834,"standard_error":1388.1750002509677},"slope":null,"std_dev":{"confidence_interval":{"confidence_level":0.95,"lower_bound":9680.122641759282,"upper_bound":12762.992417538839},"point_estimate":11294.793654826293,"standard_error":785.8430810106541}}