{"mean":{"confidence_interval":{"confidence_level":0.95,"lower_bound":1578246.31292175,"upper_bound":1584939.7427547735},"point_estimate":1581102.1906021268,"standard_error":1728.566687753312},"median":{"confidence_interval":{"confidence_level":0.95,"lower_bound":1576926.5833333333,"upper_bound":1578778.125},"point_estimate":1577988.163961039,"standard_error":472.9977196950678},"median_abs_dev":{"confidence_interval":{"confidence_level":0.95,"lower_bound":2677.2008911063776,"upper_bound":5621.01395135156},"point_estimate":3587.4127326393855,"standard_error":773.8815264354683},"slope":{"confidence_interval":{"confidence_level":0.95,"lower_bound":1577584.2266116536,"upper_bound":1581002.3111357803},"point_estimate":1579167.9743460913,"standard_error":873.9296792435512},"std_dev":{"confidence_interval":{"confidence_level":0.95,"lower_bound":5383.004806979778,"upper_bound":26527.727343344854},"point_estimate":17320.313427849145,"standard_error":5643.84375160128}}