{"mean":{"confidence_interval":{"confidence_level":0.95,"lower_bound":1577921.1844921033,"upper_bound":1590527.93880192},"point_estimate":1583347.151921003,"standard_error":3250.4264707351213},"median":{"confidence_interval":{"confidence_level":0.95,"lower_bound":1575378.4117647058,"upper_bound":1577385.1233031675},"point_estimate":1576314.6493268055,"standard_error":494.47375408483},"median_abs_dev":{"confidence_interval":{"confidence_level":0.95,"lower_bound":2675.356332427255,"upper_bound":5545.637243310542},"point_estimate":3519.654274435398,"standard_error":757.6373351325233},"slope":{"confidence_interval":{"confidence_level":0.95,"lower_bound":1577278.0955143308,"upper_bound":1605879.74691535},"point_estimate":1588992.4985192847,"standard_error":7675.112250828243},"std_dev":{"confidence_interval":{"confidence_level":0.95,"lower_bound":6017.989488852314,"upper_bound":49659.36483382179},"point_estimate":32653.804726731563,"standard_error":10747.975863275427}}