{"mean":{"confidence_interval":{"confidence_level":0.95,"lower_bound":1501645.6478993092,"upper_bound":1510329.1470112456},"point_estimate":1505260.8392882152,"standard_error":2252.215473391467},"median":{"confidence_interval":{"confidence_level":0.95,"lower_bound":1499677.3125,"upper_bound":1501378.6448906204},"point_estimate":1500409.8030560273,"standard_error":516.4240505991994},"median_abs_dev":{"confidence_interval":{"confidence_level":0.95,"lower_bound":3046.2730840846493,"upper_bound":5279.747610287989},"point_estimate":4070.3923373617476,"standard_error":582.6352772388616},"slope":{"confidence_interval":{"confidence_level":0.95,"lower_bound":1501403.4035169927,"upper_bound":1505825.3904076566},"point_estimate":1503441.4664607656,"standard_error":1129.5078605860144},"std_dev":{"confidence_interval":{"confidence_level":0.95,"lower_bound":6696.227482334699,"upper_bound":36102.424313458985},"point_estimate":22698.797401469743,"standard_error":8230.073200935109}}