{"mean":{"confidence_interval":{"confidence_level":0.95,"lower_bound":1586434.368614693,"upper_bound":1589934.1240054157},"point_estimate":1587998.320016031,"standard_error":899.6588319738851},"median":{"confidence_interval":{"confidence_level":0.95,"lower_bound":1584856.3758695652,"upper_bound":1586439.9433962265},"point_estimate":1585689.263888889,"standard_error":409.25132307194576},"median_abs_dev":{"confidence_interval":{"confidence_level":0.95,"lower_bound":2655.4438234673157,"upper_bound":5059.201320126423},"point_estimate":3656.575025674786,"standard_error":626.3580038535741},"slope":{"confidence_interval":{"confidence_level":0.95,"lower_bound":1585615.8297362353,"upper_bound":1588805.978187666},"point_estimate":1587110.3588946357,"standard_error":816.1685655891176},"std_dev":{"confidence_interval":{"confidence_level":0.95,"lower_bound":4991.349213582994,"upper_bound":13220.293221686765},"point_estimate":9025.222941354921,"standard_error":2385.586772825179}}