{"mean":{"confidence_interval":{"confidence_level":0.95,"lower_bound":4067530.536365388,"upper_bound":4069647.229538463},"point_estimate":4068522.0676923096,"standard_error":539.4308463514604},"median":{"confidence_interval":{"confidence_level":0.95,"lower_bound":4066801.0384615385,"upper_bound":4068181.923076923},"point_estimate":4067424.153846154,"standard_error":411.6184837395187},"median_abs_dev":{"confidence_interval":{"confidence_level":0.95,"lower_bound":2628.7067764077565,"upper_bound":3974.680885781304},"point_estimate":3404.2206087939317,"standard_error":343.67752804480676},"slope":null,"std_dev":{"confidence_interval":{"confidence_level":0.95,"lower_bound":3634.76533867154,"upper_bound":7014.488266414293},"point_estimate":5478.789873509312,"standard_error":863.2106717817671}}