{"mean":{"confidence_interval":{"confidence_level":0.95,"lower_bound":1518774.6341889184,"upper_bound":1523400.9009875176},"point_estimate":1520728.0234340022,"standard_error":1199.0816905168838},"median":{"confidence_interval":{"confidence_level":0.95,"lower_bound":1517707.1129032257,"upper_bound":1520327.0},"point_estimate":1519382.25,"standard_error":607.4154937579227},"median_abs_dev":{"confidence_interval":{"confidence_level":0.95,"lower_bound":3417.6133861890085,"upper_bound":6138.883487538532},"point_estimate":4547.200306771082,"standard_error":702.4049665393816},"slope":{"confidence_interval":{"confidence_level":0.95,"lower_bound":1519713.1840276977,"upper_bound":1522709.2510854732},"point_estimate":1521097.4068006503,"standard_error":772.0557029927782},"std_dev":{"confidence_interval":{"confidence_level":0.95,"lower_bound":5002.036890445939,"upper_bound":19137.760669671272},"point_estimate":12125.86305100186,"standard_error":4450.280391405763}}