{"mean":{"confidence_interval":{"confidence_level":0.95,"lower_bound":1594017.1200839353,"upper_bound":1598378.674820479},"point_estimate":1595980.9317744526,"standard_error":1120.221223706707},"median":{"confidence_interval":{"confidence_level":0.95,"lower_bound":1592409.420289855,"upper_bound":1594216.7586206896},"point_estimate":1593695.1751020409,"standard_error":492.4461146307324},"median_abs_dev":{"confidence_interval":{"confidence_level":0.95,"lower_bound":2563.8175855399386,"upper_bound":4601.235730665408},"point_estimate":3586.3302921460286,"standard_error":554.8354320837919},"slope":{"confidence_interval":{"confidence_level":0.95,"lower_bound":1593554.2547970228,"upper_bound":1597351.4416349132},"point_estimate":1595188.552779666,"standard_error":982.325887839658},"std_dev":{"confidence_interval":{"confidence_level":0.95,"lower_bound":5783.5782524215965,"upper_bound":15725.890899003329},"point_estimate":11203.098295024813,"standard_error":2543.390251886312}}