{"mean":{"confidence_interval":{"confidence_level":0.95,"lower_bound":1592026.6121377863,"upper_bound":1618077.3214208488},"point_estimate":1601190.3267619645,"standard_error":7940.592113781775},"median":{"confidence_interval":{"confidence_level":0.95,"lower_bound":1590098.5405405406,"upper_bound":1591628.0625},"point_estimate":1590785.5818181818,"standard_error":352.60006548095225},"median_abs_dev":{"confidence_interval":{"confidence_level":0.95,"lower_bound":2305.590581015858,"upper_bound":4733.899124164391},"point_estimate":3333.7769578237226,"standard_error":609.4080165196985},"slope":{"confidence_interval":{"confidence_level":0.95,"lower_bound":1590332.7315640226,"upper_bound":1593437.8409948805},"point_estimate":1591794.20881927,"standard_error":792.8166363786769},"std_dev":{"confidence_interval":{"confidence_level":0.95,"lower_bound":6184.855814720313,"upper_bound":136517.02273782794},"point_estimate":79861.80018606268,"standard_error":46344.73175188327}}