{"mean":{"confidence_interval":{"confidence_level":0.95,"lower_bound":2159225.2141413046,"upper_bound":2165311.5801413036},"point_estimate":2161958.1682608696,"standard_error":1555.112250033196},"median":{"confidence_interval":{"confidence_level":0.95,"lower_bound":2157383.5217391304,"upper_bound":2161638.7826086953},"point_estimate":2159721.521739131,"standard_error":915.166691241878},"median_abs_dev":{"confidence_interval":{"confidence_level":0.95,"lower_bound":8186.193481404886,"upper_bound":12160.800671059438},"point_estimate":10457.454453473685,"standard_error":1027.1107935584014},"slope":null,"std_dev":{"confidence_interval":{"confidence_level":0.95,"lower_bound":8574.58965620983,"upper_bound":22947.614550844744},"point_estimate":15662.933111555081,"standard_error":4013.7458523799073}}