{"mean":{"confidence_interval":{"confidence_level":0.95,"lower_bound":2012224.0297604168,"upper_bound":2020429.724552083},"point_estimate":2016170.2295833323,"standard_error":2091.5819925256087},"median":{"confidence_interval":{"confidence_level":0.95,"lower_bound":2009951.9166666667,"upper_bound":2017864.2916666667},"point_estimate":2014320.6875,"standard_error":1808.2070492408516},"median_abs_dev":{"confidence_interval":{"confidence_level":0.95,"lower_bound":13461.019361019193,"upper_bound":23103.91136482358},"point_estimate":19968.70662048465,"standard_error":2434.8248862895807},"slope":null,"std_dev":{"confidence_interval":{"confidence_level":0.95,"lower_bound":16121.77873121925,"upper_bound":25728.931871768844},"point_estimate":20991.77040440603,"standard_error":2479.5348330114593}}