{"mean":{"confidence_interval":{"confidence_level":0.95,"lower_bound":1587712.764623973,"upper_bound":1595564.9013214284},"point_estimate":1591139.891940442,"standard_error":2013.1291033113375},"median":{"confidence_interval":{"confidence_level":0.95,"lower_bound":1585502.3214285714,"upper_bound":1586855.5454545454},"point_estimate":1586220.7172839507,"standard_error":330.39817559470305},"median_abs_dev":{"confidence_interval":{"confidence_level":0.95,"lower_bound":2450.8097377939444,"upper_bound":4439.870679717586},"point_estimate":3434.3111430127587,"standard_error":504.25355864843846},"slope":{"confidence_interval":{"confidence_level":0.95,"lower_bound":1586739.57147637,"upper_bound":1595460.7043682178},"point_estimate":1590410.1106989803,"standard_error":2246.575492197838},"std_dev":{"confidence_interval":{"confidence_level":0.95,"lower_bound":9250.92697631714,"upper_bound":30272.765857523504},"point_estimate":20299.612970367973,"standard_error":5674.915832521046}}