{"mean":{"confidence_interval":{"confidence_level":0.95,"lower_bound":1513646.2404003434,"upper_bound":1519289.5475059298},"point_estimate":1516113.1494844852,"standard_error":1454.963183633337},"median":{"confidence_interval":{"confidence_level":0.95,"lower_bound":1512127.6973958332,"upper_bound":1514274.642857143},"point_estimate":1512928.130952381,"standard_error":488.6203479890646},"median_abs_dev":{"confidence_interval":{"confidence_level":0.95,"lower_bound":3141.3442288454557,"upper_bound":5495.173739218419},"point_estimate":3987.2144842654675,"standard_error":579.6203227026415},"slope":{"confidence_interval":{"confidence_level":0.95,"lower_bound":1511705.02731491,"upper_bound":1514556.60890344},"point_estimate":1513028.4547569086,"standard_error":730.0944022832464},"std_dev":{"confidence_interval":{"confidence_level":0.95,"lower_bound":5943.634614344441,"upper_bound":22264.241400310282},"point_estimate":14638.206145194996,"standard_error":4390.865783822788}}