{"mean":{"confidence_interval":{"confidence_level":0.95,"lower_bound":1596243.7562087763,"upper_bound":1615526.5004414574},"point_estimate":1603026.7810024016,"standard_error":5854.995235855677},"median":{"confidence_interval":{"confidence_level":0.95,"lower_bound":1595898.1818181819,"upper_bound":1597272.088888889},"point_estimate":1596207.3772836537,"standard_error":336.59812082876283},"median_abs_dev":{"confidence_interval":{"confidence_level":0.95,"lower_bound":2855.0352943782527,"upper_bound":4969.118499924919},"point_estimate":3772.539556719704,"standard_error":527.6507686523361},"slope":{"confidence_interval":{"confidence_level":0.95,"lower_bound":1596643.1114061004,"upper_bound":1598477.1969653247},"point_estimate":1597522.5494074184,"standard_error":469.9449406583469},"std_dev":{"confidence_interval":{"confidence_level":0.95,"lower_bound":5084.898805536442,"upper_bound":100536.7404759424},"point_estimate":58808.131019131375,"standard_error":34020.895605427504}}