{"mean":{"confidence_interval":{"confidence_level":0.95,"lower_bound":4216573.879187503,"upper_bound":4278398.538937499},"point_estimate":4244425.120000002,"standard_error":15836.913891117123},"median":{"confidence_interval":{"confidence_level":0.95,"lower_bound":4187554.8333333335,"upper_bound":4241388.583333333},"point_estimate":4205955.291666666,"standard_error":12759.083211851279},"median_abs_dev":{"confidence_interval":{"confidence_level":0.95,"lower_bound":79412.44061514724,"upper_bound":127930.71007877612},"point_estimate":97049.26457703102,"standard_error":12447.692004499075},"slope":null,"std_dev":{"confidence_interval":{"confidence_level":0.95,"lower_bound":93064.09142233027,"upper_bound":231147.73998193713},"point_estimate":159035.34735429607,"standard_error":40990.45782206601}}