{"mean":{"confidence_interval":{"confidence_level":0.95,"lower_bound":1581747.112664953,"upper_bound":1588108.296955367},"point_estimate":1584503.8202625168,"standard_error":1638.5614798987601},"median":{"confidence_interval":{"confidence_level":0.95,"lower_bound":1580123.6056338027,"upper_bound":1581092.9114721487},"point_estimate":1580487.4067732117,"standard_error":229.35469141460553},"median_abs_dev":{"confidence_interval":{"confidence_level":0.95,"lower_bound":1703.381782202724,"upper_bound":3609.543242289497},"point_estimate":2198.4555102232175,"standard_error":499.6629090321934},"slope":{"confidence_interval":{"confidence_level":0.95,"lower_bound":1580573.583438523,"upper_bound":1584911.5388287313},"point_estimate":1582368.79100931,"standard_error":1119.469808686351},"std_dev":{"confidence_interval":{"confidence_level":0.95,"lower_bound":5136.239280051518,"upper_bound":24353.32586472775},"point_estimate":16485.415214746765,"standard_error":4800.480321667145}}