{"mean":{"confidence_interval":{"confidence_level":0.95,"lower_bound":1508125.3964313704,"upper_bound":1521196.2305461229},"point_estimate":1514507.2769573596,"standard_error":3336.3650013053625},"median":{"confidence_interval":{"confidence_level":0.95,"lower_bound":1497875.2637362638,"upper_bound":1515064.3137254901},"point_estimate":1504574.965625,"standard_error":3913.9561652962416},"median_abs_dev":{"confidence_interval":{"confidence_level":0.95,"lower_bound":22421.821624286098,"upper_bound":40336.92211812399},"point_estimate":30072.120564781606,"standard_error":4790.069669658877},"slope":{"confidence_interval":{"confidence_level":0.95,"lower_bound":1505047.895770968,"upper_bound":1521142.6309805934},"point_estimate":1512735.4106191813,"standard_error":4103.749965120701},"std_dev":{"confidence_interval":{"confidence_level":0.95,"lower_bound":29029.783470766666,"upper_bound":37373.16033611025},"point_estimate":33566.93397471897,"standard_error":2135.4198877932586}}