{"mean":{"confidence_interval":{"confidence_level":0.95,"lower_bound":1528098.8178363622,"upper_bound":1537837.7462794564},"point_estimate":1532281.9602039033,"standard_error":2510.1916621663963},"median":{"confidence_interval":{"confidence_level":0.95,"lower_bound":1524838.7100456622,"upper_bound":1528673.875},"point_estimate":1525583.465497076,"standard_error":813.4578146554823},"median_abs_dev":{"confidence_interval":{"confidence_level":0.95,"lower_bound":5024.297801300925,"upper_bound":7902.350241919559},"point_estimate":6544.687065000723,"standard_error":751.2403668757624},"slope":{"confidence_interval":{"confidence_level":0.95,"lower_bound":1524523.912224581,"upper_bound":1530414.8733428167},"point_estimate":1526952.230110832,"standard_error":1526.9304247703863},"std_dev":{"confidence_interval":{"confidence_level":0.95,"lower_bound":9984.51361188708,"upper_bound":38692.357321304866},"point_estimate":25159.238959485796,"standard_error":7939.648501777143}}