{"mean":{"confidence_interval":{"confidence_level":0.95,"lower_bound":1464390.1026131657,"upper_bound":1469604.181803479},"point_estimate":1466894.7049333616,"standard_error":1333.2637601632691},"median":{"confidence_interval":{"confidence_level":0.95,"lower_bound":1460961.8490990992,"upper_bound":1466648.8823529412},"point_estimate":1462363.6785620744,"standard_error":1504.902635696283},"median_abs_dev":{"confidence_interval":{"confidence_level":0.95,"lower_bound":7500.025346479012,"upper_bound":12354.244171898285},"point_estimate":9980.902344322618,"standard_error":1188.452501391962},"slope":{"confidence_interval":{"confidence_level":0.95,"lower_bound":1465367.0998820781,"upper_bound":1472615.3751591742},"point_estimate":1468907.8114674154,"standard_error":1856.7861975695405},"std_dev":{"confidence_interval":{"confidence_level":0.95,"lower_bound":10462.028991276064,"upper_bound":16073.39366313952},"point_estimate":13462.789808831234,"standard_error":1437.1163422838747}}