{"mean":{"confidence_interval":{"confidence_level":0.95,"lower_bound":1516940.7753818703,"upper_bound":1524657.162645155},"point_estimate":1519930.4140938446,"standard_error":2058.0109398961395},"median":{"confidence_interval":{"confidence_level":0.95,"lower_bound":1515529.24,"upper_bound":1517153.4246575343},"point_estimate":1516387.6492753625,"standard_error":477.951169783878},"median_abs_dev":{"confidence_interval":{"confidence_level":0.95,"lower_bound":2373.1020841731,"upper_bound":4252.584717194782},"point_estimate":3413.743340037774,"standard_error":499.12998769852413},"slope":{"confidence_interval":{"confidence_level":0.95,"lower_bound":1516519.5634146591,"upper_bound":1519861.8244330375},"point_estimate":1518027.5171863455,"standard_error":856.9810709048404},"std_dev":{"confidence_interval":{"confidence_level":0.95,"lower_bound":5371.655130061859,"upper_bound":34007.562669782776},"point_estimate":20641.163531503775,"standard_error":9286.2461669123}}