{"mean":{"confidence_interval":{"confidence_level":0.95,"lower_bound":1518375.4520504684,"upper_bound":1535798.3456560129},"point_estimate":1526921.5434005829,"standard_error":4439.816189343993},"median":{"confidence_interval":{"confidence_level":0.95,"lower_bound":1505879.8,"upper_bound":1524660.2246621621},"point_estimate":1515750.5576923077,"standard_error":4907.440373967102},"median_abs_dev":{"confidence_interval":{"confidence_level":0.95,"lower_bound":29180.869581197694,"upper_bound":53291.70442254818},"point_estimate":43051.780315904194,"standard_error":6524.4021284952605},"slope":{"confidence_interval":{"confidence_level":0.95,"lower_bound":1516774.2263280195,"upper_bound":1538276.9232328509},"point_estimate":1527405.082589035,"standard_error":5497.547982520843},"std_dev":{"confidence_interval":{"confidence_level":0.95,"lower_bound":37911.59573886366,"upper_bound":50886.58982894449},"point_estimate":44564.117140155104,"standard_error":3313.3936222862053}}