{"mean":{"confidence_interval":{"confidence_level":0.95,"lower_bound":1586034.5182931179,"upper_bound":1591104.7943596612},"point_estimate":1588288.654081616,"standard_error":1304.6983545031806},"median":{"confidence_interval":{"confidence_level":0.95,"lower_bound":1584998.1330014225,"upper_bound":1586323.8184404285},"point_estimate":1585792.839215686,"standard_error":449.8376322921916},"median_abs_dev":{"confidence_interval":{"confidence_level":0.95,"lower_bound":3189.019084249058,"upper_bound":5401.135819270015},"point_estimate":3951.4796854536894,"standard_error":560.1548022429658},"slope":{"confidence_interval":{"confidence_level":0.95,"lower_bound":1584641.1250722606,"upper_bound":1586684.0321955413},"point_estimate":1585613.934895818,"standard_error":522.6543673705509},"std_dev":{"confidence_interval":{"confidence_level":0.95,"lower_bound":5762.842977636518,"upper_bound":18911.09496924071},"point_estimate":13127.374398890506,"standard_error":3315.154825413757}}