{"mean":{"confidence_interval":{"confidence_level":0.95,"lower_bound":6524966.5723749995,"upper_bound":6536205.346906249},"point_estimate":6530047.7625,"standard_error":2885.88482743189},"median":{"confidence_interval":{"confidence_level":0.95,"lower_bound":6521570.0,"upper_bound":6523583.5},"point_estimate":6522264.3125,"standard_error":472.5429692613743},"median_abs_dev":{"confidence_interval":{"confidence_level":0.95,"lower_bound":3286.275504156947,"upper_bound":5917.056494951248},"point_estimate":4246.351649612188,"standard_error":708.1519364777881},"slope":null,"std_dev":{"confidence_interval":{"confidence_level":0.95,"lower_bound":15810.645942356134,"upper_bound":39754.8919251642},"point_estimate":29053.86831146054,"standard_error":6095.154975336511}}