{"mean":{"confidence_interval":{"confidence_level":0.95,"lower_bound":6551043.9512812495,"upper_bound":6617742.68365625},"point_estimate":6580900.09375,"standard_error":17215.00330535809},"median":{"confidence_interval":{"confidence_level":0.95,"lower_bound":6522614.0,"upper_bound":6525334.625},"point_estimate":6523991.8125,"standard_error":710.506491081384},"median_abs_dev":{"confidence_interval":{"confidence_level":0.95,"lower_bound":4208.346125911922,"upper_bound":7375.100906565785},"point_estimate":6015.00075571239,"standard_error":824.6283144839542},"slope":null,"std_dev":{"confidence_interval":{"confidence_level":0.95,"lower_bound":84502.62479385818,"upper_bound":245797.21338983328},"point_estimate":172563.34639119453,"standard_error":41502.182164911996}}