{"mean":{"confidence_interval":{"confidence_level":0.95,"lower_bound":6513009.064187501,"upper_bound":6516596.4491875},"point_estimate":6514640.51125,"standard_error":918.3403277103326},"median":{"confidence_interval":{"confidence_level":0.95,"lower_bound":6511185.1875,"upper_bound":6513588.0625},"point_estimate":6511938.6875,"standard_error":582.6857366463463},"median_abs_dev":{"confidence_interval":{"confidence_level":0.95,"lower_bound":3688.3380845189095,"upper_bound":6942.274376749992},"point_estimate":4682.884679362178,"standard_error":799.7999569097885},"slope":null,"std_dev":{"confidence_interval":{"confidence_level":0.95,"lower_bound":5274.095606212354,"upper_bound":13079.323951769746},"point_estimate":9234.590043823933,"standard_error":2075.562513146078}}