{"mean":{"confidence_interval":{"confidence_level":0.95,"lower_bound":19513119.464583322,"upper_bound":19516780.834749993},"point_estimate":19514750.14333333,"standard_error":941.5438058998984},"median":{"confidence_interval":{"confidence_level":0.95,"lower_bound":19512110.333333332,"upper_bound":19513810.333333332},"point_estimate":19513043.833333336,"standard_error":447.3107538060992},"median_abs_dev":{"confidence_interval":{"confidence_level":0.95,"lower_bound":3311.634141208582,"upper_bound":6375.6740868073175},"point_estimate":5016.377010947029,"standard_error":819.1764503945815},"slope":null,"std_dev":{"confidence_interval":{"confidence_level":0.95,"lower_bound":4537.2102489228755,"upper_bound":13966.479245839131},"point_estimate":9455.386667325405,"standard_error":2554.87773710223}}