{"mean":{"confidence_interval":{"confidence_level":0.95,"lower_bound":6537288.260000001,"upper_bound":6580028.38846875},"point_estimate":6555286.52,"standard_error":11104.203263681093},"median":{"confidence_interval":{"confidence_level":0.95,"lower_bound":6524508.75,"upper_bound":6528493.5625},"point_estimate":6525965.9375,"standard_error":937.5559951684838},"median_abs_dev":{"confidence_interval":{"confidence_level":0.95,"lower_bound":4886.834838241339,"upper_bound":9958.624023199081},"point_estimate":6997.1305757761,"standard_error":1270.0286998363795},"slope":null,"std_dev":{"confidence_interval":{"confidence_level":0.95,"lower_bound":36021.705624599344,"upper_bound":175061.7174512582},"point_estimate":111406.52055812799,"standard_error":38610.622058136854}}