{"mean":{"confidence_interval":{"confidence_level":0.95,"lower_bound":6539155.899062499,"upper_bound":6586893.3768125},"point_estimate":6560690.25875,"standard_error":12287.748310616806},"median":{"confidence_interval":{"confidence_level":0.95,"lower_bound":6526437.0,"upper_bound":6529467.8125},"point_estimate":6528051.5,"standard_error":726.5965853850718},"median_abs_dev":{"confidence_interval":{"confidence_level":0.95,"lower_bound":5421.960766240954,"upper_bound":9179.795724526048},"point_estimate":7234.439234063029,"standard_error":928.4150283277975},"slope":null,"std_dev":{"confidence_interval":{"confidence_level":0.95,"lower_bound":64393.722955619654,"upper_bound":168510.63547090712},"point_estimate":123965.17454419145,"standard_error":26407.556448415704}}