{"mean":{"confidence_interval":{"confidence_level":0.95,"lower_bound":19967048.698000003,"upper_bound":19970684.63066667},"point_estimate":19968705.903333336,"standard_error":931.7181991596163},"median":{"confidence_interval":{"confidence_level":0.95,"lower_bound":19965837.0,"upper_bound":19967167.0},"point_estimate":19966424.0,"standard_error":361.6221967151793},"median_abs_dev":{"confidence_interval":{"confidence_level":0.95,"lower_bound":2767.519950863017,"upper_bound":4338.334622981005},"point_estimate":3557.9928368339206,"standard_error":400.07904770514097},"slope":null,"std_dev":{"confidence_interval":{"confidence_level":0.95,"lower_bound":5234.3589146421255,"upper_bound":12496.288195601926},"point_estimate":9286.84383199224,"standard_error":1821.6503725814482}}