{"mean":{"confidence_interval":{"confidence_level":0.95,"lower_bound":6523114.93196875,"upper_bound":6530994.215249999},"point_estimate":6526627.24,"standard_error":2022.977423415029},"median":{"confidence_interval":{"confidence_level":0.95,"lower_bound":6520246.6875,"upper_bound":6523058.5},"point_estimate":6521780.125,"standard_error":730.0691330435611},"median_abs_dev":{"confidence_interval":{"confidence_level":0.95,"lower_bound":3157.196643948555,"upper_bound":5585.324750840664},"point_estimate":4289.903023838997,"standard_error":630.419831146615},"slope":null,"std_dev":{"confidence_interval":{"confidence_level":0.95,"lower_bound":8752.378971224476,"upper_bound":28780.088162837637},"point_estimate":20342.799466068875,"standard_error":5015.323203475387}}