{"mean":{"confidence_interval":{"confidence_level":0.95,"lower_bound":6554413.734687501,"upper_bound":6599569.05459375},"point_estimate":6575820.68625,"standard_error":11566.273149937484},"median":{"confidence_interval":{"confidence_level":0.95,"lower_bound":6523100.0,"upper_bound":6529140.125},"point_estimate":6525955.9375,"standard_error":1356.8865837894718},"median_abs_dev":{"confidence_interval":{"confidence_level":0.95,"lower_bound":6758.987955003977,"upper_bound":14883.635810762644},"point_estimate":10187.778381630778,"standard_error":1958.7636817880334},"slope":null,"std_dev":{"confidence_interval":{"confidence_level":0.95,"lower_bound":81947.34774537428,"upper_bound":143099.58345620616},"point_estimate":115823.36981388665,"standard_error":15659.800573280201}}