{"mean":{"confidence_interval":{"confidence_level":0.95,"lower_bound":6514024.4976875,"upper_bound":6563532.379875},"point_estimate":6535110.42625,"standard_error":12786.272283815117},"median":{"confidence_interval":{"confidence_level":0.95,"lower_bound":6511614.25,"upper_bound":6513144.75},"point_estimate":6512506.125,"standard_error":392.7267414395327},"median_abs_dev":{"confidence_interval":{"confidence_level":0.95,"lower_bound":2899.0389235317707,"upper_bound":4932.054137438536},"point_estimate":3797.4018450826406,"standard_error":504.18822615364957},"slope":null,"std_dev":{"confidence_interval":{"confidence_level":0.95,"lower_bound":8196.47356299184,"upper_bound":200104.1826664186},"point_estimate":128814.40627236827,"standard_error":47217.97292557965}}