{"mean":{"confidence_interval":{"confidence_level":0.95,"lower_bound":16517272.440416658,"upper_bound":16564928.314083327},"point_estimate":16537581.633333331,"standard_error":12376.432360763176},"median":{"confidence_interval":{"confidence_level":0.95,"lower_bound":16503513.666666668,"upper_bound":16506230.166666668},"point_estimate":16505047.0,"standard_error":776.2718634988098},"median_abs_dev":{"confidence_interval":{"confidence_level":0.95,"lower_bound":5584.212800860405,"upper_bound":10552.158212661283},"point_estimate":8080.664056539075,"standard_error":1345.9399231465109},"slope":null,"std_dev":{"confidence_interval":{"confidence_level":0.95,"lower_bound":48088.21870945775,"upper_bound":193345.1695246725},"point_estimate":124220.47287567244,"standard_error":41966.782265474176}}