{"mean":{"confidence_interval":{"confidence_level":0.95,"lower_bound":6528109.2835625,"upper_bound":7033220.9025},"point_estimate":6702136.67125,"standard_error":158367.15590590902},"median":{"confidence_interval":{"confidence_level":0.95,"lower_bound":6511905.75,"upper_bound":6514309.5625},"point_estimate":6513157.25,"standard_error":517.7420351334378},"median_abs_dev":{"confidence_interval":{"confidence_level":0.95,"lower_bound":4025.40718853474,"upper_bound":6386.209040684625},"point_estimate":5068.91664750874,"standard_error":600.3436006382667},"slope":null,"std_dev":{"confidence_interval":{"confidence_level":0.95,"lower_bound":62952.87613456227,"upper_bound":2732847.5160598718},"point_estimate":1595603.5496667125,"standard_error":955356.4258128285}}