{"mean":{"confidence_interval":{"confidence_level":0.95,"lower_bound":152489742.42475,"upper_bound":152926834.06575},"point_estimate":152705370.73,"standard_error":111598.65568665422},"median":{"confidence_interval":{"confidence_level":0.95,"lower_bound":152284631.0,"upper_bound":152868928.5},"point_estimate":152577427.5,"standard_error":144132.99904018003},"median_abs_dev":{"confidence_interval":{"confidence_level":0.95,"lower_bound":743523.8867998123,"upper_bound":1296978.4569740295},"point_estimate":950875.8713185787,"standard_error":141897.3386400999},"slope":null,"std_dev":{"confidence_interval":{"confidence_level":0.95,"lower_bound":958708.8121399323,"upper_bound":1262624.2876463756},"point_estimate":1119941.6717893213,"standard_error":77573.50990062933}}