{"mean":{"confidence_interval":{"confidence_level":0.95,"lower_bound":44186084.639125,"upper_bound":44257356.108},"point_estimate":44220038.035,"standard_error":18203.621888598638},"median":{"confidence_interval":{"confidence_level":0.95,"lower_bound":44164836.5,"upper_bound":44244463.0},"point_estimate":44222925.25,"standard_error":22704.817313759315},"median_abs_dev":{"confidence_interval":{"confidence_level":0.95,"lower_bound":98750.79514682293,"upper_bound":152921.6623350978},"point_estimate":125961.32311373949,"standard_error":13636.00034948577},"slope":null,"std_dev":{"confidence_interval":{"confidence_level":0.95,"lower_bound":128482.21769033102,"upper_bound":230526.40140001432},"point_estimate":182493.49339772726,"standard_error":26106.872265758622}}