{"mean":{"confidence_interval":{"confidence_level":0.95,"lower_bound":175079115.4365,"upper_bound":176980001.5865},"point_estimate":175975322.64,"standard_error":485087.90362724947},"median":{"confidence_interval":{"confidence_level":0.95,"lower_bound":174355548.0,"upper_bound":176133058.0},"point_estimate":175048460.0,"standard_error":425096.4412349001},"median_abs_dev":{"confidence_interval":{"confidence_level":0.95,"lower_bound":2679578.507962972,"upper_bound":4457606.541496664},"point_estimate":3585092.78755188,"standard_error":461650.34666518273},"slope":null,"std_dev":{"confidence_interval":{"confidence_level":0.95,"lower_bound":3247075.362727444,"upper_bound":6545802.028438311},"point_estimate":4862090.516677743,"standard_error":880016.3114996651}}