{"mean":{"confidence_interval":{"confidence_level":0.95,"lower_bound":197345221.979,"upper_bound":198897194.9335},"point_estimate":198120565.73,"standard_error":397659.1712000405},"median":{"confidence_interval":{"confidence_level":0.95,"lower_bound":197405978.0,"upper_bound":199119199.0},"point_estimate":198289588.5,"standard_error":429017.4304959605},"median_abs_dev":{"confidence_interval":{"confidence_level":0.95,"lower_bound":3285465.263271332,"upper_bound":5442666.75747335},"point_estimate":4542870.903047919,"standard_error":576597.6082956515},"slope":null,"std_dev":{"confidence_interval":{"confidence_level":0.95,"lower_bound":3528770.864960386,"upper_bound":4458608.786194877},"point_estimate":4021487.119615473,"standard_error":236978.5192319621}}