{"mean":{"confidence_interval":{"confidence_level":0.95,"lower_bound":179700998.67000002,"upper_bound":179985202.55},"point_estimate":179841738.31,"standard_error":72390.97423999393},"median":{"confidence_interval":{"confidence_level":0.95,"lower_bound":179544584.0,"upper_bound":179984586.0},"point_estimate":179827987.0,"standard_error":119921.01465759541},"median_abs_dev":{"confidence_interval":{"confidence_level":0.95,"lower_bound":574362.1950030327,"upper_bound":863840.4699687656},"point_estimate":777778.6178916693,"standard_error":72583.79237848762},"slope":null,"std_dev":{"confidence_interval":{"confidence_level":0.95,"lower_bound":610760.1873656972,"upper_bound":841534.3296314697},"point_estimate":728966.8086620703,"standard_error":59408.83264261524}}