{"mean":{"confidence_interval":{"confidence_level":0.95,"lower_bound":26414175.449,"upper_bound":26713059.298249997},"point_estimate":26567366.34,"standard_error":76436.66828613802},"median":{"confidence_interval":{"confidence_level":0.95,"lower_bound":26519175.75,"upper_bound":26645949.0},"point_estimate":26567716.0,"standard_error":33308.489051130644},"median_abs_dev":{"confidence_interval":{"confidence_level":0.95,"lower_bound":373456.5551698208,"upper_bound":825586.9072929025},"point_estimate":728187.5020220876,"standard_error":99980.44423270575},"slope":null,"std_dev":{"confidence_interval":{"confidence_level":0.95,"lower_bound":601662.2488385772,"upper_bound":933651.1819803391},"point_estimate":767613.0235596634,"standard_error":85602.49212612034}}