{"mean":{"confidence_interval":{"confidence_level":0.95,"lower_bound":47517344.690375,"upper_bound":48249255.624625},"point_estimate":47874384.765,"standard_error":186358.62405221793},"median":{"confidence_interval":{"confidence_level":0.95,"lower_bound":47243033.0,"upper_bound":47944782.0},"point_estimate":47600880.0,"standard_error":188952.4703657734},"median_abs_dev":{"confidence_interval":{"confidence_level":0.95,"lower_bound":1322189.3096939477,"upper_bound":2332988.5546311736},"point_estimate":1762859.1825529933,"standard_error":260221.1799192169},"slope":null,"std_dev":{"confidence_interval":{"confidence_level":0.95,"lower_bound":1589793.56003985,"upper_bound":2114095.574241427},"point_estimate":1866335.8362927102,"standard_error":134247.40030573818}}