{"mean":{"confidence_interval":{"confidence_level":0.95,"lower_bound":44440757.626625,"upper_bound":44517227.840624996},"point_estimate":44481088.54,"standard_error":19486.707935625283},"median":{"confidence_interval":{"confidence_level":0.95,"lower_bound":44469278.25,"upper_bound":44527832.0},"point_estimate":44496364.75,"standard_error":14285.383167359745},"median_abs_dev":{"confidence_interval":{"confidence_level":0.95,"lower_bound":106411.3892108202,"upper_bound":185532.1900561452},"point_estimate":147393.04703325033,"standard_error":20081.315354213897},"slope":null,"std_dev":{"confidence_interval":{"confidence_level":0.95,"lower_bound":134273.50755926146,"upper_bound":267190.6403319814},"point_estimate":195725.94772116156,"standard_error":37012.84851389894}}