{"mean":{"confidence_interval":{"confidence_level":0.95,"lower_bound":50756089.0,"upper_bound":51183851.327},"point_estimate":50952563.29,"standard_error":109663.57136012503},"median":{"confidence_interval":{"confidence_level":0.95,"lower_bound":50586051.0,"upper_bound":50607901.5},"point_estimate":50594442.0,"standard_error":6050.006459346278},"median_abs_dev":{"confidence_interval":{"confidence_level":0.95,"lower_bound":37149.5075404644,"upper_bound":74895.00173784741},"point_estimate":48899.11233186722,"standard_error":9588.888620859092},"slope":null,"std_dev":{"confidence_interval":{"confidence_level":0.95,"lower_bound":697595.7748449047,"upper_bound":1436326.355402258},"point_estimate":1100479.8487838563,"standard_error":188696.1226741325}}