{"mean":{"confidence_interval":{"confidence_level":0.95,"lower_bound":145518601.458,"upper_bound":146147901.517},"point_estimate":145832715.37,"standard_error":160949.42974007592},"median":{"confidence_interval":{"confidence_level":0.95,"lower_bound":144850111.0,"upper_bound":146349720.0},"point_estimate":145772267.0,"standard_error":414963.497294902},"median_abs_dev":{"confidence_interval":{"confidence_level":0.95,"lower_bound":1562495.4144776636,"upper_bound":2429254.8828721046},"point_estimate":2055786.4669024944,"standard_error":214581.82538542908},"slope":null,"std_dev":{"confidence_interval":{"confidence_level":0.95,"lower_bound":1458225.956917284,"upper_bound":1771591.340314898},"point_estimate":1624075.696791085,"standard_error":79748.26779736808}}