{"mean":{"confidence_interval":{"confidence_level":0.95,"lower_bound":214543521.3825,"upper_bound":214965754.7235},"point_estimate":214754857.34,"standard_error":108194.79367209703},"median":{"confidence_interval":{"confidence_level":0.95,"lower_bound":214575386.0,"upper_bound":215114983.0},"point_estimate":214883856.5,"standard_error":116187.88502854222},"median_abs_dev":{"confidence_interval":{"confidence_level":0.95,"lower_bound":645814.6181344987,"upper_bound":1165224.9864131212},"point_estimate":804028.0504256487,"standard_error":140187.45749068417},"slope":null,"std_dev":{"confidence_interval":{"confidence_level":0.95,"lower_bound":915592.2197436644,"upper_bound":1244253.0752539302},"point_estimate":1085644.137494216,"standard_error":83804.53886463308}}