{"mean":{"confidence_interval":{"confidence_level":0.95,"lower_bound":29510412.764875,"upper_bound":29901485.971375},"point_estimate":29708310.38,"standard_error":99793.05704371276},"median":{"confidence_interval":{"confidence_level":0.95,"lower_bound":29511728.5,"upper_bound":30005198.0},"point_estimate":29899368.75,"standard_error":104116.67394631031},"median_abs_dev":{"confidence_interval":{"confidence_level":0.95,"lower_bound":783443.6323910952,"upper_bound":1138161.838149837},"point_estimate":895932.5695440173,"standard_error":81145.83302103999},"slope":null,"std_dev":{"confidence_interval":{"confidence_level":0.95,"lower_bound":821497.7394899309,"upper_bound":1180327.7095961268},"point_estimate":1005561.3409730461,"standard_error":91970.20277415987}}