{"mean":{"confidence_interval":{"confidence_level":0.95,"lower_bound":144604272.61575,"upper_bound":144969321.37574998},"point_estimate":144781883.5,"standard_error":93147.76310972049},"median":{"confidence_interval":{"confidence_level":0.95,"lower_bound":144470990.0,"upper_bound":144885498.0},"point_estimate":144672046.5,"standard_error":99362.46532202634},"median_abs_dev":{"confidence_interval":{"confidence_level":0.95,"lower_bound":648957.7115461975,"upper_bound":1017447.2417517002},"point_estimate":809425.4556298256,"standard_error":94010.1772947132},"slope":null,"std_dev":{"confidence_interval":{"confidence_level":0.95,"lower_bound":725692.8435393289,"upper_bound":1170749.2265238313},"point_estimate":938349.2771801742,"standard_error":116665.98956039992}}