{"mean":{"confidence_interval":{"confidence_level":0.95,"lower_bound":43781608.00675,"upper_bound":43981261.970625},"point_estimate":43884534.12,"standard_error":50882.19316037779},"median":{"confidence_interval":{"confidence_level":0.95,"lower_bound":44103317.0,"upper_bound":44130217.25},"point_estimate":44116220.75,"standard_error":6324.593748997962},"median_abs_dev":{"confidence_interval":{"confidence_level":0.95,"lower_bound":47866.11080020666,"upper_bound":85338.825134933},"point_estimate":64870.791198313236,"standard_error":9622.95537078745},"slope":null,"std_dev":{"confidence_interval":{"confidence_level":0.95,"lower_bound":430160.4038414824,"upper_bound":566948.2183818563},"point_estimate":509495.6606512267,"standard_error":34910.04555377663}}