{"mean":{"confidence_interval":{"confidence_level":0.95,"lower_bound":44133844.307375,"upper_bound":44208327.104125},"point_estimate":44168200.845,"standard_error":19124.254570520512},"median":{"confidence_interval":{"confidence_level":0.95,"lower_bound":44080588.0,"upper_bound":44150113.5},"point_estimate":44091182.75,"standard_error":18556.005566296823},"median_abs_dev":{"confidence_interval":{"confidence_level":0.95,"lower_bound":53272.411604225636,"upper_bound":120340.0545797867},"point_estimate":83706.11191391945,"standard_error":19110.197490632803},"slope":null,"std_dev":{"confidence_interval":{"confidence_level":0.95,"lower_bound":115159.92952416702,"upper_bound":255773.31353047793},"point_estimate":191554.11910599365,"standard_error":35836.65565468731}}