{"mean":{"confidence_interval":{"confidence_level":0.95,"lower_bound":44248626.14875,"upper_bound":44342619.526},"point_estimate":44296903.6,"standard_error":23831.708909001733},"median":{"confidence_interval":{"confidence_level":0.95,"lower_bound":44280061.5,"upper_bound":44323417.0},"point_estimate":44300840.0,"standard_error":11394.575893502606},"median_abs_dev":{"confidence_interval":{"confidence_level":0.95,"lower_bound":54017.788740992546,"upper_bound":83207.58767277002},"point_estimate":69300.79991966486,"standard_error":7356.403775311749},"slope":null,"std_dev":{"confidence_interval":{"confidence_level":0.95,"lower_bound":123922.2266759163,"upper_bound":335573.2324612651},"point_estimate":239410.18714994506,"standard_error":53771.01088173027}}