{"mean":{"confidence_interval":{"confidence_level":0.95,"lower_bound":44339032.73775,"upper_bound":44472056.549875},"point_estimate":44402853.025,"standard_error":33830.144038699065},"median":{"confidence_interval":{"confidence_level":0.95,"lower_bound":44341417.0,"upper_bound":44365483.75},"point_estimate":44353927.25,"standard_error":5757.696955558773},"median_abs_dev":{"confidence_interval":{"confidence_level":0.95,"lower_bound":44376.06119591743,"upper_bound":120809.2882052064},"point_estimate":82315.06248861551,"standard_error":19006.979286356458},"slope":null,"std_dev":{"confidence_interval":{"confidence_level":0.95,"lower_bound":230392.65292955402,"upper_bound":431468.2962277122},"point_estimate":339811.13219633105,"standard_error":51336.78503564573}}