{"mean":{"confidence_interval":{"confidence_level":0.95,"lower_bound":209274053.15925,"upper_bound":209640516.24575},"point_estimate":209456635.38,"standard_error":93318.2172094473},"median":{"confidence_interval":{"confidence_level":0.95,"lower_bound":209226942.5,"upper_bound":209674441.0},"point_estimate":209533463.0,"standard_error":124852.56358878125},"median_abs_dev":{"confidence_interval":{"confidence_level":0.95,"lower_bound":655153.3485762037,"upper_bound":1203046.2044041604},"point_estimate":925007.4669778347,"standard_error":137123.15665844126},"slope":null,"std_dev":{"confidence_interval":{"confidence_level":0.95,"lower_bound":797638.7008413774,"upper_bound":1068356.1347493192},"point_estimate":938855.3100442466,"standard_error":69153.60416316697}}