{"mean":{"confidence_interval":{"confidence_level":0.95,"lower_bound":298590517.52875,"upper_bound":300274338.99275},"point_estimate":299435765.57,"standard_error":429837.39321570564},"median":{"confidence_interval":{"confidence_level":0.95,"lower_bound":298310838.5,"upper_bound":300774474.5},"point_estimate":299712356.5,"standard_error":685291.3734095491},"median_abs_dev":{"confidence_interval":{"confidence_level":0.95,"lower_bound":4066174.8886484657,"upper_bound":6198951.901156594},"point_estimate":5395959.669202566,"standard_error":574019.0463433414},"slope":null,"std_dev":{"confidence_interval":{"confidence_level":0.95,"lower_bound":3867961.858624035,"upper_bound":4699683.730678315},"point_estimate":4318361.177337568,"standard_error":212034.68388206093}}