{"mean":{"confidence_interval":{"confidence_level":0.95,"lower_bound":151868785.51225,"upper_bound":152225456.111},"point_estimate":152045600.98,"standard_error":91115.77223470018},"median":{"confidence_interval":{"confidence_level":0.95,"lower_bound":151922368.0,"upper_bound":152281435.0},"point_estimate":152083480.0,"standard_error":97460.92322830233},"median_abs_dev":{"confidence_interval":{"confidence_level":0.95,"lower_bound":703581.1609089375,"upper_bound":1235626.9874632359},"point_estimate":1000207.1615427732,"standard_error":134155.4845151401},"slope":null,"std_dev":{"confidence_interval":{"confidence_level":0.95,"lower_bound":789608.4364955515,"upper_bound":1027266.3726730075},"point_estimate":912400.7251303252,"standard_error":60644.690696442165}}