{"mean":{"confidence_interval":{"confidence_level":0.95,"lower_bound":29513529.300499998,"upper_bound":29948201.531625003},"point_estimate":29740061.33,"standard_error":110785.91499469939},"median":{"confidence_interval":{"confidence_level":0.95,"lower_bound":29790836.5,"upper_bound":30391803.5},"point_estimate":29876688.75,"standard_error":140364.19757038087},"median_abs_dev":{"confidence_interval":{"confidence_level":0.95,"lower_bound":779673.3806580305,"upper_bound":1057799.8694702983},"point_estimate":848125.7627427578,"standard_error":75162.07753990755},"slope":null,"std_dev":{"confidence_interval":{"confidence_level":0.95,"lower_bound":849668.4030666285,"upper_bound":1401611.3956076873},"point_estimate":1117408.9789480544,"standard_error":144692.18943447238}}