{"mean":{"confidence_interval":{"confidence_level":0.95,"lower_bound":45652857.82175,"upper_bound":45713986.486125},"point_estimate":45682887.46,"standard_error":15617.814971239926},"median":{"confidence_interval":{"confidence_level":0.95,"lower_bound":45642934.25,"upper_bound":45711542.0},"point_estimate":45679289.5,"standard_error":16849.246300273917},"median_abs_dev":{"confidence_interval":{"confidence_level":0.95,"lower_bound":121317.44934618473,"upper_bound":185777.98659928126},"point_estimate":151392.36046224833,"standard_error":15857.281292204838},"slope":null,"std_dev":{"confidence_interval":{"confidence_level":0.95,"lower_bound":128466.68935982471,"upper_bound":182075.68872036558},"point_estimate":156211.10259969527,"standard_error":13759.92647236816}}