{"mean":{"confidence_interval":{"confidence_level":0.95,"lower_bound":29101707.687875,"upper_bound":29467975.324500002},"point_estimate":29287195.545,"standard_error":93165.14540570961},"median":{"confidence_interval":{"confidence_level":0.95,"lower_bound":29261905.0,"upper_bound":29485976.0},"point_estimate":29338170.5,"standard_error":54508.11482871095},"median_abs_dev":{"confidence_interval":{"confidence_level":0.95,"lower_bound":550649.4910240173,"upper_bound":1029543.3672219515},"point_estimate":786923.2945293188,"standard_error":127007.94233380572},"slope":null,"std_dev":{"confidence_interval":{"confidence_level":0.95,"lower_bound":772319.4675616412,"upper_bound":1098431.7716669622},"point_estimate":940218.2458536266,"standard_error":83357.59638435743}}