{"mean":{"confidence_interval":{"confidence_level":0.95,"lower_bound":7079189.603571424,"upper_bound":7099403.679142857},"point_estimate":7088392.182857139,"standard_error":5177.192192077907},"median":{"confidence_interval":{"confidence_level":0.95,"lower_bound":7076351.5,"upper_bound":7090561.008928571},"point_estimate":7083300.357142857,"standard_error":3709.1762992115364},"median_abs_dev":{"confidence_interval":{"confidence_level":0.95,"lower_bound":20886.23302919514,"upper_bound":36401.21815374949},"point_estimate":27854.876505477285,"standard_error":4033.0159887714713},"slope":null,"std_dev":{"confidence_interval":{"confidence_level":0.95,"lower_bound":29702.853779852972,"upper_bound":73879.20566698277},"point_estimate":51760.847965811,"standard_error":11825.655071083282}}