{"mean":{"confidence_interval":{"confidence_level":0.95,"lower_bound":8861287.651666664,"upper_bound":8907281.332791664},"point_estimate":8884015.776666665,"standard_error":11752.512865317018},"median":{"confidence_interval":{"confidence_level":0.95,"lower_bound":8850567.5,"upper_bound":8895584.666666666},"point_estimate":8871717.833333332,"standard_error":13973.017816950922},"median_abs_dev":{"confidence_interval":{"confidence_level":0.95,"lower_bound":97803.66086363839,"upper_bound":158863.4936933585},"point_estimate":137969.8887005439,"standard_error":14939.904002951695},"slope":null,"std_dev":{"confidence_interval":{"confidence_level":0.95,"lower_bound":102073.929424552,"upper_bound":133697.6723876317},"point_estimate":118360.68179610882,"standard_error":8108.51096820691}}