{"mean":{"confidence_interval":{"confidence_level":0.95,"lower_bound":15531693.551,"upper_bound":15642442.880562501},"point_estimate":15586531.5075,"standard_error":28341.26427249491},"median":{"confidence_interval":{"confidence_level":0.95,"lower_bound":15470673.5,"upper_bound":15656533.75},"point_estimate":15515126.0,"standard_error":43690.5718862885},"median_abs_dev":{"confidence_interval":{"confidence_level":0.95,"lower_bound":191338.5333980621,"upper_bound":322096.1415566504},"point_estimate":253668.77834647894,"standard_error":32492.138710679563},"slope":null,"std_dev":{"confidence_interval":{"confidence_level":0.95,"lower_bound":243357.43054691076,"upper_bound":320313.87145201775},"point_estimate":284379.63079805655,"standard_error":19676.563575493212}}