{"mean":{"confidence_interval":{"confidence_level":0.95,"lower_bound":8847116.962416667,"upper_bound":9170358.126958339},"point_estimate":8999685.138333334,"standard_error":82949.16765194312},"median":{"confidence_interval":{"confidence_level":0.95,"lower_bound":8674877.833333334,"upper_bound":8901997.333333334},"point_estimate":8752920.333333332,"standard_error":55624.604838497056},"median_abs_dev":{"confidence_interval":{"confidence_level":0.95,"lower_bound":310004.1179463286,"upper_bound":526047.1035107989},"point_estimate":381837.44572103256,"standard_error":54220.81545235739},"slope":null,"std_dev":{"confidence_interval":{"confidence_level":0.95,"lower_bound":579647.0197644674,"upper_bound":1064051.9455875978},"point_estimate":834821.3676891172,"standard_error":124241.85559262022}}