{"mean":{"confidence_interval":{"confidence_level":0.95,"lower_bound":5185191.751499999,"upper_bound":5226588.233075001},"point_estimate":5201224.891000001,"standard_error":11105.658943688144},"median":{"confidence_interval":{"confidence_level":0.95,"lower_bound":5177210.2,"upper_bound":5186807.0},"point_estimate":5183274.15,"standard_error":2663.072243226966},"median_abs_dev":{"confidence_interval":{"confidence_level":0.95,"lower_bound":13585.878988803537,"upper_bound":24140.434071421623},"point_estimate":18370.451493859568,"standard_error":2638.4980226551597},"slope":null,"std_dev":{"confidence_interval":{"confidence_level":0.95,"lower_bound":28541.80240913342,"upper_bound":184341.60345825893},"point_estimate":111574.2935791922,"standard_error":51188.75389985705}}