{"mean":{"confidence_interval":{"confidence_level":0.95,"lower_bound":8613683.0045,"upper_bound":8639243.454833334},"point_estimate":8626243.61,"standard_error":6526.348818598912},"median":{"confidence_interval":{"confidence_level":0.95,"lower_bound":8600850.5,"upper_bound":8634309.333333334},"point_estimate":8619463.333333332,"standard_error":8469.849134225056},"median_abs_dev":{"confidence_interval":{"confidence_level":0.95,"lower_bound":45584.76009070873,"upper_bound":75276.91331356856},"point_estimate":60134.87268239167,"standard_error":7563.350984046214},"slope":null,"std_dev":{"confidence_interval":{"confidence_level":0.95,"lower_bound":54282.6362516025,"upper_bound":75695.2412565083},"point_estimate":65352.17368952387,"standard_error":5484.970850150381}}