{"mean":{"confidence_interval":{"confidence_level":0.95,"lower_bound":7494757.360928571,"upper_bound":7530266.385999997},"point_estimate":7511568.321428572,"standard_error":9075.690719232918},"median":{"confidence_interval":{"confidence_level":0.95,"lower_bound":7469173.571428572,"upper_bound":7497409.142857144},"point_estimate":7481859.142857144,"standard_error":7727.416268765867},"median_abs_dev":{"confidence_interval":{"confidence_level":0.95,"lower_bound":36270.85525606311,"upper_bound":69046.79877417439},"point_estimate":54178.54493813727,"standard_error":8079.027451962505},"slope":null,"std_dev":{"confidence_interval":{"confidence_level":0.95,"lower_bound":64764.88681662658,"upper_bound":116078.77568539773},"point_estimate":91465.38585562837,"standard_error":13138.521043637556}}