{"mean":{"confidence_interval":{"confidence_level":0.95,"lower_bound":5279047.436916664,"upper_bound":5286058.123027777},"point_estimate":5282558.95,"standard_error":1785.54911274202},"median":{"confidence_interval":{"confidence_level":0.95,"lower_bound":5278337.055555556,"upper_bound":5287662.777777778},"point_estimate":5283113.722222222,"standard_error":2598.0899087211196},"median_abs_dev":{"confidence_interval":{"confidence_level":0.95,"lower_bound":14459.138609964875,"upper_bound":23373.847518365357},"point_estimate":18513.720071315995,"standard_error":2251.3296247059366},"slope":null,"std_dev":{"confidence_interval":{"confidence_level":0.95,"lower_bound":15452.31472319828,"upper_bound":20107.675947885233},"point_estimate":17877.886420025457,"standard_error":1186.7469991176295}}