{"mean":{"confidence_interval":{"confidence_level":0.95,"lower_bound":5402230.860944445,"upper_bound":5428015.965472221},"point_estimate":5414255.115555556,"standard_error":6588.59697376597},"median":{"confidence_interval":{"confidence_level":0.95,"lower_bound":5386429.166666666,"upper_bound":5399533.611111111},"point_estimate":5390895.388888889,"standard_error":3719.8467034171063},"median_abs_dev":{"confidence_interval":{"confidence_level":0.95,"lower_bound":17414.536924162887,"upper_bound":33258.835742869895},"point_estimate":25509.120947123036,"standard_error":4048.605367994917},"slope":null,"std_dev":{"confidence_interval":{"confidence_level":0.95,"lower_bound":44114.232481421146,"upper_bound":84523.22734433274},"point_estimate":66116.60004933544,"standard_error":10341.757935787518}}