{"mean":{"confidence_interval":{"confidence_level":0.95,"lower_bound":5184526.880074998,"upper_bound":5196173.4294500025},"point_estimate":5189989.399,"standard_error":2985.339139018227},"median":{"confidence_interval":{"confidence_level":0.95,"lower_bound":5177907.8,"upper_bound":5187526.5},"point_estimate":5182461.45,"standard_error":2860.5772858106398},"median_abs_dev":{"confidence_interval":{"confidence_level":0.95,"lower_bound":10574.79257226073,"upper_bound":17391.690882236027},"point_estimate":11742.34005153193,"standard_error":1671.7471102895527},"slope":null,"std_dev":{"confidence_interval":{"confidence_level":0.95,"lower_bound":20045.318765761214,"upper_bound":38318.80126548954},"point_estimate":29959.952387642352,"standard_error":4675.282174808011}}