{"mean":{"confidence_interval":{"confidence_level":0.95,"lower_bound":5245128.629999999,"upper_bound":5262659.922944444},"point_estimate":5252996.842222222,"standard_error":4481.800645282838},"median":{"confidence_interval":{"confidence_level":0.95,"lower_bound":5241380.444444444,"upper_bound":5248114.111111111},"point_estimate":5245847.888888889,"standard_error":1602.4947871773613},"median_abs_dev":{"confidence_interval":{"confidence_level":0.95,"lower_bound":12084.013452133157,"upper_bound":20039.3978108957},"point_estimate":16651.245037715176,"standard_error":2101.1560894596932},"slope":null,"std_dev":{"confidence_interval":{"confidence_level":0.95,"lower_bound":21735.089615489847,"upper_bound":63364.83553336007},"point_estimate":45118.29907284718,"standard_error":10544.910971738305}}