{"mean":{"confidence_interval":{"confidence_level":0.95,"lower_bound":6999009.830464287,"upper_bound":7023350.397714284},"point_estimate":7011100.502857144,"standard_error":6226.001689213086},"median":{"confidence_interval":{"confidence_level":0.95,"lower_bound":7000601.857142856,"upper_bound":7020123.428571428},"point_estimate":7007483.071428571,"standard_error":4746.365331378523},"median_abs_dev":{"confidence_interval":{"confidence_level":0.95,"lower_bound":35423.972971099254,"upper_bound":63576.64027128989},"point_estimate":46225.98457932541,"standard_error":7476.827976408333},"slope":null,"std_dev":{"confidence_interval":{"confidence_level":0.95,"lower_bound":52674.74957665258,"upper_bound":71814.55773434011},"point_estimate":62774.88960688879,"standard_error":4897.448314612119}}