{"mean":{"confidence_interval":{"confidence_level":0.95,"lower_bound":5317776.223833331,"upper_bound":5335200.198972222},"point_estimate":5326271.415555554,"standard_error":4441.37453286907},"median":{"confidence_interval":{"confidence_level":0.95,"lower_bound":5304502.444444444,"upper_bound":5329955.0},"point_estimate":5314617.388888889,"standard_error":6560.525860158397},"median_abs_dev":{"confidence_interval":{"confidence_level":0.95,"lower_bound":30515.202124913918,"upper_bound":52081.43080870318},"point_estimate":40332.567317287205,"standard_error":5752.668923060005},"slope":null,"std_dev":{"confidence_interval":{"confidence_level":0.95,"lower_bound":37300.695429327076,"upper_bound":51246.331453165694},"point_estimate":44568.197832547135,"standard_error":3558.5642807400263}}