{"mean":{"confidence_interval":{"confidence_level":0.95,"lower_bound":8728064.792249994,"upper_bound":8893158.9775},"point_estimate":8810403.214999998,"standard_error":42135.87105349599},"median":{"confidence_interval":{"confidence_level":0.95,"lower_bound":8727597.166666666,"upper_bound":8898265.833333334},"point_estimate":8816898.583333332,"standard_error":56653.274531940835},"median_abs_dev":{"confidence_interval":{"confidence_level":0.95,"lower_bound":311521.31191938976,"upper_bound":492820.0613006945},"point_estimate":394831.5696403384,"standard_error":45559.91813832665},"slope":null,"std_dev":{"confidence_interval":{"confidence_level":0.95,"lower_bound":361277.2573090207,"upper_bound":480268.13956747385},"point_estimate":423748.90932070726,"standard_error":30326.296900941426}}