{"mean":{"confidence_interval":{"confidence_level":0.95,"lower_bound":5319496.286666668,"upper_bound":5354602.2479444435},"point_estimate":5336516.163333332,"standard_error":8933.869006034674},"median":{"confidence_interval":{"confidence_level":0.95,"lower_bound":5296659.444444444,"upper_bound":5338815.111111111},"point_estimate":5320638.777777778,"standard_error":9625.930445726826},"median_abs_dev":{"confidence_interval":{"confidence_level":0.95,"lower_bound":59051.13328496623,"upper_bound":93777.26115678695},"point_estimate":71875.70542395183,"standard_error":9093.29955911323},"slope":null,"std_dev":{"confidence_interval":{"confidence_level":0.95,"lower_bound":71479.56159355502,"upper_bound":107650.24256070741},"point_estimate":89974.74878458591,"standard_error":9285.53893343065}}