{"mean":{"confidence_interval":{"confidence_level":0.95,"lower_bound":5268443.595111114,"upper_bound":5282460.266444446},"point_estimate":5274855.081111111,"standard_error":3580.0518966291525},"median":{"confidence_interval":{"confidence_level":0.95,"lower_bound":5262698.777777778,"upper_bound":5270639.388888889},"point_estimate":5267198.388888889,"standard_error":1886.7991015058722},"median_abs_dev":{"confidence_interval":{"confidence_level":0.95,"lower_bound":11659.786002164841,"upper_bound":19180.914769470237},"point_estimate":14810.020603736626,"standard_error":1899.396058438731},"slope":null,"std_dev":{"confidence_interval":{"confidence_level":0.95,"lower_bound":20993.418813935255,"upper_bound":49517.36203366573},"point_estimate":35959.145455041085,"standard_error":7388.940496008314}}