{"mean":{"confidence_interval":{"confidence_level":0.95,"lower_bound":54683.00866807816,"upper_bound":54828.54481652717},"point_estimate":54760.959211287234,"standard_error":37.217380227032635},"median":{"confidence_interval":{"confidence_level":0.95,"lower_bound":54737.26344086022,"upper_bound":54877.63475177305},"point_estimate":54819.85767195767,"standard_error":36.11687194610374},"median_abs_dev":{"confidence_interval":{"confidence_level":0.95,"lower_bound":187.6932238968845,"upper_bound":305.410652577876},"point_estimate":241.22738489152488,"standard_error":29.607663793974925},"slope":{"confidence_interval":{"confidence_level":0.95,"lower_bound":54812.04244867804,"upper_bound":54904.21869489648},"point_estimate":54858.85321905325,"standard_error":23.52016075226385},"std_dev":{"confidence_interval":{"confidence_level":0.95,"lower_bound":248.65561963348986,"upper_bound":509.8103703608864},"point_estimate":374.7533738109416,"standard_error":70.18925339369734}}