{"mean":{"confidence_interval":{"confidence_level":0.95,"lower_bound":44729.71297359919,"upper_bound":45749.30844376405},"point_estimate":45215.94339879615,"standard_error":259.58015895316987},"median":{"confidence_interval":{"confidence_level":0.95,"lower_bound":44488.65946691176,"upper_bound":45562.44886363636},"point_estimate":44836.40088929521,"standard_error":331.041808469352},"median_abs_dev":{"confidence_interval":{"confidence_level":0.95,"lower_bound":1610.3516874467255,"upper_bound":2866.02723876758},"point_estimate":2289.010263080365,"standard_error":328.3654173126746},"slope":{"confidence_interval":{"confidence_level":0.95,"lower_bound":44084.26693423867,"upper_bound":44975.08702026977},"point_estimate":44510.58646076548,"standard_error":227.56060131218945},"std_dev":{"confidence_interval":{"confidence_level":0.95,"lower_bound":1966.4091306691314,"upper_bound":3320.996129212173},"point_estimate":2608.9403218982375,"standard_error":358.25464099489454}}