{"mean":{"confidence_interval":{"confidence_level":0.95,"lower_bound":63837.5544449001,"upper_bound":64066.50219306418},"point_estimate":63946.143034747634,"standard_error":58.465027039378285},"median":{"confidence_interval":{"confidence_level":0.95,"lower_bound":63761.47226040848,"upper_bound":63875.046818996416},"point_estimate":63812.42816091954,"standard_error":30.037612014945314},"median_abs_dev":{"confidence_interval":{"confidence_level":0.95,"lower_bound":212.16476289998695,"upper_bound":445.1147334769462},"point_estimate":332.73390071044116,"standard_error":57.14114622153491},"slope":{"confidence_interval":{"confidence_level":0.95,"lower_bound":63713.8038990398,"upper_bound":63854.01144862273},"point_estimate":63782.76716861239,"standard_error":35.66550225713939},"std_dev":{"confidence_interval":{"confidence_level":0.95,"lower_bound":422.5909479860856,"upper_bound":750.4286850299688},"point_estimate":588.1198811708271,"standard_error":84.84270431021943}}