{"mean":{"confidence_interval":{"confidence_level":0.95,"lower_bound":56637.60995080697,"upper_bound":56872.86511633481},"point_estimate":56757.92503982326,"standard_error":60.130308884555724},"median":{"confidence_interval":{"confidence_level":0.95,"lower_bound":56695.461988304094,"upper_bound":57034.98809523809},"point_estimate":56875.251538123484,"standard_error":90.48676792961305},"median_abs_dev":{"confidence_interval":{"confidence_level":0.95,"lower_bound":388.9670053086037,"upper_bound":622.1143927052667},"point_estimate":519.2784920853127,"standard_error":62.692275827391896},"slope":{"confidence_interval":{"confidence_level":0.95,"lower_bound":56746.316472817736,"upper_bound":56986.14897677506},"point_estimate":56867.598046401654,"standard_error":61.010648260714106},"std_dev":{"confidence_interval":{"confidence_level":0.95,"lower_bound":490.20387753622606,"upper_bound":709.2417597365345},"point_estimate":605.7620286879742,"standard_error":55.835617946847655}}