{"mean":{"confidence_interval":{"confidence_level":0.95,"lower_bound":15253.435381330988,"upper_bound":15425.820834567501},"point_estimate":15318.619630727475,"standard_error":46.837555376632764},"median":{"confidence_interval":{"confidence_level":0.95,"lower_bound":15252.202956989247,"upper_bound":15287.48508261934},"point_estimate":15279.800887978143,"standard_error":9.328849804291954},"median_abs_dev":{"confidence_interval":{"confidence_level":0.95,"lower_bound":83.88679078044922,"upper_bound":147.3306508284137},"point_estimate":120.30739095622233,"standard_error":17.45811151119738},"slope":{"confidence_interval":{"confidence_level":0.95,"lower_bound":15290.536491356877,"upper_bound":15339.860522568995},"point_estimate":15313.52182281661,"standard_error":12.57937326621807},"std_dev":{"confidence_interval":{"confidence_level":0.95,"lower_bound":116.63852245758487,"upper_bound":790.4265380601979},"point_estimate":472.59571416876094,"standard_error":230.18422919159454}}