{"mean":{"confidence_interval":{"confidence_level":0.95,"lower_bound":15093.4454556372,"upper_bound":15209.678800934409},"point_estimate":15143.166844761645,"standard_error":30.093817831531542},"median":{"confidence_interval":{"confidence_level":0.95,"lower_bound":15051.048684210526,"upper_bound":15086.951086956522},"point_estimate":15061.944784382285,"standard_error":9.953608136088649},"median_abs_dev":{"confidence_interval":{"confidence_level":0.95,"lower_bound":47.72388266920951,"upper_bound":97.35025251150029},"point_estimate":61.75391777122309,"standard_error":13.70113645688011},"slope":{"confidence_interval":{"confidence_level":0.95,"lower_bound":15076.412085371237,"upper_bound":15143.639212906966},"point_estimate":15105.596581941776,"standard_error":17.412518441607887},"std_dev":{"confidence_interval":{"confidence_level":0.95,"lower_bound":117.50788120142771,"upper_bound":465.93260206214603},"point_estimate":301.5014642790904,"standard_error":97.6512172047151}}