{"mean":{"confidence_interval":{"confidence_level":0.95,"lower_bound":16706.693705249312,"upper_bound":16790.100530220403},"point_estimate":16744.907036359607,"standard_error":21.47822342962801},"median":{"confidence_interval":{"confidence_level":0.95,"lower_bound":16682.0425,"upper_bound":16718.89897260274},"point_estimate":16690.53128426535,"standard_error":7.727412157475471},"median_abs_dev":{"confidence_interval":{"confidence_level":0.95,"lower_bound":50.9662325558062,"upper_bound":90.66948121914203},"point_estimate":70.85136081600119,"standard_error":10.257736970725048},"slope":{"confidence_interval":{"confidence_level":0.95,"lower_bound":16698.577936865095,"upper_bound":16801.662263985767},"point_estimate":16742.629463942663,"standard_error":26.732406854572687},"std_dev":{"confidence_interval":{"confidence_level":0.95,"lower_bound":124.40591644978177,"upper_bound":289.95976490777554},"point_estimate":216.0452158342417,"standard_error":42.58277070946704}}