{"mean":{"confidence_interval":{"confidence_level":0.95,"lower_bound":47777.334958354935,"upper_bound":48620.12528113128},"point_estimate":48205.14654200673,"standard_error":215.33628184813327},"median":{"confidence_interval":{"confidence_level":0.95,"lower_bound":48374.25,"upper_bound":48903.8},"point_estimate":48572.83656073656,"standard_error":136.54835685744018},"median_abs_dev":{"confidence_interval":{"confidence_level":0.95,"lower_bound":787.4890808427999,"upper_bound":1759.6256423106538},"point_estimate":1285.057246005087,"standard_error":266.9631157041031},"slope":{"confidence_interval":{"confidence_level":0.95,"lower_bound":47843.20301186698,"upper_bound":48858.05395445763},"point_estimate":48386.98649741392,"standard_error":261.29515639425193},"std_dev":{"confidence_interval":{"confidence_level":0.95,"lower_bound":1795.6207960029656,"upper_bound":2511.153629331677},"point_estimate":2171.609963166412,"standard_error":182.84420126509605}}