{"mean":{"confidence_interval":{"confidence_level":0.95,"lower_bound":15152.346710581776,"upper_bound":15294.475002527279},"point_estimate":15214.265659892584,"standard_error":36.500909181576894},"median":{"confidence_interval":{"confidence_level":0.95,"lower_bound":15107.425033467202,"upper_bound":15137.680735930735},"point_estimate":15117.260833333334,"standard_error":8.761791825790107},"median_abs_dev":{"confidence_interval":{"confidence_level":0.95,"lower_bound":67.19830192102648,"upper_bound":113.8642889400435},"point_estimate":92.04621467354568,"standard_error":11.434757988818015},"slope":{"confidence_interval":{"confidence_level":0.95,"lower_bound":15147.97311905064,"upper_bound":15281.897746967004},"point_estimate":15205.854558149846,"standard_error":34.38257222492616},"std_dev":{"confidence_interval":{"confidence_level":0.95,"lower_bound":146.79982792879088,"upper_bound":543.5681410761625},"point_estimate":367.3343007486953,"standard_error":103.27661097410589}}