{"mean":{"confidence_interval":{"confidence_level":0.95,"lower_bound":16998.266171827872,"upper_bound":17077.368523307614},"point_estimate":17032.101503046295,"standard_error":20.46963728428157},"median":{"confidence_interval":{"confidence_level":0.95,"lower_bound":16976.879984051036,"upper_bound":17016.70531400966},"point_estimate":17005.536111111112,"standard_error":10.100673420777706},"median_abs_dev":{"confidence_interval":{"confidence_level":0.95,"lower_bound":56.92092540611772,"upper_bound":97.42027397508728},"point_estimate":75.79715050038905,"standard_error":9.90599447029643},"slope":{"confidence_interval":{"confidence_level":0.95,"lower_bound":17000.43891964638,"upper_bound":17112.6304408533},"point_estimate":17046.622954534258,"standard_error":29.34681791845938},"std_dev":{"confidence_interval":{"confidence_level":0.95,"lower_bound":72.14639499745739,"upper_bound":316.36250920773796},"point_estimate":205.42836753856295,"standard_error":66.76647886157649}}