{"mean":{"confidence_interval":{"confidence_level":0.95,"lower_bound":14938.279606943599,"upper_bound":14986.417561496983},"point_estimate":14960.005576310412,"standard_error":12.309657434617428},"median":{"confidence_interval":{"confidence_level":0.95,"lower_bound":14924.762548262548,"upper_bound":14950.258358662613},"point_estimate":14943.13371981704,"standard_error":5.4694471625950865},"median_abs_dev":{"confidence_interval":{"confidence_level":0.95,"lower_bound":43.07794887636261,"upper_bound":72.72241120891937},"point_estimate":52.755811189524145,"standard_error":7.351669356842115},"slope":{"confidence_interval":{"confidence_level":0.95,"lower_bound":14942.31427216605,"upper_bound":14997.468530039278},"point_estimate":14966.733838586417,"standard_error":14.200490406475875},"std_dev":{"confidence_interval":{"confidence_level":0.95,"lower_bound":66.66346034794519,"upper_bound":178.04621765923773},"point_estimate":124.30463748580071,"standard_error":29.472134831351205}}