{"mean":{"confidence_interval":{"confidence_level":0.95,"lower_bound":37981.16572420502,"upper_bound":38019.43699929239},"point_estimate":37999.794407565634,"standard_error":9.792518037808705},"median":{"confidence_interval":{"confidence_level":0.95,"lower_bound":37935.848351648354,"upper_bound":37988.58},"point_estimate":37958.443933823524,"standard_error":12.060858282800426},"median_abs_dev":{"confidence_interval":{"confidence_level":0.95,"lower_bound":35.605874230881454,"upper_bound":94.24644918162858},"point_estimate":58.55538632987278,"standard_error":14.766579083912948},"slope":{"confidence_interval":{"confidence_level":0.95,"lower_bound":37974.485861545654,"upper_bound":38017.72054459788},"point_estimate":37994.944429732524,"standard_error":11.064111846873608},"std_dev":{"confidence_interval":{"confidence_level":0.95,"lower_bound":80.99918473957509,"upper_bound":114.0398546742636},"point_estimate":98.63479935527641,"standard_error":8.463790430571546}}