{"mean":{"confidence_interval":{"confidence_level":0.95,"lower_bound":16823.319892197338,"upper_bound":16913.81805287592},"point_estimate":16860.105299888473,"standard_error":23.697264535389987},"median":{"confidence_interval":{"confidence_level":0.95,"lower_bound":16799.67703823954,"upper_bound":16848.963105413106},"point_estimate":16819.074074074073,"standard_error":13.306675135314844},"median_abs_dev":{"confidence_interval":{"confidence_level":0.95,"lower_bound":69.22325653172334,"upper_bound":115.87325562400423},"point_estimate":92.1109566294074,"standard_error":12.336652605724154},"slope":{"confidence_interval":{"confidence_level":0.95,"lower_bound":16829.13585292098,"upper_bound":16892.83928149192},"point_estimate":16856.143723461897,"standard_error":16.479743455809118},"std_dev":{"confidence_interval":{"confidence_level":0.95,"lower_bound":89.06256774981281,"upper_bound":385.62983595867206},"point_estimate":239.43810699647435,"standard_error":96.97641642558763}}