{"mean":{"confidence_interval":{"confidence_level":0.95,"lower_bound":15444.514908674355,"upper_bound":15617.435095646368},"point_estimate":15530.345411695433,"standard_error":44.14941374886273},"median":{"confidence_interval":{"confidence_level":0.95,"lower_bound":15210.51907101907,"upper_bound":15750.488226059655},"point_estimate":15474.207996406109,"standard_error":165.08357018577672},"median_abs_dev":{"confidence_interval":{"confidence_level":0.95,"lower_bound":299.76621966316895,"upper_bound":742.4563527528308},"point_estimate":535.9263554854057,"standard_error":121.72551384387889},"slope":{"confidence_interval":{"confidence_level":0.95,"lower_bound":15774.003788991618,"upper_bound":15932.667662455124},"point_estimate":15857.079096877706,"standard_error":40.3730303142872},"std_dev":{"confidence_interval":{"confidence_level":0.95,"lower_bound":402.40930499198697,"upper_bound":479.4661780745755},"point_estimate":444.3757554098497,"standard_error":19.667645935816747}}