{"mean":{"confidence_interval":{"confidence_level":0.95,"lower_bound":69876.43726322232,"upper_bound":69940.75417804082},"point_estimate":69908.74749992922,"standard_error":16.424235570055924},"median":{"confidence_interval":{"confidence_level":0.95,"lower_bound":69890.72857142857,"upper_bound":69941.896},"point_estimate":69910.7125,"standard_error":14.340702968594778},"median_abs_dev":{"confidence_interval":{"confidence_level":0.95,"lower_bound":83.98344796353629,"upper_bound":133.8510150258146},"point_estimate":111.98822974257052,"standard_error":13.535567789050463},"slope":{"confidence_interval":{"confidence_level":0.95,"lower_bound":69924.3969879585,"upper_bound":69963.93288511921},"point_estimate":69943.88698980346,"standard_error":10.032444622244842},"std_dev":{"confidence_interval":{"confidence_level":0.95,"lower_bound":127.90172809849572,"upper_bound":198.77913244808184},"point_estimate":164.86214292853936,"standard_error":18.15038191661241}}