{"mean":{"confidence_interval":{"confidence_level":0.95,"lower_bound":14858.622489322572,"upper_bound":14895.174116701772},"point_estimate":14875.482249205701,"standard_error":9.340713417262293},"median":{"confidence_interval":{"confidence_level":0.95,"lower_bound":14828.59649122807,"upper_bound":14871.95767622461},"point_estimate":14845.236359570661,"standard_error":12.63462149023003},"median_abs_dev":{"confidence_interval":{"confidence_level":0.95,"lower_bound":39.03456595040724,"upper_bound":88.66551277524897},"point_estimate":62.45205202749856,"standard_error":12.92882024375727},"slope":{"confidence_interval":{"confidence_level":0.95,"lower_bound":14863.908853581264,"upper_bound":14904.077650174173},"point_estimate":14883.078183340722,"standard_error":10.27552820590164},"std_dev":{"confidence_interval":{"confidence_level":0.95,"lower_bound":61.9780440172719,"upper_bound":129.65035700298031},"point_estimate":93.82574067646918,"standard_error":19.37235676478336}}