{"mean":{"confidence_interval":{"confidence_level":0.95,"lower_bound":14931.487280026764,"upper_bound":15052.043656580307},"point_estimate":14977.15632698676,"standard_error":32.41704535798502},"median":{"confidence_interval":{"confidence_level":0.95,"lower_bound":14895.113821138211,"upper_bound":14944.603174603175},"point_estimate":14917.133988376674,"standard_error":12.71295911337282},"median_abs_dev":{"confidence_interval":{"confidence_level":0.95,"lower_bound":58.29479867738164,"upper_bound":108.1655714032367},"point_estimate":75.66221397148281,"standard_error":11.432842345606236},"slope":{"confidence_interval":{"confidence_level":0.95,"lower_bound":14927.016249595024,"upper_bound":14967.159118014622},"point_estimate":14946.74034185508,"standard_error":10.284249058571303},"std_dev":{"confidence_interval":{"confidence_level":0.95,"lower_bound":82.68825352025995,"upper_bound":540.9812731589158},"point_estimate":325.1111296091182,"standard_error":155.2265668652729}}