{"mean":{"confidence_interval":{"confidence_level":0.95,"lower_bound":15164.625707845276,"upper_bound":15230.517812015996},"point_estimate":15194.0596043955,"standard_error":16.869989493421862},"median":{"confidence_interval":{"confidence_level":0.95,"lower_bound":15135.66472303207,"upper_bound":15179.752019704432},"point_estimate":15151.366319247762,"standard_error":12.235499672747427},"median_abs_dev":{"confidence_interval":{"confidence_level":0.95,"lower_bound":61.714367367605455,"upper_bound":104.23484867591108},"point_estimate":72.68226994263324,"standard_error":10.53877485899481},"slope":{"confidence_interval":{"confidence_level":0.95,"lower_bound":15153.048734604941,"upper_bound":15209.145571507881},"point_estimate":15177.866198568685,"standard_error":14.38665298966596},"std_dev":{"confidence_interval":{"confidence_level":0.95,"lower_bound":89.6984959755203,"upper_bound":247.33415144453133},"point_estimate":169.2769701527241,"standard_error":42.79650580694583}}