{"mean":{"confidence_interval":{"confidence_level":0.95,"lower_bound":16789.63349945881,"upper_bound":16898.485256819215},"point_estimate":16836.56763598589,"standard_error":28.1075103371327},"median":{"confidence_interval":{"confidence_level":0.95,"lower_bound":16756.969387755104,"upper_bound":16784.051339285714},"point_estimate":16770.791224489796,"standard_error":7.350052846900435},"median_abs_dev":{"confidence_interval":{"confidence_level":0.95,"lower_bound":41.491113309921055,"upper_bound":72.74060455172904},"point_estimate":55.41016608087988,"standard_error":8.104988558009525},"slope":{"confidence_interval":{"confidence_level":0.95,"lower_bound":16773.894603706518,"upper_bound":16871.11034540653},"point_estimate":16815.50279465473,"standard_error":25.212481549121865},"std_dev":{"confidence_interval":{"confidence_level":0.95,"lower_bound":112.79247194710756,"upper_bound":433.98743156472193},"point_estimate":282.60757806016943,"standard_error":88.8453179227299}}