{"mean":{"confidence_interval":{"confidence_level":0.95,"lower_bound":16825.12833419655,"upper_bound":16894.15425124321},"point_estimate":16856.73568187576,"standard_error":17.706178906645373},"median":{"confidence_interval":{"confidence_level":0.95,"lower_bound":16797.6075,"upper_bound":16837.20717243976},"point_estimate":16820.31999250749,"standard_error":11.684495654577972},"median_abs_dev":{"confidence_interval":{"confidence_level":0.95,"lower_bound":64.21549837179215,"upper_bound":117.76363953634016},"point_estimate":94.92497352703414,"standard_error":14.185236261035628},"slope":{"confidence_interval":{"confidence_level":0.95,"lower_bound":16828.97001513007,"upper_bound":16933.54170421678},"point_estimate":16875.04218930102,"standard_error":27.00220179052035},"std_dev":{"confidence_interval":{"confidence_level":0.95,"lower_bound":96.41245506799562,"upper_bound":241.19467047789928},"point_estimate":177.71643863595062,"standard_error":35.97907539446702}}