{"mean":{"confidence_interval":{"confidence_level":0.95,"lower_bound":30453281.535,"upper_bound":31178752.3785},"point_estimate":30826322.865,"standard_error":185237.94502612363},"median":{"confidence_interval":{"confidence_level":0.95,"lower_bound":30661924.5,"upper_bound":31647817.0},"point_estimate":31411589.75,"standard_error":306066.6778481779},"median_abs_dev":{"confidence_interval":{"confidence_level":0.95,"lower_bound":1264200.024805963,"upper_bound":2041304.430359602},"point_estimate":1586751.880529523,"standard_error":201923.64784731882},"slope":null,"std_dev":{"confidence_interval":{"confidence_level":0.95,"lower_bound":1543067.7318357695,"upper_bound":2129946.64776531},"point_estimate":1858177.3805177556,"standard_error":150134.2724106425}}