{"mean":{"confidence_interval":{"confidence_level":0.95,"lower_bound":30957392.228625,"upper_bound":31627800.971625},"point_estimate":31301225.335,"standard_error":171693.20624635363},"median":{"confidence_interval":{"confidence_level":0.95,"lower_bound":31458477.0,"upper_bound":32381162.5},"point_estimate":32154130.0,"standard_error":244731.99157349172},"median_abs_dev":{"confidence_interval":{"confidence_level":0.95,"lower_bound":755777.9462322593,"upper_bound":1696116.2382379174},"point_estimate":1070028.7247031927,"standard_error":260300.14695538927},"slope":null,"std_dev":{"confidence_interval":{"confidence_level":0.95,"lower_bound":1462408.1718788694,"upper_bound":1947807.7975263125},"point_estimate":1730523.4170783588,"standard_error":124193.22594673662}}