{"mean":{"confidence_interval":{"confidence_level":0.95,"lower_bound":29749170.223249998,"upper_bound":30666370.162375},"point_estimate":30216397.635,"standard_error":234146.47022199555},"median":{"confidence_interval":{"confidence_level":0.95,"lower_bound":31265434.0,"upper_bound":31585522.5},"point_estimate":31428201.0,"standard_error":107117.7029029206},"median_abs_dev":{"confidence_interval":{"confidence_level":0.95,"lower_bound":417093.9201951027,"upper_bound":1669812.3201549053},"point_estimate":707345.111592114,"standard_error":361786.3803885934},"slope":null,"std_dev":{"confidence_interval":{"confidence_level":0.95,"lower_bound":2041652.1222458412,"upper_bound":2608926.4571416695},"point_estimate":2360207.783825896,"standard_error":143960.13245319462}}