{"mean":{"confidence_interval":{"confidence_level":0.95,"lower_bound":30543299.744000003,"upper_bound":31499858.358374998},"point_estimate":31023341.875,"standard_error":243662.13763790636},"median":{"confidence_interval":{"confidence_level":0.95,"lower_bound":30911712.25,"upper_bound":31676174.5},"point_estimate":31227565.0,"standard_error":165376.2954988482},"median_abs_dev":{"confidence_interval":{"confidence_level":0.95,"lower_bound":1501731.4437389374,"upper_bound":2635259.730723536},"point_estimate":1979970.381398499,"standard_error":301594.9387724093},"slope":null,"std_dev":{"confidence_interval":{"confidence_level":0.95,"lower_bound":2036700.4879072714,"upper_bound":2811725.654597729},"point_estimate":2443270.1493497975,"standard_error":198434.3698280306}}