{"mean":{"confidence_interval":{"confidence_level":0.95,"lower_bound":30518474.157874998,"upper_bound":31321211.024499997},"point_estimate":30931346.955,"standard_error":205385.67960771683},"median":{"confidence_interval":{"confidence_level":0.95,"lower_bound":31479083.0,"upper_bound":32116038.0},"point_estimate":31944331.0,"standard_error":179098.66062256834},"median_abs_dev":{"confidence_interval":{"confidence_level":0.95,"lower_bound":648491.4523869753,"upper_bound":1490921.8073308468},"point_estimate":877894.8876142502,"standard_error":221789.27261843786},"slope":null,"std_dev":{"confidence_interval":{"confidence_level":0.95,"lower_bound":1702858.518596252,"upper_bound":2367111.123587457},"point_estimate":2067799.5636502323,"standard_error":170154.31345082642}}