{"mean":{"confidence_interval":{"confidence_level":0.95,"lower_bound":32925229.360875,"upper_bound":33440885.842249997},"point_estimate":33187761.885,"standard_error":132008.81651414972},"median":{"confidence_interval":{"confidence_level":0.95,"lower_bound":33435678.0,"upper_bound":33871374.5},"point_estimate":33748279.75,"standard_error":107158.83317055283},"median_abs_dev":{"confidence_interval":{"confidence_level":0.95,"lower_bound":596577.1023586392,"upper_bound":1225313.2807463408},"point_estimate":804124.4194239378,"standard_error":151870.60517704277},"slope":null,"std_dev":{"confidence_interval":{"confidence_level":0.95,"lower_bound":1150313.8207752684,"upper_bound":1474768.2183242957},"point_estimate":1325351.8525064688,"standard_error":82421.97675202628}}