{"mean":{"confidence_interval":{"confidence_level":0.95,"lower_bound":142985.98332927248,"upper_bound":143802.62792797323},"point_estimate":143386.48643195818,"standard_error":207.68365032061845},"median":{"confidence_interval":{"confidence_level":0.95,"lower_bound":142317.94756302523,"upper_bound":143354.86285714287},"point_estimate":142674.8220458554,"standard_error":257.5113996341396},"median_abs_dev":{"confidence_interval":{"confidence_level":0.95,"lower_bound":1186.753275861688,"upper_bound":2447.858506375937},"point_estimate":1701.2002117987106,"standard_error":314.8392282911462},"slope":{"confidence_interval":{"confidence_level":0.95,"lower_bound":141839.3593013037,"upper_bound":142346.09888300125},"point_estimate":142083.57486330724,"standard_error":129.3349154353103},"std_dev":{"confidence_interval":{"confidence_level":0.95,"lower_bound":1816.9287928781357,"upper_bound":2340.0276981664824},"point_estimate":2098.639553236819,"standard_error":133.70329244543976}}