{"mean":{"confidence_interval":{"confidence_level":0.95,"lower_bound":85018.82528496791,"upper_bound":87156.37544116548},"point_estimate":85969.93969446328,"standard_error":547.4432390548742},"median":{"confidence_interval":{"confidence_level":0.95,"lower_bound":83193.22311396469,"upper_bound":85606.08571428571},"point_estimate":83743.50511204482,"standard_error":625.8071715386868},"median_abs_dev":{"confidence_interval":{"confidence_level":0.95,"lower_bound":1351.2148151774245,"upper_bound":4295.338146226496},"point_estimate":2257.304393547399,"standard_error":735.3805136469767},"slope":{"confidence_interval":{"confidence_level":0.95,"lower_bound":83522.47083711912,"upper_bound":87581.11735994545},"point_estimate":85014.92833160928,"standard_error":1100.618182177313},"std_dev":{"confidence_interval":{"confidence_level":0.95,"lower_bound":3160.5241643943705,"upper_bound":8193.63991972928},"point_estimate":5526.371541528455,"standard_error":1587.4590008806647}}