{"mean":{"confidence_interval":{"confidence_level":0.95,"lower_bound":159450.45487445174,"upper_bound":163213.84881448763},"point_estimate":161225.2737403637,"standard_error":958.9044506839742},"median":{"confidence_interval":{"confidence_level":0.95,"lower_bound":157834.78125,"upper_bound":161661.46903515834},"point_estimate":159383.98188171047,"standard_error":996.6704043171533},"median_abs_dev":{"confidence_interval":{"confidence_level":0.95,"lower_bound":5186.968022771815,"upper_bound":8422.550330062182},"point_estimate":6182.733485514258,"standard_error":829.4003716791093},"slope":{"confidence_interval":{"confidence_level":0.95,"lower_bound":158490.69256210257,"upper_bound":162175.4259881743},"point_estimate":160317.7971198463,"standard_error":943.7043835056611},"std_dev":{"confidence_interval":{"confidence_level":0.95,"lower_bound":6391.936074774439,"upper_bound":12772.560420902373},"point_estimate":9657.649908459469,"standard_error":1651.0143845386458}}