{"mean":{"confidence_interval":{"confidence_level":0.95,"lower_bound":98606.8953513882,"upper_bound":99033.11078917109},"point_estimate":98817.04466110523,"standard_error":108.96674838834916},"median":{"confidence_interval":{"confidence_level":0.95,"lower_bound":98431.234375,"upper_bound":98913.32878492528},"point_estimate":98578.2029391661,"standard_error":117.24007076180716},"median_abs_dev":{"confidence_interval":{"confidence_level":0.95,"lower_bound":771.2196125436188,"upper_bound":1444.1503014758496},"point_estimate":1223.556318170003,"standard_error":176.8117412562171},"slope":{"confidence_interval":{"confidence_level":0.95,"lower_bound":98105.05623574198,"upper_bound":98382.99927978229},"point_estimate":98246.34963006749,"standard_error":71.02950110991829},"std_dev":{"confidence_interval":{"confidence_level":0.95,"lower_bound":948.8916064446943,"upper_bound":1211.5306681760167},"point_estimate":1089.4620821804087,"standard_error":67.0433226268197}}