{"mean":{"confidence_interval":{"confidence_level":0.95,"lower_bound":99553.63255302107,"upper_bound":100434.07520236121},"point_estimate":99976.84921839245,"standard_error":224.8413180180871},"median":{"confidence_interval":{"confidence_level":0.95,"lower_bound":98762.4269894895,"upper_bound":99323.56410256411},"point_estimate":99026.31877934272,"standard_error":148.72680787244767},"median_abs_dev":{"confidence_interval":{"confidence_level":0.95,"lower_bound":624.0543126685656,"upper_bound":1462.3465506960729},"point_estimate":993.854745854014,"standard_error":225.12102187194327},"slope":{"confidence_interval":{"confidence_level":0.95,"lower_bound":98638.26589882109,"upper_bound":98928.36697818413},"point_estimate":98769.86309344367,"standard_error":74.13815449667763},"std_dev":{"confidence_interval":{"confidence_level":0.95,"lower_bound":1743.913162662175,"upper_bound":2668.8479158354053},"point_estimate":2257.1761873809337,"standard_error":236.0553762157315}}