{"mean":{"confidence_interval":{"confidence_level":0.95,"lower_bound":132182.1238408615,"upper_bound":132319.82474366034},"point_estimate":132246.08107397836,"standard_error":35.22696866404242},"median":{"confidence_interval":{"confidence_level":0.95,"lower_bound":132143.58620689655,"upper_bound":132249.24680851065},"point_estimate":132212.3291021672,"standard_error":25.914916016865426},"median_abs_dev":{"confidence_interval":{"confidence_level":0.95,"lower_bound":141.9682645128019,"upper_bound":250.00383315895496},"point_estimate":194.34362488830465,"standard_error":27.807802670721376},"slope":{"confidence_interval":{"confidence_level":0.95,"lower_bound":132191.5188665446,"upper_bound":132348.79655096543},"point_estimate":132261.9135835673,"standard_error":40.333050110453264},"std_dev":{"confidence_interval":{"confidence_level":0.95,"lower_bound":224.83599793365673,"upper_bound":484.5864514885374},"point_estimate":352.6920637937132,"standard_error":69.18750962867557}}