{"mean":{"confidence_interval":{"confidence_level":0.95,"lower_bound":81042.97379466485,"upper_bound":81420.18359760693},"point_estimate":81228.62943620815,"standard_error":96.38844770230827},"median":{"confidence_interval":{"confidence_level":0.95,"lower_bound":80633.48540706605,"upper_bound":81613.21875},"point_estimate":81006.73021476032,"standard_error":316.9904423496415},"median_abs_dev":{"confidence_interval":{"confidence_level":0.95,"lower_bound":900.6108824650911,"upper_bound":1369.5526108679499},"point_estimate":1246.2936016782821,"standard_error":120.09698986681437},"slope":{"confidence_interval":{"confidence_level":0.95,"lower_bound":80590.9754815374,"upper_bound":80897.0158697826},"point_estimate":80728.09120901856,"standard_error":78.04984328521854},"std_dev":{"confidence_interval":{"confidence_level":0.95,"lower_bound":853.3302257167389,"upper_bound":1101.195275240526},"point_estimate":973.1556511286944,"standard_error":64.05354405500663}}