{"mean":{"confidence_interval":{"confidence_level":0.95,"lower_bound":99526.04566841031,"upper_bound":100551.29842556133},"point_estimate":100039.38144092528,"standard_error":260.6132899618297},"median":{"confidence_interval":{"confidence_level":0.95,"lower_bound":100170.94577294687,"upper_bound":100999.67900782014},"point_estimate":100441.59916085078,"standard_error":249.9651088836616},"median_abs_dev":{"confidence_interval":{"confidence_level":0.95,"lower_bound":1157.5887566582921,"upper_bound":2136.1581840200583},"point_estimate":1636.3507455326828,"standard_error":256.7542290606319},"slope":{"confidence_interval":{"confidence_level":0.95,"lower_bound":98097.0501780785,"upper_bound":99261.21918599156},"point_estimate":98668.893169302,"standard_error":295.7862418128278},"std_dev":{"confidence_interval":{"confidence_level":0.95,"lower_bound":2095.9220328882648,"upper_bound":3149.206722965772},"point_estimate":2620.9897588685726,"standard_error":270.18260778318694}}