{"mean":{"confidence_interval":{"confidence_level":0.95,"lower_bound":80512.68539640067,"upper_bound":80880.40212924047},"point_estimate":80695.7056457767,"standard_error":93.88846590409156},"median":{"confidence_interval":{"confidence_level":0.95,"lower_bound":80637.28055077452,"upper_bound":81062.31020408163},"point_estimate":80711.19737512982,"standard_error":126.69244036220613},"median_abs_dev":{"confidence_interval":{"confidence_level":0.95,"lower_bound":610.5227496805227,"upper_bound":1094.9204870582842},"point_estimate":949.1540326869768,"standard_error":145.30778545964165},"slope":{"confidence_interval":{"confidence_level":0.95,"lower_bound":80214.72065414066,"upper_bound":80533.94875749933},"point_estimate":80377.32341658046,"standard_error":81.25444221111412},"std_dev":{"confidence_interval":{"confidence_level":0.95,"lower_bound":808.5112026511761,"upper_bound":1063.3415925893871},"point_estimate":941.4525474431689,"standard_error":65.0635666607783}}