{"mean":{"confidence_interval":{"confidence_level":0.95,"lower_bound":97673.63160874129,"upper_bound":98320.73427105999},"point_estimate":97971.45181150307,"standard_error":165.613724594407},"median":{"confidence_interval":{"confidence_level":0.95,"lower_bound":97208.63372093023,"upper_bound":98228.72685185185},"point_estimate":97605.98835125448,"standard_error":294.77709085877956},"median_abs_dev":{"confidence_interval":{"confidence_level":0.95,"lower_bound":870.2006276259699,"upper_bound":1452.1394081082753},"point_estimate":1252.989102793767,"standard_error":159.26118048844089},"slope":{"confidence_interval":{"confidence_level":0.95,"lower_bound":97100.17331683678,"upper_bound":97731.55942711912},"point_estimate":97361.16029604453,"standard_error":162.79520839838264},"std_dev":{"confidence_interval":{"confidence_level":0.95,"lower_bound":998.28630532384,"upper_bound":2250.4905789273803},"point_estimate":1657.5680854083228,"standard_error":329.72990704329146}}