{"mean":{"confidence_interval":{"confidence_level":0.95,"lower_bound":165506.94646778548,"upper_bound":172070.06893839833},"point_estimate":168452.49971985273,"standard_error":1688.9677152086658},"median":{"confidence_interval":{"confidence_level":0.95,"lower_bound":163195.1225,"upper_bound":165144.98274647887},"point_estimate":164125.82740384614,"standard_error":553.7190762890375},"median_abs_dev":{"confidence_interval":{"confidence_level":0.95,"lower_bound":2805.07915019989,"upper_bound":4768.19601068936},"point_estimate":3740.922184337988,"standard_error":522.4954814153809},"slope":{"confidence_interval":{"confidence_level":0.95,"lower_bound":163256.81701644923,"upper_bound":168580.5944652292},"point_estimate":165181.0577035614,"standard_error":1443.1883758032197},"std_dev":{"confidence_interval":{"confidence_level":0.95,"lower_bound":8346.030370860008,"upper_bound":23545.92420845986},"point_estimate":16993.018293535155,"standard_error":3864.195743104976}}