{"mean":{"confidence_interval":{"confidence_level":0.95,"lower_bound":97953.74613702636,"upper_bound":98341.14155554681},"point_estimate":98144.27790792055,"standard_error":98.87499913370863},"median":{"confidence_interval":{"confidence_level":0.95,"lower_bound":97810.829004329,"upper_bound":98352.36111111111},"point_estimate":98104.75444766608,"standard_error":127.51478160036439},"median_abs_dev":{"confidence_interval":{"confidence_level":0.95,"lower_bound":782.076634032026,"upper_bound":1177.3739190227989},"point_estimate":999.7221042513901,"standard_error":102.07822067138865},"slope":{"confidence_interval":{"confidence_level":0.95,"lower_bound":97543.18916428195,"upper_bound":97820.01876830621},"point_estimate":97685.84620363529,"standard_error":70.65903856322892},"std_dev":{"confidence_interval":{"confidence_level":0.95,"lower_bound":826.7311224503962,"upper_bound":1158.6167252299017},"point_estimate":996.1694329197906,"standard_error":85.20081601834704}}