{"mean":{"confidence_interval":{"confidence_level":0.95,"lower_bound":98773.07159061616,"upper_bound":99363.36628341858},"point_estimate":99057.25796208729,"standard_error":150.4042875416466},"median":{"confidence_interval":{"confidence_level":0.95,"lower_bound":98380.78409090909,"upper_bound":99054.81704260652},"point_estimate":98506.83686843282,"standard_error":164.28767479935715},"median_abs_dev":{"confidence_interval":{"confidence_level":0.95,"lower_bound":806.3120386393045,"upper_bound":1275.5341171355349},"point_estimate":1014.6278456438604,"standard_error":115.63526180883473},"slope":{"confidence_interval":{"confidence_level":0.95,"lower_bound":98287.36341446207,"upper_bound":98552.28215484062},"point_estimate":98409.00765015095,"standard_error":67.34591508874774},"std_dev":{"confidence_interval":{"confidence_level":0.95,"lower_bound":1120.358839256726,"upper_bound":1844.9702282308829},"point_estimate":1509.148812462749,"standard_error":184.65693187159545}}