{"mean":{"confidence_interval":{"confidence_level":0.95,"lower_bound":98482.59889834873,"upper_bound":99015.09943802355},"point_estimate":98730.97602385975,"standard_error":135.96743451666222},"median":{"confidence_interval":{"confidence_level":0.95,"lower_bound":98111.30130385488,"upper_bound":98867.05291005291},"point_estimate":98256.45783503659,"standard_error":178.61792129383258},"median_abs_dev":{"confidence_interval":{"confidence_level":0.95,"lower_bound":783.9995432774986,"upper_bound":1389.3677571315438},"point_estimate":1048.2215364408598,"standard_error":148.10108100314255},"slope":{"confidence_interval":{"confidence_level":0.95,"lower_bound":97976.99627743756,"upper_bound":98194.2468607854},"point_estimate":98081.3063746332,"standard_error":55.46414457799911},"std_dev":{"confidence_interval":{"confidence_level":0.95,"lower_bound":973.6012812929606,"upper_bound":1844.7474081770426},"point_estimate":1366.5392771135103,"standard_error":253.97544891414935}}