{"mean":{"confidence_interval":{"confidence_level":0.95,"lower_bound":137802.26375152805,"upper_bound":137963.75498030076},"point_estimate":137882.33488841628,"standard_error":41.26237095087232},"median":{"confidence_interval":{"confidence_level":0.95,"lower_bound":137789.84155405406,"upper_bound":137891.15315789473},"point_estimate":137837.26858299595,"standard_error":26.068589447231997},"median_abs_dev":{"confidence_interval":{"confidence_level":0.95,"lower_bound":178.64103007851125,"upper_bound":319.3485043304599},"point_estimate":256.24496507673484,"standard_error":37.67535900025912},"slope":{"confidence_interval":{"confidence_level":0.95,"lower_bound":137789.23522333952,"upper_bound":137891.49144722807},"point_estimate":137838.88575557855,"standard_error":26.091945950971994},"std_dev":{"confidence_interval":{"confidence_level":0.95,"lower_bound":319.15339594775935,"upper_bound":504.3848800013655},"point_estimate":415.26835054860305,"standard_error":47.339903618003056}}