{"mean":{"confidence_interval":{"confidence_level":0.95,"lower_bound":98261.58627108918,"upper_bound":99037.77399479639},"point_estimate":98609.66036185842,"standard_error":200.25423655129774},"median":{"confidence_interval":{"confidence_level":0.95,"lower_bound":97973.49411764706,"upper_bound":98587.26339285714},"point_estimate":98238.59407665505,"standard_error":161.35511861035565},"median_abs_dev":{"confidence_interval":{"confidence_level":0.95,"lower_bound":822.0335871393582,"upper_bound":1609.8307750962647},"point_estimate":1088.4326421081928,"standard_error":196.6972821587989},"slope":{"confidence_interval":{"confidence_level":0.95,"lower_bound":97724.58414235232,"upper_bound":99138.84609819588},"point_estimate":98251.71482910764,"standard_error":384.24296216854145},"std_dev":{"confidence_interval":{"confidence_level":0.95,"lower_bound":1112.3345153928606,"upper_bound":2939.57505311201},"point_estimate":2006.0633501127681,"standard_error":517.9001822329911}}