{"mean":{"confidence_interval":{"confidence_level":0.95,"lower_bound":98548.81170602432,"upper_bound":99070.40609684856},"point_estimate":98795.59229077851,"standard_error":132.71016674027283},"median":{"confidence_interval":{"confidence_level":0.95,"lower_bound":98199.08666666667,"upper_bound":99045.08333333333},"point_estimate":98642.14981540084,"standard_error":219.66412131692587},"median_abs_dev":{"confidence_interval":{"confidence_level":0.95,"lower_bound":856.3200927972712,"upper_bound":1360.2521611357454},"point_estimate":1215.0960109665457,"standard_error":134.10640377882018},"slope":{"confidence_interval":{"confidence_level":0.95,"lower_bound":97910.48339904602,"upper_bound":98541.5394046675},"point_estimate":98173.90353824935,"standard_error":162.69230699167315},"std_dev":{"confidence_interval":{"confidence_level":0.95,"lower_bound":928.6339491824243,"upper_bound":1736.1265520299992},"point_estimate":1331.7185937464405,"standard_error":212.61214932897826}}