{"mean":{"confidence_interval":{"confidence_level":0.95,"lower_bound":99435.43146942188,"upper_bound":99982.30849007121},"point_estimate":99702.94730279162,"standard_error":140.05101019392387},"median":{"confidence_interval":{"confidence_level":0.95,"lower_bound":98865.60952380953,"upper_bound":100207.82738095238},"point_estimate":99391.0195968645,"standard_error":367.2259459657592},"median_abs_dev":{"confidence_interval":{"confidence_level":0.95,"lower_bound":1060.6633141989319,"upper_bound":1900.1292022476305},"point_estimate":1687.8235800351379,"standard_error":208.39756631642967},"slope":{"confidence_interval":{"confidence_level":0.95,"lower_bound":98819.9927779062,"upper_bound":99347.5733180845},"point_estimate":99065.52710844645,"standard_error":134.6023314504419},"std_dev":{"confidence_interval":{"confidence_level":0.95,"lower_bound":1177.087828941675,"upper_bound":1703.0479033255021},"point_estimate":1408.2417666364074,"standard_error":144.01209879527684}}