{"mean":{"confidence_interval":{"confidence_level":0.95,"lower_bound":98145.59911775593,"upper_bound":98763.22071124779},"point_estimate":98442.17714607963,"standard_error":157.5342396091324},"median":{"confidence_interval":{"confidence_level":0.95,"lower_bound":97710.33928571429,"upper_bound":98826.58139534884},"point_estimate":98368.3113512949,"standard_error":286.06414800282533},"median_abs_dev":{"confidence_interval":{"confidence_level":0.95,"lower_bound":1225.309652690845,"upper_bound":1787.9534587535927},"point_estimate":1582.1785398468278,"standard_error":146.19411933688355},"slope":{"confidence_interval":{"confidence_level":0.95,"lower_bound":97334.89764575919,"upper_bound":97799.96378890009},"point_estimate":97550.06209644846,"standard_error":118.94440681734193},"std_dev":{"confidence_interval":{"confidence_level":0.95,"lower_bound":1215.2024284784163,"upper_bound":2005.5529067977716},"point_estimate":1583.9270072235884,"standard_error":211.15143824598078}}