{"mean":{"confidence_interval":{"confidence_level":0.95,"lower_bound":48002.10452701291,"upper_bound":48636.614609119155},"point_estimate":48322.38327788775,"standard_error":160.71694217060593},"median":{"confidence_interval":{"confidence_level":0.95,"lower_bound":48275.12783521303,"upper_bound":48374.9347985348},"point_estimate":48309.276060521675,"standard_error":23.52045723704333},"median_abs_dev":{"confidence_interval":{"confidence_level":0.95,"lower_bound":184.10926076371808,"upper_bound":373.80100655519794},"point_estimate":265.5435819411376,"standard_error":50.91477699297417},"slope":{"confidence_interval":{"confidence_level":0.95,"lower_bound":48480.678972026995,"upper_bound":48856.87077487317},"point_estimate":48643.81746134954,"standard_error":96.76592259137534},"std_dev":{"confidence_interval":{"confidence_level":0.95,"lower_bound":842.6210182673101,"upper_bound":2261.9575868834513},"point_estimate":1613.9837301613943,"standard_error":362.7651778566509}}