{"mean":{"confidence_interval":{"confidence_level":0.95,"lower_bound":50720.38396358053,"upper_bound":51224.385485778046},"point_estimate":51004.60982258772,"standard_error":129.4328848980317},"median":{"confidence_interval":{"confidence_level":0.95,"lower_bound":51159.11664895031,"upper_bound":51293.433152173915},"point_estimate":51210.42338556505,"standard_error":35.31799192154128},"median_abs_dev":{"confidence_interval":{"confidence_level":0.95,"lower_bound":189.14761488673906,"upper_bound":332.5302239913187},"point_estimate":240.4462525821154,"standard_error":36.130519038009666},"slope":{"confidence_interval":{"confidence_level":0.95,"lower_bound":51335.28187621207,"upper_bound":51568.38955153838},"point_estimate":51438.54088325698,"standard_error":59.948143121980614},"std_dev":{"confidence_interval":{"confidence_level":0.95,"lower_bound":563.7836848395771,"upper_bound":1986.9687894226752},"point_estimate":1298.9603724600001,"standard_error":395.7320351992637}}