{"mean":{"confidence_interval":{"confidence_level":0.95,"lower_bound":85559.64076138409,"upper_bound":88157.3854311467},"point_estimate":86896.17084843773,"standard_error":661.0322368239288},"median":{"confidence_interval":{"confidence_level":0.95,"lower_bound":85914.4401643991,"upper_bound":88400.81944444444},"point_estimate":87247.83534226191,"standard_error":679.6575299320566},"median_abs_dev":{"confidence_interval":{"confidence_level":0.95,"lower_bound":3573.24394416641,"upper_bound":5615.56925604514},"point_estimate":4720.1910736977925,"standard_error":515.3023498536423},"slope":{"confidence_interval":{"confidence_level":0.95,"lower_bound":86987.4656935921,"upper_bound":89027.90106417921},"point_estimate":87990.33017708488,"standard_error":520.5955399132278},"std_dev":{"confidence_interval":{"confidence_level":0.95,"lower_bound":4612.415414236303,"upper_bound":8688.669818587376},"point_estimate":6641.979839092344,"standard_error":1059.9857814340971}}