{"mean":{"confidence_interval":{"confidence_level":0.95,"lower_bound":48273.055390854686,"upper_bound":48728.94922917167},"point_estimate":48533.80039090069,"standard_error":117.29840983590553},"median":{"confidence_interval":{"confidence_level":0.95,"lower_bound":48702.653846153844,"upper_bound":48808.96681096681},"point_estimate":48775.85018315018,"standard_error":22.726977059723694},"median_abs_dev":{"confidence_interval":{"confidence_level":0.95,"lower_bound":167.17140185106624,"upper_bound":302.8544964294805},"point_estimate":249.43242044347903,"standard_error":35.16959246959564},"slope":{"confidence_interval":{"confidence_level":0.95,"lower_bound":48824.211562333716,"upper_bound":49024.71693160025},"point_estimate":48911.860329470044,"standard_error":51.9860670768793},"std_dev":{"confidence_interval":{"confidence_level":0.95,"lower_bound":472.02084710506233,"upper_bound":1820.1694565789387},"point_estimate":1174.7139395257607,"standard_error":381.85192667503264}}