{"mean":{"confidence_interval":{"confidence_level":0.95,"lower_bound":88225.89951749983,"upper_bound":90353.54157722353},"point_estimate":89284.37665580167,"standard_error":542.0592804577263},"median":{"confidence_interval":{"confidence_level":0.95,"lower_bound":88004.74425287357,"upper_bound":89160.20833333333},"point_estimate":88571.68742424242,"standard_error":286.8917257112244},"median_abs_dev":{"confidence_interval":{"confidence_level":0.95,"lower_bound":1932.6577631692082,"upper_bound":3941.737034937815},"point_estimate":2705.5949222698646,"standard_error":526.8712793225366},"slope":{"confidence_interval":{"confidence_level":0.95,"lower_bound":89590.52301103191,"upper_bound":91435.90473228785},"point_estimate":90480.97164400769,"standard_error":470.1723089413726},"std_dev":{"confidence_interval":{"confidence_level":0.95,"lower_bound":3959.5448549425246,"upper_bound":6824.90286016216},"point_estimate":5445.473123853557,"standard_error":731.7145035631114}}