{"mean":{"confidence_interval":{"confidence_level":0.95,"lower_bound":53546.01787579234,"upper_bound":54605.64394784534},"point_estimate":54059.99135929124,"standard_error":269.99827122784444},"median":{"confidence_interval":{"confidence_level":0.95,"lower_bound":52478.956024096384,"upper_bound":53553.05588235294},"point_estimate":52741.91903409091,"standard_error":300.12550041396116},"median_abs_dev":{"confidence_interval":{"confidence_level":0.95,"lower_bound":747.7019777806456,"upper_bound":2098.651435737007},"point_estimate":1175.0601266548533,"standard_error":369.788443609242},"slope":{"confidence_interval":{"confidence_level":0.95,"lower_bound":53087.782098239964,"upper_bound":54114.528415232184},"point_estimate":53565.713483670756,"standard_error":261.85994727698477},"std_dev":{"confidence_interval":{"confidence_level":0.95,"lower_bound":2249.028024666117,"upper_bound":3110.9209845296396},"point_estimate":2724.96489665842,"standard_error":219.97156969508399}}