{"mean":{"confidence_interval":{"confidence_level":0.95,"lower_bound":51969.20884456888,"upper_bound":52528.505580834775},"point_estimate":52278.94817132789,"standard_error":143.2391647382856},"median":{"confidence_interval":{"confidence_level":0.95,"lower_bound":52366.96205630355,"upper_bound":52608.87854251012},"point_estimate":52510.88352431712,"standard_error":62.35852163533771},"median_abs_dev":{"confidence_interval":{"confidence_level":0.95,"lower_bound":271.3851813573907,"upper_bound":503.39600206163067},"point_estimate":384.25940438967035,"standard_error":57.81806873267255},"slope":{"confidence_interval":{"confidence_level":0.95,"lower_bound":52609.879868040414,"upper_bound":52928.815088633135},"point_estimate":52753.43278837703,"standard_error":81.89954286942385},"std_dev":{"confidence_interval":{"confidence_level":0.95,"lower_bound":664.8158313710353,"upper_bound":2147.533508591795},"point_estimate":1435.067485999877,"standard_error":395.21524406741776}}