{"mean":{"confidence_interval":{"confidence_level":0.95,"lower_bound":78631.96103389199,"upper_bound":79899.12969491056},"point_estimate":79350.67354468832,"standard_error":325.02514448425205},"median":{"confidence_interval":{"confidence_level":0.95,"lower_bound":79800.88186813187,"upper_bound":79971.29411764706},"point_estimate":79882.35247661767,"standard_error":41.31037152470067},"median_abs_dev":{"confidence_interval":{"confidence_level":0.95,"lower_bound":301.0933712099554,"upper_bound":662.4953747090309},"point_estimate":442.48937757041443,"standard_error":96.09431219309573},"slope":{"confidence_interval":{"confidence_level":0.95,"lower_bound":80113.36166983143,"upper_bound":80562.69627156085},"point_estimate":80313.66436757568,"standard_error":115.19778227589828},"std_dev":{"confidence_interval":{"confidence_level":0.95,"lower_bound":1396.2688170901113,"upper_bound":4968.527088890126},"point_estimate":3235.5098123915336,"standard_error":971.8009795113888}}