{"mean":{"confidence_interval":{"confidence_level":0.95,"lower_bound":50847.0454470407,"upper_bound":51378.86683406046},"point_estimate":51143.2281083595,"standard_error":136.32576706297652},"median":{"confidence_interval":{"confidence_level":0.95,"lower_bound":51276.24137931035,"upper_bound":51411.8376344086},"point_estimate":51353.76868181818,"standard_error":31.817922292722102},"median_abs_dev":{"confidence_interval":{"confidence_level":0.95,"lower_bound":195.4389079074629,"upper_bound":333.15337426528026},"point_estimate":247.9360002261796,"standard_error":35.27182997257685},"slope":{"confidence_interval":{"confidence_level":0.95,"lower_bound":51425.24502888525,"upper_bound":51557.24197961576},"point_estimate":51486.8637798138,"standard_error":33.6469251507098},"std_dev":{"confidence_interval":{"confidence_level":0.95,"lower_bound":595.1751127978152,"upper_bound":2091.6797634711065},"point_estimate":1371.573134663327,"standard_error":414.38754982359916}}