{"mean":{"confidence_interval":{"confidence_level":0.95,"lower_bound":48088.06306802236,"upper_bound":48796.48338351969},"point_estimate":48419.50396309211,"standard_error":179.38096359252856},"median":{"confidence_interval":{"confidence_level":0.95,"lower_bound":48313.47619047619,"upper_bound":48436.24723424723},"point_estimate":48369.56545454546,"standard_error":32.942588404924194},"median_abs_dev":{"confidence_interval":{"confidence_level":0.95,"lower_bound":181.46595522994053,"upper_bound":327.2611578416346},"point_estimate":228.62745020420965,"standard_error":36.59171800327712},"slope":{"confidence_interval":{"confidence_level":0.95,"lower_bound":48492.51836346675,"upper_bound":49389.81545010634},"point_estimate":48867.54559887972,"standard_error":232.98256118011597},"std_dev":{"confidence_interval":{"confidence_level":0.95,"lower_bound":738.5370822314412,"upper_bound":2701.9836009054984},"point_estimate":1805.764105328533,"standard_error":512.504821996476}}