{"mean":{"confidence_interval":{"confidence_level":0.95,"lower_bound":50921.20138789285,"upper_bound":51456.80708729093},"point_estimate":51214.8602867987,"standard_error":137.09701242821546},"median":{"confidence_interval":{"confidence_level":0.95,"lower_bound":51286.66333333333,"upper_bound":51406.97345545977},"point_estimate":51372.46408963228,"standard_error":25.76270677281337},"median_abs_dev":{"confidence_interval":{"confidence_level":0.95,"lower_bound":207.1450054532475,"upper_bound":374.0985225629655},"point_estimate":277.11620801608086,"standard_error":42.24975944380728},"slope":{"confidence_interval":{"confidence_level":0.95,"lower_bound":51512.22926129807,"upper_bound":51786.30879216183},"point_estimate":51636.83343549579,"standard_error":70.31211821948014},"std_dev":{"confidence_interval":{"confidence_level":0.95,"lower_bound":652.8909964194379,"upper_bound":2040.7480455027403},"point_estimate":1376.9117238418928,"standard_error":369.26540304698955}}