{"mean":{"confidence_interval":{"confidence_level":0.95,"lower_bound":77418.1429116799,"upper_bound":78627.0933242547},"point_estimate":78097.16819128323,"standard_error":311.5426104245118},"median":{"confidence_interval":{"confidence_level":0.95,"lower_bound":78606.0373115257,"upper_bound":78832.87212994626},"point_estimate":78737.88419599482,"standard_error":59.56908246178115},"median_abs_dev":{"confidence_interval":{"confidence_level":0.95,"lower_bound":344.3380498442207,"upper_bound":681.5210627280279},"point_estimate":518.2047451019389,"standard_error":83.3735629038322},"slope":{"confidence_interval":{"confidence_level":0.95,"lower_bound":78842.84942300447,"upper_bound":79179.76533142207},"point_estimate":79003.43993452388,"standard_error":85.90009048255287},"std_dev":{"confidence_interval":{"confidence_level":0.95,"lower_bound":1340.8642620543656,"upper_bound":4735.788416907729},"point_estimate":3121.5751521004395,"standard_error":922.8114647549668}}