{"mean":{"confidence_interval":{"confidence_level":0.95,"lower_bound":77414.42950098093,"upper_bound":78632.30254340915},"point_estimate":78114.1769807286,"standard_error":314.63881610227975},"median":{"confidence_interval":{"confidence_level":0.95,"lower_bound":78645.01045364892,"upper_bound":78858.26923076923},"point_estimate":78726.50005277741,"standard_error":48.34238813738015},"median_abs_dev":{"confidence_interval":{"confidence_level":0.95,"lower_bound":348.0938916426849,"upper_bound":612.9055257341234},"point_estimate":504.8865292355307,"standard_error":67.26290680595251},"slope":{"confidence_interval":{"confidence_level":0.95,"lower_bound":78875.98815500452,"upper_bound":79191.43304802642},"point_estimate":79020.27681963374,"standard_error":81.11521501227385},"std_dev":{"confidence_interval":{"confidence_level":0.95,"lower_bound":1165.750369551088,"upper_bound":4890.290319177138},"point_estimate":3149.635010634716,"standard_error":1031.0986618682825}}