{"mean":{"confidence_interval":{"confidence_level":0.95,"lower_bound":89676.38936576691,"upper_bound":91320.41339560528},"point_estimate":90622.20706754777,"standard_error":425.51884549416354},"median":{"confidence_interval":{"confidence_level":0.95,"lower_bound":91429.65374331552,"upper_bound":91689.24845721654},"point_estimate":91606.79140234397,"standard_error":72.83143144563203},"median_abs_dev":{"confidence_interval":{"confidence_level":0.95,"lower_bound":426.68366096329515,"upper_bound":908.4209661411122},"point_estimate":589.1560268131269,"standard_error":139.64726662288052},"slope":{"confidence_interval":{"confidence_level":0.95,"lower_bound":91787.4502007487,"upper_bound":92225.16435258798},"point_estimate":91986.42286980936,"standard_error":112.37632067986107},"std_dev":{"confidence_interval":{"confidence_level":0.95,"lower_bound":1548.1854873574664,"upper_bound":6631.749101605191},"point_estimate":4249.545391734501,"standard_error":1402.7771020099567}}