{"mean":{"confidence_interval":{"confidence_level":0.95,"lower_bound":91031.95387977068,"upper_bound":94065.37520149378},"point_estimate":92488.00982376793,"standard_error":770.5434549272778},"median":{"confidence_interval":{"confidence_level":0.95,"lower_bound":90883.03304425837,"upper_bound":93077.78363636363},"point_estimate":91718.80347886763,"standard_error":520.8496687721882},"median_abs_dev":{"confidence_interval":{"confidence_level":0.95,"lower_bound":3406.0613525773297,"upper_bound":5715.570926145892},"point_estimate":4348.325528531721,"standard_error":589.3987345746333},"slope":{"confidence_interval":{"confidence_level":0.95,"lower_bound":92241.7622116637,"upper_bound":94631.08240690909},"point_estimate":93390.57109690073,"standard_error":610.7452090171621},"std_dev":{"confidence_interval":{"confidence_level":0.95,"lower_bound":5039.302250405538,"upper_bound":10556.138025859822},"point_estimate":7724.774699268857,"standard_error":1460.8386584554476}}