{"mean":{"confidence_interval":{"confidence_level":0.95,"lower_bound":91145.41666673322,"upper_bound":92838.4659075106},"point_estimate":92114.62758646271,"standard_error":438.0263098982633},"median":{"confidence_interval":{"confidence_level":0.95,"lower_bound":92823.32108317215,"upper_bound":93296.21352688347},"point_estimate":93157.92615717615,"standard_error":107.05170242370197},"median_abs_dev":{"confidence_interval":{"confidence_level":0.95,"lower_bound":647.085861071167,"upper_bound":1095.3018956825422},"point_estimate":857.5826256104616,"standard_error":112.41225293403576},"slope":{"confidence_interval":{"confidence_level":0.95,"lower_bound":93434.37077010186,"upper_bound":93752.44306542461},"point_estimate":93586.09938417723,"standard_error":81.36877081502504},"std_dev":{"confidence_interval":{"confidence_level":0.95,"lower_bound":1671.5866726584559,"upper_bound":6850.243453574098},"point_estimate":4414.9632265466125,"standard_error":1455.0759952368198}}