{"mean":{"confidence_interval":{"confidence_level":0.95,"lower_bound":-0.01678478702105863,"upper_bound":0.017767523303238747},"point_estimate":0.0007853537012560974,"standard_error":0.008799906854666133},"median":{"confidence_interval":{"confidence_level":0.95,"lower_bound":-0.024103008657282654,"upper_bound":0.023702013337058236},"point_estimate":0.00015893255676280305,"standard_error":0.012845419030419086}}