{"mean":{"confidence_interval":{"confidence_level":0.95,"lower_bound":0.047797870949401446,"upper_bound":0.07663122331279097},"point_estimate":0.06197944796142929,"standard_error":0.00737970591610487},"median":{"confidence_interval":{"confidence_level":0.95,"lower_bound":0.03791181339688232,"upper_bound":0.09051876042466755},"point_estimate":0.05202524265282804,"standard_error":0.014263502995440418}}