{"mean":{"confidence_interval":{"confidence_level":0.95,"lower_bound":-0.004182560549203796,"upper_bound":0.04514294707295184},"point_estimate":0.020510230070588387,"standard_error":0.012573173220449728},"median":{"confidence_interval":{"confidence_level":0.95,"lower_bound":0.018374714307891848,"upper_bound":0.08380386940511841},"point_estimate":0.04675631148461523,"standard_error":0.01502850844798168}}