{"mean":{"confidence_interval":{"confidence_level":0.95,"lower_bound":-0.012072992170422054,"upper_bound":0.020493327764793873},"point_estimate":0.004777661187423288,"standard_error":0.008326532161615996},"median":{"confidence_interval":{"confidence_level":0.95,"lower_bound":-0.020699934778719675,"upper_bound":0.030377420507089026},"point_estimate":0.007261010144821389,"standard_error":0.013585015208212365}}