{"mean":{"confidence_interval":{"confidence_level":0.95,"lower_bound":0.016353596666267504,"upper_bound":0.050848232614574225},"point_estimate":0.03395868702299176,"standard_error":0.008817611520132097},"median":{"confidence_interval":{"confidence_level":0.95,"lower_bound":0.011393095465317785,"upper_bound":0.05528104909698217},"point_estimate":0.02917491254927218,"standard_error":0.01047093317737154}}