{"mean":{"confidence_interval":{"confidence_level":0.95,"lower_bound":-0.07030374897042603,"upper_bound":-0.04671836114583854},"point_estimate":-0.05742488873947793,"standard_error":0.006008371314178612},"median":{"confidence_interval":{"confidence_level":0.95,"lower_bound":-0.07270273576720687,"upper_bound":-0.045081720678567194},"point_estimate":-0.051886567855360055,"standard_error":0.006731165801685877}}