{"mean":{"confidence_interval":{"confidence_level":0.95,"lower_bound":-0.013385777338322576,"upper_bound":0.020621809674301637},"point_estimate":0.0033051804634383064,"standard_error":0.008705778202520977},"median":{"confidence_interval":{"confidence_level":0.95,"lower_bound":-0.026087845310467817,"upper_bound":0.026186144375384135},"point_estimate":-0.003468002837367923,"standard_error":0.013004515434267548}}