{"mean":{"confidence_interval":{"confidence_level":0.95,"lower_bound":-0.01285706052260496,"upper_bound":0.017774407609314136},"point_estimate":0.0024552543306937125,"standard_error":0.00784032265588717},"median":{"confidence_interval":{"confidence_level":0.95,"lower_bound":-0.01796910417579812,"upper_bound":0.0318983934394057},"point_estimate":0.005186744424317435,"standard_error":0.012659462149094048}}