{"mean":{"confidence_interval":{"confidence_level":0.95,"lower_bound":0.02154687674692802,"upper_bound":0.05740675907200454},"point_estimate":0.03951590305902197,"standard_error":0.009186309399271831},"median":{"confidence_interval":{"confidence_level":0.95,"lower_bound":0.01858640126549571,"upper_bound":0.08639123425427653},"point_estimate":0.04688045137321839,"standard_error":0.017585794839902434}}