{"mean":{"confidence_interval":{"confidence_level":0.95,"lower_bound":0.004567599598543713,"upper_bound":0.03987550818461151},"point_estimate":0.022191896439474057,"standard_error":0.008978789785565043},"median":{"confidence_interval":{"confidence_level":0.95,"lower_bound":0.012307752096099689,"upper_bound":0.03365873763073712},"point_estimate":0.02409295723434468,"standard_error":0.005266605146228281}}