{"mean":{"confidence_interval":{"confidence_level":0.95,"lower_bound":-0.00966377235673487,"upper_bound":0.022119053916719856},"point_estimate":0.00617615105950442,"standard_error":0.008104970394991213},"median":{"confidence_interval":{"confidence_level":0.95,"lower_bound":-0.01683455529187594,"upper_bound":0.02192447057890312},"point_estimate":-0.0037552684544116532,"standard_error":0.010012740807914675}}