{"mean":{"confidence_interval":{"confidence_level":0.95,"lower_bound":-0.07060025981407861,"upper_bound":-0.03552225814331394},"point_estimate":-0.05333939764617546,"standard_error":0.008935270655577858},"median":{"confidence_interval":{"confidence_level":0.95,"lower_bound":-0.06920911147409825,"upper_bound":-0.023681807352684325},"point_estimate":-0.044817795572774544,"standard_error":0.01146382162617252}}