{"mean":{"confidence_interval":{"confidence_level":0.95,"lower_bound":-0.05493142439019169,"upper_bound":-0.022762503775395973},"point_estimate":-0.039359691791931994,"standard_error":0.008216991330034404},"median":{"confidence_interval":{"confidence_level":0.95,"lower_bound":-0.06498403292148042,"upper_bound":-0.024892575714573033},"point_estimate":-0.041797504525400986,"standard_error":0.01062812167275229}}