{"mean":{"confidence_interval":{"confidence_level":0.95,"lower_bound":-0.03179169674647749,"upper_bound":0.00688055044270645},"point_estimate":-0.012508721974773596,"standard_error":0.009889502306454008},"median":{"confidence_interval":{"confidence_level":0.95,"lower_bound":-0.034781017354629684,"upper_bound":0.0047678078505815815},"point_estimate":-0.013985533930850114,"standard_error":0.010277209762387437}}