{"mean":{"confidence_interval":{"confidence_level":0.95,"lower_bound":-0.0038099073561532627,"upper_bound":0.027822965470520454},"point_estimate":0.011767573254265473,"standard_error":0.008058600082243975},"median":{"confidence_interval":{"confidence_level":0.95,"lower_bound":-0.012993354200807274,"upper_bound":0.031035007868236875},"point_estimate":0.005744578262025124,"standard_error":0.011306793381325037}}