{"mean":{"confidence_interval":{"confidence_level":0.95,"lower_bound":-0.027121751954501457,"upper_bound":-0.003030414755977478},"point_estimate":-0.014692313380594624,"standard_error":0.006150319134057598},"median":{"confidence_interval":{"confidence_level":0.95,"lower_bound":-0.012244083385928528,"upper_bound":0.0007426129674033},"point_estimate":-0.004669361005031902,"standard_error":0.0031502094953422197}}