{"mean":{"confidence_interval":{"confidence_level":0.95,"lower_bound":143254.00881483994,"upper_bound":143894.418176997},"point_estimate":143563.51149151483,"standard_error":163.0589504605927},"median":{"confidence_interval":{"confidence_level":0.95,"lower_bound":143135.92646276596,"upper_bound":143936.125},"point_estimate":143478.07739348372,"standard_error":223.3749435166273},"median_abs_dev":{"confidence_interval":{"confidence_level":0.95,"lower_bound":1057.3409353642828,"upper_bound":1661.4796913266423},"point_estimate":1378.216948075742,"standard_error":155.80817281063298},"slope":{"confidence_interval":{"confidence_level":0.95,"lower_bound":143051.97237539565,"upper_bound":143744.41262607565},"point_estimate":143386.15267976947,"standard_error":176.184172885763},"std_dev":{"confidence_interval":{"confidence_level":0.95,"lower_bound":1228.3533108465829,"upper_bound":2102.6378876027397},"point_estimate":1632.983410550273,"standard_error":234.8784104215972}}