{"mean":{"confidence_interval":{"confidence_level":0.95,"lower_bound":108112.08244731455,"upper_bound":108463.18697788335},"point_estimate":108281.93393726116,"standard_error":89.58354557919787},"median":{"confidence_interval":{"confidence_level":0.95,"lower_bound":108213.40154440154,"upper_bound":108359.31898238747},"point_estimate":108283.14484126984,"standard_error":38.881715348428166},"median_abs_dev":{"confidence_interval":{"confidence_level":0.95,"lower_bound":222.89566454959788,"upper_bound":413.10221391596207},"point_estimate":290.58628546605445,"standard_error":49.699997117616526},"slope":{"confidence_interval":{"confidence_level":0.95,"lower_bound":108323.57465291601,"upper_bound":108769.46666762636},"point_estimate":108516.87069518039,"standard_error":115.69818791909739},"std_dev":{"confidence_interval":{"confidence_level":0.95,"lower_bound":592.6362328163788,"upper_bound":1174.9091692169277},"point_estimate":900.859564443219,"standard_error":149.15693468238996}}