{"mean":{"confidence_interval":{"confidence_level":0.95,"lower_bound":301751.07084508135,"upper_bound":302131.69582959707},"point_estimate":301946.5149442539,"standard_error":97.21953580655843},"median":{"confidence_interval":{"confidence_level":0.95,"lower_bound":301987.2039800995,"upper_bound":302252.1666666667},"point_estimate":302105.5196476965,"standard_error":66.25978572654199},"median_abs_dev":{"confidence_interval":{"confidence_level":0.95,"lower_bound":433.604090604396,"upper_bound":761.2622339527863},"point_estimate":624.6923049242722,"standard_error":86.06840981921167},"slope":{"confidence_interval":{"confidence_level":0.95,"lower_bound":301516.2248740615,"upper_bound":302051.3031815551},"point_estimate":301804.20063642185,"standard_error":137.14228082890216},"std_dev":{"confidence_interval":{"confidence_level":0.95,"lower_bound":772.1130997288907,"upper_bound":1154.5723166784016},"point_estimate":978.7686144105597,"standard_error":97.6963326673243}}