{"mean":{"confidence_interval":{"confidence_level":0.95,"lower_bound":102184.15361925501,"upper_bound":103097.46537048093},"point_estimate":102656.32107556605,"standard_error":233.3620475942237},"median":{"confidence_interval":{"confidence_level":0.95,"lower_bound":102858.00689382895,"upper_bound":103188.8492063492},"point_estimate":102958.4146210597,"standard_error":82.5742665463895},"median_abs_dev":{"confidence_interval":{"confidence_level":0.95,"lower_bound":690.3921114623403,"upper_bound":1482.7763491573685},"point_estimate":1103.5845887686598,"standard_error":205.1067698734823},"slope":{"confidence_interval":{"confidence_level":0.95,"lower_bound":103004.76434219876,"upper_bound":103795.6063257092},"point_estimate":103370.20425299247,"standard_error":203.69534709637907},"std_dev":{"confidence_interval":{"confidence_level":0.95,"lower_bound":1698.1114872752812,"upper_bound":2907.6283314296297},"point_estimate":2345.8618477100235,"standard_error":308.9590286999239}}