{"mean":{"confidence_interval":{"confidence_level":0.95,"lower_bound":142539.67011272453,"upper_bound":144645.85803572126},"point_estimate":143582.99603683862,"standard_error":536.0174750910825},"median":{"confidence_interval":{"confidence_level":0.95,"lower_bound":142130.998,"upper_bound":144168.66666666666},"point_estimate":143240.08222062007,"standard_error":546.0764830766},"median_abs_dev":{"confidence_interval":{"confidence_level":0.95,"lower_bound":3686.227016192734,"upper_bound":6386.084352922628},"point_estimate":5106.901933412856,"standard_error":694.5533804700777},"slope":{"confidence_interval":{"confidence_level":0.95,"lower_bound":142880.25515855275,"upper_bound":144806.3773740077},"point_estimate":143819.2567146446,"standard_error":489.4685420257212},"std_dev":{"confidence_interval":{"confidence_level":0.95,"lower_bound":4546.04186555678,"upper_bound":6157.747334966906},"point_estimate":5386.649652160662,"standard_error":409.4332382449264}}