{"mean":{"confidence_interval":{"confidence_level":0.95,"lower_bound":100091.64555501798,"upper_bound":100511.58218607816},"point_estimate":100274.08982918765,"standard_error":108.28847124292061},"median":{"confidence_interval":{"confidence_level":0.95,"lower_bound":100034.09308712122,"upper_bound":100132.85515873016},"point_estimate":100072.34799016282,"standard_error":24.85202715702722},"median_abs_dev":{"confidence_interval":{"confidence_level":0.95,"lower_bound":169.2813747682792,"upper_bound":302.69486695754205},"point_estimate":220.65385163695402,"standard_error":33.606122250914275},"slope":{"confidence_interval":{"confidence_level":0.95,"lower_bound":100117.2050243293,"upper_bound":100610.76785779007},"point_estimate":100336.99317903059,"standard_error":126.80094031682114},"std_dev":{"confidence_interval":{"confidence_level":0.95,"lower_bound":444.17434292477293,"upper_bound":1651.576659931808},"point_estimate":1088.5588868033003,"standard_error":323.0913694258254}}