{"mean":{"confidence_interval":{"confidence_level":0.95,"lower_bound":228177.14111572076,"upper_bound":230295.43798180379},"point_estimate":229277.02153321105,"standard_error":541.9700195399827},"median":{"confidence_interval":{"confidence_level":0.95,"lower_bound":228794.10267857142,"upper_bound":232037.90988372092},"point_estimate":230652.6533866995,"standard_error":874.7780135083982},"median_abs_dev":{"confidence_interval":{"confidence_level":0.95,"lower_bound":3745.5490991251336,"upper_bound":6098.975111233515},"point_estimate":4992.827291375279,"standard_error":587.462604087463},"slope":{"confidence_interval":{"confidence_level":0.95,"lower_bound":227417.92766967978,"upper_bound":229445.25401555363},"point_estimate":228466.8685141126,"standard_error":516.4249949970002},"std_dev":{"confidence_interval":{"confidence_level":0.95,"lower_bound":4250.287241209565,"upper_bound":6643.280227370686},"point_estimate":5408.508537446382,"standard_error":619.5607794167759}}