{"mean":{"confidence_interval":{"confidence_level":0.95,"lower_bound":131208.48458640484,"upper_bound":131423.2704458005},"point_estimate":131309.40713476052,"standard_error":55.21739013240582},"median":{"confidence_interval":{"confidence_level":0.95,"lower_bound":131112.08141025642,"upper_bound":131199.99412827461},"point_estimate":131148.79813828785,"standard_error":23.810853596470164},"median_abs_dev":{"confidence_interval":{"confidence_level":0.95,"lower_bound":156.48056070418008,"upper_bound":271.5515933078902},"point_estimate":209.860080715184,"standard_error":29.15886891570678},"slope":{"confidence_interval":{"confidence_level":0.95,"lower_bound":131198.81325381013,"upper_bound":131479.5746528062},"point_estimate":131322.41380670902,"standard_error":72.70237917163536},"std_dev":{"confidence_interval":{"confidence_level":0.95,"lower_bound":380.44107393871263,"upper_bound":700.5217538414444},"point_estimate":557.2864146701334,"standard_error":81.73372617647186}}