{"mean":{"confidence_interval":{"confidence_level":0.95,"lower_bound":100808.65927296002,"upper_bound":101047.98978692804},"point_estimate":100917.26617351206,"standard_error":61.11014583296248},"median":{"confidence_interval":{"confidence_level":0.95,"lower_bound":100776.3829787234,"upper_bound":100936.85892611739},"point_estimate":100874.415932282,"standard_error":39.51372310670195},"median_abs_dev":{"confidence_interval":{"confidence_level":0.95,"lower_bound":252.5423511917916,"upper_bound":413.57579888953444},"point_estimate":326.5904439308028,"standard_error":41.9452739116546},"slope":{"confidence_interval":{"confidence_level":0.95,"lower_bound":100840.9715524456,"upper_bound":101106.56220194852},"point_estimate":100949.67511325973,"standard_error":69.21010593738971},"std_dev":{"confidence_interval":{"confidence_level":0.95,"lower_bound":344.36711911993166,"upper_bound":887.9963105284546},"point_estimate":613.4535891861882,"standard_error":147.32550956220535}}