{"mean":{"confidence_interval":{"confidence_level":0.95,"lower_bound":100919.95251104223,"upper_bound":101091.720025679},"point_estimate":100997.87817432254,"standard_error":43.863954638520404},"median":{"confidence_interval":{"confidence_level":0.95,"lower_bound":100922.02721088435,"upper_bound":101035.34285714285},"point_estimate":100993.09193121694,"standard_error":23.340789503413298},"median_abs_dev":{"confidence_interval":{"confidence_level":0.95,"lower_bound":171.6842170605589,"upper_bound":280.16614939116164},"point_estimate":226.00449757623682,"standard_error":27.842611925911648},"slope":{"confidence_interval":{"confidence_level":0.95,"lower_bound":100992.31504785278,"upper_bound":101203.87734408594},"point_estimate":101081.18878169266,"standard_error":54.797073040313705},"std_dev":{"confidence_interval":{"confidence_level":0.95,"lower_bound":244.47258693088992,"upper_bound":652.9999427444724},"point_estimate":440.1758412768595,"standard_error":120.2890713937606}}