{"mean":{"confidence_interval":{"confidence_level":0.95,"lower_bound":103249.05415205327,"upper_bound":103741.13211288876},"point_estimate":103454.51048888676,"standard_error":127.22028831184069},"median":{"confidence_interval":{"confidence_level":0.95,"lower_bound":103186.64661654136,"upper_bound":103255.3387755102},"point_estimate":103217.0553968254,"standard_error":15.391815882937424},"median_abs_dev":{"confidence_interval":{"confidence_level":0.95,"lower_bound":100.94484093513434,"upper_bound":197.7945893494123},"point_estimate":135.83009740670704,"standard_error":25.721299746268283},"slope":{"confidence_interval":{"confidence_level":0.95,"lower_bound":103304.70276399696,"upper_bound":103913.99708389617},"point_estimate":103568.02374802086,"standard_error":157.02362145264428},"std_dev":{"confidence_interval":{"confidence_level":0.95,"lower_bound":269.1164625358196,"upper_bound":2024.2202278788752},"point_estimate":1276.1308072200975,"standard_error":455.19748868825167}}