{"mean":{"confidence_interval":{"confidence_level":0.95,"lower_bound":106319.47733154909,"upper_bound":106663.087343667},"point_estimate":106455.08922186529,"standard_error":91.68039756957404},"median":{"confidence_interval":{"confidence_level":0.95,"lower_bound":106360.66806722688,"upper_bound":106432.70058109007},"point_estimate":106397.88831453634,"standard_error":19.70196746561282},"median_abs_dev":{"confidence_interval":{"confidence_level":0.95,"lower_bound":162.8165091352295,"upper_bound":272.3687601799987},"point_estimate":212.7374519049772,"standard_error":28.019150478921787},"slope":{"confidence_interval":{"confidence_level":0.95,"lower_bound":106404.77211858095,"upper_bound":106623.7877301751},"point_estimate":106494.35142603812,"standard_error":56.96082621387823},"std_dev":{"confidence_interval":{"confidence_level":0.95,"lower_bound":269.27415774998616,"upper_bound":1526.1460401228665},"point_estimate":921.779396381319,"standard_error":419.7028041304461}}