{"mean":{"confidence_interval":{"confidence_level":0.95,"lower_bound":101315.58676541087,"upper_bound":101805.84293796695},"point_estimate":101553.47106744809,"standard_error":125.37337676512196},"median":{"confidence_interval":{"confidence_level":0.95,"lower_bound":101136.01190476191,"upper_bound":101658.95399812952},"point_estimate":101407.41341248038,"standard_error":125.59831271412745},"median_abs_dev":{"confidence_interval":{"confidence_level":0.95,"lower_bound":810.8134823008412,"upper_bound":1200.3221673778705},"point_estimate":1064.8953268013736,"standard_error":102.34623566644126},"slope":{"confidence_interval":{"confidence_level":0.95,"lower_bound":101417.1987054283,"upper_bound":101761.38672848645},"point_estimate":101592.39909012223,"standard_error":87.74888157350436},"std_dev":{"confidence_interval":{"confidence_level":0.95,"lower_bound":983.3831286365831,"upper_bound":1513.3715371929577},"point_estimate":1259.8455551192026,"standard_error":136.25189205979873}}