{"mean":{"confidence_interval":{"confidence_level":0.95,"lower_bound":136829.5855071997,"upper_bound":139862.30078350098},"point_estimate":138292.57902062804,"standard_error":777.1314193597401},"median":{"confidence_interval":{"confidence_level":0.95,"lower_bound":134601.3596948894,"upper_bound":137525.76470588235},"point_estimate":136186.02398190045,"standard_error":775.56379509021},"median_abs_dev":{"confidence_interval":{"confidence_level":0.95,"lower_bound":3907.835423545463,"upper_bound":7228.283561338984},"point_estimate":5339.3830187345475,"standard_error":913.5479138070122},"slope":{"confidence_interval":{"confidence_level":0.95,"lower_bound":137411.67759393356,"upper_bound":141115.16356649794},"point_estimate":139168.3368677405,"standard_error":945.5105962803823},"std_dev":{"confidence_interval":{"confidence_level":0.95,"lower_bound":6309.754012244007,"upper_bound":9098.346510633151},"point_estimate":7801.743816973185,"standard_error":709.6697733854714}}