{"mean":{"confidence_interval":{"confidence_level":0.95,"lower_bound":138732.76399181798,"upper_bound":138923.12791469684},"point_estimate":138833.16976512267,"standard_error":48.65652544158466},"median":{"confidence_interval":{"confidence_level":0.95,"lower_bound":138857.21555555557,"upper_bound":138903.1274509804},"point_estimate":138870.42110004742,"standard_error":13.227271186527458},"median_abs_dev":{"confidence_interval":{"confidence_level":0.95,"lower_bound":86.12488090241132,"upper_bound":162.30026597228422},"point_estimate":118.11504588283557,"standard_error":19.72474528912862},"slope":{"confidence_interval":{"confidence_level":0.95,"lower_bound":138878.61578729385,"upper_bound":139031.5183853946},"point_estimate":138937.36832175756,"standard_error":40.629725337284455},"std_dev":{"confidence_interval":{"confidence_level":0.95,"lower_bound":297.45294419971367,"upper_bound":655.8802849718361},"point_estimate":490.63782137018086,"standard_error":91.86873748744374}}