{"mean":{"confidence_interval":{"confidence_level":0.95,"lower_bound":157638.5273748079,"upper_bound":158445.29524100065},"point_estimate":158008.88769103563,"standard_error":206.69739741300398},"median":{"confidence_interval":{"confidence_level":0.95,"lower_bound":157220.0690909091,"upper_bound":157309.52885202138},"point_estimate":157266.96470256025,"standard_error":25.93103259729519},"median_abs_dev":{"confidence_interval":{"confidence_level":0.95,"lower_bound":156.24809054513173,"upper_bound":313.5966803359361},"point_estimate":236.9559300473885,"standard_error":39.920194375352374},"slope":{"confidence_interval":{"confidence_level":0.95,"lower_bound":157251.4483467215,"upper_bound":157449.33415891379},"point_estimate":157334.0205509088,"standard_error":51.148915642651374},"std_dev":{"confidence_interval":{"confidence_level":0.95,"lower_bound":1231.1506539054658,"upper_bound":2849.914763030801},"point_estimate":2085.706855138714,"standard_error":417.72203163712993}}