{"mean":{"confidence_interval":{"confidence_level":0.95,"lower_bound":130362.02803102587,"upper_bound":130719.61690660247},"point_estimate":130519.99101403986,"standard_error":91.51021714852321},"median":{"confidence_interval":{"confidence_level":0.95,"lower_bound":130212.63793103448,"upper_bound":130330.54222222223},"point_estimate":130275.77048611111,"standard_error":27.952466714264837},"median_abs_dev":{"confidence_interval":{"confidence_level":0.95,"lower_bound":151.4269111663183,"upper_bound":279.2937313968037},"point_estimate":208.46009613725033,"standard_error":33.195373357682065},"slope":{"confidence_interval":{"confidence_level":0.95,"lower_bound":130339.87976307054,"upper_bound":130658.88054275529},"point_estimate":130487.33465740604,"standard_error":81.91723273623897},"std_dev":{"confidence_interval":{"confidence_level":0.95,"lower_bound":405.72852465120064,"upper_bound":1322.5231644038943},"point_estimate":923.0865771612824,"standard_error":235.59287564462736}}