{"mean":{"confidence_interval":{"confidence_level":0.95,"lower_bound":126780.16407422234,"upper_bound":126874.18787911646},"point_estimate":126822.46201318625,"standard_error":23.988000686855976},"median":{"confidence_interval":{"confidence_level":0.95,"lower_bound":126749.6978021978,"upper_bound":126803.81321384048},"point_estimate":126774.3105982906,"standard_error":15.232778782745564},"median_abs_dev":{"confidence_interval":{"confidence_level":0.95,"lower_bound":75.11507948767292,"upper_bound":142.7064320919715},"point_estimate":99.21385182674484,"standard_error":17.138101565239634},"slope":{"confidence_interval":{"confidence_level":0.95,"lower_bound":126751.83103828174,"upper_bound":126792.77446952874},"point_estimate":126771.82281907296,"standard_error":10.516597033605635},"std_dev":{"confidence_interval":{"confidence_level":0.95,"lower_bound":139.16391214744934,"upper_bound":349.7212330636316},"point_estimate":241.24715416653044,"standard_error":61.33175577884782}}