{"mean":{"confidence_interval":{"confidence_level":0.95,"lower_bound":103185.50418021483,"upper_bound":103938.96225041499},"point_estimate":103551.91183991972,"standard_error":192.47134772316758},"median":{"confidence_interval":{"confidence_level":0.95,"lower_bound":102869.79347826086,"upper_bound":103851.74254317112},"point_estimate":103214.0506122449,"standard_error":237.0899601790361},"median_abs_dev":{"confidence_interval":{"confidence_level":0.95,"lower_bound":1454.4370066657493,"upper_bound":2153.2439363934914},"point_estimate":1836.0857958614567,"standard_error":178.76984197691928},"slope":{"confidence_interval":{"confidence_level":0.95,"lower_bound":103570.43381031929,"upper_bound":104318.72665364474},"point_estimate":103927.05003103295,"standard_error":191.01899514200983},"std_dev":{"confidence_interval":{"confidence_level":0.95,"lower_bound":1521.833211626161,"upper_bound":2309.581079504942},"point_estimate":1930.1228888009862,"standard_error":201.56818004804063}}