{"mean":{"confidence_interval":{"confidence_level":0.95,"lower_bound":226322.9098172877,"upper_bound":230105.97655505216},"point_estimate":228219.44603047226,"standard_error":964.8487879759106},"median":{"confidence_interval":{"confidence_level":0.95,"lower_bound":226472.48369565216,"upper_bound":230928.95833333334},"point_estimate":228439.05919867946,"standard_error":1224.9941220949831},"median_abs_dev":{"confidence_interval":{"confidence_level":0.95,"lower_bound":7006.067492662897,"upper_bound":11420.7734434977},"point_estimate":9068.977825531923,"standard_error":1131.5958978720969},"slope":{"confidence_interval":{"confidence_level":0.95,"lower_bound":229311.46027619796,"upper_bound":233720.93408218137},"point_estimate":231567.9590970888,"standard_error":1122.2769570515725},"std_dev":{"confidence_interval":{"confidence_level":0.95,"lower_bound":8257.754290522103,"upper_bound":10947.533971161665},"point_estimate":9676.518673765324,"standard_error":685.0665635055894}}