{"mean":{"confidence_interval":{"confidence_level":0.95,"lower_bound":-0.04959866551272027,"upper_bound":-0.03188137806341352},"point_estimate":-0.04051220361504537,"standard_error":0.004519257742617817},"median":{"confidence_interval":{"confidence_level":0.95,"lower_bound":-0.04530644121525651,"upper_bound":-0.017182982941622682},"point_estimate":-0.041561716037571306,"standard_error":0.010109228740451944}}