{"mean":{"confidence_interval":{"confidence_level":0.95,"lower_bound":-0.015492737387630484,"upper_bound":-8.771443553079843e-6},"point_estimate":-0.007652249879481654,"standard_error":0.003954040861817762},"median":{"confidence_interval":{"confidence_level":0.95,"lower_bound":-0.01202125539445604,"upper_bound":0.005544479324254947},"point_estimate":-0.0049192572303173865,"standard_error":0.004737148627566079}}