{"mean":{"confidence_interval":{"confidence_level":0.95,"lower_bound":-0.09155166303591336,"upper_bound":-0.07533643997280304},"point_estimate":-0.08305721041365766,"standard_error":0.004104726548759702},"median":{"confidence_interval":{"confidence_level":0.95,"lower_bound":-0.1184652663145267,"upper_bound":-0.04348714051909708},"point_estimate":-0.08651094340063947,"standard_error":0.020169682523209817}}