{"mean":{"confidence_interval":{"confidence_level":0.95,"lower_bound":0.4788058507680366,"upper_bound":0.5461378692673817},"point_estimate":0.5105033157011436,"standard_error":0.016672685105921153},"median":{"confidence_interval":{"confidence_level":0.95,"lower_bound":0.4390742244626973,"upper_bound":0.5309776728446809},"point_estimate":0.5118164794370859,"standard_error":0.02513625504396933}}