{"mean":{"confidence_interval":{"confidence_level":0.95,"lower_bound":-0.0013692971524402315,"upper_bound":0.018959485591166787},"point_estimate":0.009124950700910128,"standard_error":0.005155244330618602},"median":{"confidence_interval":{"confidence_level":0.95,"lower_bound":-0.0006767542767389667,"upper_bound":0.014830844187785353},"point_estimate":0.008998488941585503,"standard_error":0.0043677703598164405}}