{"mean":{"confidence_interval":{"confidence_level":0.95,"lower_bound":-0.008942698624688739,"upper_bound":0.004108849916924903},"point_estimate":-0.002431636532229553,"standard_error":0.0033472164352243514},"median":{"confidence_interval":{"confidence_level":0.95,"lower_bound":-0.002912036677785599,"upper_bound":0.007150431069504082},"point_estimate":0.0017920317874162706,"standard_error":0.003209895568581486}}