{"mean":{"confidence_interval":{"confidence_level":0.95,"lower_bound":0.07618839218069466,"upper_bound":0.0904032227524859},"point_estimate":0.08328571315108912,"standard_error":0.003632569555457259},"median":{"confidence_interval":{"confidence_level":0.95,"lower_bound":0.07895085094250853,"upper_bound":0.0881455086213954},"point_estimate":0.08417571045345995,"standard_error":0.002456143387539826}}