{"mean":{"confidence_interval":{"confidence_level":0.95,"lower_bound":-0.2809584244980727,"upper_bound":-0.2607860849171827},"point_estimate":-0.27061423279669283,"standard_error":0.005137047388156969},"median":{"confidence_interval":{"confidence_level":0.95,"lower_bound":-0.2843185243968551,"upper_bound":-0.242507382296701},"point_estimate":-0.2740508452977538,"standard_error":0.012284344485291919}}