{"mean":{"confidence_interval":{"confidence_level":0.95,"lower_bound":-0.00985944164144534,"upper_bound":0.0047347048866510115},"point_estimate":-0.0025891325506931517,"standard_error":0.0037316975985211068},"median":{"confidence_interval":{"confidence_level":0.95,"lower_bound":-0.016200390117708574,"upper_bound":0.010195427512667376},"point_estimate":-0.002459076578930519,"standard_error":0.005325406657891441}}