{"mean":{"confidence_interval":{"confidence_level":0.95,"lower_bound":-0.025313222165103236,"upper_bound":0.0007182372564373992},"point_estimate":-0.011301595048273771,"standard_error":0.006665497730403407},"median":{"confidence_interval":{"confidence_level":0.95,"lower_bound":-0.010093425399771538,"upper_bound":0.0016917078658232538},"point_estimate":-0.00520871602169104,"standard_error":0.003391318327528001}}