{"mean":{"confidence_interval":{"confidence_level":0.95,"lower_bound":-0.08509046895197545,"upper_bound":-0.06999832581243495},"point_estimate":-0.07751137685762999,"standard_error":0.003844177308883066},"median":{"confidence_interval":{"confidence_level":0.95,"lower_bound":-0.08317752914253862,"upper_bound":-0.05529957622604487},"point_estimate":-0.07390795140951756,"standard_error":0.007859105580184109}}