{"mean":{"confidence_interval":{"confidence_level":0.95,"lower_bound":0.0004554697189862128,"upper_bound":0.025710442604062057},"point_estimate":0.011949964079679853,"standard_error":0.006499027253883759},"median":{"confidence_interval":{"confidence_level":0.95,"lower_bound":-0.007898823880060246,"upper_bound":0.018708711620208485},"point_estimate":0.006456396734961567,"standard_error":0.0060919631731502786}}