{"mean":{"confidence_interval":{"confidence_level":0.95,"lower_bound":0.005777405515428253,"upper_bound":0.02978212569846271},"point_estimate":0.01684690107002118,"standard_error":0.006191938369736599},"median":{"confidence_interval":{"confidence_level":0.95,"lower_bound":-0.018468501663266856,"upper_bound":0.03102131520028184},"point_estimate":0.007027837366146539,"standard_error":0.01239691419381318}}