{"mean":{"confidence_interval":{"confidence_level":0.95,"lower_bound":0.22330712613075557,"upper_bound":0.28086896705596726},"point_estimate":0.24913142105523112,"standard_error":0.014385660914062104},"median":{"confidence_interval":{"confidence_level":0.95,"lower_bound":0.18484870015032961,"upper_bound":0.24639371706633306},"point_estimate":0.2265275918965366,"standard_error":0.01617707833363383}}