{"mean":{"confidence_interval":{"confidence_level":0.95,"lower_bound":-0.01871741796298905,"upper_bound":-0.010006235957827014},"point_estimate":-0.01422256399053523,"standard_error":0.0022148285494674675},"median":{"confidence_interval":{"confidence_level":0.95,"lower_bound":-0.015917911451043907,"upper_bound":-0.013864157188431592},"point_estimate":-0.014871341509554492,"standard_error":0.0005143062676175981}}