{"mean":{"confidence_interval":{"confidence_level":0.95,"lower_bound":-0.009111578534119005,"upper_bound":0.004382875213467052},"point_estimate":-0.002685808425734293,"standard_error":0.0034444175235051246},"median":{"confidence_interval":{"confidence_level":0.95,"lower_bound":-0.012793025687788284,"upper_bound":0.0016688089262328898},"point_estimate":-0.007955451626841858,"standard_error":0.0037569310695747212}}