{"mean":{"confidence_interval":{"confidence_level":0.95,"lower_bound":-0.2814661229176585,"upper_bound":-0.26186554316647076},"point_estimate":-0.27137124012105274,"standard_error":0.0050175117283501386},"median":{"confidence_interval":{"confidence_level":0.95,"lower_bound":-0.28109196000640824,"upper_bound":-0.2408286706419639},"point_estimate":-0.27142169758841683,"standard_error":0.012095787123487864}}