{"mean":{"confidence_interval":{"confidence_level":0.95,"lower_bound":-0.34298550833220404,"upper_bound":-0.28223780725792674},"point_estimate":-0.3098887203787156,"standard_error":0.0156090730051956},"median":{"confidence_interval":{"confidence_level":0.95,"lower_bound":-0.2962333616407784,"upper_bound":-0.2581300738962089},"point_estimate":-0.2880522984443534,"standard_error":0.011280526321884473}}