{"mean":{"confidence_interval":{"confidence_level":0.95,"lower_bound":-0.021744278666195747,"upper_bound":0.0018542768792420737},"point_estimate":-0.008866711895955115,"standard_error":0.006066209953216641},"median":{"confidence_interval":{"confidence_level":0.95,"lower_bound":-0.0292808580911037,"upper_bound":0.024440857751844458},"point_estimate":-0.013854000119598808,"standard_error":0.014107192880222073}}