{"mean":{"confidence_interval":{"confidence_level":0.95,"lower_bound":-0.008497463559093104,"upper_bound":0.008390579993793716},"point_estimate":0.0003910225862124861,"standard_error":0.004279149399616532},"median":{"confidence_interval":{"confidence_level":0.95,"lower_bound":-0.01581839813976233,"upper_bound":0.02788611481527116},"point_estimate":0.007421038824935611,"standard_error":0.01075137391481544}}