{"mean":{"confidence_interval":{"confidence_level":0.95,"lower_bound":0.013648518248633968,"upper_bound":0.03230105379084065},"point_estimate":0.022452021198431815,"standard_error":0.004766421604319235},"median":{"confidence_interval":{"confidence_level":0.95,"lower_bound":-0.02305129105118002,"upper_bound":0.07107957039195045},"point_estimate":0.023383879734786284,"standard_error":0.0267945228246345}}