{"mean":{"confidence_interval":{"confidence_level":0.95,"lower_bound":-0.001734076266831555,"upper_bound":0.010001834067123115},"point_estimate":0.004201540142196203,"standard_error":0.0030180101102632215},"median":{"confidence_interval":{"confidence_level":0.95,"lower_bound":-0.015472196134464489,"upper_bound":0.02533401300239979},"point_estimate":0.002344111400701898,"standard_error":0.010284545894240311}}