{"mean":{"confidence_interval":{"confidence_level":0.95,"lower_bound":-0.01416479556319167,"upper_bound":0.006703165204676904},"point_estimate":-0.002841048092535381,"standard_error":0.0053341909605276235},"median":{"confidence_interval":{"confidence_level":0.95,"lower_bound":-0.022939243287356748,"upper_bound":0.023970755369374208},"point_estimate":0.0006189888479968264,"standard_error":0.010261225216793537}}