{"mean":{"confidence_interval":{"confidence_level":0.95,"lower_bound":0.12204179109915851,"upper_bound":0.1520769035899674},"point_estimate":0.136836827520312,"standard_error":0.007651182526361005},"median":{"confidence_interval":{"confidence_level":0.95,"lower_bound":0.11550456915567153,"upper_bound":0.15552287393616826},"point_estimate":0.13580091876674016,"standard_error":0.011273566671862462}}