{"mean":{"confidence_interval":{"confidence_level":0.95,"lower_bound":0.1026495477189742,"upper_bound":0.1194408975667868},"point_estimate":0.11111254834823514,"standard_error":0.004305307199229855},"median":{"confidence_interval":{"confidence_level":0.95,"lower_bound":0.06934709034353626,"upper_bound":0.15373891829965092},"point_estimate":0.11803442768608585,"standard_error":0.023062799112099998}}