{"mean":{"confidence_interval":{"confidence_level":0.95,"lower_bound":0.00424443392582163,"upper_bound":0.02035163493816065},"point_estimate":0.012527644676195049,"standard_error":0.0041000804736805035},"median":{"confidence_interval":{"confidence_level":0.95,"lower_bound":-0.029246439447539154,"upper_bound":0.05400950404976124},"point_estimate":0.012305647805427533,"standard_error":0.02252502962407749}}