{"mean":{"confidence_interval":{"confidence_level":0.95,"lower_bound":-0.022614167478642686,"upper_bound":-0.010344617975002026},"point_estimate":-0.016419641966037846,"standard_error":0.003139505026315163},"median":{"confidence_interval":{"confidence_level":0.95,"lower_bound":-0.030757444522952843,"upper_bound":-0.005743062519126152},"point_estimate":-0.023978025556092075,"standard_error":0.007463441826850401}}