{"mean":{"confidence_interval":{"confidence_level":0.95,"lower_bound":0.004982975649241883,"upper_bound":0.020729550662150542},"point_estimate":0.012707547995164159,"standard_error":0.004021881275325461},"median":{"confidence_interval":{"confidence_level":0.95,"lower_bound":-0.024732920230968958,"upper_bound":0.049563312211749144},"point_estimate":0.010708971839651804,"standard_error":0.019887831141963522}}