{"mean":{"confidence_interval":{"confidence_level":0.95,"lower_bound":-0.03052002617847985,"upper_bound":-0.009851317908397326},"point_estimate":-0.02007133366015834,"standard_error":0.005259858615528131},"median":{"confidence_interval":{"confidence_level":0.95,"lower_bound":-0.010144227801552663,"upper_bound":-0.002979954751118674},"point_estimate":-0.006360492680431484,"standard_error":0.0019284338505228351}}