{"mean":{"confidence_interval":{"confidence_level":0.95,"lower_bound":-0.0018954388223070629,"upper_bound":0.01747768601101109},"point_estimate":0.007610433833823427,"standard_error":0.00484654446914526},"median":{"confidence_interval":{"confidence_level":0.95,"lower_bound":-0.009529224364373978,"upper_bound":0.010072689587527162},"point_estimate":-0.0017586957169455353,"standard_error":0.004663692090162642}}