{"mean":{"confidence_interval":{"confidence_level":0.95,"lower_bound":-0.012536721757249144,"upper_bound":0.010991939491420374},"point_estimate":-0.000745955818284405,"standard_error":0.005986361190128194},"median":{"confidence_interval":{"confidence_level":0.95,"lower_bound":-0.006064352704034794,"upper_bound":0.020347442679375938},"point_estimate":0.000028893330674462092,"standard_error":0.006648235495380247}}