{"mean":{"confidence_interval":{"confidence_level":0.95,"lower_bound":0.0002963530083901609,"upper_bound":0.01792014517303874},"point_estimate":0.009646512848472621,"standard_error":0.004522497529857579},"median":{"confidence_interval":{"confidence_level":0.95,"lower_bound":-0.010660904027871931,"upper_bound":0.029675904877908943},"point_estimate":0.005934879241071833,"standard_error":0.009750288261002629}}