{"mean":{"confidence_interval":{"confidence_level":0.95,"lower_bound":0.33292107467616017,"upper_bound":0.38275503492806},"point_estimate":0.35532609618920064,"standard_error":0.012864857391414245},"median":{"confidence_interval":{"confidence_level":0.95,"lower_bound":0.30346452248549793,"upper_bound":0.37448202811322107},"point_estimate":0.3586430135333267,"standard_error":0.021765993751835768}}