{"mean":{"confidence_interval":{"confidence_level":0.95,"lower_bound":-0.10877768413393119,"upper_bound":-0.09336671130291813},"point_estimate":-0.10143569301591993,"standard_error":0.003942535239787535},"median":{"confidence_interval":{"confidence_level":0.95,"lower_bound":-0.13015704650088233,"upper_bound":-0.06435418278582983},"point_estimate":-0.10172063476308246,"standard_error":0.017958743413061397}}