{"mean":{"confidence_interval":{"confidence_level":0.95,"lower_bound":0.005879055308469717,"upper_bound":0.027905388666568554},"point_estimate":0.017127924394582328,"standard_error":0.0056352559786502655},"median":{"confidence_interval":{"confidence_level":0.95,"lower_bound":0.012534328765881675,"upper_bound":0.032373328691681635},"point_estimate":0.022687928464619755,"standard_error":0.005083178933144561}}