{"mean":{"confidence_interval":{"confidence_level":0.95,"lower_bound":-0.01506701318283263,"upper_bound":0.0035652274732976687},"point_estimate":-0.005472465971237628,"standard_error":0.004755034768029405},"median":{"confidence_interval":{"confidence_level":0.95,"lower_bound":-0.014602395930050083,"upper_bound":0.002215228548986925},"point_estimate":-0.00258795760212982,"standard_error":0.004351222182924051}}