{"mean":{"confidence_interval":{"confidence_level":0.95,"lower_bound":0.0036469257345466133,"upper_bound":0.005140628363401067},"point_estimate":0.0044039373373290225,"standard_error":0.0003814536213514},"median":{"confidence_interval":{"confidence_level":0.95,"lower_bound":0.0031379059353509042,"upper_bound":0.004187340667836326},"point_estimate":0.0036080040024182303,"standard_error":0.0002692980129463193}}