{"mean":{"confidence_interval":{"confidence_level":0.95,"lower_bound":-0.0016444794979963596,"upper_bound":-0.00003258758780000416},"point_estimate":-0.0008370093537057866,"standard_error":0.0004071162362496506},"median":{"confidence_interval":{"confidence_level":0.95,"lower_bound":-0.001203301874261986,"upper_bound":-0.0005208097060794836},"point_estimate":-0.0009000396321149351,"standard_error":0.00017726234043893824}}