{"mean":{"confidence_interval":{"confidence_level":0.95,"lower_bound":-0.002959575739738967,"upper_bound":-0.000016973726448550293},"point_estimate":-0.0013846879344268093,"standard_error":0.0007539690370523118},"median":{"confidence_interval":{"confidence_level":0.95,"lower_bound":-0.0009035069809521373,"upper_bound":-0.00004162481274860852},"point_estimate":-0.0005273794334846871,"standard_error":0.0002342971167192752}}