{"mean":{"confidence_interval":{"confidence_level":0.95,"lower_bound":0.07549983347061778,"upper_bound":0.09493278586553403},"point_estimate":0.08654207874338304,"standard_error":0.004749860516877032},"median":{"confidence_interval":{"confidence_level":0.95,"lower_bound":0.07013771416747204,"upper_bound":0.08359524478806168},"point_estimate":0.0779697331984115,"standard_error":0.004120997149070213}}