{"mean":{"confidence_interval":{"confidence_level":0.95,"lower_bound":0.14618171124320317,"upper_bound":0.1664835756260498},"point_estimate":0.1573773163465435,"standard_error":0.00503974594038236},"median":{"confidence_interval":{"confidence_level":0.95,"lower_bound":0.14099832346036045,"upper_bound":0.164435965651907},"point_estimate":0.15273818752162338,"standard_error":0.006336773464671878}}