{"mean":{"confidence_interval":{"confidence_level":0.95,"lower_bound":-0.0011631942361210342,"upper_bound":0.0007207276765810104},"point_estimate":-0.00023494837760817955,"standard_error":0.00047652794266258924},"median":{"confidence_interval":{"confidence_level":0.95,"lower_bound":-0.00061306699754656,"upper_bound":0.00007906267291035718},"point_estimate":-0.00031003318625844045,"standard_error":0.000175661711375701}}