{"mean":{"confidence_interval":{"confidence_level":0.95,"lower_bound":-0.0002568160660003649,"upper_bound":0.0012254621827256548},"point_estimate":0.0005175431583099854,"standard_error":0.0003790628508199273},"median":{"confidence_interval":{"confidence_level":0.95,"lower_bound":0.0001755045702889202,"upper_bound":0.0007657604295716602},"point_estimate":0.0005266986276439845,"standard_error":0.0001533977513861597}}