{"mean":{"confidence_interval":{"confidence_level":0.95,"lower_bound":-0.0017775996161849437,"upper_bound":0.00030967800187495773},"point_estimate":-0.0007910076059454152,"standard_error":0.0005261553822976337},"median":{"confidence_interval":{"confidence_level":0.95,"lower_bound":-0.0027771327558502312,"upper_bound":-0.0018157405361363121},"point_estimate":-0.002267749260434049,"standard_error":0.00025760051052758025}}