{"mean":{"confidence_interval":{"confidence_level":0.95,"lower_bound":-0.0008776904916898223,"upper_bound":0.0010172595851598628},"point_estimate":0.00011896238149833316,"standard_error":0.00048475314549489314},"median":{"confidence_interval":{"confidence_level":0.95,"lower_bound":0.0000586344257615945,"upper_bound":0.0006411818589227014},"point_estimate":0.0003502443185707804,"standard_error":0.00014604660616049866}}