{"mean":{"confidence_interval":{"confidence_level":0.95,"lower_bound":-0.0008617692764694594,"upper_bound":0.0005113135362442893},"point_estimate":-0.00015887206831077805,"standard_error":0.00034909044096415504},"median":{"confidence_interval":{"confidence_level":0.95,"lower_bound":-0.00040827305292445715,"upper_bound":0.0002766098403805817},"point_estimate":-5.086431651757373e-6,"standard_error":0.00017806321160505583}}