{"mean":{"confidence_interval":{"confidence_level":0.95,"lower_bound":-0.0011701592156360518,"upper_bound":0.011697687047866865},"point_estimate":0.0033231936270377016,"standard_error":0.0037410545466030104},"median":{"confidence_interval":{"confidence_level":0.95,"lower_bound":-0.0008498376626290517,"upper_bound":0.00006654655101034912},"point_estimate":-0.00037286588822849076,"standard_error":0.00023653625015339965}}