{"mean":{"confidence_interval":{"confidence_level":0.95,"lower_bound":-0.00047100928239904565,"upper_bound":0.0008048067093052501},"point_estimate":0.0001845896932219926,"standard_error":0.00032300561342118024},"median":{"confidence_interval":{"confidence_level":0.95,"lower_bound":-0.00016762449638996202,"upper_bound":0.0006132854157199219},"point_estimate":0.00008054692392245322,"standard_error":0.00020420635793721404}}