{"mean":{"confidence_interval":{"confidence_level":0.95,"lower_bound":-0.4454137442848042,"upper_bound":-0.4418955099638675},"point_estimate":-0.44371431141383855,"standard_error":0.0008918299320109545},"median":{"confidence_interval":{"confidence_level":0.95,"lower_bound":-0.44771899998699416,"upper_bound":-0.4415804225077287},"point_estimate":-0.44644055946806926,"standard_error":0.0014412504450362217}}