{"mean":{"confidence_interval":{"confidence_level":0.95,"lower_bound":-0.000027114016308132916,"upper_bound":0.0016538035340374398},"point_estimate":0.0008315083682015612,"standard_error":0.00042589989189616064},"median":{"confidence_interval":{"confidence_level":0.95,"lower_bound":0.00042130908822124447,"upper_bound":0.0012101572421234774},"point_estimate":0.0006968845534383039,"standard_error":0.000203418751871301}}