{"mean":{"confidence_interval":{"confidence_level":0.95,"lower_bound":-0.34173856388499285,"upper_bound":-0.34047584798468933},"point_estimate":-0.34106989358221085,"standard_error":0.0003290636848335646},"median":{"confidence_interval":{"confidence_level":0.95,"lower_bound":-0.3424327615300946,"upper_bound":-0.3413112575017876},"point_estimate":-0.3419501938213404,"standard_error":0.0003173682570177333}}