{"mean":{"confidence_interval":{"confidence_level":0.95,"lower_bound":0.20122924859209318,"upper_bound":0.20244999961882532},"point_estimate":0.20180711533110984,"standard_error":0.0003024691903105894},"median":{"confidence_interval":{"confidence_level":0.95,"lower_bound":0.2016266070046957,"upper_bound":0.20217620896090027},"point_estimate":0.2018383514611053,"standard_error":0.00013529398607893875}}