{"mean":{"confidence_interval":{"confidence_level":0.95,"lower_bound":0.000552085153096904,"upper_bound":0.0016540270028251314},"point_estimate":0.001100064719876892,"standard_error":0.0002782462686521647},"median":{"confidence_interval":{"confidence_level":0.95,"lower_bound":0.0009535228370574078,"upper_bound":0.0013268793463125927},"point_estimate":0.0011397533536865456,"standard_error":0.00009603255548896821}}