{"mean":{"confidence_interval":{"confidence_level":0.95,"lower_bound":0.08970757341129199,"upper_bound":0.10972973401027053},"point_estimate":0.09949943595120447,"standard_error":0.005134418079271763},"median":{"confidence_interval":{"confidence_level":0.95,"lower_bound":0.08594434029694686,"upper_bound":0.11934278280247268},"point_estimate":0.10506715701410285,"standard_error":0.008601072602663027}}