{"mean":{"confidence_interval":{"confidence_level":0.95,"lower_bound":0.19352918759796037,"upper_bound":0.21078460650197967},"point_estimate":0.20217324188542318,"standard_error":0.004365570314398762},"median":{"confidence_interval":{"confidence_level":0.95,"lower_bound":0.18561518052670634,"upper_bound":0.19652799065306725},"point_estimate":0.18960113107753918,"standard_error":0.0027092038571898407}}