{"mean":{"confidence_interval":{"confidence_level":0.95,"lower_bound":-0.4533081388455815,"upper_bound":-0.4508421056750121},"point_estimate":-0.4519632662551333,"standard_error":0.0006312679508915028},"median":{"confidence_interval":{"confidence_level":0.95,"lower_bound":-0.4534219948702293,"upper_bound":-0.45148183724180524},"point_estimate":-0.4525382238438308,"standard_error":0.0005115950099182414}}