{"mean":{"confidence_interval":{"confidence_level":0.95,"lower_bound":-0.012358310548764259,"upper_bound":0.0018318568652386448},"point_estimate":-0.0038154480090616394,"standard_error":0.003738496996849714},"median":{"confidence_interval":{"confidence_level":0.95,"lower_bound":0.0014011752984881554,"upper_bound":0.0020989178043815393},"point_estimate":0.0017843661651442133,"standard_error":0.00018027796933780166}}