{"mean":{"confidence_interval":{"confidence_level":0.95,"lower_bound":-0.07557348190366418,"upper_bound":-0.07322251483744781},"point_estimate":-0.07448378495353247,"standard_error":0.0005967804531789556},"median":{"confidence_interval":{"confidence_level":0.95,"lower_bound":-0.07630995138856711,"upper_bound":-0.07404767953548941},"point_estimate":-0.07524608963406709,"standard_error":0.0005685485666979532}}