{"mean":{"confidence_interval":{"confidence_level":0.95,"lower_bound":-0.0012694071078142627,"upper_bound":0.0011543205675638877},"point_estimate":0.000042245230971182934,"standard_error":0.0006193343731053073},"median":{"confidence_interval":{"confidence_level":0.95,"lower_bound":-0.00029307146566204256,"upper_bound":0.0007769737756711801},"point_estimate":0.00031459258509580756,"standard_error":0.00027427485273443837}}