{"mean":{"confidence_interval":{"confidence_level":0.95,"lower_bound":0.00025298547801245195,"upper_bound":0.0017607464199786923},"point_estimate":0.0008797963194830949,"standard_error":0.00039341549978991755},"median":{"confidence_interval":{"confidence_level":0.95,"lower_bound":-0.000151934315700597,"upper_bound":0.0006673942110912989},"point_estimate":0.00016134013678459347,"standard_error":0.00021544469207699523}}