{"mean":{"confidence_interval":{"confidence_level":0.95,"lower_bound":-0.00042193557906550206,"upper_bound":0.0010266520436580495},"point_estimate":0.00030636682522477976,"standard_error":0.00036832002458979434},"median":{"confidence_interval":{"confidence_level":0.95,"lower_bound":0.00009429713614883539,"upper_bound":0.0007825317123260067},"point_estimate":0.0004776173625014035,"standard_error":0.00018472531786126515}}