{"mean":{"confidence_interval":{"confidence_level":0.95,"lower_bound":-0.001780694406318414,"upper_bound":-0.00015261113527595182},"point_estimate":-0.0009476817237284996,"standard_error":0.00040662494653724346},"median":{"confidence_interval":{"confidence_level":0.95,"lower_bound":-0.0016599300322802657,"upper_bound":-0.0004959232046775787},"point_estimate":-0.0009543677516101745,"standard_error":0.00029913260944236086}}