{"mean":{"confidence_interval":{"confidence_level":0.95,"lower_bound":-0.0002488547074331853,"upper_bound":0.001410442205498158},"point_estimate":0.0005593518300563982,"standard_error":0.00042164631252037684},"median":{"confidence_interval":{"confidence_level":0.95,"lower_bound":-0.0003028139612489822,"upper_bound":0.0006441116792827994},"point_estimate":0.0000856596189173775,"standard_error":0.0002381036852329019}}