{"mean":{"confidence_interval":{"confidence_level":0.95,"lower_bound":-0.15182774212362943,"upper_bound":-0.14265795450929397},"point_estimate":-0.14739169353186055,"standard_error":0.002354204574423201},"median":{"confidence_interval":{"confidence_level":0.95,"lower_bound":-0.15871763523721938,"upper_bound":-0.15048844586051258},"point_estimate":-0.1558213707915641,"standard_error":0.0021687748757656822}}