{"mean":{"confidence_interval":{"confidence_level":0.95,"lower_bound":-0.0009469207139544466,"upper_bound":0.0008515990272891121},"point_estimate":-0.00006542478296667209,"standard_error":0.0004557018678681625},"median":{"confidence_interval":{"confidence_level":0.95,"lower_bound":-0.00023562058028669952,"upper_bound":0.0004734470411384972},"point_estimate":0.0000647874790666858,"standard_error":0.0001855252899644306}}