{"mean":{"confidence_interval":{"confidence_level":0.95,"lower_bound":-0.00014922002381508577,"upper_bound":0.002219624820787193},"point_estimate":0.0008499303881368547,"standard_error":0.000615086642125999},"median":{"confidence_interval":{"confidence_level":0.95,"lower_bound":0.0002628601831799033,"upper_bound":0.0009842652637497284},"point_estimate":0.0006589286669749228,"standard_error":0.0001815386824211524}}