{"mean":{"confidence_interval":{"confidence_level":0.95,"lower_bound":0.0003934850006228564,"upper_bound":0.0017345975482892676},"point_estimate":0.0010504086647453725,"standard_error":0.0003402056624404226},"median":{"confidence_interval":{"confidence_level":0.95,"lower_bound":0.00045450964255227584,"upper_bound":0.0011753557585545416},"point_estimate":0.0008345344965052792,"standard_error":0.00018753763062611637}}