{"mean":{"confidence_interval":{"confidence_level":0.95,"lower_bound":-0.0005208610083519471,"upper_bound":0.0013541751532746165},"point_estimate":0.0003809858743177852,"standard_error":0.0004801929597576366},"median":{"confidence_interval":{"confidence_level":0.95,"lower_bound":-0.0007018411234015476,"upper_bound":-0.00006194369996503912},"point_estimate":-0.0003735554589384682,"standard_error":0.00016990313615818404}}