{"mean":{"confidence_interval":{"confidence_level":0.95,"lower_bound":-0.0010761787896374053,"upper_bound":0.0002143286580028267},"point_estimate":-0.0004631041980176498,"standard_error":0.00032633504088051173},"median":{"confidence_interval":{"confidence_level":0.95,"lower_bound":-0.0008984751111277278,"upper_bound":-0.00025468055350807983},"point_estimate":-0.0005182810944721616,"standard_error":0.00016391884817143463}}