{"mean":{"confidence_interval":{"confidence_level":0.95,"lower_bound":0.31853324711307934,"upper_bound":0.3330213791495463},"point_estimate":0.32699601501410913,"standard_error":0.003620256921755466},"median":{"confidence_interval":{"confidence_level":0.95,"lower_bound":0.32068136820239906,"upper_bound":0.33843883870866787},"point_estimate":0.33396349204157927,"standard_error":0.004567428493144419}}