{"mean":{"confidence_interval":{"confidence_level":0.95,"lower_bound":0.0008856838444963824,"upper_bound":0.001787268511719825},"point_estimate":0.0013673647997158866,"standard_error":0.00022904161805360613},"median":{"confidence_interval":{"confidence_level":0.95,"lower_bound":0.001302792412700704,"upper_bound":0.002110488411422251},"point_estimate":0.0017322379898287998,"standard_error":0.00020350404742082223}}