{"mean":{"confidence_interval":{"confidence_level":0.95,"lower_bound":-0.3433066720284949,"upper_bound":-0.3422870146174386},"point_estimate":-0.34281258481763766,"standard_error":0.0002560135848669083},"median":{"confidence_interval":{"confidence_level":0.95,"lower_bound":-0.34349131381259984,"upper_bound":-0.3429384531107721},"point_estimate":-0.34319677091054357,"standard_error":0.00013972226295265553}}