{"mean":{"confidence_interval":{"confidence_level":0.95,"lower_bound":-0.001674922288290681,"upper_bound":-0.00020179663107746464},"point_estimate":-0.000983933778860746,"standard_error":0.0003755054732605652},"median":{"confidence_interval":{"confidence_level":0.95,"lower_bound":-0.0016389222255804858,"upper_bound":-0.00045718850130327393},"point_estimate":-0.0011301528945433237,"standard_error":0.000301566601234567}}