{"mean":{"confidence_interval":{"confidence_level":0.95,"lower_bound":-0.3401535410655842,"upper_bound":-0.33768065571795775},"point_estimate":-0.3390265357060813,"standard_error":0.0006177191236291286},"median":{"confidence_interval":{"confidence_level":0.95,"lower_bound":-0.3419989278574971,"upper_bound":-0.3395589873793041},"point_estimate":-0.34049722319704323,"standard_error":0.0006278410714313902}}