{"mean":{"confidence_interval":{"confidence_level":0.95,"lower_bound":-0.001980207318253335,"upper_bound":-0.000616552777203875},"point_estimate":-0.0012500003906111834,"standard_error":0.00034765558102483696},"median":{"confidence_interval":{"confidence_level":0.95,"lower_bound":-0.0012314576753598844,"upper_bound":-0.0006920861647708998},"point_estimate":-0.0009926544515128644,"standard_error":0.00013514615971642183}}