{"mean":{"confidence_interval":{"confidence_level":0.95,"lower_bound":-0.0016552825488467867,"upper_bound":-0.00046495229044356273},"point_estimate":-0.0011047733809559368,"standard_error":0.0003025425082755717},"median":{"confidence_interval":{"confidence_level":0.95,"lower_bound":-0.001125787737404793,"upper_bound":-0.0004767863677543893},"point_estimate":-0.0008183067765472618,"standard_error":0.0001688766260986818}}