{"mean":{"confidence_interval":{"confidence_level":0.95,"lower_bound":69144.53475650669,"upper_bound":70717.0152189623},"point_estimate":69981.3512939367,"standard_error":400.56539768464813},"median":{"confidence_interval":{"confidence_level":0.95,"lower_bound":69364.4147325597,"upper_bound":69944.17077175698},"point_estimate":69712.04749240121,"standard_error":150.19736363557004},"median_abs_dev":{"confidence_interval":{"confidence_level":0.95,"lower_bound":811.02569356889,"upper_bound":1999.2557329732745},"point_estimate":1164.1819478070536,"standard_error":311.1558714702741},"slope":{"confidence_interval":{"confidence_level":0.95,"lower_bound":70534.9074110448,"upper_bound":71751.07815195524},"point_estimate":71093.08055964872,"standard_error":311.16247760346954},"std_dev":{"confidence_interval":{"confidence_level":0.95,"lower_bound":2536.3726553454835,"upper_bound":5670.0322373313065},"point_estimate":4025.835427176551,"standard_error":875.9578429550336}}