{"mean":{"confidence_interval":{"confidence_level":0.95,"lower_bound":68551.636106495,"upper_bound":70107.46415564607},"point_estimate":69385.41947088242,"standard_error":397.4653466671443},"median":{"confidence_interval":{"confidence_level":0.95,"lower_bound":69283.06666666667,"upper_bound":70130.55},"point_estimate":69607.86583400483,"standard_error":238.20603300021645},"median_abs_dev":{"confidence_interval":{"confidence_level":0.95,"lower_bound":1236.586741526912,"upper_bound":2469.602654329516},"point_estimate":1635.3500072860566,"standard_error":305.0266425249168},"slope":{"confidence_interval":{"confidence_level":0.95,"lower_bound":69589.59134907737,"upper_bound":70408.0325640813},"point_estimate":69987.18979754692,"standard_error":208.1399388771139},"std_dev":{"confidence_interval":{"confidence_level":0.95,"lower_bound":2556.4391062559685,"upper_bound":5582.410693478383},"point_estimate":3994.4062944891243,"standard_error":844.4244940265967}}