{"mean":{"confidence_interval":{"confidence_level":0.95,"lower_bound":68964.64824626679,"upper_bound":70440.2096458884},"point_estimate":69753.39119095383,"standard_error":375.9758603205291},"median":{"confidence_interval":{"confidence_level":0.95,"lower_bound":69086.62522522523,"upper_bound":69393.82307692307},"point_estimate":69235.84073425115,"standard_error":91.14940243192923},"median_abs_dev":{"confidence_interval":{"confidence_level":0.95,"lower_bound":745.3719598759262,"upper_bound":1613.9040960654415},"point_estimate":1057.4252778276962,"standard_error":210.34716318292325},"slope":{"confidence_interval":{"confidence_level":0.95,"lower_bound":69973.06874987154,"upper_bound":71028.04124781808},"point_estimate":70467.332927442,"standard_error":269.5593626696499},"std_dev":{"confidence_interval":{"confidence_level":0.95,"lower_bound":2306.6025677491907,"upper_bound":5335.813256532442},"point_estimate":3782.7132361684903,"standard_error":819.2339386041533}}