{"mean":{"confidence_interval":{"confidence_level":0.95,"lower_bound":85950.03422097515,"upper_bound":87738.18666608809},"point_estimate":86979.53753347378,"standard_error":463.8010503567413},"median":{"confidence_interval":{"confidence_level":0.95,"lower_bound":88052.44238437002,"upper_bound":88255.08194444445},"point_estimate":88108.56889038635,"standard_error":59.682912715729515},"median_abs_dev":{"confidence_interval":{"confidence_level":0.95,"lower_bound":508.85502700549483,"upper_bound":935.0477257237587},"point_estimate":755.797206304143,"standard_error":103.48585784829473},"slope":{"confidence_interval":{"confidence_level":0.95,"lower_bound":88364.90517550576,"upper_bound":88542.35852058763},"point_estimate":88459.10784936702,"standard_error":45.26522072426989},"std_dev":{"confidence_interval":{"confidence_level":0.95,"lower_bound":1581.0399530985408,"upper_bound":7287.103929034736},"point_estimate":4655.058226235973,"standard_error":1596.2624141794042}}