{"mean":{"confidence_interval":{"confidence_level":0.95,"lower_bound":69604.1979703232,"upper_bound":71218.29032301514},"point_estimate":70471.96917076407,"standard_error":411.77465595987786},"median":{"confidence_interval":{"confidence_level":0.95,"lower_bound":69920.16326530612,"upper_bound":70252.74089635855},"point_estimate":70072.30950797873,"standard_error":79.36420572032867},"median_abs_dev":{"confidence_interval":{"confidence_level":0.95,"lower_bound":661.5887935044542,"upper_bound":1602.5438558623011},"point_estimate":1169.3114066439643,"standard_error":246.86359739334006},"slope":{"confidence_interval":{"confidence_level":0.95,"lower_bound":70821.96979662412,"upper_bound":72224.9615524921},"point_estimate":71514.52680001689,"standard_error":359.21480706217795},"std_dev":{"confidence_interval":{"confidence_level":0.95,"lower_bound":2488.2932555950056,"upper_bound":5836.7690755867225},"point_estimate":4126.009967815614,"standard_error":915.0462445232973}}