{"mean":{"confidence_interval":{"confidence_level":0.95,"lower_bound":69027.8029885528,"upper_bound":70589.88029724165},"point_estimate":69867.13110197008,"standard_error":398.6963693355774},"median":{"confidence_interval":{"confidence_level":0.95,"lower_bound":69378.18848546733,"upper_bound":69665.08469387755},"point_estimate":69588.71674876846,"standard_error":71.54133356174653},"median_abs_dev":{"confidence_interval":{"confidence_level":0.95,"lower_bound":587.8630711827743,"upper_bound":1796.8388871473514},"point_estimate":865.3514835091207,"standard_error":268.97781099015435},"slope":{"confidence_interval":{"confidence_level":0.95,"lower_bound":70266.105870517,"upper_bound":71341.27469864073},"point_estimate":70775.88447782306,"standard_error":275.0427411803988},"std_dev":{"confidence_interval":{"confidence_level":0.95,"lower_bound":2419.682730562219,"upper_bound":5746.698723708092},"point_estimate":4022.1285860334688,"standard_error":935.8139211442552}}