{"mean":{"confidence_interval":{"confidence_level":0.95,"lower_bound":68227.84369900853,"upper_bound":69616.21297450362},"point_estimate":68981.40836798614,"standard_error":354.98902587029977},"median":{"confidence_interval":{"confidence_level":0.95,"lower_bound":68882.26576858814,"upper_bound":69152.52709359606},"point_estimate":68991.50360544218,"standard_error":74.8851148606643},"median_abs_dev":{"confidence_interval":{"confidence_level":0.95,"lower_bound":425.03661609302105,"upper_bound":1006.8045654287309},"point_estimate":586.4358844796192,"standard_error":148.96238404793255},"slope":{"confidence_interval":{"confidence_level":0.95,"lower_bound":69414.2328471136,"upper_bound":70230.3522595649},"point_estimate":69788.18424729253,"standard_error":209.71998003101922},"std_dev":{"confidence_interval":{"confidence_level":0.95,"lower_bound":2032.915840733383,"upper_bound":5161.055371446819},"point_estimate":3573.498537959372,"standard_error":872.4625131496683}}