{"mean":{"confidence_interval":{"confidence_level":0.95,"lower_bound":176518.75137293682,"upper_bound":183766.14439402468},"point_estimate":180564.53939479886,"standard_error":1856.7558102189032},"median":{"confidence_interval":{"confidence_level":0.95,"lower_bound":179931.11111111112,"upper_bound":186611.58196589447},"point_estimate":183463.319067029,"standard_error":1859.988714630198},"median_abs_dev":{"confidence_interval":{"confidence_level":0.95,"lower_bound":7276.082430661402,"upper_bound":10741.316628848994},"point_estimate":9759.209689116502,"standard_error":887.2620113459344},"slope":{"confidence_interval":{"confidence_level":0.95,"lower_bound":185436.91483925594,"upper_bound":189115.86756405333},"point_estimate":187364.6283153539,"standard_error":940.7044396692335},"std_dev":{"confidence_interval":{"confidence_level":0.95,"lower_bound":8750.648531330135,"upper_bound":27556.105656479027},"point_estimate":18626.85508768576,"standard_error":4985.599685789354}}