{"mean":{"confidence_interval":{"confidence_level":0.95,"lower_bound":68760.58781175308,"upper_bound":70181.96709277695},"point_estimate":69509.02696969858,"standard_error":362.3362490288431},"median":{"confidence_interval":{"confidence_level":0.95,"lower_bound":69071.61206771288,"upper_bound":69306.98654244306},"point_estimate":69145.06935114694,"standard_error":64.96649565778547},"median_abs_dev":{"confidence_interval":{"confidence_level":0.95,"lower_bound":734.0133991308229,"upper_bound":3001.400665519125},"point_estimate":1415.7071325236993,"standard_error":495.3472167891116},"slope":{"confidence_interval":{"confidence_level":0.95,"lower_bound":69999.4818744317,"upper_bound":71007.08935286143},"point_estimate":70479.54920475416,"standard_error":257.429026202724},"std_dev":{"confidence_interval":{"confidence_level":0.95,"lower_bound":2445.9337504144064,"upper_bound":4890.543058392436},"point_estimate":3634.8611687180405,"standard_error":647.6443790387225}}