{"mean":{"confidence_interval":{"confidence_level":0.95,"lower_bound":69702.8193543059,"upper_bound":71308.95331864321},"point_estimate":70538.75134162657,"standard_error":407.10127853410603},"median":{"confidence_interval":{"confidence_level":0.95,"lower_bound":69624.68601656964,"upper_bound":70091.61816326532},"point_estimate":69787.67055122297,"standard_error":125.69506712538748},"median_abs_dev":{"confidence_interval":{"confidence_level":0.95,"lower_bound":931.8273027439886,"upper_bound":3118.644796275822},"point_estimate":1840.831623429817,"standard_error":525.313563749371},"slope":{"confidence_interval":{"confidence_level":0.95,"lower_bound":70808.74800932907,"upper_bound":72063.5941379598},"point_estimate":71417.96698431464,"standard_error":320.6965339362885},"std_dev":{"confidence_interval":{"confidence_level":0.95,"lower_bound":2828.325113992193,"upper_bound":5434.366106682456},"point_estimate":4069.3116639761124,"standard_error":693.156461259448}}