{"mean":{"confidence_interval":{"confidence_level":0.95,"lower_bound":168483.82375504123,"upper_bound":176727.94899164405},"point_estimate":172789.1337694341,"standard_error":2099.6829615841675},"median":{"confidence_interval":{"confidence_level":0.95,"lower_bound":173001.86941733217,"upper_bound":177902.57777777777},"point_estimate":175593.49431818182,"standard_error":1406.858491608858},"median_abs_dev":{"confidence_interval":{"confidence_level":0.95,"lower_bound":6362.045621165678,"upper_bound":11175.181328885827},"point_estimate":8283.222191477178,"standard_error":1274.723324594992},"slope":{"confidence_interval":{"confidence_level":0.95,"lower_bound":174225.61102940887,"upper_bound":178713.4327098549},"point_estimate":176427.72483621497,"standard_error":1149.649498711331},"std_dev":{"confidence_interval":{"confidence_level":0.95,"lower_bound":10923.865728701245,"upper_bound":29525.902921716635},"point_estimate":21089.04014167952,"standard_error":4692.938777370895}}