{"mean":{"confidence_interval":{"confidence_level":0.95,"lower_bound":67727.67835167065,"upper_bound":68976.4133702759},"point_estimate":68412.01918872683,"standard_error":320.3449077929058},"median":{"confidence_interval":{"confidence_level":0.95,"lower_bound":68303.908045977,"upper_bound":68630.9688172043},"point_estimate":68442.19076508257,"standard_error":78.191805746634},"median_abs_dev":{"confidence_interval":{"confidence_level":0.95,"lower_bound":551.7699552959035,"upper_bound":1214.4371912204188},"point_estimate":922.5653907264613,"standard_error":161.21001290820712},"slope":{"confidence_interval":{"confidence_level":0.95,"lower_bound":69149.4675840497,"upper_bound":70076.72547963564},"point_estimate":69606.70666548445,"standard_error":237.2534249477639},"std_dev":{"confidence_interval":{"confidence_level":0.95,"lower_bound":1765.7370496757337,"upper_bound":4705.990350699583},"point_estimate":3213.2627996459146,"standard_error":823.7835548875931}}