{"mean":{"confidence_interval":{"confidence_level":0.95,"lower_bound":85643.99782706305,"upper_bound":87420.46687320223},"point_estimate":86677.16012269986,"standard_error":459.8695022770488},"median":{"confidence_interval":{"confidence_level":0.95,"lower_bound":87681.60745614035,"upper_bound":88024.28095238096},"point_estimate":87914.04955991602,"standard_error":92.62845970956873},"median_abs_dev":{"confidence_interval":{"confidence_level":0.95,"lower_bound":424.84533378487134,"upper_bound":825.5872961035096},"point_estimate":579.4239904502676,"standard_error":104.7132171239138},"slope":{"confidence_interval":{"confidence_level":0.95,"lower_bound":88032.59362385696,"upper_bound":88159.88279399772},"point_estimate":88100.38427441998,"standard_error":32.275511615482365},"std_dev":{"confidence_interval":{"confidence_level":0.95,"lower_bound":1569.8462692317923,"upper_bound":7267.652067118862},"point_estimate":4614.699975238753,"standard_error":1594.5408295981613}}