{"mean":{"confidence_interval":{"confidence_level":0.95,"lower_bound":85869.71367651044,"upper_bound":87665.09814437047},"point_estimate":86910.76882792788,"standard_error":462.9765183118233},"median":{"confidence_interval":{"confidence_level":0.95,"lower_bound":87885.34057971014,"upper_bound":88294.24500272331},"point_estimate":88037.9827586207,"standard_error":121.34484360368096},"median_abs_dev":{"confidence_interval":{"confidence_level":0.95,"lower_bound":482.8788034063515,"upper_bound":973.9387431712692},"point_estimate":637.6697786790908,"standard_error":125.70891170140902},"slope":{"confidence_interval":{"confidence_level":0.95,"lower_bound":88272.21707552964,"upper_bound":88436.34610452749},"point_estimate":88357.81985370179,"standard_error":41.75879968549806},"std_dev":{"confidence_interval":{"confidence_level":0.95,"lower_bound":1603.7078407202764,"upper_bound":7302.964447670628},"point_estimate":4651.034124242833,"standard_error":1600.616838260783}}