{"mean":{"confidence_interval":{"confidence_level":0.95,"lower_bound":85175.62475172583,"upper_bound":86972.11244546072},"point_estimate":86211.09984452672,"standard_error":464.66056780190627},"median":{"confidence_interval":{"confidence_level":0.95,"lower_bound":87150.28610979277,"upper_bound":87426.90865384616},"point_estimate":87293.14009042033,"standard_error":76.87099333451029},"median_abs_dev":{"confidence_interval":{"confidence_level":0.95,"lower_bound":527.8525134095167,"upper_bound":1047.34337947858},"point_estimate":732.4677193490404,"standard_error":132.66487726086888},"slope":{"confidence_interval":{"confidence_level":0.95,"lower_bound":87591.75773988898,"upper_bound":87805.51107001555},"point_estimate":87703.73272129452,"standard_error":54.484873584974146},"std_dev":{"confidence_interval":{"confidence_level":0.95,"lower_bound":1609.8975838360393,"upper_bound":7276.121170138085},"point_estimate":4642.3643760074565,"standard_error":1581.0578933052666}}