{"mean":{"confidence_interval":{"confidence_level":0.95,"lower_bound":69155.13350883746,"upper_bound":70623.48641985584},"point_estimate":69952.59818580939,"standard_error":375.6466999995071},"median":{"confidence_interval":{"confidence_level":0.95,"lower_bound":69507.51931801444,"upper_bound":69881.42491582491},"point_estimate":69716.66375,"standard_error":90.99655912394738},"median_abs_dev":{"confidence_interval":{"confidence_level":0.95,"lower_bound":599.9336636717907,"upper_bound":1321.3734719255522},"point_estimate":895.3690288271129,"standard_error":189.86700048868278},"slope":{"confidence_interval":{"confidence_level":0.95,"lower_bound":70442.1182524717,"upper_bound":71480.78512056009},"point_estimate":70938.77689000542,"standard_error":265.8171372311227},"std_dev":{"confidence_interval":{"confidence_level":0.95,"lower_bound":2191.742170606632,"upper_bound":5426.589163808883},"point_estimate":3758.426956735771,"standard_error":898.5996766944688}}