{"mean":{"confidence_interval":{"confidence_level":0.95,"lower_bound":68394.88355582413,"upper_bound":69857.1480281415},"point_estimate":69184.63450737881,"standard_error":372.68064681296823},"median":{"confidence_interval":{"confidence_level":0.95,"lower_bound":69060.55306122449,"upper_bound":69470.36507936507},"point_estimate":69206.22440906742,"standard_error":102.69317462022848},"median_abs_dev":{"confidence_interval":{"confidence_level":0.95,"lower_bound":645.0859303331422,"upper_bound":1260.5531417177654},"point_estimate":873.4040990177922,"standard_error":151.45088130903503},"slope":{"confidence_interval":{"confidence_level":0.95,"lower_bound":69797.99924838736,"upper_bound":70676.14378554671},"point_estimate":70216.62283603201,"standard_error":225.50205960524409},"std_dev":{"confidence_interval":{"confidence_level":0.95,"lower_bound":2036.3560534902401,"upper_bound":5405.999547778734},"point_estimate":3745.9791596676287,"standard_error":895.1664699614272}}