{"mean":{"confidence_interval":{"confidence_level":0.95,"lower_bound":86769.31843690998,"upper_bound":88607.72292774495},"point_estimate":87824.96938580224,"standard_error":476.6274271948173},"median":{"confidence_interval":{"confidence_level":0.95,"lower_bound":88761.8492063492,"upper_bound":89063.19596560847},"point_estimate":88955.08625508129,"standard_error":73.88273417441734},"median_abs_dev":{"confidence_interval":{"confidence_level":0.95,"lower_bound":349.58924705358606,"upper_bound":705.7482353981638},"point_estimate":500.8532886607102,"standard_error":93.34209210037622},"slope":{"confidence_interval":{"confidence_level":0.95,"lower_bound":89100.2120588787,"upper_bound":89370.41364018146},"point_estimate":89220.6813937737,"standard_error":69.31190883328685},"std_dev":{"confidence_interval":{"confidence_level":0.95,"lower_bound":1727.5895412864384,"upper_bound":7469.742190130928},"point_estimate":4792.536696996065,"standard_error":1608.0567759611813}}