{"mean":{"confidence_interval":{"confidence_level":0.95,"lower_bound":69338.59611639766,"upper_bound":70758.76657020593},"point_estimate":70090.96015934514,"standard_error":362.8138256801162},"median":{"confidence_interval":{"confidence_level":0.95,"lower_bound":69454.56849072577,"upper_bound":69988.18333333333},"point_estimate":69642.46575866189,"standard_error":139.4552311522916},"median_abs_dev":{"confidence_interval":{"confidence_level":0.95,"lower_bound":834.2642150150197,"upper_bound":2609.289887467945},"point_estimate":1492.8076844275204,"standard_error":430.6027859369503},"slope":{"confidence_interval":{"confidence_level":0.95,"lower_bound":70548.90702596423,"upper_bound":71726.14295715133},"point_estimate":71118.29332840747,"standard_error":300.89453809458143},"std_dev":{"confidence_interval":{"confidence_level":0.95,"lower_bound":2329.1723085449653,"upper_bound":5040.271011321766},"point_estimate":3649.01454631279,"standard_error":725.6903947948175}}