{"mean":{"confidence_interval":{"confidence_level":0.95,"lower_bound":69439.77172337435,"upper_bound":71061.97927613347},"point_estimate":70281.36429540472,"standard_error":412.6244097505213},"median":{"confidence_interval":{"confidence_level":0.95,"lower_bound":69486.94717299577,"upper_bound":69891.37037037036},"point_estimate":69588.01736694678,"standard_error":113.09611723749094},"median_abs_dev":{"confidence_interval":{"confidence_level":0.95,"lower_bound":836.8740133446724,"upper_bound":2806.117184120864},"point_estimate":1391.7745053936255,"standard_error":460.5783544927963},"slope":{"confidence_interval":{"confidence_level":0.95,"lower_bound":70941.17221441279,"upper_bound":72406.44699904385},"point_estimate":71641.23555056402,"standard_error":374.35647834873754},"std_dev":{"confidence_interval":{"confidence_level":0.95,"lower_bound":2835.875066376767,"upper_bound":5466.728991514952},"point_estimate":4151.710803744593,"standard_error":684.1680480740346}}