{"mean":{"confidence_interval":{"confidence_level":0.95,"lower_bound":86786.32183143527,"upper_bound":88585.83966927476},"point_estimate":87822.3285581064,"standard_error":467.2688235886641},"median":{"confidence_interval":{"confidence_level":0.95,"lower_bound":88757.99566956412,"upper_bound":89173.40598290598},"point_estimate":88978.85695837978,"standard_error":108.17679395778757},"median_abs_dev":{"confidence_interval":{"confidence_level":0.95,"lower_bound":559.4059482068648,"upper_bound":1068.0775616429987},"point_estimate":817.662952358897,"standard_error":123.76841711882035},"slope":{"confidence_interval":{"confidence_level":0.95,"lower_bound":89256.30365303034,"upper_bound":89445.72503197414},"point_estimate":89357.59326264716,"standard_error":48.24974862619764},"std_dev":{"confidence_interval":{"confidence_level":0.95,"lower_bound":1624.6592904694114,"upper_bound":7366.360557188927},"point_estimate":4688.822030590047,"standard_error":1620.1359724893985}}