{"mean":{"confidence_interval":{"confidence_level":0.95,"lower_bound":86233.7494985284,"upper_bound":88055.16970114881},"point_estimate":87287.45916533186,"standard_error":471.1097659764965},"median":{"confidence_interval":{"confidence_level":0.95,"lower_bound":88297.81097560975,"upper_bound":88550.76663851351},"point_estimate":88466.49158730159,"standard_error":74.1357950368105},"median_abs_dev":{"confidence_interval":{"confidence_level":0.95,"lower_bound":485.6336741907778,"upper_bound":875.8316409305274},"point_estimate":648.3905563556103,"standard_error":98.40889799637367},"slope":{"confidence_interval":{"confidence_level":0.95,"lower_bound":88639.05028115505,"upper_bound":88818.00972586106},"point_estimate":88732.21352026994,"standard_error":45.780889526317395},"std_dev":{"confidence_interval":{"confidence_level":0.95,"lower_bound":1600.7070255849112,"upper_bound":7413.736499439102},"point_estimate":4727.991884843667,"standard_error":1615.8180979697743}}