{"mean":{"confidence_interval":{"confidence_level":0.95,"lower_bound":68552.37479582257,"upper_bound":69895.43714368615},"point_estimate":69276.50069498029,"standard_error":343.0299125304443},"median":{"confidence_interval":{"confidence_level":0.95,"lower_bound":69144.1888888889,"upper_bound":69483.92108479343},"point_estimate":69365.50705128205,"standard_error":91.38360651851657},"median_abs_dev":{"confidence_interval":{"confidence_level":0.95,"lower_bound":510.32996205940987,"upper_bound":1023.7622069140407},"point_estimate":755.9405513425845,"standard_error":126.52485285166581},"slope":{"confidence_interval":{"confidence_level":0.95,"lower_bound":69794.57403463351,"upper_bound":70616.05043245386},"point_estimate":70177.93525540613,"standard_error":210.85817419994564},"std_dev":{"confidence_interval":{"confidence_level":0.95,"lower_bound":1878.0917151278434,"upper_bound":5007.2878637204285},"point_estimate":3443.045129017623,"standard_error":845.4625168669121}}