{"mean":{"confidence_interval":{"confidence_level":0.95,"lower_bound":70886.03993388482,"upper_bound":72366.22007478646},"point_estimate":71689.69091362787,"standard_error":378.97354600939786},"median":{"confidence_interval":{"confidence_level":0.95,"lower_bound":71284.55541871922,"upper_bound":71863.173034871},"point_estimate":71650.81136000532,"standard_error":145.042302316679},"median_abs_dev":{"confidence_interval":{"confidence_level":0.95,"lower_bound":780.4767118423798,"upper_bound":1534.0779715239883},"point_estimate":1058.6178461193172,"standard_error":196.8035180525703},"slope":{"confidence_interval":{"confidence_level":0.95,"lower_bound":72377.20510650336,"upper_bound":73565.91024061083},"point_estimate":72951.04795942493,"standard_error":304.11154924034645},"std_dev":{"confidence_interval":{"confidence_level":0.95,"lower_bound":2176.079419060832,"upper_bound":5505.584098365492},"point_estimate":3811.004815958743,"standard_error":913.0793378876272}}