{"mean":{"confidence_interval":{"confidence_level":0.95,"lower_bound":71309056.34400001,"upper_bound":71750355.63575001},"point_estimate":71524705.94,"standard_error":112013.50293243186},"median":{"confidence_interval":{"confidence_level":0.95,"lower_bound":71091652.0,"upper_bound":71670198.0},"point_estimate":71341401.0,"standard_error":178753.37621361724},"median_abs_dev":{"confidence_interval":{"confidence_level":0.95,"lower_bound":777984.6992880106,"upper_bound":1262060.280926451},"point_estimate":1017950.9180277586,"standard_error":121775.1377458286},"slope":null,"std_dev":{"confidence_interval":{"confidence_level":0.95,"lower_bound":901637.3789435609,"upper_bound":1328245.2041325157},"point_estimate":1119072.7001809399,"standard_error":109833.3003648987}}