{"mean":{"confidence_interval":{"confidence_level":0.95,"lower_bound":44534006.038125,"upper_bound":44676981.732875004},"point_estimate":44602687.49,"standard_error":36450.26368847284},"median":{"confidence_interval":{"confidence_level":0.95,"lower_bound":44475395.0,"upper_bound":44547275.0},"point_estimate":44509112.0,"standard_error":18948.195439999825},"median_abs_dev":{"confidence_interval":{"confidence_level":0.95,"lower_bound":154743.40705275536,"upper_bound":265917.2780290246},"point_estimate":211486.955845356,"standard_error":28530.75419013142},"slope":null,"std_dev":{"confidence_interval":{"confidence_level":0.95,"lower_bound":281765.7950998958,"upper_bound":442354.1415210646},"point_estimate":367572.96577294846,"standard_error":41053.26375105548}}