{"mean":{"confidence_interval":{"confidence_level":0.95,"lower_bound":128493871.54574999,"upper_bound":129673860.015},"point_estimate":129052416.23,"standard_error":299999.70844298793},"median":{"confidence_interval":{"confidence_level":0.95,"lower_bound":128235054.0,"upper_bound":129125797.0},"point_estimate":128628310.5,"standard_error":246141.25202335807},"median_abs_dev":{"confidence_interval":{"confidence_level":0.95,"lower_bound":1452850.1226067543,"upper_bound":2690721.0251301527},"point_estimate":2026361.3052248955,"standard_error":314460.29564280366},"slope":null,"std_dev":{"confidence_interval":{"confidence_level":0.95,"lower_bound":2094708.1883293707,"upper_bound":3899939.5436584456},"point_estimate":3017767.5554817766,"standard_error":470179.7830212876}}