{"mean":{"confidence_interval":{"confidence_level":0.95,"lower_bound":96446299.97674999,"upper_bound":97114203.93775},"point_estimate":96785698.74,"standard_error":170099.24114600525},"median":{"confidence_interval":{"confidence_level":0.95,"lower_bound":97394917.0,"upper_bound":97763315.0},"point_estimate":97557172.5,"standard_error":97418.87754696848},"median_abs_dev":{"confidence_interval":{"confidence_level":0.95,"lower_bound":558579.1769832373,"upper_bound":1785212.7130061388},"point_estimate":1082892.503374815,"standard_error":322665.51198593515},"slope":null,"std_dev":{"confidence_interval":{"confidence_level":0.95,"lower_bound":1531968.7820524527,"upper_bound":1864528.1942124374},"point_estimate":1717477.655146273,"standard_error":84703.50614822972}}