{"mean":{"confidence_interval":{"confidence_level":0.95,"lower_bound":98401295.70899999,"upper_bound":98565364.9165},"point_estimate":98482170.06,"standard_error":41754.607810305606},"median":{"confidence_interval":{"confidence_level":0.95,"lower_bound":98366656.0,"upper_bound":98491408.0},"point_estimate":98409757.0,"standard_error":33031.96717357341},"median_abs_dev":{"confidence_interval":{"confidence_level":0.95,"lower_bound":257234.06063318253,"upper_bound":444631.7321062088},"point_estimate":329508.5854500532,"standard_error":50155.076283117785},"slope":null,"std_dev":{"confidence_interval":{"confidence_level":0.95,"lower_bound":348491.5254600367,"upper_bound":482296.11043925554},"point_estimate":418401.8650312311,"standard_error":34233.347271715065}}