{"mean":{"confidence_interval":{"confidence_level":0.95,"lower_bound":44425658.063875,"upper_bound":45135943.465},"point_estimate":44743584.745,"standard_error":181657.40416346758},"median":{"confidence_interval":{"confidence_level":0.95,"lower_bound":44071220.5,"upper_bound":44256267.0},"point_estimate":44149056.25,"standard_error":42922.50339462242},"median_abs_dev":{"confidence_interval":{"confidence_level":0.95,"lower_bound":274466.6907772422,"upper_bound":549213.2037670161},"point_estimate":363191.40360206366,"standard_error":70946.07669240572},"slope":null,"std_dev":{"confidence_interval":{"confidence_level":0.95,"lower_bound":854587.4287007618,"upper_bound":2601973.9672415527},"point_estimate":1827700.7197821997,"standard_error":441902.14467528334}}