{"mean":{"confidence_interval":{"confidence_level":0.95,"lower_bound":114013860.7165,"upper_bound":115416335.61975001},"point_estimate":114716304.59,"standard_error":360128.53990892915},"median":{"confidence_interval":{"confidence_level":0.95,"lower_bound":113341032.0,"upper_bound":115530447.0},"point_estimate":114720642.0,"standard_error":558302.6426368176},"median_abs_dev":{"confidence_interval":{"confidence_level":0.95,"lower_bound":3241415.716920869,"upper_bound":5215526.511105895},"point_estimate":4414991.466218233,"standard_error":498941.304401734},"slope":null,"std_dev":{"confidence_interval":{"confidence_level":0.95,"lower_bound":3220380.1436864086,"upper_bound":3978192.986432238},"point_estimate":3625996.1148080816,"standard_error":194570.21740075367}}