{"mean":{"confidence_interval":{"confidence_level":0.95,"lower_bound":92498121.56300001,"upper_bound":92863937.381},"point_estimate":92674388.71,"standard_error":93444.25671027416},"median":{"confidence_interval":{"confidence_level":0.95,"lower_bound":92317034.0,"upper_bound":92678642.0},"point_estimate":92479588.0,"standard_error":93075.07314072699},"median_abs_dev":{"confidence_interval":{"confidence_level":0.95,"lower_bound":580126.1174532027,"upper_bound":978686.4816248417},"point_estimate":770821.5175151825,"standard_error":97320.60884390875},"slope":null,"std_dev":{"confidence_interval":{"confidence_level":0.95,"lower_bound":732431.1875084448,"upper_bound":1135338.367535336},"point_estimate":937422.7308705362,"standard_error":103344.17673224462}}