{"mean":{"confidence_interval":{"confidence_level":0.95,"lower_bound":45483230.85025,"upper_bound":45664350.56},"point_estimate":45567931.52,"standard_error":46429.11304620684},"median":{"confidence_interval":{"confidence_level":0.95,"lower_bound":45388572.5,"upper_bound":45479990.5},"point_estimate":45424166.25,"standard_error":23675.846433217674},"median_abs_dev":{"confidence_interval":{"confidence_level":0.95,"lower_bound":148448.00031077134,"upper_bound":279941.5618300438},"point_estimate":211095.92010229826,"standard_error":34153.05358143106},"slope":null,"std_dev":{"confidence_interval":{"confidence_level":0.95,"lower_bound":328880.24152824486,"upper_bound":582919.7838475896},"point_estimate":465201.81509865733,"standard_error":65394.39164837776}}