{"mean":{"confidence_interval":{"confidence_level":0.95,"lower_bound":40431770.42,"upper_bound":40521782.062625},"point_estimate":40474184.615,"standard_error":23097.515433571745},"median":{"confidence_interval":{"confidence_level":0.95,"lower_bound":40374008.0,"upper_bound":40449417.5},"point_estimate":40402125.0,"standard_error":16014.536842358017},"median_abs_dev":{"confidence_interval":{"confidence_level":0.95,"lower_bound":90851.87313705683,"upper_bound":154763.70013989485},"point_estimate":121464.59739357233,"standard_error":15428.352161008374},"slope":null,"std_dev":{"confidence_interval":{"confidence_level":0.95,"lower_bound":163313.80791433225,"upper_bound":289204.4867398558},"point_estimate":231221.21718338688,"standard_error":32264.7127484347}}