{"mean":{"confidence_interval":{"confidence_level":0.95,"lower_bound":46752055.1,"upper_bound":47120775.585},"point_estimate":46930989.45,"standard_error":93968.73211793996},"median":{"confidence_interval":{"confidence_level":0.95,"lower_bound":46484688.75,"upper_bound":46770274.5},"point_estimate":46663881.0,"standard_error":75804.74772057023},"median_abs_dev":{"confidence_interval":{"confidence_level":0.95,"lower_bound":438925.94610750675,"upper_bound":828946.8494832516},"point_estimate":640321.214582026,"standard_error":96623.78285787806},"slope":null,"std_dev":{"confidence_interval":{"confidence_level":0.95,"lower_bound":777586.7210759514,"upper_bound":1081174.9862808187},"point_estimate":943035.7010711633,"standard_error":77547.23454111049}}