{"mean":{"confidence_interval":{"confidence_level":0.95,"lower_bound":111054665.86850001,"upper_bound":111434238.99575},"point_estimate":111246549.37,"standard_error":97265.95856924888},"median":{"confidence_interval":{"confidence_level":0.95,"lower_bound":110985802.0,"upper_bound":111650227.0},"point_estimate":111194638.0,"standard_error":146435.56631062456},"median_abs_dev":{"confidence_interval":{"confidence_level":0.95,"lower_bound":796701.782655716,"upper_bound":1331081.2215685844},"point_estimate":1047092.9031103849,"standard_error":131727.78294490348},"slope":null,"std_dev":{"confidence_interval":{"confidence_level":0.95,"lower_bound":850433.4394067073,"upper_bound":1105452.5694726186},"point_estimate":982778.542643056,"standard_error":65061.80181856229}}