{"mean":{"confidence_interval":{"confidence_level":0.95,"lower_bound":94517103.092,"upper_bound":95657398.00475},"point_estimate":95087030.31,"standard_error":291450.34888605576},"median":{"confidence_interval":{"confidence_level":0.95,"lower_bound":93359533.75000003,"upper_bound":96642329.0},"point_estimate":94540532.5,"standard_error":1047976.968377266},"median_abs_dev":{"confidence_interval":{"confidence_level":0.95,"lower_bound":2544767.212021351,"upper_bound":4375374.893789067},"point_estimate":3842131.8862885237,"standard_error":483310.3200485918},"slope":null,"std_dev":{"confidence_interval":{"confidence_level":0.95,"lower_bound":2688803.970322742,"upper_bound":3132988.792091994},"point_estimate":2928565.4547356325,"standard_error":113136.2513337291}}