{"mean":{"confidence_interval":{"confidence_level":0.95,"lower_bound":44450398.1925,"upper_bound":44807296.97},"point_estimate":44596209.585,"standard_error":92856.92997387527},"median":{"confidence_interval":{"confidence_level":0.95,"lower_bound":44340949.5,"upper_bound":44504432.5},"point_estimate":44384113.75,"standard_error":31492.9300913848},"median_abs_dev":{"confidence_interval":{"confidence_level":0.95,"lower_bound":202393.42890679836,"upper_bound":353768.5541443521},"point_estimate":256547.98749536276,"standard_error":36675.27776252234},"slope":null,"std_dev":{"confidence_interval":{"confidence_level":0.95,"lower_bound":315554.37011368515,"upper_bound":1492951.249687982},"point_estimate":930944.1106425404,"standard_error":358899.6683863146}}