{"mean":{"confidence_interval":{"confidence_level":0.95,"lower_bound":88535028.12925,"upper_bound":89339377.10025},"point_estimate":88926169.3,"standard_error":205808.14122292472},"median":{"confidence_interval":{"confidence_level":0.95,"lower_bound":87840158.0,"upper_bound":88684683.0},"point_estimate":88193994.0,"standard_error":220782.81815009224},"median_abs_dev":{"confidence_interval":{"confidence_level":0.95,"lower_bound":1158822.3784267902,"upper_bound":2257570.547220111},"point_estimate":1662921.936777234,"standard_error":289301.28326019674},"slope":null,"std_dev":{"confidence_interval":{"confidence_level":0.95,"lower_bound":1766367.666219215,"upper_bound":2317820.2356780833},"point_estimate":2066011.3662285514,"standard_error":141304.02816664323}}