{"mean":{"confidence_interval":{"confidence_level":0.95,"lower_bound":113133234.88875,"upper_bound":115571831.75525},"point_estimate":114299971.2,"standard_error":626097.2144133636},"median":{"confidence_interval":{"confidence_level":0.95,"lower_bound":111752189.0,"upper_bound":114165399.5},"point_estimate":112939294.5,"standard_error":667995.7765198817},"median_abs_dev":{"confidence_interval":{"confidence_level":0.95,"lower_bound":3670414.933437109,"upper_bound":6181265.817810582},"point_estimate":4859538.690125942,"standard_error":611322.2061417277},"slope":null,"std_dev":{"confidence_interval":{"confidence_level":0.95,"lower_bound":4677862.276023743,"upper_bound":7879555.172589496},"point_estimate":6267699.229911012,"standard_error":832284.4743936184}}