{"mean":{"confidence_interval":{"confidence_level":0.95,"lower_bound":191255349.506,"upper_bound":191520495.1505},"point_estimate":191383381.46,"standard_error":68058.58639665427},"median":{"confidence_interval":{"confidence_level":0.95,"lower_bound":191178201.5,"upper_bound":191487143.0},"point_estimate":191240518.5,"standard_error":84563.22281233623},"median_abs_dev":{"confidence_interval":{"confidence_level":0.95,"lower_bound":458332.43846297264,"upper_bound":803426.8561363219},"point_estimate":619331.6761046648,"standard_error":83757.65209989686},"slope":null,"std_dev":{"confidence_interval":{"confidence_level":0.95,"lower_bound":511026.1219543485,"upper_bound":888430.0585013642},"point_estimate":680699.6461992665,"standard_error":103843.14694852928}}