{"mean":{"confidence_interval":{"confidence_level":0.95,"lower_bound":47341139.422625,"upper_bound":47638478.46},"point_estimate":47488024.61,"standard_error":76134.34715044578},"median":{"confidence_interval":{"confidence_level":0.95,"lower_bound":47318477.25,"upper_bound":47556921.0},"point_estimate":47438285.75,"standard_error":57210.47557578358},"median_abs_dev":{"confidence_interval":{"confidence_level":0.95,"lower_bound":548961.9216039777,"upper_bound":833969.8981940746},"point_estimate":698509.186398983,"standard_error":70331.51742363078},"slope":null,"std_dev":{"confidence_interval":{"confidence_level":0.95,"lower_bound":650465.8665252347,"upper_bound":865746.5259140305},"point_estimate":764472.1215801697,"standard_error":54887.9837115325}}