{"mean":{"confidence_interval":{"confidence_level":0.95,"lower_bound":47264672.487125,"upper_bound":47581862.685},"point_estimate":47411078.125,"standard_error":81067.09071210898},"median":{"confidence_interval":{"confidence_level":0.95,"lower_bound":47253603.5,"upper_bound":47585036.0},"point_estimate":47471837.0,"standard_error":92984.76124648392},"median_abs_dev":{"confidence_interval":{"confidence_level":0.95,"lower_bound":460109.97390266514,"upper_bound":794017.831923365},"point_estimate":661685.8508527279,"standard_error":80492.05856670873},"slope":null,"std_dev":{"confidence_interval":{"confidence_level":0.95,"lower_bound":517126.6816798864,"upper_bound":1171221.7359562318},"point_estimate":818474.2498306346,"standard_error":195775.18722798472}}