{"mean":{"confidence_interval":{"confidence_level":0.95,"lower_bound":211689609.16325,"upper_bound":212890094.9725},"point_estimate":212303015.34,"standard_error":306399.10192484636},"median":{"confidence_interval":{"confidence_level":0.95,"lower_bound":212496505.5,"upper_bound":213422851.0},"point_estimate":212978253.0,"standard_error":254185.6704703371},"median_abs_dev":{"confidence_interval":{"confidence_level":0.95,"lower_bound":1911215.1782691479,"upper_bound":3328704.976451169},"point_estimate":2652034.0614169836,"standard_error":340146.32659021387},"slope":null,"std_dev":{"confidence_interval":{"confidence_level":0.95,"lower_bound":2571541.1710772957,"upper_bound":3569233.118879012},"point_estimate":3095992.8752138712,"standard_error":254939.50160728057}}