{"mean":{"confidence_interval":{"confidence_level":0.95,"lower_bound":43356209.53975,"upper_bound":43857576.00875},"point_estimate":43574117.55,"standard_error":128929.4798368766},"median":{"confidence_interval":{"confidence_level":0.95,"lower_bound":43200461.25,"upper_bound":43350328.5},"point_estimate":43256022.25,"standard_error":40510.29504014838},"median_abs_dev":{"confidence_interval":{"confidence_level":0.95,"lower_bound":292028.4581154585,"upper_bound":536903.1947180629},"point_estimate":413565.33225774765,"standard_error":63020.70136180359},"slope":null,"std_dev":{"confidence_interval":{"confidence_level":0.95,"lower_bound":555436.3108483221,"upper_bound":1944481.2549221166},"point_estimate":1287781.3369812614,"standard_error":368875.35853269504}}