{"mean":{"confidence_interval":{"confidence_level":0.95,"lower_bound":45518735.893625,"upper_bound":45721093.344500005},"point_estimate":45614254.275,"standard_error":51921.17603748546},"median":{"confidence_interval":{"confidence_level":0.95,"lower_bound":45379656.5,"upper_bound":45652475.0},"point_estimate":45479692.75,"standard_error":74729.28534650218},"median_abs_dev":{"confidence_interval":{"confidence_level":0.95,"lower_bound":272717.22280830145,"upper_bound":487026.67835354805},"point_estimate":403422.1245378256,"standard_error":53561.541480654996},"slope":null,"std_dev":{"confidence_interval":{"confidence_level":0.95,"lower_bound":376327.4524215979,"upper_bound":693925.0611789994},"point_estimate":525249.5954972426,"standard_error":86285.12544740569}}