{"mean":{"confidence_interval":{"confidence_level":0.95,"lower_bound":46286214.35,"upper_bound":46445833.705},"point_estimate":46360799.475,"standard_error":40738.64125856589},"median":{"confidence_interval":{"confidence_level":0.95,"lower_bound":46266840.5,"upper_bound":46409565.75},"point_estimate":46319958.75,"standard_error":37627.05267635803},"median_abs_dev":{"confidence_interval":{"confidence_level":0.95,"lower_bound":200491.99444055557,"upper_bound":343014.3299102783},"point_estimate":262829.3929338455,"standard_error":36044.40463007042},"slope":null,"std_dev":{"confidence_interval":{"confidence_level":0.95,"lower_bound":272193.7345228762,"upper_bound":570715.6917465372},"point_estimate":410976.9105909119,"standard_error":85398.29390389113}}