{"mean":{"confidence_interval":{"confidence_level":0.95,"lower_bound":114652070.3055,"upper_bound":115116400.2505},"point_estimate":114891696.03,"standard_error":118464.67247448182},"median":{"confidence_interval":{"confidence_level":0.95,"lower_bound":114859817.0,"upper_bound":115164642.0},"point_estimate":114992938.5,"standard_error":84712.63923538696},"median_abs_dev":{"confidence_interval":{"confidence_level":0.95,"lower_bound":495126.1220097542,"upper_bound":819749.8926640297},"point_estimate":638185.1586699486,"standard_error":81147.00408447516},"slope":null,"std_dev":{"confidence_interval":{"confidence_level":0.95,"lower_bound":883906.9501964033,"upper_bound":1442547.804316612},"point_estimate":1185716.884113636,"standard_error":143178.95664131534}}