{"mean":{"confidence_interval":{"confidence_level":0.95,"lower_bound":71920691.73125,"upper_bound":73096236.8055},"point_estimate":72389122.64,"standard_error":310850.8201048476},"median":{"confidence_interval":{"confidence_level":0.95,"lower_bound":71911005.0,"upper_bound":72436854.0},"point_estimate":72178554.0,"standard_error":147742.92061430958},"median_abs_dev":{"confidence_interval":{"confidence_level":0.95,"lower_bound":802528.4005522728,"upper_bound":1333079.0065006157},"point_estimate":1037446.3663816452,"standard_error":135415.13050030026},"slope":null,"std_dev":{"confidence_interval":{"confidence_level":0.95,"lower_bound":1080340.2144106382,"upper_bound":5134211.317072776},"point_estimate":3134476.7108642063,"standard_error":1358356.550590033}}