{"mean":{"confidence_interval":{"confidence_level":0.95,"lower_bound":91341726.2065,"upper_bound":91928527.3855},"point_estimate":91639002.05,"standard_error":149647.73196869096},"median":{"confidence_interval":{"confidence_level":0.95,"lower_bound":91603968.0,"upper_bound":92130189.0},"point_estimate":91870289.5,"standard_error":114158.65182488991},"median_abs_dev":{"confidence_interval":{"confidence_level":0.95,"lower_bound":947398.4330803156,"upper_bound":1970076.0095516588},"point_estimate":1410764.298453927,"standard_error":259601.27048730227},"slope":null,"std_dev":{"confidence_interval":{"confidence_level":0.95,"lower_bound":1313296.2925728767,"upper_bound":1673381.4600767232},"point_estimate":1506896.9506645931,"standard_error":91860.13272968086}}