{"mean":{"confidence_interval":{"confidence_level":0.95,"lower_bound":43517150.690875,"upper_bound":43966656.96},"point_estimate":43709673.9,"standard_error":116024.62200783782},"median":{"confidence_interval":{"confidence_level":0.95,"lower_bound":43617582.0,"upper_bound":43911467.5},"point_estimate":43795340.5,"standard_error":71184.03203718473},"median_abs_dev":{"confidence_interval":{"confidence_level":0.95,"lower_bound":339296.71047627926,"upper_bound":720030.236966908},"point_estimate":545845.8671092987,"standard_error":96762.06752304602},"slope":null,"std_dev":{"confidence_interval":{"confidence_level":0.95,"lower_bound":555439.4920988438,"upper_bound":1827225.6195013705},"point_estimate":1167089.2573259363,"standard_error":412985.4848525598}}