{"mean":{"confidence_interval":{"confidence_level":0.95,"lower_bound":183690907.64925,"upper_bound":184039614.83525},"point_estimate":183860336.57,"standard_error":89366.4617405044},"median":{"confidence_interval":{"confidence_level":0.95,"lower_bound":183490491.0,"upper_bound":183922307.5},"point_estimate":183672908.5,"standard_error":111208.69940055857},"median_abs_dev":{"confidence_interval":{"confidence_level":0.95,"lower_bound":569329.5093923807,"upper_bound":965652.9452562332},"point_estimate":738044.9385970831,"standard_error":106228.81043379713},"slope":null,"std_dev":{"confidence_interval":{"confidence_level":0.95,"lower_bound":713910.7585053418,"upper_bound":1064650.5597441334},"point_estimate":895799.2187098046,"standard_error":89800.22395829145}}