{"mean":{"confidence_interval":{"confidence_level":0.95,"lower_bound":109759706.97425,"upper_bound":111397644.4295},"point_estimate":110563738.52,"standard_error":417558.0895368194},"median":{"confidence_interval":{"confidence_level":0.95,"lower_bound":109027761.0,"upper_bound":111567702.0},"point_estimate":110193676.0,"standard_error":615755.9453558695},"median_abs_dev":{"confidence_interval":{"confidence_level":0.95,"lower_bound":3530928.7403234844,"upper_bound":5324513.176470995},"point_estimate":4399414.529594779,"standard_error":457154.6671683479},"slope":null,"std_dev":{"confidence_interval":{"confidence_level":0.95,"lower_bound":3557125.734866038,"upper_bound":4756330.836977435},"point_estimate":4179678.684645916,"standard_error":307551.1814340957}}