{"mean":{"confidence_interval":{"confidence_level":0.95,"lower_bound":102652340.3185,"upper_bound":103081120.35525},"point_estimate":102865443.27,"standard_error":109166.57355670829},"median":{"confidence_interval":{"confidence_level":0.95,"lower_bound":102863842.0,"upper_bound":103221641.5},"point_estimate":103063731.5,"standard_error":92648.29422413188},"median_abs_dev":{"confidence_interval":{"confidence_level":0.95,"lower_bound":551169.4573672866,"upper_bound":1253882.8525116283},"point_estimate":979349.9451130629,"standard_error":179215.10589064495},"slope":null,"std_dev":{"confidence_interval":{"confidence_level":0.95,"lower_bound":891457.2844045415,"upper_bound":1336461.95666059},"point_estimate":1101764.416675718,"standard_error":115946.15544115136}}