{"mean":{"confidence_interval":{"confidence_level":0.95,"lower_bound":89243659.10700001,"upper_bound":89763228.972},"point_estimate":89500378.06,"standard_error":133036.90882635122},"median":{"confidence_interval":{"confidence_level":0.95,"lower_bound":88906108.0,"upper_bound":89904920.0},"point_estimate":89479015.0,"standard_error":213874.74251011547},"median_abs_dev":{"confidence_interval":{"confidence_level":0.95,"lower_bound":1238355.3605972978,"upper_bound":1867085.5900526047},"point_estimate":1610918.260100484,"standard_error":162881.75259968115},"slope":null,"std_dev":{"confidence_interval":{"confidence_level":0.95,"lower_bound":1183253.7836127589,"upper_bound":1466839.049670263},"point_estimate":1336334.0529650797,"standard_error":72089.57241671794}}