{"mean":{"confidence_interval":{"confidence_level":0.95,"lower_bound":196434413.70325,"upper_bound":196687355.90825},"point_estimate":196560278.09,"standard_error":64436.323190104835},"median":{"confidence_interval":{"confidence_level":0.95,"lower_bound":196401743.0,"upper_bound":196605590.0},"point_estimate":196463643.5,"standard_error":53919.72888957496},"median_abs_dev":{"confidence_interval":{"confidence_level":0.95,"lower_bound":405704.66132730275,"upper_bound":646483.2707226276},"point_estimate":542330.6225717068,"standard_error":62263.380128006975},"slope":null,"std_dev":{"confidence_interval":{"confidence_level":0.95,"lower_bound":517170.68263552064,"upper_bound":769675.9204222034},"point_estimate":649963.1106398331,"standard_error":64665.20655272275}}