{"mean":{"confidence_interval":{"confidence_level":0.95,"lower_bound":69561018.43699999,"upper_bound":69850328.66475},"point_estimate":69703501.45,"standard_error":73750.27421039972},"median":{"confidence_interval":{"confidence_level":0.95,"lower_bound":69436053.5,"upper_bound":69843304.0},"point_estimate":69626353.5,"standard_error":111811.90418505625},"median_abs_dev":{"confidence_interval":{"confidence_level":0.95,"lower_bound":574804.0097951889,"upper_bound":902384.4739794731},"point_estimate":726103.3371090889,"standard_error":83203.449020778},"slope":null,"std_dev":{"confidence_interval":{"confidence_level":0.95,"lower_bound":614072.5098539139,"upper_bound":868741.0411762528},"point_estimate":741817.0896583193,"standard_error":65565.41668570979}}