{"mean":{"confidence_interval":{"confidence_level":0.95,"lower_bound":116562355.59750001,"upper_bound":117369609.131},"point_estimate":116962575.33,"standard_error":206580.5180245552},"median":{"confidence_interval":{"confidence_level":0.95,"lower_bound":116250754.0,"upper_bound":117190432.0},"point_estimate":116526577.0,"standard_error":235668.3493100853},"median_abs_dev":{"confidence_interval":{"confidence_level":0.95,"lower_bound":1403989.5578742027,"upper_bound":2259264.4176900387},"point_estimate":1735854.735982418,"standard_error":221079.4486088261},"slope":null,"std_dev":{"confidence_interval":{"confidence_level":0.95,"lower_bound":1730245.8578257759,"upper_bound":2391259.5947557655},"point_estimate":2078274.9874606407,"standard_error":167980.541815516}}