{"mean":{"confidence_interval":{"confidence_level":0.95,"lower_bound":70528.1068482021,"upper_bound":70913.17108634213},"point_estimate":70715.61131694862,"standard_error":98.18500681910291},"median":{"confidence_interval":{"confidence_level":0.95,"lower_bound":70127.93707482993,"upper_bound":70349.6633986928},"point_estimate":70219.04341269842,"standard_error":51.514520365601},"median_abs_dev":{"confidence_interval":{"confidence_level":0.95,"lower_bound":258.63719783889934,"upper_bound":663.3570252884643},"point_estimate":388.2248355345123,"standard_error":101.22946519940844},"slope":{"confidence_interval":{"confidence_level":0.95,"lower_bound":70210.66398629978,"upper_bound":70491.73564240469},"point_estimate":70336.696933156,"standard_error":72.2672753045914},"std_dev":{"confidence_interval":{"confidence_level":0.95,"lower_bound":842.3208639994035,"upper_bound":1104.8189700584762},"point_estimate":987.2371433794459,"standard_error":66.84258156068701}}