{"mean":{"confidence_interval":{"confidence_level":0.95,"lower_bound":75829.86064773067,"upper_bound":76372.3169353686},"point_estimate":76093.0184862724,"standard_error":138.48638235555384},"median":{"confidence_interval":{"confidence_level":0.95,"lower_bound":75289.61713628522,"upper_bound":75439.50995550612},"point_estimate":75344.94892952722,"standard_error":38.54724793952162},"median_abs_dev":{"confidence_interval":{"confidence_level":0.95,"lower_bound":254.72372475016334,"upper_bound":679.7991214502938},"point_estimate":414.0745059547757,"standard_error":120.11516341931781},"slope":{"confidence_interval":{"confidence_level":0.95,"lower_bound":75297.69282776787,"upper_bound":75404.98498727645},"point_estimate":75346.95196276046,"standard_error":27.343374602492975},"std_dev":{"confidence_interval":{"confidence_level":0.95,"lower_bound":1141.7435551225324,"upper_bound":1634.7980004431347},"point_estimate":1389.8409377466555,"standard_error":126.21988972800379}}