{"mean":{"confidence_interval":{"confidence_level":0.95,"lower_bound":70507.4068284625,"upper_bound":70893.08175564972},"point_estimate":70695.3388479614,"standard_error":98.54435237906806},"median":{"confidence_interval":{"confidence_level":0.95,"lower_bound":70258.70495495496,"upper_bound":70444.01787938089},"point_estimate":70328.586388259,"standard_error":46.66579586720299},"median_abs_dev":{"confidence_interval":{"confidence_level":0.95,"lower_bound":374.38045697975934,"upper_bound":854.7086945908624},"point_estimate":568.6711979421033,"standard_error":117.20578130575815},"slope":{"confidence_interval":{"confidence_level":0.95,"lower_bound":70294.20283080118,"upper_bound":70578.42511568066},"point_estimate":70421.28432786562,"standard_error":72.90605813472826},"std_dev":{"confidence_interval":{"confidence_level":0.95,"lower_bound":826.8819151278582,"upper_bound":1124.075810636814},"point_estimate":988.7392301837684,"standard_error":75.64064740292659}}