{"mean":{"confidence_interval":{"confidence_level":0.95,"lower_bound":72742.50638657757,"upper_bound":73636.97698348436},"point_estimate":73175.9736363841,"standard_error":228.45446868303532},"median":{"confidence_interval":{"confidence_level":0.95,"lower_bound":72349.55246305419,"upper_bound":73517.95128205128},"point_estimate":72759.85638326585,"standard_error":272.98281781342416},"median_abs_dev":{"confidence_interval":{"confidence_level":0.95,"lower_bound":1689.2857853261999,"upper_bound":2606.082908282868},"point_estimate":2160.6868105374565,"standard_error":233.5678144733821},"slope":{"confidence_interval":{"confidence_level":0.95,"lower_bound":71883.0071851672,"upper_bound":72734.36990973339},"point_estimate":72295.96594059406,"standard_error":217.8715186693042},"std_dev":{"confidence_interval":{"confidence_level":0.95,"lower_bound":1789.3531667157918,"upper_bound":2807.146991462088},"point_estimate":2295.864419989086,"standard_error":264.2083089512643}}