{"mean":{"confidence_interval":{"confidence_level":0.95,"lower_bound":115783.22314055967,"upper_bound":116118.34320137637},"point_estimate":115946.88156206276,"standard_error":85.67306625927424},"median":{"confidence_interval":{"confidence_level":0.95,"lower_bound":115685.95594294154,"upper_bound":116078.14634146342},"point_estimate":115857.69424573952,"standard_error":92.67167033962447},"median_abs_dev":{"confidence_interval":{"confidence_level":0.95,"lower_bound":524.4090688148698,"upper_bound":795.5607459244588},"point_estimate":621.3936430728426,"standard_error":68.9792669265037},"slope":{"confidence_interval":{"confidence_level":0.95,"lower_bound":115691.69352619388,"upper_bound":115938.96727340759},"point_estimate":115816.63912368848,"standard_error":62.97378887897935},"std_dev":{"confidence_interval":{"confidence_level":0.95,"lower_bound":694.9839315723872,"upper_bound":991.9040241438718},"point_estimate":853.5428480927126,"standard_error":75.93238577537794}}