{"mean":{"confidence_interval":{"confidence_level":0.95,"lower_bound":70501.07463473927,"upper_bound":70933.08856735633},"point_estimate":70708.27654261084,"standard_error":110.16784198647086},"median":{"confidence_interval":{"confidence_level":0.95,"lower_bound":70177.18229166667,"upper_bound":70401.07407407407},"point_estimate":70268.22694902548,"standard_error":55.724460673128334},"median_abs_dev":{"confidence_interval":{"confidence_level":0.95,"lower_bound":350.9242820421048,"upper_bound":862.1343493138277},"point_estimate":632.5290518831098,"standard_error":138.98130394439173},"slope":{"confidence_interval":{"confidence_level":0.95,"lower_bound":70236.2968887449,"upper_bound":70498.35196411265},"point_estimate":70355.16023939707,"standard_error":66.98970203334487},"std_dev":{"confidence_interval":{"confidence_level":0.95,"lower_bound":868.3309779410442,"upper_bound":1368.8648383017241},"point_estimate":1108.3520573647902,"standard_error":131.16076104698416}}