{"mean":{"confidence_interval":{"confidence_level":0.95,"lower_bound":999643.079474254,"upper_bound":1000152.8671869198},"point_estimate":999900.0395863986,"standard_error":130.08993171245342},"median":{"confidence_interval":{"confidence_level":0.95,"lower_bound":999760.2266666667,"upper_bound":1000241.6944183866},"point_estimate":999985.4236111111,"standard_error":129.0174776874139},"median_abs_dev":{"confidence_interval":{"confidence_level":0.95,"lower_bound":829.2241391243681,"upper_bound":1318.8859307517416},"point_estimate":1070.3023991801915,"standard_error":123.87431734110635},"slope":{"confidence_interval":{"confidence_level":0.95,"lower_bound":999618.6632114361,"upper_bound":1000058.9165870164},"point_estimate":999837.4842323038,"standard_error":112.33460913644004},"std_dev":{"confidence_interval":{"confidence_level":0.95,"lower_bound":1077.6328476780848,"upper_bound":1509.582229437154},"point_estimate":1301.383533857449,"standard_error":110.23183610103423}}