{"mean":{"confidence_interval":{"confidence_level":0.95,"lower_bound":70952.35720119214,"upper_bound":71369.28645943594},"point_estimate":71155.3018329117,"standard_error":106.45221626560567},"median":{"confidence_interval":{"confidence_level":0.95,"lower_bound":70663.07887323944,"upper_bound":70813.46347734703},"point_estimate":70754.03035943517,"standard_error":34.650938350021626},"median_abs_dev":{"confidence_interval":{"confidence_level":0.95,"lower_bound":265.1506045541969,"upper_bound":702.2865805942404},"point_estimate":416.1584484198154,"standard_error":108.70108540287544},"slope":{"confidence_interval":{"confidence_level":0.95,"lower_bound":70675.18762354417,"upper_bound":70825.71557727545},"point_estimate":70745.16308201566,"standard_error":38.52716917322838},"std_dev":{"confidence_interval":{"confidence_level":0.95,"lower_bound":891.0883536761924,"upper_bound":1218.8084400588464},"point_estimate":1072.0734077950042,"standard_error":83.56581207717262}}