{"mean":{"confidence_interval":{"confidence_level":0.95,"lower_bound":78497.7431069265,"upper_bound":78903.43796839284},"point_estimate":78697.23682789231,"standard_error":103.84629373839391},"median":{"confidence_interval":{"confidence_level":0.95,"lower_bound":78120.52548775426,"upper_bound":78332.32612293144},"point_estimate":78218.15777960527,"standard_error":70.23709884457551},"median_abs_dev":{"confidence_interval":{"confidence_level":0.95,"lower_bound":366.0418958687128,"upper_bound":1055.1421148674797},"point_estimate":745.6897584101986,"standard_error":190.753604168179},"slope":{"confidence_interval":{"confidence_level":0.95,"lower_bound":78126.5267674768,"upper_bound":78261.68048203434},"point_estimate":78190.39523452046,"standard_error":34.4153789668937},"std_dev":{"confidence_interval":{"confidence_level":0.95,"lower_bound":913.0554769730303,"upper_bound":1145.5611554716443},"point_estimate":1040.8648868875937,"standard_error":59.267426010376184}}