{"mean":{"confidence_interval":{"confidence_level":0.95,"lower_bound":67014.8577938948,"upper_bound":67514.8064960877},"point_estimate":67254.22199352067,"standard_error":127.84515450914522},"median":{"confidence_interval":{"confidence_level":0.95,"lower_bound":66585.64590163935,"upper_bound":66821.48333333334},"point_estimate":66663.03805657412,"standard_error":53.06905966120179},"median_abs_dev":{"confidence_interval":{"confidence_level":0.95,"lower_bound":338.4230996736104,"upper_bound":972.2057237282321},"point_estimate":476.3120122205688,"standard_error":173.24422039610513},"slope":{"confidence_interval":{"confidence_level":0.95,"lower_bound":66592.22976916334,"upper_bound":66782.21757086867},"point_estimate":66676.46429909856,"standard_error":48.475321274539695},"std_dev":{"confidence_interval":{"confidence_level":0.95,"lower_bound":982.4959984613128,"upper_bound":1608.421338775755},"point_estimate":1289.9748588509856,"standard_error":162.69166133973087}}