{"mean":{"confidence_interval":{"confidence_level":0.95,"lower_bound":107801.99715818159,"upper_bound":109467.36820718138},"point_estimate":108626.93010351765,"standard_error":424.31058313988166},"median":{"confidence_interval":{"confidence_level":0.95,"lower_bound":106553.77325581395,"upper_bound":109708.81666666667},"point_estimate":108492.50795454546,"standard_error":814.5279592984521},"median_abs_dev":{"confidence_interval":{"confidence_level":0.95,"lower_bound":3925.196639378781,"upper_bound":5809.504860253432},"point_estimate":4975.5388776843265,"standard_error":478.00670880546244},"slope":{"confidence_interval":{"confidence_level":0.95,"lower_bound":106599.72300189704,"upper_bound":108487.61314768999},"point_estimate":107519.20026673563,"standard_error":482.2637770073921},"std_dev":{"confidence_interval":{"confidence_level":0.95,"lower_bound":3675.8654863653346,"upper_bound":4816.968865845047},"point_estimate":4247.02811059076,"standard_error":292.63261842971724}}