{"mean":{"confidence_interval":{"confidence_level":0.95,"lower_bound":76313.68609764917,"upper_bound":77156.09150400411},"point_estimate":76718.58658998233,"standard_error":215.02176686959686},"median":{"confidence_interval":{"confidence_level":0.95,"lower_bound":75475.06,"upper_bound":75690.6125},"point_estimate":75533.22044525215,"standard_error":70.91786106058044},"median_abs_dev":{"confidence_interval":{"confidence_level":0.95,"lower_bound":366.2780527538587,"upper_bound":1135.584682663508},"point_estimate":628.2928689907693,"standard_error":203.37086267631074},"slope":{"confidence_interval":{"confidence_level":0.95,"lower_bound":75520.70558958963,"upper_bound":75788.0468757199},"point_estimate":75638.48823407714,"standard_error":68.68497540081974},"std_dev":{"confidence_interval":{"confidence_level":0.95,"lower_bound":1722.9471677529748,"upper_bound":2629.57670018147},"point_estimate":2155.7590508921107,"standard_error":237.4796042482842}}