{"mean":{"confidence_interval":{"confidence_level":0.95,"lower_bound":70544.93341687367,"upper_bound":71000.31471611865},"point_estimate":70763.14677156105,"standard_error":116.09425631552537},"median":{"confidence_interval":{"confidence_level":0.95,"lower_bound":70184.11814345991,"upper_bound":70393.00759803921},"point_estimate":70272.33548280424,"standard_error":48.40702375709696},"median_abs_dev":{"confidence_interval":{"confidence_level":0.95,"lower_bound":315.1348610719033,"upper_bound":810.1727110819855},"point_estimate":472.7298942462608,"standard_error":121.61406981118776},"slope":{"confidence_interval":{"confidence_level":0.95,"lower_bound":70236.85158180383,"upper_bound":70611.71902630747},"point_estimate":70396.8304221467,"standard_error":97.59787607715688},"std_dev":{"confidence_interval":{"confidence_level":0.95,"lower_bound":908.9482754561152,"upper_bound":1438.7930941884479},"point_estimate":1169.3777243870964,"standard_error":137.77970825365773}}