{"mean":{"confidence_interval":{"confidence_level":0.95,"lower_bound":994297.5760467411,"upper_bound":994757.3535252974},"point_estimate":994520.6907318957,"standard_error":117.41574648497424},"median":{"confidence_interval":{"confidence_level":0.95,"lower_bound":994232.5957446808,"upper_bound":994622.9408602151},"point_estimate":994389.5666666667,"standard_error":106.27942492515805},"median_abs_dev":{"confidence_interval":{"confidence_level":0.95,"lower_bound":619.9155672552325,"upper_bound":1024.7928698062678},"point_estimate":792.5085465450404,"standard_error":104.82001535636113},"slope":{"confidence_interval":{"confidence_level":0.95,"lower_bound":994306.7630129813,"upper_bound":994701.0144431319},"point_estimate":994494.3148130634,"standard_error":100.95429375283457},"std_dev":{"confidence_interval":{"confidence_level":0.95,"lower_bound":891.6755408540131,"upper_bound":1450.1256343689436},"point_estimate":1178.7955039567241,"standard_error":143.1206373015597}}