{"mean":{"confidence_interval":{"confidence_level":0.95,"lower_bound":466304.49809093174,"upper_bound":467520.17116927233},"point_estimate":466886.14855131967,"standard_error":310.6480805070257},"median":{"confidence_interval":{"confidence_level":0.95,"lower_bound":465725.29195804195,"upper_bound":466742.775862069},"point_estimate":466234.6986007463,"standard_error":263.108612261903},"median_abs_dev":{"confidence_interval":{"confidence_level":0.95,"lower_bound":1643.230146323088,"upper_bound":2748.3432262071356},"point_estimate":2152.3436219293912,"standard_error":291.65390925829047},"slope":{"confidence_interval":{"confidence_level":0.95,"lower_bound":465898.4996041397,"upper_bound":467208.40852117207},"point_estimate":466497.58507906017,"standard_error":335.005164734399},"std_dev":{"confidence_interval":{"confidence_level":0.95,"lower_bound":2271.013149781133,"upper_bound":4008.341282104162},"point_estimate":3114.5541461177377,"standard_error":458.3053995873261}}