{"mean":{"confidence_interval":{"confidence_level":0.95,"lower_bound":78462.14539463584,"upper_bound":78795.08741802692},"point_estimate":78623.42904253911,"standard_error":85.28017038153473},"median":{"confidence_interval":{"confidence_level":0.95,"lower_bound":78251.58024691358,"upper_bound":78382.3597378277},"point_estimate":78300.29381313131,"standard_error":31.340561962083086},"median_abs_dev":{"confidence_interval":{"confidence_level":0.95,"lower_bound":229.3333561709509,"upper_bound":590.4426514775789},"point_estimate":343.1352890859316,"standard_error":96.0654262608606},"slope":{"confidence_interval":{"confidence_level":0.95,"lower_bound":78278.02654098549,"upper_bound":78421.53252213621},"point_estimate":78343.74389734496,"standard_error":36.77672607943305},"std_dev":{"confidence_interval":{"confidence_level":0.95,"lower_bound":706.9199174711076,"upper_bound":978.2602775185389},"point_estimate":858.6906281774003,"standard_error":69.24705125227607}}