{"mean":{"confidence_interval":{"confidence_level":0.95,"lower_bound":78639.98863342618,"upper_bound":79079.41546143894},"point_estimate":78855.71788007613,"standard_error":112.37465304385076},"median":{"confidence_interval":{"confidence_level":0.95,"lower_bound":78124.83863636364,"upper_bound":78520.91506849315},"point_estimate":78222.44840108401,"standard_error":123.71815337967698},"median_abs_dev":{"confidence_interval":{"confidence_level":0.95,"lower_bound":360.97788953883713,"upper_bound":1270.8301771133033},"point_estimate":568.8357804983011,"standard_error":239.92206248265265},"slope":{"confidence_interval":{"confidence_level":0.95,"lower_bound":78212.87316904106,"upper_bound":78503.12285679637},"point_estimate":78341.22464134771,"standard_error":74.67260631563613},"std_dev":{"confidence_interval":{"confidence_level":0.95,"lower_bound":983.5801015300805,"upper_bound":1283.536601565006},"point_estimate":1132.1095309903628,"standard_error":77.0254372202548}}