{"mean":{"confidence_interval":{"confidence_level":0.95,"lower_bound":982228.4300100562,"upper_bound":982790.0109013845},"point_estimate":982520.3130014525,"standard_error":143.49997188832492},"median":{"confidence_interval":{"confidence_level":0.95,"lower_bound":982367.8055555555,"upper_bound":983039.9811320754},"point_estimate":982631.1479591837,"standard_error":176.32071193679496},"median_abs_dev":{"confidence_interval":{"confidence_level":0.95,"lower_bound":869.5890502298329,"upper_bound":1400.9599322189335},"point_estimate":1050.2985313535025,"standard_error":139.85380106539034},"slope":{"confidence_interval":{"confidence_level":0.95,"lower_bound":982388.8979537389,"upper_bound":982836.1522258575},"point_estimate":982613.2195832718,"standard_error":114.05002609481757},"std_dev":{"confidence_interval":{"confidence_level":0.95,"lower_bound":1058.7524981163663,"upper_bound":1848.874310035699},"point_estimate":1438.9433369652165,"standard_error":208.54780718314316}}