{"mean":{"confidence_interval":{"confidence_level":0.95,"lower_bound":1058718.4281536457,"upper_bound":1059239.1423206565},"point_estimate":1058972.8681849772,"standard_error":131.84467612902736},"median":{"confidence_interval":{"confidence_level":0.95,"lower_bound":1058673.1666666667,"upper_bound":1059059.7530864198},"point_estimate":1058868.0397260273,"standard_error":116.71040904270077},"median_abs_dev":{"confidence_interval":{"confidence_level":0.95,"lower_bound":633.862085481322,"upper_bound":1010.6438984617035},"point_estimate":836.1088337715859,"standard_error":93.66222671305837},"slope":{"confidence_interval":{"confidence_level":0.95,"lower_bound":1058812.1271276067,"upper_bound":1059226.980397029},"point_estimate":1059008.3311304862,"standard_error":106.02512195703179},"std_dev":{"confidence_interval":{"confidence_level":0.95,"lower_bound":884.0052089809915,"upper_bound":1727.0050802759142},"point_estimate":1321.7408880753903,"standard_error":216.8579327749138}}