{"mean":{"confidence_interval":{"confidence_level":0.95,"lower_bound":72800.65782342684,"upper_bound":73258.62323250888},"point_estimate":73023.24603603422,"standard_error":116.7173204307871},"median":{"confidence_interval":{"confidence_level":0.95,"lower_bound":72361.81485421592,"upper_bound":72556.77587574355},"point_estimate":72406.18663526641,"standard_error":60.240205210143195},"median_abs_dev":{"confidence_interval":{"confidence_level":0.95,"lower_bound":312.7826869215217,"upper_bound":917.6285846039603},"point_estimate":490.55309185449835,"standard_error":157.09737536847263},"slope":{"confidence_interval":{"confidence_level":0.95,"lower_bound":72401.9148864625,"upper_bound":72634.98388653822},"point_estimate":72509.14020570416,"standard_error":59.92339175526657},"std_dev":{"confidence_interval":{"confidence_level":0.95,"lower_bound":990.7976585233928,"upper_bound":1333.118424834236},"point_estimate":1173.6600158014346,"standard_error":87.62614981354616}}