{"mean":{"confidence_interval":{"confidence_level":0.95,"lower_bound":76634.18846578525,"upper_bound":77085.56467480412},"point_estimate":76854.72310999819,"standard_error":115.38178943227359},"median":{"confidence_interval":{"confidence_level":0.95,"lower_bound":76149.92592592593,"upper_bound":76450.778125},"point_estimate":76281.42003878474,"standard_error":85.7384836312338},"median_abs_dev":{"confidence_interval":{"confidence_level":0.95,"lower_bound":405.74144534399557,"upper_bound":1120.2785167000827},"point_estimate":721.262691115622,"standard_error":180.3088129835008},"slope":{"confidence_interval":{"confidence_level":0.95,"lower_bound":76216.23956684346,"upper_bound":76530.44487882819},"point_estimate":76353.63924752476,"standard_error":80.77306012151074},"std_dev":{"confidence_interval":{"confidence_level":0.95,"lower_bound":1014.4963882502352,"upper_bound":1289.633173136714},"point_estimate":1160.8843433074906,"standard_error":70.05802707682852}}