{"mean":{"confidence_interval":{"confidence_level":0.95,"lower_bound":110151.53612571963,"upper_bound":111275.46177428725},"point_estimate":110719.53247024538,"standard_error":286.53623835029595},"median":{"confidence_interval":{"confidence_level":0.95,"lower_bound":110429.01118421053,"upper_bound":111508.4875},"point_estimate":110970.31696428571,"standard_error":315.4445443753365},"median_abs_dev":{"confidence_interval":{"confidence_level":0.95,"lower_bound":1866.1495212809925,"upper_bound":3182.4120753190737},"point_estimate":2416.123680230226,"standard_error":341.8707294107458},"slope":{"confidence_interval":{"confidence_level":0.95,"lower_bound":110265.07435412325,"upper_bound":111487.61355910706},"point_estimate":110906.92359243387,"standard_error":312.40921356960547},"std_dev":{"confidence_interval":{"confidence_level":0.95,"lower_bound":2434.006137023301,"upper_bound":3297.276771524981},"point_estimate":2880.3646133097322,"standard_error":220.71768841262312}}