{"mean":{"confidence_interval":{"confidence_level":0.95,"lower_bound":408116.39297271566,"upper_bound":408221.2678941874},"point_estimate":408167.8359197759,"standard_error":26.744796906268245},"median":{"confidence_interval":{"confidence_level":0.95,"lower_bound":408094.4913793103,"upper_bound":408165.47131782945},"point_estimate":408140.1138129389,"standard_error":18.63542004750567},"median_abs_dev":{"confidence_interval":{"confidence_level":0.95,"lower_bound":112.13843571025491,"upper_bound":199.7179229661717},"point_estimate":149.50077025522543,"standard_error":22.395185943339687},"slope":{"confidence_interval":{"confidence_level":0.95,"lower_bound":408119.81849226396,"upper_bound":408230.55882056546},"point_estimate":408169.3566144525,"standard_error":28.408490842353622},"std_dev":{"confidence_interval":{"confidence_level":0.95,"lower_bound":193.20315682663758,"upper_bound":336.2026057606641},"point_estimate":268.8662854817163,"standard_error":36.48037040747216}}