{"mean":{"confidence_interval":{"confidence_level":0.95,"lower_bound":105145.46206310722,"upper_bound":105682.75549650325},"point_estimate":105399.48593851183,"standard_error":137.32611983286478},"median":{"confidence_interval":{"confidence_level":0.95,"lower_bound":104940.25057588075,"upper_bound":105327.03016318887},"point_estimate":105076.22998366013,"standard_error":102.14809070027233},"median_abs_dev":{"confidence_interval":{"confidence_level":0.95,"lower_bound":599.5103081091327,"upper_bound":1061.5009368582196},"point_estimate":809.4812348200161,"standard_error":120.86618074957995},"slope":{"confidence_interval":{"confidence_level":0.95,"lower_bound":104828.9501964911,"upper_bound":105107.71627577575},"point_estimate":104968.05303975174,"standard_error":71.4332088477028},"std_dev":{"confidence_interval":{"confidence_level":0.95,"lower_bound":946.9865994940834,"upper_bound":1854.5814778554436},"point_estimate":1384.223605288638,"standard_error":243.07113719903361}}