{"mean":{"confidence_interval":{"confidence_level":0.95,"lower_bound":1001038.2556440308,"upper_bound":1001491.2586935391},"point_estimate":1001272.18330528,"standard_error":115.17049868039096},"median":{"confidence_interval":{"confidence_level":0.95,"lower_bound":1000999.5953196348,"upper_bound":1001568.9230769231},"point_estimate":1001300.1705882354,"standard_error":132.4848425922728},"median_abs_dev":{"confidence_interval":{"confidence_level":0.95,"lower_bound":677.3488779710397,"upper_bound":1038.0894382368858},"point_estimate":880.6664744965899,"standard_error":90.4240511900782},"slope":{"confidence_interval":{"confidence_level":0.95,"lower_bound":1001189.0754305058,"upper_bound":1001502.2509758341},"point_estimate":1001350.2732436826,"standard_error":80.02746281585173},"std_dev":{"confidence_interval":{"confidence_level":0.95,"lower_bound":841.6230438408388,"upper_bound":1494.8041027926533},"point_estimate":1158.9755727196662,"standard_error":170.99812062832197}}