{"mean":{"confidence_interval":{"confidence_level":0.95,"lower_bound":38517504.510875,"upper_bound":38538040.9085},"point_estimate":38527541.715,"standard_error":5233.22628441724},"median":{"confidence_interval":{"confidence_level":0.95,"lower_bound":38508119.25,"upper_bound":38525719.5},"point_estimate":38517969.5,"standard_error":4753.990244662175},"median_abs_dev":{"confidence_interval":{"confidence_level":0.95,"lower_bound":33025.655713677406,"upper_bound":57192.776584625244},"point_estimate":47555.13545572758,"standard_error":6165.0632026719595},"slope":null,"std_dev":{"confidence_interval":{"confidence_level":0.95,"lower_bound":42655.23727948251,"upper_bound":61600.97500619313},"point_estimate":52616.36613688542,"standard_error":4859.847423969726}}