{"mean":{"confidence_interval":{"confidence_level":0.95,"lower_bound":35206818.536749996,"upper_bound":35414182.55575},"point_estimate":35293619.055,"standard_error":53650.34623802905},"median":{"confidence_interval":{"confidence_level":0.95,"lower_bound":35091482.0,"upper_bound":35281788.0},"point_estimate":35157937.25,"standard_error":44758.32024275436},"median_abs_dev":{"confidence_interval":{"confidence_level":0.95,"lower_bound":130321.64963632822,"upper_bound":302382.1950316429},"point_estimate":226653.95357608795,"standard_error":39968.097165273444},"slope":null,"std_dev":{"confidence_interval":{"confidence_level":0.95,"lower_bound":232377.17585375588,"upper_bound":842435.6837895011},"point_estimate":536978.5281401722,"standard_error":193777.1684178491}}