{"mean":{"confidence_interval":{"confidence_level":0.95,"lower_bound":4938946.592954547,"upper_bound":4948903.739636363},"point_estimate":4943471.201818182,"standard_error":2545.2799727418333},"median":{"confidence_interval":{"confidence_level":0.95,"lower_bound":4934108.818181818,"upper_bound":4937790.5},"point_estimate":4936086.909090909,"standard_error":890.5528504838022},"median_abs_dev":{"confidence_interval":{"confidence_level":0.95,"lower_bound":6502.481311830105,"upper_bound":11033.374222300396},"point_estimate":8420.089595967696,"standard_error":1140.3534495569434},"slope":null,"std_dev":{"confidence_interval":{"confidence_level":0.95,"lower_bound":15073.628749692592,"upper_bound":36063.54515277244},"point_estimate":25516.09112229735,"standard_error":5723.352227932459}}