{"mean":{"confidence_interval":{"confidence_level":0.95,"lower_bound":30989094.65975,"upper_bound":31028748.167875},"point_estimate":31008855.72,"standard_error":10112.068411354048},"median":{"confidence_interval":{"confidence_level":0.95,"lower_bound":30987484.0,"upper_bound":31042691.5},"point_estimate":31004091.0,"standard_error":14291.81727959017},"median_abs_dev":{"confidence_interval":{"confidence_level":0.95,"lower_bound":79907.6907813549,"upper_bound":125238.55562657118},"point_estimate":100886.85105890036,"standard_error":11496.885276089135},"slope":null,"std_dev":{"confidence_interval":{"confidence_level":0.95,"lower_bound":87478.94669921782,"upper_bound":115240.82638882754},"point_estimate":101975.44052399194,"standard_error":7092.83978460587}}