{"mean":{"confidence_interval":{"confidence_level":0.95,"lower_bound":36174226.66175,"upper_bound":36208390.574125},"point_estimate":36190483.82,"standard_error":8720.07200941747},"median":{"confidence_interval":{"confidence_level":0.95,"lower_bound":36165759.5,"upper_bound":36189759.5},"point_estimate":36174984.75,"standard_error":6509.508891814647},"median_abs_dev":{"confidence_interval":{"confidence_level":0.95,"lower_bound":44403.86921167374,"upper_bound":74538.4549766779},"point_estimate":59526.75959318876,"standard_error":7640.350514387866},"slope":null,"std_dev":{"confidence_interval":{"confidence_level":0.95,"lower_bound":62143.66708914839,"upper_bound":113817.80887789925},"point_estimate":88024.87735593773,"standard_error":13414.766237982802}}