{"mean":{"confidence_interval":{"confidence_level":0.95,"lower_bound":31825836.83525,"upper_bound":31843087.8605},"point_estimate":31834246.6,"standard_error":4395.533031857851},"median":{"confidence_interval":{"confidence_level":0.95,"lower_bound":31815962.0,"upper_bound":31840312.0},"point_estimate":31824062.0,"standard_error":6524.992213387482},"median_abs_dev":{"confidence_interval":{"confidence_level":0.95,"lower_bound":27910.315154492855,"upper_bound":47925.785449147224},"point_estimate":36880.78629523516,"standard_error":5043.901534990197},"slope":null,"std_dev":{"confidence_interval":{"confidence_level":0.95,"lower_bound":37180.11773171113,"upper_bound":50358.928648216635},"point_estimate":44217.77684559307,"standard_error":3370.0665590769813}}