{"mean":{"confidence_interval":{"confidence_level":0.95,"lower_bound":42282114.604375,"upper_bound":42322291.529750004},"point_estimate":42302208.045,"standard_error":10252.217052219308},"median":{"confidence_interval":{"confidence_level":0.95,"lower_bound":42267765.0,"upper_bound":42334565.0},"point_estimate":42309665.0,"standard_error":17046.536000520162},"median_abs_dev":{"confidence_interval":{"confidence_level":0.95,"lower_bound":97072.49197661877,"upper_bound":147814.8467257619},"point_estimate":132914.71699029207,"standard_error":13572.081443975934},"slope":null,"std_dev":{"confidence_interval":{"confidence_level":0.95,"lower_bound":91917.40438304639,"upper_bound":112765.74125514137},"point_estimate":103049.80406548486,"standard_error":5333.868726344701}}