{"mean":{"confidence_interval":{"confidence_level":0.95,"lower_bound":31960165.817500003,"upper_bound":32015423.944000002},"point_estimate":31987703.585,"standard_error":14068.860575863579},"median":{"confidence_interval":{"confidence_level":0.95,"lower_bound":31958236.0,"upper_bound":32021460.0},"point_estimate":31990260.5,"standard_error":18403.329584928568},"median_abs_dev":{"confidence_interval":{"confidence_level":0.95,"lower_bound":99110.32564043999,"upper_bound":169718.77873688936},"point_estimate":135433.654345572,"standard_error":17177.77622944004},"slope":null,"std_dev":{"confidence_interval":{"confidence_level":0.95,"lower_bound":122123.22784948623,"upper_bound":157652.06196800974},"point_estimate":140970.6628663032,"standard_error":9076.043914012484}}