{"mean":{"confidence_interval":{"confidence_level":0.95,"lower_bound":9304884.320083333,"upper_bound":9418423.621624995},"point_estimate":9362624.536666665,"standard_error":28934.172761886213},"median":{"confidence_interval":{"confidence_level":0.95,"lower_bound":9356994.0,"upper_bound":9514818.416666666},"point_estimate":9456852.833333332,"standard_error":48250.69749763556},"median_abs_dev":{"confidence_interval":{"confidence_level":0.95,"lower_bound":184124.44902613643,"upper_bound":345403.78686785745},"point_estimate":250487.2423529648,"standard_error":46716.95964607959},"slope":null,"std_dev":{"confidence_interval":{"confidence_level":0.95,"lower_bound":250907.85202277327,"upper_bound":322164.53864811576},"point_estimate":289268.4085442916,"standard_error":18200.281800571014}}