{"mean":{"confidence_interval":{"confidence_level":0.95,"lower_bound":4093500.6994423075,"upper_bound":4113587.920403846},"point_estimate":4102456.782307691,"standard_error":5171.310275735772},"median":{"confidence_interval":{"confidence_level":0.95,"lower_bound":4087849.5384615385,"upper_bound":4092868.923076923},"point_estimate":4090925.3076923075,"standard_error":1236.5803937958442},"median_abs_dev":{"confidence_interval":{"confidence_level":0.95,"lower_bound":8611.141653467726,"upper_bound":16474.536861364897},"point_estimate":11275.172799825668,"standard_error":1990.7932283171676},"slope":null,"std_dev":{"confidence_interval":{"confidence_level":0.95,"lower_bound":24618.374313848482,"upper_bound":74174.93271913962},"point_estimate":51918.21183461772,"standard_error":12775.746243962869}}