{"mean":{"confidence_interval":{"confidence_level":0.95,"lower_bound":3934555.9876153856,"upper_bound":3939341.8567307694},"point_estimate":3936841.849230769,"standard_error":1222.3002887410253},"median":{"confidence_interval":{"confidence_level":0.95,"lower_bound":3933390.0384615385,"upper_bound":3937023.730769231},"point_estimate":3934349.1153846155,"standard_error":947.0130884593476},"median_abs_dev":{"confidence_interval":{"confidence_level":0.95,"lower_bound":5820.2883351303935,"upper_bound":10799.144162122913},"point_estimate":8240.290653705597,"standard_error":1342.8164930465757},"slope":null,"std_dev":{"confidence_interval":{"confidence_level":0.95,"lower_bound":8805.570241369312,"upper_bound":15373.544967211259},"point_estimate":12264.333362195806,"standard_error":1685.5769209080509}}