{"mean":{"confidence_interval":{"confidence_level":0.95,"lower_bound":4632921.047681816,"upper_bound":4641991.232931819},"point_estimate":4637183.613636363,"standard_error":2320.092702801479},"median":{"confidence_interval":{"confidence_level":0.95,"lower_bound":4631840.090909091,"upper_bound":4636492.0},"point_estimate":4635009.454545455,"standard_error":1364.4044099953749},"median_abs_dev":{"confidence_interval":{"confidence_level":0.95,"lower_bound":9790.416317094394,"upper_bound":19021.218535032953},"point_estimate":13732.380083473743,"standard_error":2319.689512347123},"slope":null,"std_dev":{"confidence_interval":{"confidence_level":0.95,"lower_bound":15506.808015462528,"upper_bound":30648.0739220784},"point_estimate":23325.725768758974,"standard_error":3922.4125113475257}}