{"mean":{"confidence_interval":{"confidence_level":0.95,"lower_bound":5194538.890075,"upper_bound":5210492.621949994},"point_estimate":5201599.227999999,"standard_error":4103.95009617901},"median":{"confidence_interval":{"confidence_level":0.95,"lower_bound":5189784.9,"upper_bound":5196154.9},"point_estimate":5193770.9,"standard_error":1623.6490856418475},"median_abs_dev":{"confidence_interval":{"confidence_level":0.95,"lower_bound":10942.699755728245,"upper_bound":17369.62238162673},"point_estimate":15261.884129047394,"standard_error":1735.2871592319675},"slope":null,"std_dev":{"confidence_interval":{"confidence_level":0.95,"lower_bound":19573.048377344632,"upper_bound":61222.64075883632},"point_estimate":41376.084958594416,"standard_error":11355.957754399273}}