{"mean":{"confidence_interval":{"confidence_level":0.95,"lower_bound":36253973.40925,"upper_bound":36319994.519125},"point_estimate":36286163.18,"standard_error":16834.726062291393},"median":{"confidence_interval":{"confidence_level":0.95,"lower_bound":36217643.0,"upper_bound":36285020.0},"point_estimate":36243869.25,"standard_error":18621.445458840357},"median_abs_dev":{"confidence_interval":{"confidence_level":0.95,"lower_bound":103152.63446867466,"upper_bound":189777.2444307804},"point_estimate":152079.54555004835,"standard_error":21914.181684873685},"slope":null,"std_dev":{"confidence_interval":{"confidence_level":0.95,"lower_bound":142461.69277605647,"upper_bound":191005.63280884744},"point_estimate":168558.95159637858,"standard_error":12407.747832590758}}