{"mean":{"confidence_interval":{"confidence_level":0.95,"lower_bound":47944950.82224999,"upper_bound":48353242.09725},"point_estimate":48140380.195,"standard_error":103661.42443041454},"median":{"confidence_interval":{"confidence_level":0.95,"lower_bound":47724196.25,"upper_bound":48177119.0},"point_estimate":47930321.75,"standard_error":120931.17919835435},"median_abs_dev":{"confidence_interval":{"confidence_level":0.95,"lower_bound":606431.3235449418,"upper_bound":1011289.2256960273},"point_estimate":793496.7721626163,"standard_error":104406.21375442728},"slope":null,"std_dev":{"confidence_interval":{"confidence_level":0.95,"lower_bound":789000.770226439,"upper_bound":1282483.6933810802},"point_estimate":1043145.6902380032,"standard_error":127505.55790990053}}