{"mean":{"confidence_interval":{"confidence_level":0.95,"lower_bound":32979721.758875,"upper_bound":32990159.807125},"point_estimate":32984666.835,"standard_error":2659.109726487649},"median":{"confidence_interval":{"confidence_level":0.95,"lower_bound":32977210.0,"upper_bound":32987210.0},"point_estimate":32981413.0,"standard_error":2832.359192660264},"median_abs_dev":{"confidence_interval":{"confidence_level":0.95,"lower_bound":16869.022500514984,"upper_bound":28095.26950120926},"point_estimate":20538.45743536949,"standard_error":2985.958117805633},"slope":null,"std_dev":{"confidence_interval":{"confidence_level":0.95,"lower_bound":19164.42207068266,"upper_bound":34627.97576634785},"point_estimate":26741.64305315019,"standard_error":4059.1082907356003}}