{"mean":{"confidence_interval":{"confidence_level":0.95,"lower_bound":4357374.938125001,"upper_bound":4485709.611666667},"point_estimate":4402838.729166669,"standard_error":38021.19641365868},"median":{"confidence_interval":{"confidence_level":0.95,"lower_bound":4351090.125,"upper_bound":4355629.416666667},"point_estimate":4353256.25,"standard_error":1114.6334215919173},"median_abs_dev":{"confidence_interval":{"confidence_level":0.95,"lower_bound":6793.1495293972575,"upper_bound":11924.55158829689},"point_estimate":9118.484038114088,"standard_error":1318.3874421940484},"slope":null,"std_dev":{"confidence_interval":{"confidence_level":0.95,"lower_bound":26054.592615873724,"upper_bound":652637.6119856216},"point_estimate":382783.00280067447,"standard_error":216170.5533866292}}