{"mean":{"confidence_interval":{"confidence_level":0.95,"lower_bound":4379661.940375001,"upper_bound":4387084.3793124985},"point_estimate":4383101.280833333,"standard_error":1900.1885185424635},"median":{"confidence_interval":{"confidence_level":0.95,"lower_bound":4376764.333333333,"upper_bound":4383918.416666667},"point_estimate":4379587.458333334,"standard_error":1635.156208079853},"median_abs_dev":{"confidence_interval":{"confidence_level":0.95,"lower_bound":9265.137885510921,"upper_bound":15682.324771584},"point_estimate":11799.395440519776,"standard_error":1613.3775087218098},"slope":null,"std_dev":{"confidence_interval":{"confidence_level":0.95,"lower_bound":11366.235101836672,"upper_bound":25350.405228472522},"point_estimate":19102.412719806518,"standard_error":3488.9442797186366}}