{"mean":{"confidence_interval":{"confidence_level":0.95,"lower_bound":10226513.063149996,"upper_bound":10238551.497450003},"point_estimate":10232646.266,"standard_error":3059.146941007665},"median":{"confidence_interval":{"confidence_level":0.95,"lower_bound":10227639.0,"upper_bound":10238783.0},"point_estimate":10232261.1,"standard_error":2733.407198786747},"median_abs_dev":{"confidence_interval":{"confidence_level":0.95,"lower_bound":17020.840737820225,"upper_bound":29400.84703803007},"point_estimate":22713.87637674781,"standard_error":3194.1258400005304},"slope":null,"std_dev":{"confidence_interval":{"confidence_level":0.95,"lower_bound":24469.892071080623,"upper_bound":36471.6638900296},"point_estimate":30689.337180069037,"standard_error":3079.120166281126}}