{"mean":{"confidence_interval":{"confidence_level":0.95,"lower_bound":4345069.779916666,"upper_bound":4361267.442416665},"point_estimate":4352586.254999999,"standard_error":4145.2423691698295},"median":{"confidence_interval":{"confidence_level":0.95,"lower_bound":4340501.375,"upper_bound":4346814.833333333},"point_estimate":4342860.791666667,"standard_error":1771.6989545918373},"median_abs_dev":{"confidence_interval":{"confidence_level":0.95,"lower_bound":10704.062934964664,"upper_bound":19918.315209505123},"point_estimate":15500.64449980901,"standard_error":2485.8645140359135},"slope":null,"std_dev":{"confidence_interval":{"confidence_level":0.95,"lower_bound":25272.15677450284,"upper_bound":55103.44912188961},"point_estimate":41746.33589711452,"standard_error":7600.229070342995}}