{"mean":{"confidence_interval":{"confidence_level":0.95,"lower_bound":3963419.6344230766,"upper_bound":3976459.713076924},"point_estimate":3969521.9715384613,"standard_error":3325.2368852494883},"median":{"confidence_interval":{"confidence_level":0.95,"lower_bound":3957637.1153846155,"upper_bound":3965189.3846153845},"point_estimate":3962412.8076923075,"standard_error":1947.818013901268},"median_abs_dev":{"confidence_interval":{"confidence_level":0.95,"lower_bound":15278.738724709214,"upper_bound":24940.695918752623},"point_estimate":21259.74232256378,"standard_error":2528.06213349396},"slope":null,"std_dev":{"confidence_interval":{"confidence_level":0.95,"lower_bound":21893.668023935017,"upper_bound":43533.95794287538},"point_estimate":33407.74052992277,"standard_error":5573.796152280459}}