{"mean":{"confidence_interval":{"confidence_level":0.95,"lower_bound":4809064.281704544,"upper_bound":4817923.381863636},"point_estimate":4813174.564545455,"standard_error":2259.3283964858224},"median":{"confidence_interval":{"confidence_level":0.95,"lower_bound":4805693.454545455,"upper_bound":4814506.2727272725},"point_estimate":4810118.954545455,"standard_error":2162.499653479866},"median_abs_dev":{"confidence_interval":{"confidence_level":0.95,"lower_bound":13327.798767929682,"upper_bound":21021.747961790086},"point_estimate":17130.56661405359,"standard_error":1943.0827081643508},"slope":null,"std_dev":{"confidence_interval":{"confidence_level":0.95,"lower_bound":13889.212886487852,"upper_bound":31096.846847846766},"point_estimate":22686.239090750438,"standard_error":4533.004675741092}}