{"mean":{"confidence_interval":{"confidence_level":0.95,"lower_bound":4997971.574174999,"upper_bound":5015402.155399999},"point_estimate":5005937.278999998,"standard_error":4465.103375485178},"median":{"confidence_interval":{"confidence_level":0.95,"lower_bound":4990365.85,"upper_bound":5003209.4},"point_estimate":4994130.45,"standard_error":3668.939038897384},"median_abs_dev":{"confidence_interval":{"confidence_level":0.95,"lower_bound":16001.998035908022,"upper_bound":31614.887708724513},"point_estimate":21771.23931348324,"standard_error":3760.9652900287915},"slope":null,"std_dev":{"confidence_interval":{"confidence_level":0.95,"lower_bound":25203.639828692194,"upper_bound":60890.74567149568},"point_estimate":44849.853329486185,"standard_error":9086.707071286182}}