{"mean":{"confidence_interval":{"confidence_level":0.95,"lower_bound":32890617.124125,"upper_bound":33611658.388124995},"point_estimate":33242727.05,"standard_error":184057.89195860722},"median":{"confidence_interval":{"confidence_level":0.95,"lower_bound":32535461.5,"upper_bound":33655774.0},"point_estimate":33176197.0,"standard_error":348426.6576609576},"median_abs_dev":{"confidence_interval":{"confidence_level":0.95,"lower_bound":1464771.1344876143,"upper_bound":2137252.5926461807},"point_estimate":1817872.9078263044,"standard_error":174448.32886225203},"slope":null,"std_dev":{"confidence_interval":{"confidence_level":0.95,"lower_bound":1471312.8247611304,"upper_bound":2266038.0669401735},"point_estimate":1854740.7343897296,"standard_error":207111.9347134423}}