{"mean":{"confidence_interval":{"confidence_level":0.95,"lower_bound":3709424.7638035724,"upper_bound":3718774.5881607155},"point_estimate":3713474.664285714,"standard_error":2403.3134863881332},"median":{"confidence_interval":{"confidence_level":0.95,"lower_bound":3707332.5,"upper_bound":3710810.4285714286},"point_estimate":3709335.2142857146,"standard_error":936.7499202742325},"median_abs_dev":{"confidence_interval":{"confidence_level":0.95,"lower_bound":6731.427480493224,"upper_bound":11459.54469655261},"point_estimate":8645.464046512281,"standard_error":1172.0749989086316},"slope":null,"std_dev":{"confidence_interval":{"confidence_level":0.95,"lower_bound":8828.199765274401,"upper_bound":35795.749615157314},"point_estimate":24149.92159341728,"standard_error":7230.4655970094}}