{"mean":{"confidence_interval":{"confidence_level":0.95,"lower_bound":14434876.391687501,"upper_bound":14451012.085250001},"point_estimate":14442866.155,"standard_error":4119.000111456205},"median":{"confidence_interval":{"confidence_level":0.95,"lower_bound":14431920.75,"upper_bound":14446821.0},"point_estimate":14438520.875,"standard_error":4829.781269346474},"median_abs_dev":{"confidence_interval":{"confidence_level":0.95,"lower_bound":34063.47569525242,"upper_bound":56284.31345075369},"point_estimate":48704.5210853219,"standard_error":5708.75235282832},"slope":null,"std_dev":{"confidence_interval":{"confidence_level":0.95,"lower_bound":36089.87051358012,"upper_bound":46051.487200667005},"point_estimate":41392.065994556266,"standard_error":2550.298666092081}}