{"mean":{"confidence_interval":{"confidence_level":0.95,"lower_bound":4262840.7138125,"upper_bound":4276763.9692291645},"point_estimate":4269734.612500001,"standard_error":3549.081598831246},"median":{"confidence_interval":{"confidence_level":0.95,"lower_bound":4257363.5,"upper_bound":4275533.916666667},"point_estimate":4266559.333333333,"standard_error":4465.989841367924},"median_abs_dev":{"confidence_interval":{"confidence_level":0.95,"lower_bound":29105.537833273873,"upper_bound":48706.74498528242},"point_estimate":42133.94687697315,"standard_error":4985.200393303796},"slope":null,"std_dev":{"confidence_interval":{"confidence_level":0.95,"lower_bound":31169.134738390898,"upper_bound":39964.87991303157},"point_estimate":35796.620549455474,"standard_error":2246.9553804755024}}