{"mean":{"confidence_interval":{"confidence_level":0.95,"lower_bound":37623151.342875,"upper_bound":37758313.87975},"point_estimate":37692626.255,"standard_error":34432.69753617177},"median":{"confidence_interval":{"confidence_level":0.95,"lower_bound":37673142.5,"upper_bound":37896649.0},"point_estimate":37834019.0,"standard_error":56548.708881392595},"median_abs_dev":{"confidence_interval":{"confidence_level":0.95,"lower_bound":168788.44725340605,"upper_bound":390816.3182616234},"point_estimate":265869.46417987347,"standard_error":59277.65720961998},"slope":null,"std_dev":{"confidence_interval":{"confidence_level":0.95,"lower_bound":281437.9054485868,"upper_bound":406630.6448360655},"point_estimate":345595.1799377482,"standard_error":32175.147693823714}}