{"mean":{"confidence_interval":{"confidence_level":0.95,"lower_bound":41710327.254125,"upper_bound":41730537.232375},"point_estimate":41720109.11,"standard_error":5155.964181373438},"median":{"confidence_interval":{"confidence_level":0.95,"lower_bound":41695955.5,"upper_bound":41724481.0},"point_estimate":41707981.0,"standard_error":8693.810891634861},"median_abs_dev":{"confidence_interval":{"confidence_level":0.95,"lower_bound":33742.122150957584,"upper_bound":57996.23457536087},"point_estimate":41687.00475990772,"standard_error":6110.571424702984},"slope":null,"std_dev":{"confidence_interval":{"confidence_level":0.95,"lower_bound":41335.8254921716,"upper_bound":62569.121466538236},"point_estimate":51946.54850263166,"standard_error":5462.275598920115}}