{"mean":{"confidence_interval":{"confidence_level":0.95,"lower_bound":9994613.903900003,"upper_bound":10057585.210050002},"point_estimate":10026416.490000002,"standard_error":16075.789736590821},"median":{"confidence_interval":{"confidence_level":0.95,"lower_bound":10010883.5,"upper_bound":10081464.2},"point_estimate":10048763.9,"standard_error":17777.4434508486},"median_abs_dev":{"confidence_interval":{"confidence_level":0.95,"lower_bound":120922.03993320437,"upper_bound":206602.53023207188},"point_estimate":170589.88035142532,"standard_error":21875.207245379304},"slope":null,"std_dev":{"confidence_interval":{"confidence_level":0.95,"lower_bound":138783.3862621842,"upper_bound":180003.6793325674},"point_estimate":160547.953471463,"standard_error":10542.727176584342}}