{"mean":{"confidence_interval":{"confidence_level":0.95,"lower_bound":33813006.55875,"upper_bound":34025487.3205},"point_estimate":33917529.845,"standard_error":53915.29168891961},"median":{"confidence_interval":{"confidence_level":0.95,"lower_bound":33782271.0,"upper_bound":34000574.0},"point_estimate":33876397.25,"standard_error":49841.29901739451},"median_abs_dev":{"confidence_interval":{"confidence_level":0.95,"lower_bound":291148.1643810868,"upper_bound":567033.314150645},"point_estimate":377474.40109848976,"standard_error":72869.88433324192},"slope":null,"std_dev":{"confidence_interval":{"confidence_level":0.95,"lower_bound":428906.2935549796,"upper_bound":643073.8377483893},"point_estimate":540898.1314906945,"standard_error":55127.0519910901}}