{"mean":{"confidence_interval":{"confidence_level":0.95,"lower_bound":9488649.406874998,"upper_bound":9515999.77066666},"point_estimate":9501191.723333335,"standard_error":6993.53094815218},"median":{"confidence_interval":{"confidence_level":0.95,"lower_bound":9480981.0,"upper_bound":9519049.833333334},"point_estimate":9502432.083333332,"standard_error":10733.761345581312},"median_abs_dev":{"confidence_interval":{"confidence_level":0.95,"lower_bound":35559.419068694115,"upper_bound":60777.65698973136},"point_estimate":48669.062235950965,"standard_error":5904.904961814767},"slope":null,"std_dev":{"confidence_interval":{"confidence_level":0.95,"lower_bound":42135.8767625639,"upper_bound":102532.1245480846},"point_estimate":70295.74634318706,"standard_error":17954.363197867642}}