{"mean":{"confidence_interval":{"confidence_level":0.95,"lower_bound":3783973.746696428,"upper_bound":3795111.9158571414},"point_estimate":3789002.031428571,"standard_error":2849.6459719085483},"median":{"confidence_interval":{"confidence_level":0.95,"lower_bound":3781084.75,"upper_bound":3786705.5357142854},"point_estimate":3784866.4285714286,"standard_error":1466.6216711953314},"median_abs_dev":{"confidence_interval":{"confidence_level":0.95,"lower_bound":9536.5039831935,"upper_bound":14572.015800045092},"point_estimate":11937.365488069547,"standard_error":1239.0648680724833},"slope":null,"std_dev":{"confidence_interval":{"confidence_level":0.95,"lower_bound":12889.753465137612,"upper_bound":40219.33526141081},"point_estimate":28708.701399233225,"standard_error":6536.37728380734}}