{"mean":{"confidence_interval":{"confidence_level":0.95,"lower_bound":37504466.242125,"upper_bound":37603564.256375},"point_estimate":37552375.9,"standard_error":25229.74297921942},"median":{"confidence_interval":{"confidence_level":0.95,"lower_bound":37447229.5,"upper_bound":37522181.0},"point_estimate":37489580.75,"standard_error":20463.985044861503},"median_abs_dev":{"confidence_interval":{"confidence_level":0.95,"lower_bound":150338.60253095627,"upper_bound":265895.0297631695},"point_estimate":217798.38393330574,"standard_error":28769.172378735788},"slope":null,"std_dev":{"confidence_interval":{"confidence_level":0.95,"lower_bound":210793.35006239192,"upper_bound":291956.9219102017},"point_estimate":254247.0811743107,"standard_error":20821.89729557646}}