{"mean":{"confidence_interval":{"confidence_level":0.95,"lower_bound":8692203.284291668,"upper_bound":8696372.891708333},"point_estimate":8694137.824999997,"standard_error":1063.6258240383763},"median":{"confidence_interval":{"confidence_level":0.95,"lower_bound":8690355.5,"upper_bound":8692838.833333334},"point_estimate":8691263.833333334,"standard_error":740.6387235097221},"median_abs_dev":{"confidence_interval":{"confidence_level":0.95,"lower_bound":4151.279926300049,"upper_bound":7413.12341838891},"point_estimate":5411.489903926849,"standard_error":842.863048612654},"slope":null,"std_dev":{"confidence_interval":{"confidence_level":0.95,"lower_bound":6842.853870773246,"upper_bound":14570.2502469172},"point_estimate":10686.922770239731,"standard_error":2032.3856085922812}}