{"mean":{"confidence_interval":{"confidence_level":0.95,"lower_bound":36240453.361625,"upper_bound":36412277.56075},"point_estimate":36318362.255,"standard_error":43950.55393038854},"median":{"confidence_interval":{"confidence_level":0.95,"lower_bound":36145147.0,"upper_bound":36245343.0},"point_estimate":36187847.75,"standard_error":24928.574720399745},"median_abs_dev":{"confidence_interval":{"confidence_level":0.95,"lower_bound":104955.47603666782,"upper_bound":218190.1609763503},"point_estimate":151227.42121517658,"standard_error":28060.488578121392},"slope":null,"std_dev":{"confidence_interval":{"confidence_level":0.95,"lower_bound":234997.72247153343,"upper_bound":626038.4767529534},"point_estimate":443420.01593358157,"standard_error":101120.37488301705}}