{"mean":{"confidence_interval":{"confidence_level":0.95,"lower_bound":17424974.01408333,"upper_bound":17482889.17091666},"point_estimate":17452407.086666666,"standard_error":14758.109392712999},"median":{"confidence_interval":{"confidence_level":0.95,"lower_bound":17431988.0,"upper_bound":17482922.666666668},"point_estimate":17461288.833333332,"standard_error":15327.387514723985},"median_abs_dev":{"confidence_interval":{"confidence_level":0.95,"lower_bound":81445.64115405174,"upper_bound":129606.41869902439},"point_estimate":98990.48214256948,"standard_error":12801.69023293268},"slope":null,"std_dev":{"confidence_interval":{"confidence_level":0.95,"lower_bound":94794.03213302408,"upper_bound":211878.2764198452},"point_estimate":149601.94052643195,"standard_error":33175.85653890006}}