{"mean":{"confidence_interval":{"confidence_level":0.95,"lower_bound":-0.10247174205990883,"upper_bound":-0.08919886376982147},"point_estimate":-0.09577636228960129,"standard_error":0.0034028106804093157},"median":{"confidence_interval":{"confidence_level":0.95,"lower_bound":-0.0998787001552982,"upper_bound":-0.08500831066306958},"point_estimate":-0.09234766104251213,"standard_error":0.004483183185130587}}