{"mean":{"confidence_interval":{"confidence_level":0.95,"lower_bound":0.09403087781785918,"upper_bound":0.10399406355720071},"point_estimate":0.09897713177992373,"standard_error":0.002541801668836165},"median":{"confidence_interval":{"confidence_level":0.95,"lower_bound":0.09338315146067955,"upper_bound":0.10003656570911512},"point_estimate":0.09723444458658159,"standard_error":0.0018433922236999177}}