{"mean":{"confidence_interval":{"confidence_level":0.95,"lower_bound":-0.005001507350998003,"upper_bound":0.003840127295953386},"point_estimate":-0.0006162849172518525,"standard_error":0.0022222824150031554},"median":{"confidence_interval":{"confidence_level":0.95,"lower_bound":-0.0001906697967036074,"upper_bound":0.0014014232878243936},"point_estimate":0.0003920371985162152,"standard_error":0.00041666588435581913}}