{"mean":{"confidence_interval":{"confidence_level":0.95,"lower_bound":-0.10215095158552032,"upper_bound":-0.08202505418474378},"point_estimate":-0.09333030528899333,"standard_error":0.00513040450756857},"median":{"confidence_interval":{"confidence_level":0.95,"lower_bound":-0.10963804669322941,"upper_bound":-0.10227353854925259},"point_estimate":-0.10607498180951136,"standard_error":0.0018277257975270913}}