{"mean":{"confidence_interval":{"confidence_level":0.95,"lower_bound":0.0012133009825097748,"upper_bound":0.014433085495187374},"point_estimate":0.007234025664138999,"standard_error":0.003391542238012507},"median":{"confidence_interval":{"confidence_level":0.95,"lower_bound":0.0023405334418651336,"upper_bound":0.0037491592422018716},"point_estimate":0.0031707795645623538,"standard_error":0.00035796809075630553}}