{"mean":{"confidence_interval":{"confidence_level":0.95,"lower_bound":0.20793474895440578,"upper_bound":0.24486038793869178},"point_estimate":0.22510947909046353,"standard_error":0.009671967965071212},"median":{"confidence_interval":{"confidence_level":0.95,"lower_bound":0.19381790002693378,"upper_bound":0.22281332331745007},"point_estimate":0.20680744431894826,"standard_error":0.006653038662113354}}