{"mean":{"confidence_interval":{"confidence_level":0.95,"lower_bound":-0.3241560927243879,"upper_bound":-0.3050017462065916},"point_estimate":-0.31441256707711507,"standard_error":0.004864427387775676},"median":{"confidence_interval":{"confidence_level":0.95,"lower_bound":-0.3131655370374231,"upper_bound":-0.2936560748046022},"point_estimate":-0.3000734400338553,"standard_error":0.004709932254584509}}