{"mean":{"confidence_interval":{"confidence_level":0.95,"lower_bound":-0.15147496813262862,"upper_bound":-0.14366663256807458},"point_estimate":-0.1477036985028085,"standard_error":0.001996243796689246},"median":{"confidence_interval":{"confidence_level":0.95,"lower_bound":-0.1579881097837459,"upper_bound":-0.14606003695520242},"point_estimate":-0.15296401960991513,"standard_error":0.0031915289425295187}}