{"mean":{"confidence_interval":{"confidence_level":0.95,"lower_bound":0.058513266575741414,"upper_bound":0.07054494032117044},"point_estimate":0.06428713699549138,"standard_error":0.003075650345578782},"median":{"confidence_interval":{"confidence_level":0.95,"lower_bound":0.05542147945690301,"upper_bound":0.06579771219353936},"point_estimate":0.06135668185318344,"standard_error":0.0024850668857953158}}