{"mean":{"confidence_interval":{"confidence_level":0.95,"lower_bound":-0.002069589340557777,"upper_bound":0.0132197567964045},"point_estimate":0.004607611106314469,"standard_error":0.003920715592259553},"median":{"confidence_interval":{"confidence_level":0.95,"lower_bound":-0.004162651804732853,"upper_bound":-0.0013983564064541706},"point_estimate":-0.0025211371414948225,"standard_error":0.0007085841657758859}}