{"mean":{"confidence_interval":{"confidence_level":0.95,"lower_bound":0.0005281184281758013,"upper_bound":0.0050381120266347655},"point_estimate":0.0029437728986467793,"standard_error":0.001155064480930953},"median":{"confidence_interval":{"confidence_level":0.95,"lower_bound":0.003676849422842965,"upper_bound":0.006197661515911561},"point_estimate":0.004722077918751788,"standard_error":0.0006491866796358808}}