{"mean":{"confidence_interval":{"confidence_level":0.95,"lower_bound":-0.0026071228036666865,"upper_bound":-0.0007836110572587651},"point_estimate":-0.0016296358615998097,"standard_error":0.0004650422786172003},"median":{"confidence_interval":{"confidence_level":0.95,"lower_bound":-0.0010657318976020624,"upper_bound":-0.00023289209446863968},"point_estimate":-0.0006197770956259951,"standard_error":0.00021336486611279955}}