{"mean":{"confidence_interval":{"confidence_level":0.95,"lower_bound":0.008123245019677983,"upper_bound":0.009296013622856513},"point_estimate":0.00875344726592786,"standard_error":0.00030099929552345573},"median":{"confidence_interval":{"confidence_level":0.95,"lower_bound":0.008764848020968108,"upper_bound":0.009494033507406012},"point_estimate":0.009070030992140321,"standard_error":0.00018360543346175546}}