{"mean":{"confidence_interval":{"confidence_level":0.95,"lower_bound":-0.029527933791064626,"upper_bound":-0.01557751383338266},"point_estimate":-0.022480109260656023,"standard_error":0.003508587203149984},"median":{"confidence_interval":{"confidence_level":0.95,"lower_bound":-0.018189592407316435,"upper_bound":-0.00623652064330682},"point_estimate":-0.011723788190213469,"standard_error":0.003074850749293904}}