{"mean":{"confidence_interval":{"confidence_level":0.95,"lower_bound":-0.042317111788700346,"upper_bound":-0.03337498085817521},"point_estimate":-0.037784778051280665,"standard_error":0.0022722748793641933},"median":{"confidence_interval":{"confidence_level":0.95,"lower_bound":-0.043618018325492273,"upper_bound":-0.03591456906536128},"point_estimate":-0.040042267168011625,"standard_error":0.002014650005783362}}