{"mean":{"confidence_interval":{"confidence_level":0.95,"lower_bound":-0.0053937452092748805,"upper_bound":0.0029120643085171235},"point_estimate":-0.0010980311803709952,"standard_error":0.00211417402256679},"median":{"confidence_interval":{"confidence_level":0.95,"lower_bound":0.00005657581014562041,"upper_bound":0.0017424540019337353},"point_estimate":0.0008928234029679238,"standard_error":0.00041615907228388}}