{"mean":{"confidence_interval":{"confidence_level":0.95,"lower_bound":-0.042494721586524814,"upper_bound":-0.026915900914701484},"point_estimate":-0.034469629694823256,"standard_error":0.004014268686446146},"median":{"confidence_interval":{"confidence_level":0.95,"lower_bound":-0.02511745109457708,"upper_bound":-0.008659121514728807},"point_estimate":-0.015499710819606438,"standard_error":0.003959235958202237}}