{"mean":{"confidence_interval":{"confidence_level":0.95,"lower_bound":0.006702280401632544,"upper_bound":0.013411752891092043},"point_estimate":0.010371134780220226,"standard_error":0.0017185679894983269},"median":{"confidence_interval":{"confidence_level":0.95,"lower_bound":0.01021000866525501,"upper_bound":0.012082351379102407},"point_estimate":0.011128636763166888,"standard_error":0.0005268298898386514}}