{"mean":{"confidence_interval":{"confidence_level":0.95,"lower_bound":-0.003169201091806368,"upper_bound":0.011885462846973675},"point_estimate":0.0044124930917461835,"standard_error":0.003919788881932347},"median":{"confidence_interval":{"confidence_level":0.95,"lower_bound":-0.010672725015728237,"upper_bound":0.0009308195442105927},"point_estimate":-0.004340138024321538,"standard_error":0.0029386652386137386}}