{"mean":{"confidence_interval":{"confidence_level":0.95,"lower_bound":0.04208125989897455,"upper_bound":0.04709553588851409},"point_estimate":0.04451718782993419,"standard_error":0.0012606777107429944},"median":{"confidence_interval":{"confidence_level":0.95,"lower_bound":0.0388645042593498,"upper_bound":0.03975717866803086},"point_estimate":0.03923896874200472,"standard_error":0.0002393571356976603}}