{"mean":{"confidence_interval":{"confidence_level":0.95,"lower_bound":0.1485962042856802,"upper_bound":0.1519961560965538},"point_estimate":0.15013991899740464,"standard_error":0.0008605865184018062},"median":{"confidence_interval":{"confidence_level":0.95,"lower_bound":0.14702803642346174,"upper_bound":0.1496239746637804},"point_estimate":0.1484226922167271,"standard_error":0.000573845380927733}}