{"mean":{"confidence_interval":{"confidence_level":0.95,"lower_bound":-0.006406765150828654,"upper_bound":-0.0018962782086193067},"point_estimate":-0.004050417665143691,"standard_error":0.0011464015398714744},"median":{"confidence_interval":{"confidence_level":0.95,"lower_bound":-0.0036717332910360945,"upper_bound":-0.002041505678136768},"point_estimate":-0.0027805066565591563,"standard_error":0.00039731046494140976}}