{"mean":{"confidence_interval":{"confidence_level":0.95,"lower_bound":-0.00840263249097348,"upper_bound":0.001715239318197253},"point_estimate":-0.0030806532816668453,"standard_error":0.002557896055231398},"median":{"confidence_interval":{"confidence_level":0.95,"lower_bound":-0.003045277350702258,"upper_bound":-0.0018173663698467513},"point_estimate":-0.0024938503380012023,"standard_error":0.0003334598367832707}}