{"mean":{"confidence_interval":{"confidence_level":0.95,"lower_bound":-0.09919547469763788,"upper_bound":-0.08988845948305635},"point_estimate":-0.09480748096798453,"standard_error":0.0023622104086464257},"median":{"confidence_interval":{"confidence_level":0.95,"lower_bound":-0.10170198072519887,"upper_bound":-0.09707727343866024},"point_estimate":-0.09991865586391457,"standard_error":0.0012374770011452146}}