{"mean":{"confidence_interval":{"confidence_level":0.95,"lower_bound":-0.10312015570290917,"upper_bound":-0.08113911612246937},"point_estimate":-0.09200399096086453,"standard_error":0.005598463430033009},"median":{"confidence_interval":{"confidence_level":0.95,"lower_bound":-0.0892220716437786,"upper_bound":-0.07460601926878196},"point_estimate":-0.0828453425185518,"standard_error":0.003765832526865012}}