{"mean":{"confidence_interval":{"confidence_level":0.95,"lower_bound":0.02361057548395315,"upper_bound":0.025958298520140692},"point_estimate":0.02484978164807261,"standard_error":0.000619830389468382},"median":{"confidence_interval":{"confidence_level":0.95,"lower_bound":0.025708616066436152,"upper_bound":0.02628878970223547},"point_estimate":0.025986662244185776,"standard_error":0.00015414787837353934}}