{"mean":{"confidence_interval":{"confidence_level":0.95,"lower_bound":-0.032187155750552816,"upper_bound":-0.029712659593275296},"point_estimate":-0.03094414754785746,"standard_error":0.000630811685770673},"median":{"confidence_interval":{"confidence_level":0.95,"lower_bound":-0.03297625505391333,"upper_bound":-0.03172171837074356},"point_estimate":-0.03234068471139606,"standard_error":0.00031320768814975113}}