{"mean":{"confidence_interval":{"confidence_level":0.95,"lower_bound":-0.04437105582070929,"upper_bound":-0.03625990502760744},"point_estimate":-0.04051760033919416,"standard_error":0.0020633667302783158},"median":{"confidence_interval":{"confidence_level":0.95,"lower_bound":-0.043070712826694946,"upper_bound":-0.037979436038935964},"point_estimate":-0.041490748131860045,"standard_error":0.0013166878205566857}}