{"mean":{"confidence_interval":{"confidence_level":0.95,"lower_bound":-0.0026632456351867893,"upper_bound":0.0002641177414233555},"point_estimate":-0.0011733688191786218,"standard_error":0.0007485179841408075},"median":{"confidence_interval":{"confidence_level":0.95,"lower_bound":-0.0026563202997337276,"upper_bound":0.00039888442343286317},"point_estimate":-0.0012982426117880141,"standard_error":0.0007929723542194314}}