{"mean":{"confidence_interval":{"confidence_level":0.95,"lower_bound":-0.1691869113966069,"upper_bound":-0.1652680206956659},"point_estimate":-0.16713792155811213,"standard_error":0.0010025359987271211},"median":{"confidence_interval":{"confidence_level":0.95,"lower_bound":-0.16797037031638062,"upper_bound":-0.16744347761178557},"point_estimate":-0.1678085393256744,"standard_error":0.00013446334172284767}}