{"mean":{"confidence_interval":{"confidence_level":0.95,"lower_bound":0.1425265064349725,"upper_bound":0.1453259471312319},"point_estimate":0.1438320552091501,"standard_error":0.0007151482625649747},"median":{"confidence_interval":{"confidence_level":0.95,"lower_bound":0.1417860209476307,"upper_bound":0.14305259974204176},"point_estimate":0.14247054012478366,"standard_error":0.0003310512926144454}}