{"mean":{"confidence_interval":{"confidence_level":0.95,"lower_bound":-0.16695621837485086,"upper_bound":-0.16572313145577555},"point_estimate":-0.16635685555780322,"standard_error":0.0003143094198762655},"median":{"confidence_interval":{"confidence_level":0.95,"lower_bound":-0.16752282709858718,"upper_bound":-0.1666670751769791},"point_estimate":-0.16702673542871604,"standard_error":0.00021507173440162477}}