{"mean":{"confidence_interval":{"confidence_level":0.95,"lower_bound":0.009309496438096783,"upper_bound":0.036404202753939914},"point_estimate":0.02347836198374309,"standard_error":0.006912116261535473},"median":{"confidence_interval":{"confidence_level":0.95,"lower_bound":0.025714909212221304,"upper_bound":0.045748789050479306},"point_estimate":0.035282278289755054,"standard_error":0.004921154319016736}}