{"mean":{"confidence_interval":{"confidence_level":0.95,"lower_bound":0.04372004532666326,"upper_bound":0.062247093400771523},"point_estimate":0.05143737849754415,"standard_error":0.004746624313475264},"median":{"confidence_interval":{"confidence_level":0.95,"lower_bound":0.04129169434984781,"upper_bound":0.0453373839725605},"point_estimate":0.042946179867444645,"standard_error":0.0011954986104614784}}