{"mean":{"confidence_interval":{"confidence_level":0.95,"lower_bound":-0.014835884470783597,"upper_bound":-0.0070874828151352605},"point_estimate":-0.010963525421408438,"standard_error":0.0019853538495687873},"median":{"confidence_interval":{"confidence_level":0.95,"lower_bound":-0.012524274929062981,"upper_bound":-0.010992471198312037},"point_estimate":-0.01161445220363111,"standard_error":0.00039149150116220445}}