{"mean":{"confidence_interval":{"confidence_level":0.95,"lower_bound":0.12973243021329578,"upper_bound":0.1315146061341979},"point_estimate":0.1306647697311174,"standard_error":0.00045515266028558213},"median":{"confidence_interval":{"confidence_level":0.95,"lower_bound":0.1302445340613856,"upper_bound":0.1314694413687465},"point_estimate":0.1307530235315364,"standard_error":0.00028894901820411805}}