{"mean":{"confidence_interval":{"confidence_level":0.95,"lower_bound":-0.0007802758861514795,"upper_bound":0.0012739037392701645},"point_estimate":0.0001892254587005926,"standard_error":0.0005181450392771024},"median":{"confidence_interval":{"confidence_level":0.95,"lower_bound":-0.00038408113782406605,"upper_bound":0.00048545768839258763},"point_estimate":0.00012557997471440707,"standard_error":0.00023184257244405568}}