{"mean":{"confidence_interval":{"confidence_level":0.95,"lower_bound":-0.012137141017788617,"upper_bound":-0.00030309374982501815},"point_estimate":-0.006398717444852764,"standard_error":0.00299093733837272},"median":{"confidence_interval":{"confidence_level":0.95,"lower_bound":-0.006072400440606973,"upper_bound":-0.0038861554633863316},"point_estimate":-0.004877460405137146,"standard_error":0.0005772723097668354}}