{"mean":{"confidence_interval":{"confidence_level":0.95,"lower_bound":0.17614757642922282,"upper_bound":0.1957393043102768},"point_estimate":0.18601128114398335,"standard_error":0.00500167614438125},"median":{"confidence_interval":{"confidence_level":0.95,"lower_bound":0.18355228354591002,"upper_bound":0.2107580395104942},"point_estimate":0.1961908629628475,"standard_error":0.008524477389008129}}