{"mean":{"confidence_interval":{"confidence_level":0.95,"lower_bound":-0.12371431177096355,"upper_bound":-0.1141802425202632},"point_estimate":-0.11853332764366353,"standard_error":0.0024581250421310957},"median":{"confidence_interval":{"confidence_level":0.95,"lower_bound":-0.11549691272399909,"upper_bound":-0.11132032979812156},"point_estimate":-0.11268458005958715,"standard_error":0.0010669012460514256}}