{"mean":{"confidence_interval":{"confidence_level":0.95,"lower_bound":-0.006750040086635987,"upper_bound":0.0013675912955930728},"point_estimate":-0.00267562817365663,"standard_error":0.002080053999425429},"median":{"confidence_interval":{"confidence_level":0.95,"lower_bound":-0.00389450755092946,"upper_bound":-0.0001689687308494836},"point_estimate":-0.0021655166218185196,"standard_error":0.000976583412843533}}