{"mean":{"confidence_interval":{"confidence_level":0.95,"lower_bound":0.06105929808723515,"upper_bound":0.07015309667159926},"point_estimate":0.06581219877516387,"standard_error":0.0023287608196729333},"median":{"confidence_interval":{"confidence_level":0.95,"lower_bound":0.057371441906270304,"upper_bound":0.07320504007364623},"point_estimate":0.0684926746370591,"standard_error":0.004037261988263851}}