{"mean":{"confidence_interval":{"confidence_level":0.95,"lower_bound":0.13786403619039825,"upper_bound":0.16538977648213105},"point_estimate":0.15170759710352733,"standard_error":0.006560481016018803},"median":{"confidence_interval":{"confidence_level":0.95,"lower_bound":0.12852611512537715,"upper_bound":0.14867097577638666},"point_estimate":0.13522515636932453,"standard_error":0.005425744831701261}}