{"mean":{"confidence_interval":{"confidence_level":0.95,"lower_bound":-0.003205420670654506,"upper_bound":0.0015529231947892796},"point_estimate":-0.000914780636685264,"standard_error":0.0012121238981616855},"median":{"confidence_interval":{"confidence_level":0.95,"lower_bound":-0.0013449312404635201,"upper_bound":0.0006975469058947414},"point_estimate":-0.000054539101171813265,"standard_error":0.0005783629310713489}}