{"mean":{"confidence_interval":{"confidence_level":0.95,"lower_bound":-0.06295900915155676,"upper_bound":-0.03355633742877065},"point_estimate":-0.04708274587135175,"standard_error":0.007521823700461082},"median":{"confidence_interval":{"confidence_level":0.95,"lower_bound":-0.03992029762785099,"upper_bound":-0.014239288037376285},"point_estimate":-0.028505270952298933,"standard_error":0.006628017838343483}}