{"mean":{"confidence_interval":{"confidence_level":0.95,"lower_bound":-0.021626521060628026,"upper_bound":-0.0018934561748784858},"point_estimate":-0.011165461872769677,"standard_error":0.005049814700712776},"median":{"confidence_interval":{"confidence_level":0.95,"lower_bound":-0.0004947319320000032,"upper_bound":0.004151245092174571},"point_estimate":0.002258076022195299,"standard_error":0.0012385588996233806}}