{"mean":{"confidence_interval":{"confidence_level":0.95,"lower_bound":0.0009619472482321201,"upper_bound":0.007809980589932528},"point_estimate":0.0043501765871043485,"standard_error":0.0017493297554206902},"median":{"confidence_interval":{"confidence_level":0.95,"lower_bound":0.001638970596529078,"upper_bound":0.005857549380184013},"point_estimate":0.004025578105970817,"standard_error":0.0010514314419741936}}