{"mean":{"confidence_interval":{"confidence_level":0.95,"lower_bound":-0.016652888364248504,"upper_bound":-0.004247414727685886},"point_estimate":-0.01009683207796419,"standard_error":0.0031514927445470656},"median":{"confidence_interval":{"confidence_level":0.95,"lower_bound":-0.013436177865682852,"upper_bound":-0.0033931518863052},"point_estimate":-0.009069966522227357,"standard_error":0.0025652216405599236}}