{"mean":{"confidence_interval":{"confidence_level":0.95,"lower_bound":-0.005757409047964757,"upper_bound":0.0013993593956512498},"point_estimate":-0.00205169499750979,"standard_error":0.0018337355568333455},"median":{"confidence_interval":{"confidence_level":0.95,"lower_bound":-0.004760988950407441,"upper_bound":-0.001578504752418386},"point_estimate":-0.0032311810565822663,"standard_error":0.0007955011867661062}}