{"mean":{"confidence_interval":{"confidence_level":0.95,"lower_bound":-0.004169736998920709,"upper_bound":0.005435493691331885},"point_estimate":0.0004893129832115317,"standard_error":0.0024378884437691335},"median":{"confidence_interval":{"confidence_level":0.95,"lower_bound":-0.0019178401377736298,"upper_bound":0.004920526584419519},"point_estimate":0.0016848806622811185,"standard_error":0.0017718610936486936}}