{"mean":{"confidence_interval":{"confidence_level":0.95,"lower_bound":0.0005298779562677612,"upper_bound":0.005203806996783588},"point_estimate":0.0027594378078661386,"standard_error":0.0011905489754759314},"median":{"confidence_interval":{"confidence_level":0.95,"lower_bound":-0.00044732854803897215,"upper_bound":0.00210103982365073},"point_estimate":0.0008531756115157663,"standard_error":0.000677757252051648}}