{"mean":{"confidence_interval":{"confidence_level":0.95,"lower_bound":-0.005916660253553882,"upper_bound":0.0015056566094027667},"point_estimate":-0.0021933353866563365,"standard_error":0.0018846613450045435},"median":{"confidence_interval":{"confidence_level":0.95,"lower_bound":-0.004435013951690467,"upper_bound":-0.00036560211613512195},"point_estimate":-0.0017653394313659199,"standard_error":0.0010969292222880855}}