{"mean":{"confidence_interval":{"confidence_level":0.95,"lower_bound":-0.04249892496331847,"upper_bound":-0.034566260246587883},"point_estimate":-0.03848336311837597,"standard_error":0.0020234498215648674},"median":{"confidence_interval":{"confidence_level":0.95,"lower_bound":-0.04031892504932268,"upper_bound":-0.03464784064925153},"point_estimate":-0.036965630935680616,"standard_error":0.001572275756663168}}