{"mean":{"confidence_interval":{"confidence_level":0.95,"lower_bound":-0.010640018973393419,"upper_bound":-0.0009582821330623463},"point_estimate":-0.0056666196048783535,"standard_error":0.0024663468316527275},"median":{"confidence_interval":{"confidence_level":0.95,"lower_bound":-0.005888822360437307,"upper_bound":0.00030332591136961184},"point_estimate":-0.002804673051733819,"standard_error":0.0017019144981179077}}