{"mean":{"confidence_interval":{"confidence_level":0.95,"lower_bound":-0.005672847707439409,"upper_bound":0.0027978017744374997},"point_estimate":-0.0013920861286278452,"standard_error":0.0021680030668880324},"median":{"confidence_interval":{"confidence_level":0.95,"lower_bound":-0.0009602037777940442,"upper_bound":0.00441773114182098},"point_estimate":0.0017816765215206143,"standard_error":0.0013824907845072002}}