{"mean":{"confidence_interval":{"confidence_level":0.95,"lower_bound":-0.04329869829305119,"upper_bound":-0.03269472087248847},"point_estimate":-0.038345312687058986,"standard_error":0.002714418935519416},"median":{"confidence_interval":{"confidence_level":0.95,"lower_bound":-0.04507737067732154,"upper_bound":-0.038055638449585705},"point_estimate":-0.0412491414785493,"standard_error":0.0019386132998692}}