{"mean":{"confidence_interval":{"confidence_level":0.95,"lower_bound":0.007669935084034574,"upper_bound":0.011717410716918368},"point_estimate":0.009619647254788699,"standard_error":0.0010408169269944957},"median":{"confidence_interval":{"confidence_level":0.95,"lower_bound":0.005631685762090388,"upper_bound":0.008193228777384487},"point_estimate":0.00654999649299981,"standard_error":0.0006806102870300482}}