{"mean":{"confidence_interval":{"confidence_level":0.95,"lower_bound":0.10034850631787795,"upper_bound":0.10253876400490536},"point_estimate":0.10163459044709167,"standard_error":0.000575228499972031},"median":{"confidence_interval":{"confidence_level":0.95,"lower_bound":0.10211844873836706,"upper_bound":0.10271394620643814},"point_estimate":0.10244754348855811,"standard_error":0.00016085098137086072}}