{"mean":{"confidence_interval":{"confidence_level":0.95,"lower_bound":-0.014201519109420364,"upper_bound":0.0005925317544604134},"point_estimate":-0.0059541699357815725,"standard_error":0.0038121613604583876},"median":{"confidence_interval":{"confidence_level":0.95,"lower_bound":-0.012947531897242404,"upper_bound":0.0013068286319843914},"point_estimate":-0.0020393509130198773,"standard_error":0.0032232646886412395}}