{"mean":{"confidence_interval":{"confidence_level":0.95,"lower_bound":0.005544930714882735,"upper_bound":0.017274046253507307},"point_estimate":0.010960719421164722,"standard_error":0.0029935408293430992},"median":{"confidence_interval":{"confidence_level":0.95,"lower_bound":-0.001178842799377522,"upper_bound":0.007483698936263051},"point_estimate":0.002248722589780927,"standard_error":0.0024160541968755362}}