{"mean":{"confidence_interval":{"confidence_level":0.95,"lower_bound":-0.005223718716343116,"upper_bound":0.0020090858041597044},"point_estimate":-0.0015687439357040533,"standard_error":0.001850032927843268},"median":{"confidence_interval":{"confidence_level":0.95,"lower_bound":-0.003771016434948149,"upper_bound":0.0017784065360274325},"point_estimate":-0.0007047980444272461,"standard_error":0.0014318889568932943}}