{"mean":{"confidence_interval":{"confidence_level":0.95,"lower_bound":0.18683009401961123,"upper_bound":0.19534063806324142},"point_estimate":0.191283691068042,"standard_error":0.002170411827861204},"median":{"confidence_interval":{"confidence_level":0.95,"lower_bound":0.19070955335413342,"upper_bound":0.19681761866652092},"point_estimate":0.19411765087354826,"standard_error":0.0014999175768362514}}