{"mean":{"confidence_interval":{"confidence_level":0.95,"lower_bound":0.0777082022688561,"upper_bound":0.08274145300687595},"point_estimate":0.08018340220003828,"standard_error":0.00127919233108385},"median":{"confidence_interval":{"confidence_level":0.95,"lower_bound":0.07906438649643732,"upper_bound":0.08283182754260365},"point_estimate":0.08064762546847692,"standard_error":0.000981980868775147}}