{"mean":{"confidence_interval":{"confidence_level":0.95,"lower_bound":0.14704718917943005,"upper_bound":0.1556384998979179},"point_estimate":0.1513231132902304,"standard_error":0.002180223333942501},"median":{"confidence_interval":{"confidence_level":0.95,"lower_bound":0.14525968168373904,"upper_bound":0.1498243596637041},"point_estimate":0.14744150041689474,"standard_error":0.0011405755915954144}}