{"mean":{"confidence_interval":{"confidence_level":0.95,"lower_bound":0.15693474984172961,"upper_bound":0.1820840737995863},"point_estimate":0.16788848305469295,"standard_error":0.006309569443329426},"median":{"confidence_interval":{"confidence_level":0.95,"lower_bound":0.15413439048613586,"upper_bound":0.18424628771215268},"point_estimate":0.1664301859336983,"standard_error":0.006983121380556341}}