{"mean":{"confidence_interval":{"confidence_level":0.95,"lower_bound":-0.0012178671088075577,"upper_bound":0.003509973558399319},"point_estimate":0.0011900234333164228,"standard_error":0.0012202758435059073},"median":{"confidence_interval":{"confidence_level":0.95,"lower_bound":-0.0017366646518690576,"upper_bound":0.002281642371932957},"point_estimate":0.00020575862392124833,"standard_error":0.0009883483234503863}}