{"mean":{"confidence_interval":{"confidence_level":0.95,"lower_bound":-0.010657580385686552,"upper_bound":-0.00021609725659213778},"point_estimate":-0.00493443759303136,"standard_error":0.002675800843185756},"median":{"confidence_interval":{"confidence_level":0.95,"lower_bound":-0.004171827221997826,"upper_bound":-0.00083029123830336},"point_estimate":-0.0022409300340274774,"standard_error":0.0009271824883811261}}