{"mean":{"confidence_interval":{"confidence_level":0.95,"lower_bound":-0.002118903018607954,"upper_bound":0.0070757479976986115},"point_estimate":0.0022673787124756206,"standard_error":0.0023439322183680207},"median":{"confidence_interval":{"confidence_level":0.95,"lower_bound":-0.0002654203966816482,"upper_bound":0.011125539366067194},"point_estimate":0.002709096529061039,"standard_error":0.002632049587262408}}