{"mean":{"confidence_interval":{"confidence_level":0.95,"lower_bound":0.07519993050228502,"upper_bound":0.08387111308704315},"point_estimate":0.07955113590211527,"standard_error":0.002215058752743587},"median":{"confidence_interval":{"confidence_level":0.95,"lower_bound":0.0715737348642338,"upper_bound":0.07945278343234845},"point_estimate":0.07532713686387327,"standard_error":0.0022317134178487102}}