{"mean":{"confidence_interval":{"confidence_level":0.95,"lower_bound":-0.0018808760339457267,"upper_bound":0.007517162826111417},"point_estimate":0.002856994905915844,"standard_error":0.002402592142641262},"median":{"confidence_interval":{"confidence_level":0.95,"lower_bound":-0.0026071497243324027,"upper_bound":0.004792309435615728},"point_estimate":0.0003380291302190752,"standard_error":0.002066546626783958}}