{"mean":{"confidence_interval":{"confidence_level":0.95,"lower_bound":-0.003603514286005223,"upper_bound":0.010322608180444465},"point_estimate":0.002692070433082394,"standard_error":0.0035526632585296436},"median":{"confidence_interval":{"confidence_level":0.95,"lower_bound":-0.002200196973496271,"upper_bound":0.0006771751413988568},"point_estimate":-0.0007099566393716783,"standard_error":0.0007680578174572667}}