{"mean":{"confidence_interval":{"confidence_level":0.95,"lower_bound":0.13679961758639544,"upper_bound":0.14414099976463954},"point_estimate":0.1403396461186166,"standard_error":0.0018699332633432492},"median":{"confidence_interval":{"confidence_level":0.95,"lower_bound":0.13179846822707966,"upper_bound":0.14008814412187753},"point_estimate":0.1360076931511267,"standard_error":0.0021385892676923698}}