{"mean":{"confidence_interval":{"confidence_level":0.95,"lower_bound":-0.047279863917231935,"upper_bound":-0.037068922169175254},"point_estimate":-0.041822687176554685,"standard_error":0.0025983032031423386},"median":{"confidence_interval":{"confidence_level":0.95,"lower_bound":-0.0532799684552796,"upper_bound":-0.0384047016171849},"point_estimate":-0.04136039976982686,"standard_error":0.003655865292160273}}