{"mean":{"confidence_interval":{"confidence_level":0.95,"lower_bound":-0.001737863644557934,"upper_bound":0.004635117108082509},"point_estimate":0.0013254717119461912,"standard_error":0.001610094797827146},"median":{"confidence_interval":{"confidence_level":0.95,"lower_bound":-0.0020127464004472406,"upper_bound":0.0019588416914104734},"point_estimate":-0.0005646045438520986,"standard_error":0.0010680384498234828}}