{"mean":{"confidence_interval":{"confidence_level":0.95,"lower_bound":-0.07216288688523542,"upper_bound":-0.06605188516854942},"point_estimate":-0.06905766738541841,"standard_error":0.0015539766150517778},"median":{"confidence_interval":{"confidence_level":0.95,"lower_bound":-0.07317229848377838,"upper_bound":-0.06819819256501983},"point_estimate":-0.07073184559316459,"standard_error":0.0012973641415124355}}