{"mean":{"confidence_interval":{"confidence_level":0.95,"lower_bound":-0.0023469509586379945,"upper_bound":0.00979416128063248},"point_estimate":0.0032477948387170663,"standard_error":0.0030918599092960458},"median":{"confidence_interval":{"confidence_level":0.95,"lower_bound":0.0008073065783451572,"upper_bound":0.004195491347224538},"point_estimate":0.0024651851605583808,"standard_error":0.0009642568167298161}}