{"mean":{"confidence_interval":{"confidence_level":0.95,"lower_bound":-0.006709002467611436,"upper_bound":0.0014522850511940596},"point_estimate":-0.0024231455642974575,"standard_error":0.0020803713205831296},"median":{"confidence_interval":{"confidence_level":0.95,"lower_bound":-0.0017242121095965013,"upper_bound":0.0007128170925827376},"point_estimate":-0.0005653011626611804,"standard_error":0.0005979648626848665}}