{"mean":{"confidence_interval":{"confidence_level":0.95,"lower_bound":-0.011020386723783162,"upper_bound":-0.00977960974293167},"point_estimate":-0.010527281625877571,"standard_error":0.0003181246686914192},"median":{"confidence_interval":{"confidence_level":0.95,"lower_bound":-0.011303404010962748,"upper_bound":-0.010504910665230849},"point_estimate":-0.01087136688814394,"standard_error":0.00020643945811709905}}