{"mean":{"confidence_interval":{"confidence_level":0.95,"lower_bound":0.03136020367586552,"upper_bound":0.039981845412948094},"point_estimate":0.03561632927749936,"standard_error":0.002202002703440164},"median":{"confidence_interval":{"confidence_level":0.95,"lower_bound":0.03451989573930758,"upper_bound":0.04069720314899539},"point_estimate":0.036520052579567475,"standard_error":0.0014620872751634159}}