{"mean":{"confidence_interval":{"confidence_level":0.95,"lower_bound":-0.007880352894356792,"upper_bound":0.002695156437231707},"point_estimate":-0.002128811692564847,"standard_error":0.0026883516923852727},"median":{"confidence_interval":{"confidence_level":0.95,"lower_bound":-0.002838503580352425,"upper_bound":0.0011501316275024376},"point_estimate":-0.000986877222810989,"standard_error":0.0009835532392427487}}