{"mean":{"confidence_interval":{"confidence_level":0.95,"lower_bound":0.021648241617959814,"upper_bound":0.03622675339438383},"point_estimate":0.02898870832853473,"standard_error":0.003744180694008458},"median":{"confidence_interval":{"confidence_level":0.95,"lower_bound":0.02071786577133805,"upper_bound":0.036326421152972355},"point_estimate":0.02919451732170053,"standard_error":0.00403102367834022}}