{"mean":{"confidence_interval":{"confidence_level":0.95,"lower_bound":0.10921017237944919,"upper_bound":0.11518701103188239},"point_estimate":0.11219818113609192,"standard_error":0.0015273702126230172},"median":{"confidence_interval":{"confidence_level":0.95,"lower_bound":0.10787123908714369,"upper_bound":0.1126059559692758},"point_estimate":0.11065477861174022,"standard_error":0.0012173276613994248}}