{"mean":{"confidence_interval":{"confidence_level":0.95,"lower_bound":-0.0027473298878268487,"upper_bound":0.006944514671358518},"point_estimate":0.00199516192623439,"standard_error":0.002453661091025937},"median":{"confidence_interval":{"confidence_level":0.95,"lower_bound":-0.0009962657712268756,"upper_bound":0.0028513308591227027},"point_estimate":0.0013095068949420252,"standard_error":0.0009814844741886665}}