{"mean":{"confidence_interval":{"confidence_level":0.95,"lower_bound":-0.005941837025763951,"upper_bound":0.011277221258251579},"point_estimate":0.0018004352205340801,"standard_error":0.004420797731693115},"median":{"confidence_interval":{"confidence_level":0.95,"lower_bound":-0.0021328605602698447,"upper_bound":0.001627249028363309},"point_estimate":-0.000197421381275098,"standard_error":0.0009971592037638184}}