{"mean":{"confidence_interval":{"confidence_level":0.95,"lower_bound":0.03764358744449734,"upper_bound":0.0437771588363641},"point_estimate":0.04066112537070321,"standard_error":0.0015541863027545618},"median":{"confidence_interval":{"confidence_level":0.95,"lower_bound":0.037666072524426886,"upper_bound":0.04148163587327147},"point_estimate":0.03934889233733574,"standard_error":0.0009595401045971544}}