{"mean":{"confidence_interval":{"confidence_level":0.95,"lower_bound":0.08556468025422204,"upper_bound":0.0913102470629561},"point_estimate":0.08846048594255085,"standard_error":0.0014534451602424294},"median":{"confidence_interval":{"confidence_level":0.95,"lower_bound":0.08652063699827761,"upper_bound":0.08932556788043633},"point_estimate":0.08796333856582028,"standard_error":0.0007052339396917867}}