{"mean":{"confidence_interval":{"confidence_level":0.95,"lower_bound":-0.008746233454211,"upper_bound":-0.003792253224612657},"point_estimate":-0.006170939540328435,"standard_error":0.001258653754525689},"median":{"confidence_interval":{"confidence_level":0.95,"lower_bound":-0.0030681235364251602,"upper_bound":-0.0006448379145072014},"point_estimate":-0.001817671762478712,"standard_error":0.0006198970277131448}}