{"mean":{"confidence_interval":{"confidence_level":0.95,"lower_bound":-0.006346447331127334,"upper_bound":0.0025370843855889278},"point_estimate":-0.0021389044975129723,"standard_error":0.0022556378559436224},"median":{"confidence_interval":{"confidence_level":0.95,"lower_bound":-0.003330418400658286,"upper_bound":0.0006339001728390414},"point_estimate":-0.0013678697468691992,"standard_error":0.0010357711297640712}}