{"mean":{"confidence_interval":{"confidence_level":0.95,"lower_bound":-0.10734063741124934,"upper_bound":-0.09855870534840513},"point_estimate":-0.10288514037368834,"standard_error":0.0022363401710404395},"median":{"confidence_interval":{"confidence_level":0.95,"lower_bound":-0.10324411243313814,"upper_bound":-0.09727514234524047},"point_estimate":-0.10044652865684389,"standard_error":0.0014831990705823914}}