{"mean":{"confidence_interval":{"confidence_level":0.95,"lower_bound":-0.01095192567588682,"upper_bound":0.0016090648475948276},"point_estimate":-0.004483851092186408,"standard_error":0.0031893586780465},"median":{"confidence_interval":{"confidence_level":0.95,"lower_bound":-0.005389316731242655,"upper_bound":0.005002227519578906},"point_estimate":-0.0004579921255410957,"standard_error":0.0028963184390553287}}