{"mean":{"confidence_interval":{"confidence_level":0.95,"lower_bound":-0.2264472955634504,"upper_bound":-0.20927577830160438},"point_estimate":-0.21763187600907064,"standard_error":0.004367943305373007},"median":{"confidence_interval":{"confidence_level":0.95,"lower_bound":-0.21688723431279533,"upper_bound":-0.205616280213467},"point_estimate":-0.2110093894967635,"standard_error":0.002811779650172894}}