{"mean":{"confidence_interval":{"confidence_level":0.95,"lower_bound":0.2027881497884952,"upper_bound":0.20974085444616053},"point_estimate":0.20631524553535896,"standard_error":0.0017771155296344133},"median":{"confidence_interval":{"confidence_level":0.95,"lower_bound":0.20159745166404286,"upper_bound":0.20588503346165643},"point_estimate":0.20397176464858346,"standard_error":0.0011740858500660688}}