{"mean":{"confidence_interval":{"confidence_level":0.95,"lower_bound":375261.69761088904,"upper_bound":376073.25636128726},"point_estimate":375790.9474100035,"standard_error":252.35097407085644},"median":{"confidence_interval":{"confidence_level":0.95,"lower_bound":375996.14285714284,"upper_bound":376040.79268292687},"point_estimate":376013.8773849607,"standard_error":10.778065196208725},"median_abs_dev":{"confidence_interval":{"confidence_level":0.95,"lower_bound":76.96322261830183,"upper_bound":138.10292607668669},"point_estimate":103.38999894480267,"standard_error":15.65124482475443},"slope":{"confidence_interval":{"confidence_level":0.95,"lower_bound":376019.7545821539,"upper_bound":376088.8733387917},"point_estimate":376048.5434333284,"standard_error":17.9429453888665},"std_dev":{"confidence_interval":{"confidence_level":0.95,"lower_bound":135.49676599173736,"upper_bound":4353.758127176945},"point_estimate":2540.933536728344,"standard_error":1510.3055550153788}}