{"mean":{"confidence_interval":{"confidence_level":0.95,"lower_bound":801613.1163893299,"upper_bound":808669.1975984623},"point_estimate":804684.1525437175,"standard_error":1828.6116755925623},"median":{"confidence_interval":{"confidence_level":0.95,"lower_bound":801425.1280487805,"upper_bound":802734.5902777778},"point_estimate":802088.0518867925,"standard_error":362.38614898385674},"median_abs_dev":{"confidence_interval":{"confidence_level":0.95,"lower_bound":1937.8793425317112,"upper_bound":3953.115252941909},"point_estimate":2750.7572214345596,"standard_error":518.4548734902911},"slope":{"confidence_interval":{"confidence_level":0.95,"lower_bound":802198.3544448063,"upper_bound":817312.2801299612},"point_estimate":808819.1753805231,"standard_error":3902.977673688441},"std_dev":{"confidence_interval":{"confidence_level":0.95,"lower_bound":7794.355671224711,"upper_bound":27999.008808683884},"point_estimate":18378.839080058682,"standard_error":5639.492752841225}}