{"mean":{"confidence_interval":{"confidence_level":0.95,"lower_bound":375892.79219035,"upper_bound":379093.69359990075},"point_estimate":377305.44361299305,"standard_error":818.9308607398848},"median":{"confidence_interval":{"confidence_level":0.95,"lower_bound":376033.7733333333,"upper_bound":376096.25795072183},"point_estimate":376074.6554859869,"standard_error":16.996174859481286},"median_abs_dev":{"confidence_interval":{"confidence_level":0.95,"lower_bound":90.95986171847079,"upper_bound":165.74635323024657},"point_estimate":133.2713495326753,"standard_error":19.350570495619586},"slope":{"confidence_interval":{"confidence_level":0.95,"lower_bound":376285.4593426021,"upper_bound":379466.2953352431},"point_estimate":377641.98400768434,"standard_error":812.3350084174242},"std_dev":{"confidence_interval":{"confidence_level":0.95,"lower_bound":2843.3694543377674,"upper_bound":11881.815974953308},"point_estimate":8161.878442729088,"standard_error":2284.5179978469655}}