{"mean":{"confidence_interval":{"confidence_level":0.95,"lower_bound":374828.15749074955,"upper_bound":375781.662493092},"point_estimate":375426.38393886527,"standard_error":272.7244730652253},"median":{"confidence_interval":{"confidence_level":0.95,"lower_bound":375604.18402777775,"upper_bound":375627.67},"point_estimate":375614.5928793277,"standard_error":5.244484979627261},"median_abs_dev":{"confidence_interval":{"confidence_level":0.95,"lower_bound":39.44917974829862,"upper_bound":64.5543823133663},"point_estimate":47.61385214577359,"standard_error":6.386015428916468},"slope":{"confidence_interval":{"confidence_level":0.95,"lower_bound":375621.49183004553,"upper_bound":375722.23432542285},"point_estimate":375661.62199103495,"standard_error":26.14654029324807},"std_dev":{"confidence_interval":{"confidence_level":0.95,"lower_bound":190.30153216323748,"upper_bound":4684.0585422453705},"point_estimate":2744.906650589077,"standard_error":1492.4755671302714}}