{"mean":{"confidence_interval":{"confidence_level":0.95,"lower_bound":391273.6919200601,"upper_bound":393366.2195789238},"point_estimate":392238.3819934221,"standard_error":537.109555038139},"median":{"confidence_interval":{"confidence_level":0.95,"lower_bound":390127.5963541666,"upper_bound":391051.56277056277},"point_estimate":390571.6666666667,"standard_error":226.713097544269},"median_abs_dev":{"confidence_interval":{"confidence_level":0.95,"lower_bound":1121.2072947821061,"upper_bound":1988.74346972007},"point_estimate":1569.2117806024676,"standard_error":216.5529249656565},"slope":{"confidence_interval":{"confidence_level":0.95,"lower_bound":391574.49862589064,"upper_bound":394624.87642455084},"point_estimate":392991.6173863356,"standard_error":781.6170266378034},"std_dev":{"confidence_interval":{"confidence_level":0.95,"lower_bound":3383.9325955550994,"upper_bound":7367.304304651127},"point_estimate":5395.797138555776,"standard_error":1056.5679675085098}}