{"mean":{"confidence_interval":{"confidence_level":0.95,"lower_bound":468851.25639741874,"upper_bound":469745.04941300803},"point_estimate":469432.11454181856,"standard_error":276.3721051817399},"median":{"confidence_interval":{"confidence_level":0.95,"lower_bound":469642.65201465203,"upper_bound":469682.903030303},"point_estimate":469659.1293922127,"standard_error":11.144259069693886},"median_abs_dev":{"confidence_interval":{"confidence_level":0.95,"lower_bound":58.29318108524768,"upper_bound":109.79027033065677},"point_estimate":85.9951083569865,"standard_error":13.161312167866022},"slope":{"confidence_interval":{"confidence_level":0.95,"lower_bound":469662.91094467975,"upper_bound":469728.866221154},"point_estimate":469693.344438205,"standard_error":16.804959733709754},"std_dev":{"confidence_interval":{"confidence_level":0.95,"lower_bound":134.28198139811,"upper_bound":4721.88351236155},"point_estimate":2755.223299751267,"standard_error":1627.1677715178444}}