{"mean":{"confidence_interval":{"confidence_level":0.95,"lower_bound":309280.4146959438,"upper_bound":310076.29945596465},"point_estimate":309571.9712452292,"standard_error":222.63385764528235},"median":{"confidence_interval":{"confidence_level":0.95,"lower_bound":309158.54216485505,"upper_bound":309317.79411764705},"point_estimate":309225.37457386364,"standard_error":42.56167664241669},"median_abs_dev":{"confidence_interval":{"confidence_level":0.95,"lower_bound":223.8702200639828,"upper_bound":375.97032216080623},"point_estimate":309.7440522273228,"standard_error":38.61511588125811},"slope":{"confidence_interval":{"confidence_level":0.95,"lower_bound":309274.1058326996,"upper_bound":309438.0365315028},"point_estimate":309348.97231638833,"standard_error":41.69091310647278},"std_dev":{"confidence_interval":{"confidence_level":0.95,"lower_bound":362.78871402368367,"upper_bound":3797.1629067169947},"point_estimate":2247.873837135819,"standard_error":1169.0137332366116}}