{"mean":{"confidence_interval":{"confidence_level":0.95,"lower_bound":309182.02023845,"upper_bound":309482.13545792},"point_estimate":309316.30200755986,"standard_error":77.40335453323668},"median":{"confidence_interval":{"confidence_level":0.95,"lower_bound":309084.1255188516,"upper_bound":309172.9577922078},"point_estimate":309125.4225378788,"standard_error":24.204372890974724},"median_abs_dev":{"confidence_interval":{"confidence_level":0.95,"lower_bound":130.92111631973287,"upper_bound":241.40351563722538},"point_estimate":182.98073045645634,"standard_error":28.896638640675622},"slope":{"confidence_interval":{"confidence_level":0.95,"lower_bound":309155.5790510273,"upper_bound":309481.69550705474},"point_estimate":309300.17243387026,"standard_error":83.99791919986417},"std_dev":{"confidence_interval":{"confidence_level":0.95,"lower_bound":370.02656357831273,"upper_bound":1141.858096257937},"point_estimate":779.4585004062757,"standard_error":206.06844050666535}}