{"mean":{"confidence_interval":{"confidence_level":0.95,"lower_bound":309477.8590940406,"upper_bound":310642.39024129306},"point_estimate":309986.0614306907,"standard_error":300.31311991244706},"median":{"confidence_interval":{"confidence_level":0.95,"lower_bound":309111.2255260082,"upper_bound":309222.1923076923},"point_estimate":309167.5567857143,"standard_error":31.801170222325194},"median_abs_dev":{"confidence_interval":{"confidence_level":0.95,"lower_bound":147.49294214363042,"upper_bound":304.68760028391245},"point_estimate":223.0103656873157,"standard_error":42.02355250153604},"slope":{"confidence_interval":{"confidence_level":0.95,"lower_bound":309607.87917457416,"upper_bound":311633.3275704149},"point_estimate":310481.4422853554,"standard_error":522.3690025531672},"std_dev":{"confidence_interval":{"confidence_level":0.95,"lower_bound":1189.9515842942199,"upper_bound":4448.571266237866},"point_estimate":3025.7479825747737,"standard_error":833.3857145106837}}