{"mean":{"confidence_interval":{"confidence_level":0.95,"lower_bound":361414.60907734843,"upper_bound":375277.7738560207},"point_estimate":367694.0100562491,"standard_error":3554.9963016565116},"median":{"confidence_interval":{"confidence_level":0.95,"lower_bound":354898.4581475288,"upper_bound":364417.9252723311},"point_estimate":359772.6620320856,"standard_error":2156.676940642183},"median_abs_dev":{"confidence_interval":{"confidence_level":0.95,"lower_bound":14318.099241151771,"upper_bound":24576.268480070597},"point_estimate":21660.217768848976,"standard_error":2753.313259379723},"slope":{"confidence_interval":{"confidence_level":0.95,"lower_bound":358248.5057792645,"upper_bound":367339.079563493},"point_estimate":362602.00065908086,"standard_error":2311.4580966607523},"std_dev":{"confidence_interval":{"confidence_level":0.95,"lower_bound":20105.724528606155,"upper_bound":51967.58435004626},"point_estimate":35852.053088420405,"standard_error":8986.81848390993}}