{"mean":{"confidence_interval":{"confidence_level":0.95,"lower_bound":593585.8715573129,"upper_bound":608547.6717070567},"point_estimate":600928.4538471114,"standard_error":3832.312271950268},"median":{"confidence_interval":{"confidence_level":0.95,"lower_bound":581634.75,"upper_bound":607739.0},"point_estimate":592806.3988603989,"standard_error":6876.550251878011},"median_abs_dev":{"confidence_interval":{"confidence_level":0.95,"lower_bound":29193.15658465904,"upper_bound":49920.62956836393},"point_estimate":35719.30567764662,"standard_error":5609.651635466659},"slope":{"confidence_interval":{"confidence_level":0.95,"lower_bound":588962.0707969099,"upper_bound":608745.9146857462},"point_estimate":598455.9448263632,"standard_error":5050.418964999626},"std_dev":{"confidence_interval":{"confidence_level":0.95,"lower_bound":33451.9211622009,"upper_bound":42637.49616802128},"point_estimate":38317.91391949567,"standard_error":2339.4821735470427}}