{"mean":{"confidence_interval":{"confidence_level":0.95,"lower_bound":309231.61541409965,"upper_bound":309621.33868473145},"point_estimate":309397.3049221283,"standard_error":100.47760172360464},"median":{"confidence_interval":{"confidence_level":0.95,"lower_bound":309139.6036706349,"upper_bound":309219.05769636825},"point_estimate":309166.8116234222,"standard_error":21.59646887313104},"median_abs_dev":{"confidence_interval":{"confidence_level":0.95,"lower_bound":121.37718852991068,"upper_bound":221.46445725332777},"point_estimate":173.9916802967494,"standard_error":26.266374855498885},"slope":{"confidence_interval":{"confidence_level":0.95,"lower_bound":309284.4853428965,"upper_bound":309722.9486202451},"point_estimate":309478.81825476576,"standard_error":112.68349070882712},"std_dev":{"confidence_interval":{"confidence_level":0.95,"lower_bound":391.18512452107217,"upper_bound":1554.8420477217144},"point_estimate":1009.4027894569681,"standard_error":317.0232383652983}}