{"mean":{"confidence_interval":{"confidence_level":0.95,"lower_bound":377360.1596697033,"upper_bound":378298.5764891091},"point_estimate":377969.1746008279,"standard_error":287.72543506011004},"median":{"confidence_interval":{"confidence_level":0.95,"lower_bound":378180.2153846154,"upper_bound":378410.30994152045},"point_estimate":378281.9298864895,"standard_error":48.587355566144375},"median_abs_dev":{"confidence_interval":{"confidence_level":0.95,"lower_bound":233.89973492358456,"upper_bound":374.3545370946247},"point_estimate":285.0632034620167,"standard_error":37.56070082731132},"slope":{"confidence_interval":{"confidence_level":0.95,"lower_bound":378164.54070458264,"upper_bound":378286.47873616905},"point_estimate":378226.37436776515,"standard_error":31.162458567467354},"std_dev":{"confidence_interval":{"confidence_level":0.95,"lower_bound":257.9050602310664,"upper_bound":4932.249856204283},"point_estimate":2883.1089223703784,"standard_error":1681.9732314960772}}