{"mean":{"confidence_interval":{"confidence_level":0.95,"lower_bound":261963.6277223445,"upper_bound":262556.4767940629},"point_estimate":262245.3710335733,"standard_error":151.49805592747543},"median":{"confidence_interval":{"confidence_level":0.95,"lower_bound":261545.4730543113,"upper_bound":261831.62313432837},"point_estimate":261665.57870615192,"standard_error":77.25407636506807},"median_abs_dev":{"confidence_interval":{"confidence_level":0.95,"lower_bound":356.81723352530287,"upper_bound":987.4100315138141},"point_estimate":650.9593379927097,"standard_error":169.68634211450464},"slope":{"confidence_interval":{"confidence_level":0.95,"lower_bound":262019.88318547636,"upper_bound":262628.46837656747},"point_estimate":262297.2972846165,"standard_error":155.37217370593825},"std_dev":{"confidence_interval":{"confidence_level":0.95,"lower_bound":1062.4008066703777,"upper_bound":1953.9068054830443},"point_estimate":1525.643095105029,"standard_error":230.03653729170742}}