{"mean":{"confidence_interval":{"confidence_level":0.95,"lower_bound":309384.3880801927,"upper_bound":310920.99271791003},"point_estimate":310048.7956806585,"standard_error":395.9617909245395},"median":{"confidence_interval":{"confidence_level":0.95,"lower_bound":309088.77360139857,"upper_bound":309174.81944444444},"point_estimate":309119.15428571426,"standard_error":23.725895910091552},"median_abs_dev":{"confidence_interval":{"confidence_level":0.95,"lower_bound":141.03952183813288,"upper_bound":256.31911409493944},"point_estimate":190.76943327984466,"standard_error":29.86417627711013},"slope":{"confidence_interval":{"confidence_level":0.95,"lower_bound":309211.18140204076,"upper_bound":309881.28362606146},"point_estimate":309474.208443919,"standard_error":177.93649667911546},"std_dev":{"confidence_interval":{"confidence_level":0.95,"lower_bound":1323.1982058368912,"upper_bound":5892.618315201826},"point_estimate":3966.3539164515537,"standard_error":1162.2510881014814}}