{"mean":{"confidence_interval":{"confidence_level":0.95,"lower_bound":669307.5650821953,"upper_bound":669483.636066421},"point_estimate":669382.3381050399,"standard_error":45.18245678486439},"median":{"confidence_interval":{"confidence_level":0.95,"lower_bound":669271.1511904763,"upper_bound":669361.1603097934},"point_estimate":669322.1644117647,"standard_error":23.231640963179924},"median_abs_dev":{"confidence_interval":{"confidence_level":0.95,"lower_bound":116.71463429148845,"upper_bound":198.12955236486474},"point_estimate":137.0652932188448,"standard_error":21.022433490466245},"slope":{"confidence_interval":{"confidence_level":0.95,"lower_bound":669311.7786249506,"upper_bound":669400.2211626002},"point_estimate":669352.8781867889,"standard_error":22.51853501184704},"std_dev":{"confidence_interval":{"confidence_level":0.95,"lower_bound":186.91715238428375,"upper_bound":713.4544469229658},"point_estimate":454.77151842521096,"standard_error":156.30156733218112}}