{"mean":{"confidence_interval":{"confidence_level":0.95,"lower_bound":309213.69700646016,"upper_bound":311531.2374639423},"point_estimate":310039.47429748275,"standard_error":685.3580937906065},"median":{"confidence_interval":{"confidence_level":0.95,"lower_bound":309035.92631578946,"upper_bound":309145.81666666665},"point_estimate":309092.7760416666,"standard_error":24.71112050909399},"median_abs_dev":{"confidence_interval":{"confidence_level":0.95,"lower_bound":136.56500475021545,"upper_bound":245.27351481222107},"point_estimate":182.1724242989334,"standard_error":26.957356008415772},"slope":{"confidence_interval":{"confidence_level":0.95,"lower_bound":309233.3222382775,"upper_bound":311587.7654245367},"point_estimate":310082.0444133294,"standard_error":640.4670576004318},"std_dev":{"confidence_interval":{"confidence_level":0.95,"lower_bound":657.7348109516325,"upper_bound":11705.883362195895},"point_estimate":6875.298583482437,"standard_error":3848.398556111123}}