{"mean":{"confidence_interval":{"confidence_level":0.95,"lower_bound":279122.6552474369,"upper_bound":282669.16807821824},"point_estimate":280842.6524388406,"standard_error":903.9059525569311},"median":{"confidence_interval":{"confidence_level":0.95,"lower_bound":276675.3611111111,"upper_bound":280851.3153762438},"point_estimate":278086.04434523813,"standard_error":1067.3819908252758},"median_abs_dev":{"confidence_interval":{"confidence_level":0.95,"lower_bound":4023.2777160725323,"upper_bound":8301.216626919102},"point_estimate":5841.454236100229,"standard_error":1041.3845783963593},"slope":{"confidence_interval":{"confidence_level":0.95,"lower_bound":277485.13342328434,"upper_bound":279777.1824599169},"point_estimate":278532.14230530517,"standard_error":583.7192480885672},"std_dev":{"confidence_interval":{"confidence_level":0.95,"lower_bound":6952.1301592315685,"upper_bound":11141.12439564249},"point_estimate":9086.967224554337,"standard_error":1074.5763322840917}}