{"mean":{"confidence_interval":{"confidence_level":0.95,"lower_bound":262723.9678477464,"upper_bound":265882.42787399347},"point_estimate":264107.85279958387,"standard_error":812.390580440804},"median":{"confidence_interval":{"confidence_level":0.95,"lower_bound":261749.32584269662,"upper_bound":262003.5825136612},"point_estimate":261850.98585358058,"standard_error":63.26550557598301},"median_abs_dev":{"confidence_interval":{"confidence_level":0.95,"lower_bound":301.1754503718021,"upper_bound":759.6761050445147},"point_estimate":477.8409486189183,"standard_error":118.466261220154},"slope":{"confidence_interval":{"confidence_level":0.95,"lower_bound":262556.76111111,"upper_bound":265297.4597516642},"point_estimate":263711.3084550022,"standard_error":705.3101699055649},"std_dev":{"confidence_interval":{"confidence_level":0.95,"lower_bound":3064.44733867641,"upper_bound":11954.688185728019},"point_estimate":8138.756458515653,"standard_error":2257.803776437552}}