{"mean":{"confidence_interval":{"confidence_level":0.95,"lower_bound":309702.22914647567,"upper_bound":310039.15343515226},"point_estimate":309862.97433906345,"standard_error":85.87174761647216},"median":{"confidence_interval":{"confidence_level":0.95,"lower_bound":309507.6168831169,"upper_bound":309882.27419354836},"point_estimate":309707.3461538461,"standard_error":93.43552320902414},"median_abs_dev":{"confidence_interval":{"confidence_level":0.95,"lower_bound":563.9333697628863,"upper_bound":922.0986345600545},"point_estimate":693.4084437472455,"standard_error":92.33487034171911},"slope":{"confidence_interval":{"confidence_level":0.95,"lower_bound":309994.3086431863,"upper_bound":310437.25639383344},"point_estimate":310197.7493438747,"standard_error":113.57413130374563},"std_dev":{"confidence_interval":{"confidence_level":0.95,"lower_bound":639.0003960302708,"upper_bound":1105.8575024389875},"point_estimate":866.8052537380203,"standard_error":122.00032688234367}}