{"mean":{"confidence_interval":{"confidence_level":0.95,"lower_bound":309990.4677852638,"upper_bound":312477.21693337226},"point_estimate":311112.00607755856,"standard_error":635.4522587952929},"median":{"confidence_interval":{"confidence_level":0.95,"lower_bound":309022.112244898,"upper_bound":309120.88970588235},"point_estimate":309068.70877659577,"standard_error":23.246502770365296},"median_abs_dev":{"confidence_interval":{"confidence_level":0.95,"lower_bound":153.81508586210563,"upper_bound":293.51915536592634},"point_estimate":219.641008600607,"standard_error":35.20364590680691},"slope":{"confidence_interval":{"confidence_level":0.95,"lower_bound":311674.7819778526,"upper_bound":317320.5268669091},"point_estimate":314415.30062287574,"standard_error":1441.7907897703267},"std_dev":{"confidence_interval":{"confidence_level":0.95,"lower_bound":3560.3088297277714,"upper_bound":8828.441164055524},"point_estimate":6372.545047672257,"standard_error":1353.9244902427113}}