{"mean":{"confidence_interval":{"confidence_level":0.95,"lower_bound":321446.8449611706,"upper_bound":323550.2696193029},"point_estimate":322365.0234497999,"standard_error":540.1920961994897},"median":{"confidence_interval":{"confidence_level":0.95,"lower_bound":321349.854601518,"upper_bound":322601.50772246043},"point_estimate":321864.9030448718,"standard_error":305.2083909976662},"median_abs_dev":{"confidence_interval":{"confidence_level":0.95,"lower_bound":2024.5108954766722,"upper_bound":3770.728412574913},"point_estimate":2854.1979394243826,"standard_error":456.0277121597685},"slope":{"confidence_interval":{"confidence_level":0.95,"lower_bound":321930.98331149283,"upper_bound":324814.6378124915},"point_estimate":323121.1991037387,"standard_error":750.0812984037702},"std_dev":{"confidence_interval":{"confidence_level":0.95,"lower_bound":2685.2929504492945,"upper_bound":8382.169461204425},"point_estimate":5422.582300857356,"standard_error":1800.644778244582}}