{"mean":{"confidence_interval":{"confidence_level":0.95,"lower_bound":309188.7469726172,"upper_bound":310234.1261380161},"point_estimate":309564.8055698961,"standard_error":309.4552437712265},"median":{"confidence_interval":{"confidence_level":0.95,"lower_bound":309050.47976190475,"upper_bound":309209.7485714286},"point_estimate":309133.25344427244,"standard_error":47.36215625869097},"median_abs_dev":{"confidence_interval":{"confidence_level":0.95,"lower_bound":195.86704940842503,"upper_bound":341.92173537636904},"point_estimate":268.3902105065492,"standard_error":36.69218835910805},"slope":{"confidence_interval":{"confidence_level":0.95,"lower_bound":309204.5272340251,"upper_bound":310286.49450816814},"point_estimate":309586.05390054674,"standard_error":301.90867902657413},"std_dev":{"confidence_interval":{"confidence_level":0.95,"lower_bound":382.8158281257232,"upper_bound":5260.359365370443},"point_estimate":3090.0383101833972,"standard_error":1726.3406358010723}}