{"mean":{"confidence_interval":{"confidence_level":0.95,"lower_bound":309134.2908280706,"upper_bound":310110.27876159764},"point_estimate":309483.85352751013,"standard_error":290.4657180833346},"median":{"confidence_interval":{"confidence_level":0.95,"lower_bound":309062.2192311694,"upper_bound":309130.125},"point_estimate":309104.20786674134,"standard_error":17.653868192637322},"median_abs_dev":{"confidence_interval":{"confidence_level":0.95,"lower_bound":120.62612462090405,"upper_bound":213.83539420367842},"point_estimate":162.5707476740666,"standard_error":24.029670049577216},"slope":{"confidence_interval":{"confidence_level":0.95,"lower_bound":309176.50023784296,"upper_bound":310445.8110199584},"point_estimate":309609.9676555342,"standard_error":358.1348200479014},"std_dev":{"confidence_interval":{"confidence_level":0.95,"lower_bound":271.171398957919,"upper_bound":4985.400104129248},"point_estimate":2925.3971724975477,"standard_error":1646.5168652910438}}