{"mean":{"confidence_interval":{"confidence_level":0.95,"lower_bound":375026.9927865928,"upper_bound":376055.14079206914},"point_estimate":375672.0858916074,"standard_error":283.44118180717237},"median":{"confidence_interval":{"confidence_level":0.95,"lower_bound":375997.39975737216,"upper_bound":376068.993495935},"point_estimate":376032.7119883041,"standard_error":21.29489363763077},"median_abs_dev":{"confidence_interval":{"confidence_level":0.95,"lower_bound":128.5853960138326,"upper_bound":247.70574042220807},"point_estimate":157.8082319042037,"standard_error":30.88595987597734},"slope":{"confidence_interval":{"confidence_level":0.95,"lower_bound":375735.3339608915,"upper_bound":376109.5931432853},"point_estimate":375935.8150140387,"standard_error":95.46815107449036},"std_dev":{"confidence_interval":{"confidence_level":0.95,"lower_bound":471.7187690972079,"upper_bound":4785.200845641602},"point_estimate":2843.7439519295394,"standard_error":1428.6449827023614}}