{"mean":{"confidence_interval":{"confidence_level":0.95,"lower_bound":377136.21609332936,"upper_bound":378414.31477521284},"point_estimate":377783.5423268066,"standard_error":322.1321383095655},"median":{"confidence_interval":{"confidence_level":0.95,"lower_bound":377556.4,"upper_bound":377703.5666933975},"point_estimate":377645.36376404495,"standard_error":41.033682993099205},"median_abs_dev":{"confidence_interval":{"confidence_level":0.95,"lower_bound":230.81064388734495,"upper_bound":424.9592986118525},"point_estimate":339.95102682096564,"standard_error":47.915543203009214},"slope":{"confidence_interval":{"confidence_level":0.95,"lower_bound":377702.6772069708,"upper_bound":379250.7617998351},"point_estimate":378310.6376927245,"standard_error":407.70132977091765},"std_dev":{"confidence_interval":{"confidence_level":0.95,"lower_bound":763.298998351239,"upper_bound":4956.224887033432},"point_estimate":3241.5887627570337,"standard_error":1054.8129156700118}}