{"mean":{"confidence_interval":{"confidence_level":0.95,"lower_bound":375138.5162754453,"upper_bound":376232.481935502},"point_estimate":375792.60198527557,"standard_error":288.2000863070038},"median":{"confidence_interval":{"confidence_level":0.95,"lower_bound":375987.69918699184,"upper_bound":376059.376344086},"point_estimate":376009.2277701778,"standard_error":17.19111182735565},"median_abs_dev":{"confidence_interval":{"confidence_level":0.95,"lower_bound":147.91376615880878,"upper_bound":266.4602802693499},"point_estimate":196.6290823210883,"standard_error":30.837069553934224},"slope":{"confidence_interval":{"confidence_level":0.95,"lower_bound":375644.5629197487,"upper_bound":376397.2607511086},"point_estimate":375989.7264499286,"standard_error":191.62502451685125},"std_dev":{"confidence_interval":{"confidence_level":0.95,"lower_bound":767.8591139393507,"upper_bound":4807.582725838866},"point_estimate":2904.35679506873,"standard_error":1278.3621998275576}}