{"mean":{"confidence_interval":{"confidence_level":0.95,"lower_bound":-0.00803809001577618,"upper_bound":0.004491336960420642},"point_estimate":-0.0017940205118158747,"standard_error":0.0032042677208109264},"median":{"confidence_interval":{"confidence_level":0.95,"lower_bound":-0.004548344872557397,"upper_bound":-0.0034579362307989303},"point_estimate":-0.00396625977457743,"standard_error":0.00028040407360132}}