{"mean":{"confidence_interval":{"confidence_level":0.95,"lower_bound":-0.012168623446373261,"upper_bound":-0.0031262372393993524},"point_estimate":-0.007356935312133994,"standard_error":0.002319187162907424},"median":{"confidence_interval":{"confidence_level":0.95,"lower_bound":0.0009272031790654722,"upper_bound":0.0016684419627384095},"point_estimate":0.0012193205981878563,"standard_error":0.00018690309783845726}}