{"mean":{"confidence_interval":{"confidence_level":0.95,"lower_bound":-0.09340848372965749,"upper_bound":-0.08471609039485306},"point_estimate":-0.0888967748489875,"standard_error":0.002219151480480825},"median":{"confidence_interval":{"confidence_level":0.95,"lower_bound":-0.08496148579897767,"upper_bound":-0.08020219779689408},"point_estimate":-0.0816121625332129,"standard_error":0.0013186484095344074}}