{"mean":{"confidence_interval":{"confidence_level":0.95,"lower_bound":0.007600803703321059,"upper_bound":0.022264970787043675},"point_estimate":0.014516222966828085,"standard_error":0.0035786980101927958},"median":{"confidence_interval":{"confidence_level":0.95,"lower_bound":0.0006709334514756193,"upper_bound":0.001544332868869347},"point_estimate":0.0010331287551281765,"standard_error":0.00023311181156966942}}