{"mean":{"confidence_interval":{"confidence_level":0.95,"lower_bound":-0.008987936418656403,"upper_bound":-0.000514334272335128},"point_estimate":-0.004419015991727782,"standard_error":0.002161334954238904},"median":{"confidence_interval":{"confidence_level":0.95,"lower_bound":-0.001271898763290702,"upper_bound":-0.0004798595824329599},"point_estimate":-0.0008745184142321394,"standard_error":0.00020461905993422313}}