{"mean":{"confidence_interval":{"confidence_level":0.95,"lower_bound":-0.019920954310472163,"upper_bound":-0.005263508565699793},"point_estimate":-0.011666883563049457,"standard_error":0.0037657813323779734},"median":{"confidence_interval":{"confidence_level":0.95,"lower_bound":-0.0004849444100711864,"upper_bound":-0.00002433032693893722},"point_estimate":-0.00020678835042531318,"standard_error":0.00012044092575526713}}