{"mean":{"confidence_interval":{"confidence_level":0.95,"lower_bound":-0.0042690202015212,"upper_bound":0.010033342206392156},"point_estimate":0.00241263025143712,"standard_error":0.0036285087511527536},"median":{"confidence_interval":{"confidence_level":0.95,"lower_bound":-0.0005332565992587357,"upper_bound":0.00033004158063931754},"point_estimate":-0.00029395212897875833,"standard_error":0.0002400113872622568}}