{"mean":{"confidence_interval":{"confidence_level":0.95,"lower_bound":-0.0005131933883579382,"upper_bound":0.00026774488934398484},"point_estimate":-0.00006381794262277918,"standard_error":0.00020246986864977786},"median":{"confidence_interval":{"confidence_level":0.95,"lower_bound":0.000046981737107598676,"upper_bound":0.0001965225511395552},"point_estimate":0.00011973775622831084,"standard_error":0.00003573830004083476}}