{"mean":{"confidence_interval":{"confidence_level":0.95,"lower_bound":-0.17473831056640454,"upper_bound":-0.17364155943619428},"point_estimate":-0.1741068731371591,"standard_error":0.00028461726324229523},"median":{"confidence_interval":{"confidence_level":0.95,"lower_bound":-0.17380329097407676,"upper_bound":-0.17363758534092077},"point_estimate":-0.1737103881614782,"standard_error":0.00004175112676358936}}