{"mean":{"confidence_interval":{"confidence_level":0.95,"lower_bound":-0.002566478059121302,"upper_bound":0.00876187254090118},"point_estimate":0.003401435719419421,"standard_error":0.0029044472880541874},"median":{"confidence_interval":{"confidence_level":0.95,"lower_bound":0.00018433556972552445,"upper_bound":0.0009573544929752931},"point_estimate":0.00047703446093882995,"standard_error":0.00020039486041386966}}