{"mean":{"confidence_interval":{"confidence_level":0.95,"lower_bound":-0.007195818123864842,"upper_bound":0.003316045189346781},"point_estimate":-0.0021208734642744753,"standard_error":0.002662233813498371},"median":{"confidence_interval":{"confidence_level":0.95,"lower_bound":0.00019678023260549793,"upper_bound":0.0007404695961485963},"point_estimate":0.0004542923091173101,"standard_error":0.00013081897035267104}}