{"mean":{"confidence_interval":{"confidence_level":0.95,"lower_bound":-0.004128876351375992,"upper_bound":0.01056914463109512},"point_estimate":0.0032420560862678194,"standard_error":0.0037768075570601954},"median":{"confidence_interval":{"confidence_level":0.95,"lower_bound":0.00010178701358665165,"upper_bound":0.001012486692980684},"point_estimate":0.0005342766435605384,"standard_error":0.0002382211645933087}}