{"mean":{"confidence_interval":{"confidence_level":0.95,"lower_bound":-0.003700189060175712,"upper_bound":-0.0028022279531869643},"point_estimate":-0.003212364042580629,"standard_error":0.00022929131168029725},"median":{"confidence_interval":{"confidence_level":0.95,"lower_bound":-0.003694194157737418,"upper_bound":-0.002616725757744409},"point_estimate":-0.003118747586179138,"standard_error":0.0002922258493814716}}