{"mean":{"confidence_interval":{"confidence_level":0.95,"lower_bound":0.06543809172885995,"upper_bound":0.07608019052115793},"point_estimate":0.07076716061312571,"standard_error":0.002845130274441089},"median":{"confidence_interval":{"confidence_level":0.95,"lower_bound":0.060803824335703194,"upper_bound":0.06937043419728561},"point_estimate":0.06556560543123924,"standard_error":0.002261944328757004}}