{"mean":{"confidence_interval":{"confidence_level":0.95,"lower_bound":-0.006704616773118995,"upper_bound":0.005210745508938456},"point_estimate":-0.0007878603338793422,"standard_error":0.003030379301991583},"median":{"confidence_interval":{"confidence_level":0.95,"lower_bound":-0.0002091662900071123,"upper_bound":0.0005386074370445915},"point_estimate":0.00015517958201916038,"standard_error":0.00018870683727144165}}