{"mean":{"confidence_interval":{"confidence_level":0.95,"lower_bound":-0.16712555983237143,"upper_bound":-0.16385100954166615},"point_estimate":-0.1655972119726915,"standard_error":0.0008258318294481138},"median":{"confidence_interval":{"confidence_level":0.95,"lower_bound":-0.16704491232556795,"upper_bound":-0.1668104742098745},"point_estimate":-0.16694960439810047,"standard_error":0.00006118423060699052}}