{"mean":{"confidence_interval":{"confidence_level":0.95,"lower_bound":-0.0004950685506327795,"upper_bound":-0.00024145960741139838},"point_estimate":-0.00037037153059649164,"standard_error":0.00006437139180195387},"median":{"confidence_interval":{"confidence_level":0.95,"lower_bound":-0.0005400274775982927,"upper_bound":-0.00035419031874950324},"point_estimate":-0.0004451002039080887,"standard_error":0.000051495312805118336}}