{"mean":{"confidence_interval":{"confidence_level":0.95,"lower_bound":-0.002715102561847038,"upper_bound":-0.00031916616881679},"point_estimate":-0.0013362686182727401,"standard_error":0.0006225973183758891},"median":{"confidence_interval":{"confidence_level":0.95,"lower_bound":-0.00036381846514830504,"upper_bound":-0.00020116148372439913},"point_estimate":-0.00027452787419302016,"standard_error":0.000040575653011903574}}