{"mean":{"confidence_interval":{"confidence_level":0.95,"lower_bound":0.11232486170084122,"upper_bound":0.1351798344079005},"point_estimate":0.12314258831353353,"standard_error":0.005865794176381048},"median":{"confidence_interval":{"confidence_level":0.95,"lower_bound":0.10761857187053625,"upper_bound":0.1396120242593799},"point_estimate":0.1281626856323157,"standard_error":0.008397777542572305}}