{"mean":{"confidence_interval":{"confidence_level":0.95,"lower_bound":-0.11550412909658969,"upper_bound":-0.10117042980201676},"point_estimate":-0.1081552617487943,"standard_error":0.0036705699277792265},"median":{"confidence_interval":{"confidence_level":0.95,"lower_bound":-0.10733904482646484,"upper_bound":-0.09158838115149281},"point_estimate":-0.10182277051571709,"standard_error":0.004450889096293778}}