{"mean":{"confidence_interval":{"confidence_level":0.95,"lower_bound":-0.019895911849351668,"upper_bound":-0.00731658966076503},"point_estimate":-0.013234814304675102,"standard_error":0.003217282171464212},"median":{"confidence_interval":{"confidence_level":0.95,"lower_bound":0.00012324618419556899,"upper_bound":0.0009143853607711899},"point_estimate":0.0004735857132569521,"standard_error":0.0002124195786243417}}