{"mean":{"confidence_interval":{"confidence_level":0.95,"lower_bound":0.001910192944041861,"upper_bound":0.006277305961748874},"point_estimate":0.003878342501901111,"standard_error":0.0011290786181484735},"median":{"confidence_interval":{"confidence_level":0.95,"lower_bound":0.00013551866844196958,"upper_bound":0.0007354169776965236},"point_estimate":0.0003236485902602393,"standard_error":0.00015960255243350403}}