{"mean":{"confidence_interval":{"confidence_level":0.95,"lower_bound":-0.0013207370980098296,"upper_bound":0.000023318417172856606},"point_estimate":-0.0004775964803452881,"standard_error":0.000380683787803002},"median":{"confidence_interval":{"confidence_level":0.95,"lower_bound":-0.00028281674859953476,"upper_bound":-0.00004960515454461027},"point_estimate":-0.00016050003789835898,"standard_error":0.000059154511934598333}}