{"mean":{"confidence_interval":{"confidence_level":0.95,"lower_bound":-0.005109842261167769,"upper_bound":0.00816390237980966},"point_estimate":0.0014513827230582255,"standard_error":0.0033836313333459574},"median":{"confidence_interval":{"confidence_level":0.95,"lower_bound":-0.00037424916363459904,"upper_bound":0.0003346164037101307},"point_estimate":-0.00010085972724049874,"standard_error":0.00019006216059432398}}