{"mean":{"confidence_interval":{"confidence_level":0.95,"lower_bound":-0.09883719453852818,"upper_bound":-0.0639374338655787},"point_estimate":-0.08302576793472694,"standard_error":0.008999684426418776},"median":{"confidence_interval":{"confidence_level":0.95,"lower_bound":-0.10955028196579228,"upper_bound":-0.08233390066768492},"point_estimate":-0.09768752012147253,"standard_error":0.007279369484539959}}