{"mean":{"confidence_interval":{"confidence_level":0.95,"lower_bound":0.0023649105711413543,"upper_bound":0.007877530543847312},"point_estimate":0.005034425579314883,"standard_error":0.001375253007047336},"median":{"confidence_interval":{"confidence_level":0.95,"lower_bound":0.0001925298963323831,"upper_bound":0.0006289429585024653},"point_estimate":0.00036091488218126244,"standard_error":0.00011017014416267167}}