{"mean":{"confidence_interval":{"confidence_level":0.95,"lower_bound":-0.049475117815444336,"upper_bound":-0.03375230010913133},"point_estimate":-0.04158280733382469,"standard_error":0.004007499687196759},"median":{"confidence_interval":{"confidence_level":0.95,"lower_bound":-0.048697176496815264,"upper_bound":-0.03023537671035126},"point_estimate":-0.03832155851151808,"standard_error":0.0047857439072526145}}