{"mean":{"confidence_interval":{"confidence_level":0.95,"lower_bound":0.006888921855649755,"upper_bound":0.012342524937254407},"point_estimate":0.009700068693552,"standard_error":0.0013969889967775954},"median":{"confidence_interval":{"confidence_level":0.95,"lower_bound":0.005665174791785299,"upper_bound":0.01283050180651786},"point_estimate":0.009185161877455217,"standard_error":0.0017529605452011234}}