{"mean":{"confidence_interval":{"confidence_level":0.95,"lower_bound":-0.006834901958429888,"upper_bound":0.004187342912731862},"point_estimate":-0.0014450379292525461,"standard_error":0.002790936807910271},"median":{"confidence_interval":{"confidence_level":0.95,"lower_bound":-0.0006146108840281439,"upper_bound":0.0005963417236782842},"point_estimate":-0.00006964668776199279,"standard_error":0.0003026636438390694}}