{"mean":{"confidence_interval":{"confidence_level":0.95,"lower_bound":-0.008552570312124377,"upper_bound":0.0052909661760880185},"point_estimate":-0.001537025061674857,"standard_error":0.003535562390775507},"median":{"confidence_interval":{"confidence_level":0.95,"lower_bound":0.00008298142190772476,"upper_bound":0.0014681031087939722},"point_estimate":0.0010372890777121668,"standard_error":0.0003520805957187641}}