{"mean":{"confidence_interval":{"confidence_level":0.95,"lower_bound":0.0025297561078194775,"upper_bound":0.019407403397225458},"point_estimate":0.010306101196931428,"standard_error":0.004305921968854859},"median":{"confidence_interval":{"confidence_level":0.95,"lower_bound":-0.0005135756237700449,"upper_bound":0.00033416613975600917},"point_estimate":-0.00009461243069808223,"standard_error":0.00020153354996270398}}