{"mean":{"confidence_interval":{"confidence_level":0.95,"lower_bound":-0.004215810155481397,"upper_bound":0.005435651293568549},"point_estimate":0.0007472043972012177,"standard_error":0.0024752081544931613},"median":{"confidence_interval":{"confidence_level":0.95,"lower_bound":-0.0007782944533386571,"upper_bound":0.00047175811813669896},"point_estimate":0.000016991494270923724,"standard_error":0.0003314514631453292}}