{"mean":{"confidence_interval":{"confidence_level":0.95,"lower_bound":0.20917037678114356,"upper_bound":0.20954447877728555},"point_estimate":0.2093547253051642,"standard_error":0.00009451107667589574},"median":{"confidence_interval":{"confidence_level":0.95,"lower_bound":0.2092447880910342,"upper_bound":0.20946951475400022},"point_estimate":0.2093688491369936,"standard_error":0.00005456921346438518}}