{"mean":{"confidence_interval":{"confidence_level":0.95,"lower_bound":0.0005503281290462243,"upper_bound":0.014608230511847264},"point_estimate":0.0072370187931567465,"standard_error":0.0036069695090214073},"median":{"confidence_interval":{"confidence_level":0.95,"lower_bound":-0.00019808469144144691,"upper_bound":0.00048340151610970494},"point_estimate":0.00014234125454026803,"standard_error":0.00017516154881394528}}