{"mean":{"confidence_interval":{"confidence_level":0.95,"lower_bound":-0.03966074162004732,"upper_bound":0.006338986941758944},"point_estimate":-0.011379900364897999,"standard_error":0.012789564605910304},"median":{"confidence_interval":{"confidence_level":0.95,"lower_bound":-0.00023977569933841814,"upper_bound":0.0005454405708848395},"point_estimate":0.00007909932844518686,"standard_error":0.00020054208548874616}}