{"mean":{"confidence_interval":{"confidence_level":0.95,"lower_bound":-0.19588526073397505,"upper_bound":-0.1947987966620121},"point_estimate":-0.19528006409690468,"standard_error":0.00027800950857961984},"median":{"confidence_interval":{"confidence_level":0.95,"lower_bound":-0.19489046504915686,"upper_bound":-0.19477008457833045},"point_estimate":-0.19480599922546804,"standard_error":0.000033255733801059425}}