{"mean":{"confidence_interval":{"confidence_level":0.95,"lower_bound":-0.005138877108322711,"upper_bound":0.002529769957050613},"point_estimate":-0.0012725430033522223,"standard_error":0.0019362942431867779},"median":{"confidence_interval":{"confidence_level":0.95,"lower_bound":-0.00013625400294095956,"upper_bound":0.0005781004519473942},"point_estimate":0.00025322613235423397,"standard_error":0.0001800628620886602}}