{"mean":{"confidence_interval":{"confidence_level":0.95,"lower_bound":-0.18769989008436075,"upper_bound":-0.18729867622757265},"point_estimate":-0.18748963719621037,"standard_error":0.00010245417210841783},"median":{"confidence_interval":{"confidence_level":0.95,"lower_bound":-0.18768569011257102,"upper_bound":-0.187397957217862},"point_estimate":-0.1875297730087575,"standard_error":0.00007028425593844858}}