{"mean":{"confidence_interval":{"confidence_level":0.95,"lower_bound":-0.09671670576752,"upper_bound":0.007316807788164527},"point_estimate":-0.03792975898250517,"standard_error":0.028062665913408575},"median":{"confidence_interval":{"confidence_level":0.95,"lower_bound":0.0024770000763277844,"upper_bound":0.003925056992002629},"point_estimate":0.0030612112318946227,"standard_error":0.00034753064464970853}}