{"mean":{"confidence_interval":{"confidence_level":0.95,"lower_bound":0.23159969313635378,"upper_bound":0.2320987660671628},"point_estimate":0.23183496102094425,"standard_error":0.00012382461760526088},"median":{"confidence_interval":{"confidence_level":0.95,"lower_bound":0.23168582373563829,"upper_bound":0.23214483406160147},"point_estimate":0.23189505494111518,"standard_error":0.00012977645892241167}}