{"mean":{"confidence_interval":{"confidence_level":0.95,"lower_bound":-0.01046164504145709,"upper_bound":-0.002917732795120494},"point_estimate":-0.0063622464017648594,"standard_error":0.0019336778606876652},"median":{"confidence_interval":{"confidence_level":0.95,"lower_bound":-0.0003421978825306482,"upper_bound":0.00035895372106886647},"point_estimate":0.00013794019864010743,"standard_error":0.00018230812425057918}}