{"mean":{"confidence_interval":{"confidence_level":0.95,"lower_bound":-0.002461419066458248,"upper_bound":0.01060331624338328},"point_estimate":0.003994481351709878,"standard_error":0.0033560253241261325},"median":{"confidence_interval":{"confidence_level":0.95,"lower_bound":-0.0004554169271761439,"upper_bound":0.0005514848244627668},"point_estimate":0.00006259971351263438,"standard_error":0.00027649364784958116}}