{"mean":{"confidence_interval":{"confidence_level":0.95,"lower_bound":-0.15503689485164623,"upper_bound":-0.13290521287845308},"point_estimate":-0.14542276917205577,"standard_error":0.00533459575978493},"median":{"confidence_interval":{"confidence_level":0.95,"lower_bound":-0.16580810736398105,"upper_bound":-0.14890012560380064},"point_estimate":-0.15538793781539118,"standard_error":0.004610860105074533}}