{"mean":{"confidence_interval":{"confidence_level":0.95,"lower_bound":50985.713045199846,"upper_bound":51485.850655931536},"point_estimate":51268.40020125368,"standard_error":128.61597491270518},"median":{"confidence_interval":{"confidence_level":0.95,"lower_bound":51396.05280196629,"upper_bound":51535.08076923077},"point_estimate":51452.800384441434,"standard_error":30.276327591408887},"median_abs_dev":{"confidence_interval":{"confidence_level":0.95,"lower_bound":199.98084796371515,"upper_bound":379.6076093337869},"point_estimate":269.13793292321463,"standard_error":44.27231253639204},"slope":{"confidence_interval":{"confidence_level":0.95,"lower_bound":51561.52893217366,"upper_bound":51745.26509776246},"point_estimate":51645.94843623467,"standard_error":46.83125561462476},"std_dev":{"confidence_interval":{"confidence_level":0.95,"lower_bound":540.779349797419,"upper_bound":1986.4913873751264},"point_estimate":1296.8466021353559,"standard_error":400.6912246214802}}