{"mean":{"confidence_interval":{"confidence_level":0.95,"lower_bound":77131.02072210354,"upper_bound":78300.00926755846},"point_estimate":77799.41440793156,"standard_error":302.9102315009174},"median":{"confidence_interval":{"confidence_level":0.95,"lower_bound":78234.08653846153,"upper_bound":78507.03021978022},"point_estimate":78441.69911216234,"standard_error":66.06198900207076},"median_abs_dev":{"confidence_interval":{"confidence_level":0.95,"lower_bound":379.8596606432831,"upper_bound":665.1970014662597},"point_estimate":497.77544399375626,"standard_error":68.04229882479808},"slope":{"confidence_interval":{"confidence_level":0.95,"lower_bound":78649.68867707235,"upper_bound":78966.57087224662},"point_estimate":78795.55045435428,"standard_error":81.26299230414021},"std_dev":{"confidence_interval":{"confidence_level":0.95,"lower_bound":1201.0530883800482,"upper_bound":4683.74647511896},"point_estimate":3024.8064669120286,"standard_error":976.2182109723376}}