{"mean":{"confidence_interval":{"confidence_level":0.95,"lower_bound":93019.95572349445,"upper_bound":94693.75590169044},"point_estimate":93977.38800167393,"standard_error":433.48016125201343},"median":{"confidence_interval":{"confidence_level":0.95,"lower_bound":94825.29176708762,"upper_bound":95170.26040061633},"point_estimate":94996.53264553429,"standard_error":95.98548620921103},"median_abs_dev":{"confidence_interval":{"confidence_level":0.95,"lower_bound":396.30460802292106,"upper_bound":761.4276584058397},"point_estimate":585.1111612534561,"standard_error":90.77999491089406},"slope":{"confidence_interval":{"confidence_level":0.95,"lower_bound":95236.43053487023,"upper_bound":95520.8410352239},"point_estimate":95368.13093192902,"standard_error":72.62271239015259},"std_dev":{"confidence_interval":{"confidence_level":0.95,"lower_bound":1582.684194012059,"upper_bound":6781.805261015965},"point_estimate":4371.74117846192,"standard_error":1432.9830221560774}}