{"mean":{"confidence_interval":{"confidence_level":0.95,"lower_bound":48255.04626873875,"upper_bound":48705.919963622626},"point_estimate":48495.36888383758,"standard_error":114.5413400147744},"median":{"confidence_interval":{"confidence_level":0.95,"lower_bound":48564.66225749559,"upper_bound":48682.34942991281},"point_estimate":48609.445181788935,"standard_error":27.702663969906304},"median_abs_dev":{"confidence_interval":{"confidence_level":0.95,"lower_bound":172.99438574487482,"upper_bound":335.34581877760417},"point_estimate":244.96966402228708,"standard_error":41.55475643096595},"slope":{"confidence_interval":{"confidence_level":0.95,"lower_bound":48666.900119438964,"upper_bound":48849.765283816145},"point_estimate":48746.07107531649,"standard_error":46.98693536770939},"std_dev":{"confidence_interval":{"confidence_level":0.95,"lower_bound":560.1379401260971,"upper_bound":1665.1637685719672},"point_estimate":1150.9856088978734,"standard_error":286.9470202835591}}