{"mean":{"confidence_interval":{"confidence_level":0.95,"lower_bound":52000.23881886029,"upper_bound":52543.430455145826},"point_estimate":52296.88087791606,"standard_error":138.55131724406596},"median":{"confidence_interval":{"confidence_level":0.95,"lower_bound":52409.78973019611,"upper_bound":52530.27356853673},"point_estimate":52466.68964530893,"standard_error":32.20388240814293},"median_abs_dev":{"confidence_interval":{"confidence_level":0.95,"lower_bound":199.4130849741276,"upper_bound":495.7709824492065},"point_estimate":327.65929052791125,"standard_error":74.88192381722948},"slope":{"confidence_interval":{"confidence_level":0.95,"lower_bound":52615.63661651251,"upper_bound":52843.83268522619},"point_estimate":52720.57991351217,"standard_error":58.25772062695221},"std_dev":{"confidence_interval":{"confidence_level":0.95,"lower_bound":719.2867613061403,"upper_bound":2025.8223191440431},"point_estimate":1390.12958147901,"standard_error":347.2890119986343}}