{"mean":{"confidence_interval":{"confidence_level":0.95,"lower_bound":51002.18439966594,"upper_bound":51589.66441040635},"point_estimate":51314.812064013975,"standard_error":149.41516530200897},"median":{"confidence_interval":{"confidence_level":0.95,"lower_bound":51371.64567901235,"upper_bound":51506.119333333336},"point_estimate":51443.470729166664,"standard_error":39.95248276642471},"median_abs_dev":{"confidence_interval":{"confidence_level":0.95,"lower_bound":192.4469927188927,"upper_bound":348.26346536313054},"point_estimate":264.16094363466584,"standard_error":41.32210022991204},"slope":{"confidence_interval":{"confidence_level":0.95,"lower_bound":51580.42123296228,"upper_bound":51910.75785350464},"point_estimate":51730.29302659968,"standard_error":84.81584459185572},"std_dev":{"confidence_interval":{"confidence_level":0.95,"lower_bound":761.0214679294597,"upper_bound":2196.5953522126165},"point_estimate":1507.2678435188097,"standard_error":376.0085836584773}}