{"mean":{"confidence_interval":{"confidence_level":0.95,"lower_bound":50895.91021218646,"upper_bound":51509.56593209352},"point_estimate":51215.92011467361,"standard_error":155.56636418226836},"median":{"confidence_interval":{"confidence_level":0.95,"lower_bound":51261.90705005232,"upper_bound":51365.431243150684},"point_estimate":51314.36159188034,"standard_error":24.988101530134998},"median_abs_dev":{"confidence_interval":{"confidence_level":0.95,"lower_bound":213.0626919257139,"upper_bound":361.64620034984995},"point_estimate":268.1928501978832,"standard_error":40.52189064747594},"slope":{"confidence_interval":{"confidence_level":0.95,"lower_bound":51402.917965712535,"upper_bound":51711.53000346259},"point_estimate":51533.732510565984,"standard_error":80.4498533737721},"std_dev":{"confidence_interval":{"confidence_level":0.95,"lower_bound":771.6480608398313,"upper_bound":2242.0944618815183},"point_estimate":1562.2809342494272,"standard_error":378.030887503915}}