{"mean":{"confidence_interval":{"confidence_level":0.95,"lower_bound":48048.94409537775,"upper_bound":48495.219095436965},"point_estimate":48292.1761995953,"standard_error":113.76599868691372},"median":{"confidence_interval":{"confidence_level":0.95,"lower_bound":48374.16233829597,"upper_bound":48466.61833900226},"point_estimate":48418.26330787856,"standard_error":21.115802304456746},"median_abs_dev":{"confidence_interval":{"confidence_level":0.95,"lower_bound":169.5053805277024,"upper_bound":368.2981866401211},"point_estimate":248.54563049309297,"standard_error":51.55065636699572},"slope":{"confidence_interval":{"confidence_level":0.95,"lower_bound":48542.22964637375,"upper_bound":48726.93748899321},"point_estimate":48625.99455185177,"standard_error":47.28798431527068},"std_dev":{"confidence_interval":{"confidence_level":0.95,"lower_bound":560.189126827267,"upper_bound":1700.0533473349858},"point_estimate":1143.6059643795738,"standard_error":307.70316229981916}}