{"mean":{"confidence_interval":{"confidence_level":0.95,"lower_bound":51543.293345532176,"upper_bound":52096.429614607194},"point_estimate":51859.95751230717,"standard_error":142.70413092940348},"median":{"confidence_interval":{"confidence_level":0.95,"lower_bound":52047.24136183155,"upper_bound":52170.01499045419},"point_estimate":52115.7722417154,"standard_error":28.281912522108236},"median_abs_dev":{"confidence_interval":{"confidence_level":0.95,"lower_bound":186.26291729787337,"upper_bound":407.37954133655586},"point_estimate":266.1468225391172,"standard_error":55.05802668799447},"slope":{"confidence_interval":{"confidence_level":0.95,"lower_bound":52235.256954003176,"upper_bound":52438.58747163257},"point_estimate":52322.93714745709,"standard_error":52.276854417412565},"std_dev":{"confidence_interval":{"confidence_level":0.95,"lower_bound":561.3384119752359,"upper_bound":2255.144496846472},"point_estimate":1441.772052613618,"standard_error":492.2717830601894}}