{"mean":{"confidence_interval":{"confidence_level":0.95,"lower_bound":51506.233816425905,"upper_bound":52057.47873781905},"point_estimate":51820.243797285744,"standard_error":141.78319576889396},"median":{"confidence_interval":{"confidence_level":0.95,"lower_bound":52056.15,"upper_bound":52196.78468899521},"point_estimate":52126.65209394454,"standard_error":32.96451021305149},"median_abs_dev":{"confidence_interval":{"confidence_level":0.95,"lower_bound":209.1783829530061,"upper_bound":375.6326379765736},"point_estimate":273.96445377006853,"standard_error":43.4461819550645},"slope":{"confidence_interval":{"confidence_level":0.95,"lower_bound":52211.481859826745,"upper_bound":52438.82153804643},"point_estimate":52309.260249508065,"standard_error":58.93557159240932},"std_dev":{"confidence_interval":{"confidence_level":0.95,"lower_bound":557.5997621594247,"upper_bound":2210.484106495212},"point_estimate":1427.4250872713485,"standard_error":460.18894325158317}}