{"mean":{"confidence_interval":{"confidence_level":0.95,"lower_bound":50900.59165064371,"upper_bound":51439.66586451258},"point_estimate":51195.55669314701,"standard_error":137.5236356207764},"median":{"confidence_interval":{"confidence_level":0.95,"lower_bound":51267.360185185185,"upper_bound":51452.90877906977},"point_estimate":51377.04447221111,"standard_error":52.64705008304096},"median_abs_dev":{"confidence_interval":{"confidence_level":0.95,"lower_bound":225.31207641258246,"upper_bound":380.91444203051253},"point_estimate":279.94026009508855,"standard_error":39.67910002162779},"slope":{"confidence_interval":{"confidence_level":0.95,"lower_bound":51489.30446190945,"upper_bound":51852.16216420506},"point_estimate":51651.94002127974,"standard_error":92.86468942248894},"std_dev":{"confidence_interval":{"confidence_level":0.95,"lower_bound":646.1375730188379,"upper_bound":2080.1556351432773},"point_estimate":1384.850785279803,"standard_error":386.1415914637149}}