{"mean":{"confidence_interval":{"confidence_level":0.95,"lower_bound":50507.79122223885,"upper_bound":51147.6954033261},"point_estimate":50832.590920348724,"standard_error":161.5295567339825},"median":{"confidence_interval":{"confidence_level":0.95,"lower_bound":50922.57075471698,"upper_bound":51065.565170454545},"point_estimate":50988.71005434783,"standard_error":35.19004002429416},"median_abs_dev":{"confidence_interval":{"confidence_level":0.95,"lower_bound":204.6459006409125,"upper_bound":372.4136915153869},"point_estimate":282.48476268759225,"standard_error":42.9050211902652},"slope":{"confidence_interval":{"confidence_level":0.95,"lower_bound":51088.7893635038,"upper_bound":51739.107325523524},"point_estimate":51316.44997679917,"standard_error":184.98161975583048},"std_dev":{"confidence_interval":{"confidence_level":0.95,"lower_bound":624.3042331254226,"upper_bound":2398.8369952640724},"point_estimate":1622.0387859099992,"standard_error":456.83367478717184}}