{"mean":{"confidence_interval":{"confidence_level":0.95,"lower_bound":52214.6643427052,"upper_bound":53203.336230023},"point_estimate":52680.44106560105,"standard_error":250.92673352948322},"median":{"confidence_interval":{"confidence_level":0.95,"lower_bound":52525.048684210524,"upper_bound":52730.39271255061},"point_estimate":52657.13348044509,"standard_error":53.67906159307033},"median_abs_dev":{"confidence_interval":{"confidence_level":0.95,"lower_bound":259.2250293159624,"upper_bound":443.5849428778456},"point_estimate":316.4124211005915,"standard_error":46.98167620920872},"slope":{"confidence_interval":{"confidence_level":0.95,"lower_bound":52799.87152251511,"upper_bound":53442.5269479352},"point_estimate":53069.31166123525,"standard_error":165.73223319111872},"std_dev":{"confidence_interval":{"confidence_level":0.95,"lower_bound":1156.9759891601557,"upper_bound":3698.44927167123},"point_estimate":2535.6033781681535,"standard_error":657.658736494539}}