{"mean":{"confidence_interval":{"confidence_level":0.95,"lower_bound":85086.68014592733,"upper_bound":86551.16386628812},"point_estimate":85917.28198280241,"standard_error":376.2788644596468},"median":{"confidence_interval":{"confidence_level":0.95,"lower_bound":86433.69144144144,"upper_bound":86640.08572351422},"point_estimate":86549.47875816993,"standard_error":47.47267560431173},"median_abs_dev":{"confidence_interval":{"confidence_level":0.95,"lower_bound":334.85765553091744,"upper_bound":624.1123782424172},"point_estimate":465.22004387016574,"standard_error":70.9753977197269},"slope":{"confidence_interval":{"confidence_level":0.95,"lower_bound":86832.01206544717,"upper_bound":87423.23487418184},"point_estimate":87106.78656938081,"standard_error":151.9519573248636},"std_dev":{"confidence_interval":{"confidence_level":0.95,"lower_bound":1627.0917611906716,"upper_bound":5789.459714210948},"point_estimate":3782.8678748949014,"standard_error":1160.4028974556804}}