{"mean":{"confidence_interval":{"confidence_level":0.95,"lower_bound":51044.73519131706,"upper_bound":51603.21910250009},"point_estimate":51354.44083766766,"standard_error":142.7570581908024},"median":{"confidence_interval":{"confidence_level":0.95,"lower_bound":51458.10857142857,"upper_bound":51599.39904364458},"point_estimate":51532.122482567676,"standard_error":35.6875249678406},"median_abs_dev":{"confidence_interval":{"confidence_level":0.95,"lower_bound":255.02610488135753,"upper_bound":433.35684786518544},"point_estimate":356.07722473099886,"standard_error":46.28345569521154},"slope":{"confidence_interval":{"confidence_level":0.95,"lower_bound":51700.03267623444,"upper_bound":51949.60687453654},"point_estimate":51814.501186197725,"standard_error":63.688824158185426},"std_dev":{"confidence_interval":{"confidence_level":0.95,"lower_bound":639.8799106998811,"upper_bound":2168.7720810093997},"point_estimate":1425.9316500716818,"standard_error":419.4954695514427}}