{"mean":{"confidence_interval":{"confidence_level":0.95,"lower_bound":51523.110577590705,"upper_bound":52119.25058902579},"point_estimate":51851.393898647744,"standard_error":152.26299167044095},"median":{"confidence_interval":{"confidence_level":0.95,"lower_bound":51970.22941194274,"upper_bound":52094.73595586905},"point_estimate":52046.10565476191,"standard_error":28.7143231909135},"median_abs_dev":{"confidence_interval":{"confidence_level":0.95,"lower_bound":213.59881346495055,"upper_bound":363.1001723448783},"point_estimate":278.96043581501016,"standard_error":37.8030517737315},"slope":{"confidence_interval":{"confidence_level":0.95,"lower_bound":52152.94278719299,"upper_bound":52562.19265063086},"point_estimate":52331.127868370495,"standard_error":105.54434265147958},"std_dev":{"confidence_interval":{"confidence_level":0.95,"lower_bound":711.6284389189813,"upper_bound":2295.1367458539985},"point_estimate":1531.7384455044373,"standard_error":430.3451307530948}}