{"mean":{"confidence_interval":{"confidence_level":0.95,"lower_bound":85237.011846122,"upper_bound":86661.88232637316},"point_estimate":86051.22068448593,"standard_error":367.78376479440703},"median":{"confidence_interval":{"confidence_level":0.95,"lower_bound":86709.28787878787,"upper_bound":86969.81666666667},"point_estimate":86852.16800451322,"standard_error":58.184716341381744},"median_abs_dev":{"confidence_interval":{"confidence_level":0.95,"lower_bound":310.9778914579219,"upper_bound":623.2858818407626},"point_estimate":465.4638779853161,"standard_error":86.7096861784054},"slope":{"confidence_interval":{"confidence_level":0.95,"lower_bound":87059.19389240791,"upper_bound":87528.85809734582},"point_estimate":87261.75110314763,"standard_error":122.11548092297346},"std_dev":{"confidence_interval":{"confidence_level":0.95,"lower_bound":1428.3765941216989,"upper_bound":5740.132691735765},"point_estimate":3709.0026450307682,"standard_error":1201.2892218577638}}