{"mean":{"confidence_interval":{"confidence_level":0.95,"lower_bound":49915.942168214046,"upper_bound":50661.63724655045},"point_estimate":50315.70822884637,"standard_error":190.28059813750124},"median":{"confidence_interval":{"confidence_level":0.95,"lower_bound":50362.200951086954,"upper_bound":51270.70647058824},"point_estimate":50790.39456018519,"standard_error":214.20123480367133},"median_abs_dev":{"confidence_interval":{"confidence_level":0.95,"lower_bound":628.1446621815433,"upper_bound":1639.2142088495016},"point_estimate":1175.9952170721265,"standard_error":250.0909073324534},"slope":{"confidence_interval":{"confidence_level":0.95,"lower_bound":50596.65256294518,"upper_bound":51029.481805676885},"point_estimate":50816.55448440964,"standard_error":110.09849827471999},"std_dev":{"confidence_interval":{"confidence_level":0.95,"lower_bound":1184.0663120961478,"upper_bound":2691.6714080585457},"point_estimate":1914.2066556951368,"standard_error":412.5096047564317}}