{"mean":{"confidence_interval":{"confidence_level":0.95,"lower_bound":85526.86150103487,"upper_bound":86903.61494647413},"point_estimate":86323.80337089414,"standard_error":357.0524095500707},"median":{"confidence_interval":{"confidence_level":0.95,"lower_bound":86938.9663095238,"upper_bound":87191.62918954474},"point_estimate":87116.13675930898,"standard_error":59.917057827542465},"median_abs_dev":{"confidence_interval":{"confidence_level":0.95,"lower_bound":317.6064733081333,"upper_bound":591.7542336512392},"point_estimate":409.43690794792286,"standard_error":67.3164766207998},"slope":{"confidence_interval":{"confidence_level":0.95,"lower_bound":87195.38992094212,"upper_bound":87373.56113666465},"point_estimate":87280.96271883158,"standard_error":45.25222305752472},"std_dev":{"confidence_interval":{"confidence_level":0.95,"lower_bound":1212.5578840665612,"upper_bound":5636.152774098712},"point_estimate":3589.2483833365936,"standard_error":1241.3471211278038}}