{"mean":{"confidence_interval":{"confidence_level":0.95,"lower_bound":51004.93541283154,"upper_bound":51570.05064828253},"point_estimate":51311.00480193669,"standard_error":144.36289001303328},"median":{"confidence_interval":{"confidence_level":0.95,"lower_bound":51424.24403445513,"upper_bound":51556.430147058825},"point_estimate":51479.12114950316,"standard_error":37.12698339933973},"median_abs_dev":{"confidence_interval":{"confidence_level":0.95,"lower_bound":195.7141419939114,"upper_bound":336.7297392178553},"point_estimate":266.44972273612495,"standard_error":34.019194717035205},"slope":{"confidence_interval":{"confidence_level":0.95,"lower_bound":51556.2061701955,"upper_bound":51927.28630642224},"point_estimate":51701.60951839811,"standard_error":99.52788658682282},"std_dev":{"confidence_interval":{"confidence_level":0.95,"lower_bound":744.0273609224371,"upper_bound":2110.6118246714623},"point_estimate":1447.2879647247757,"standard_error":363.93770037114757}}