{"mean":{"confidence_interval":{"confidence_level":0.95,"lower_bound":48734.53183404715,"upper_bound":49365.97762600849},"point_estimate":49053.65893705748,"standard_error":160.1417703380994},"median":{"confidence_interval":{"confidence_level":0.95,"lower_bound":48937.27652464495,"upper_bound":49016.18121693122},"point_estimate":48990.53615600086,"standard_error":17.872751470516462},"median_abs_dev":{"confidence_interval":{"confidence_level":0.95,"lower_bound":164.69606405584693,"upper_bound":301.6009276386045},"point_estimate":216.5904054653277,"standard_error":40.389590348042695},"slope":{"confidence_interval":{"confidence_level":0.95,"lower_bound":49132.21969293606,"upper_bound":49760.51603255266},"point_estimate":49386.8045557221,"standard_error":165.1003055112629},"std_dev":{"confidence_interval":{"confidence_level":0.95,"lower_bound":975.1688950538555,"upper_bound":2166.9255013702705},"point_estimate":1609.0046264352486,"standard_error":305.2414986341541}}