{"mean":{"confidence_interval":{"confidence_level":0.95,"lower_bound":50590.23067342762,"upper_bound":51051.00536346436},"point_estimate":50860.0420237954,"standard_error":119.77729402870109},"median":{"confidence_interval":{"confidence_level":0.95,"lower_bound":51045.194444444445,"upper_bound":51154.61204819277},"point_estimate":51094.317537760726,"standard_error":24.972296999945325},"median_abs_dev":{"confidence_interval":{"confidence_level":0.95,"lower_bound":157.03667212773863,"upper_bound":284.1439260743774},"point_estimate":210.4306318015777,"standard_error":33.09065958179091},"slope":{"confidence_interval":{"confidence_level":0.95,"lower_bound":51149.86617306713,"upper_bound":51245.33731476327},"point_estimate":51194.62054721442,"standard_error":24.35695450735179},"std_dev":{"confidence_interval":{"confidence_level":0.95,"lower_bound":396.7352344623965,"upper_bound":1909.4669246629937},"point_estimate":1199.8946690836733,"standard_error":440.84978182567306}}