{"mean":{"confidence_interval":{"confidence_level":0.95,"lower_bound":53044.21676244108,"upper_bound":53888.973642657555},"point_estimate":53490.25420881954,"standard_error":215.29315742216062},"median":{"confidence_interval":{"confidence_level":0.95,"lower_bound":53006.21665669857,"upper_bound":54236.621264367815},"point_estimate":53566.86224980962,"standard_error":294.0923718228436},"median_abs_dev":{"confidence_interval":{"confidence_level":0.95,"lower_bound":1443.9310411713209,"upper_bound":2302.5677593786972},"point_estimate":1859.8210611299685,"standard_error":215.98456081399382},"slope":{"confidence_interval":{"confidence_level":0.95,"lower_bound":53325.8941979049,"upper_bound":54052.90286866954},"point_estimate":53674.972745444225,"standard_error":185.63563622854636},"std_dev":{"confidence_interval":{"confidence_level":0.95,"lower_bound":1538.354432085745,"upper_bound":2856.97882765304},"point_estimate":2161.160124514833,"standard_error":354.34505749852894}}