{"mean":{"confidence_interval":{"confidence_level":0.95,"lower_bound":77326.25506994264,"upper_bound":78502.47821274199},"point_estimate":77998.05852521604,"standard_error":303.2041899931699},"median":{"confidence_interval":{"confidence_level":0.95,"lower_bound":78567.34578119483,"upper_bound":78733.86866791744},"point_estimate":78651.76214554676,"standard_error":44.553199963259466},"median_abs_dev":{"confidence_interval":{"confidence_level":0.95,"lower_bound":232.4164266072881,"upper_bound":462.04455708749254},"point_estimate":366.24662026829355,"standard_error":63.66800140116533},"slope":{"confidence_interval":{"confidence_level":0.95,"lower_bound":78799.36334537633,"upper_bound":79199.14635616889},"point_estimate":78981.8279762649,"standard_error":103.05868284627344},"std_dev":{"confidence_interval":{"confidence_level":0.95,"lower_bound":1207.1655063064636,"upper_bound":4692.306108061697},"point_estimate":3038.9485808241493,"standard_error":967.3023096608853}}