{"mean":{"confidence_interval":{"confidence_level":0.95,"lower_bound":85712.58025976826,"upper_bound":87098.56141808903},"point_estimate":86506.71844540289,"standard_error":358.36146014958825},"median":{"confidence_interval":{"confidence_level":0.95,"lower_bound":87256.33159722222,"upper_bound":87456.35519125684},"point_estimate":87351.8777364538,"standard_error":48.15427545760737},"median_abs_dev":{"confidence_interval":{"confidence_level":0.95,"lower_bound":300.161364904321,"upper_bound":558.5351452122246},"point_estimate":421.5634072086207,"standard_error":69.00080691297796},"slope":{"confidence_interval":{"confidence_level":0.95,"lower_bound":87479.29940914914,"upper_bound":87668.32519037803},"point_estimate":87565.63360080784,"standard_error":48.545508765851864},"std_dev":{"confidence_interval":{"confidence_level":0.95,"lower_bound":1298.2308176238123,"upper_bound":5622.549015106725},"point_estimate":3608.5027204799862,"standard_error":1205.7642574993768}}