{"mean":{"confidence_interval":{"confidence_level":0.95,"lower_bound":50686.61732915523,"upper_bound":51309.24813868661},"point_estimate":51006.843656484445,"standard_error":157.86342507909055},"median":{"confidence_interval":{"confidence_level":0.95,"lower_bound":51092.184166666666,"upper_bound":51206.28072289157},"point_estimate":51140.05763157895,"standard_error":27.54172707979939},"median_abs_dev":{"confidence_interval":{"confidence_level":0.95,"lower_bound":206.24365198617193,"upper_bound":429.39019143338624},"point_estimate":281.0123380201817,"standard_error":58.94436603898554},"slope":{"confidence_interval":{"confidence_level":0.95,"lower_bound":51255.482999823544,"upper_bound":51565.60462498372},"point_estimate":51382.97197576474,"standard_error":81.35676867672342},"std_dev":{"confidence_interval":{"confidence_level":0.95,"lower_bound":708.2563734050726,"upper_bound":2300.086392437024},"point_estimate":1589.0482231744345,"standard_error":406.1373276672557}}