{"mean":{"confidence_interval":{"confidence_level":0.95,"lower_bound":50926.324191801956,"upper_bound":51540.87283173949},"point_estimate":51258.506625483074,"standard_error":156.63718473293153},"median":{"confidence_interval":{"confidence_level":0.95,"lower_bound":51279.143724696354,"upper_bound":51422.08765479876},"point_estimate":51355.1173662719,"standard_error":38.455032664283685},"median_abs_dev":{"confidence_interval":{"confidence_level":0.95,"lower_bound":214.24973137937155,"upper_bound":368.06482027905315},"point_estimate":295.2101789694955,"standard_error":40.60548756032886},"slope":{"confidence_interval":{"confidence_level":0.95,"lower_bound":51494.79299399331,"upper_bound":51917.602107451276},"point_estimate":51680.437557496516,"standard_error":109.48052801293917},"std_dev":{"confidence_interval":{"confidence_level":0.95,"lower_bound":841.7509939189995,"upper_bound":2305.0502768740675},"point_estimate":1580.8476105769685,"standard_error":395.70701870672127}}