{"mean":{"confidence_interval":{"confidence_level":0.95,"lower_bound":77723.48020772802,"upper_bound":78920.35345889567},"point_estimate":78401.24879318695,"standard_error":309.79346941538887},"median":{"confidence_interval":{"confidence_level":0.95,"lower_bound":78995.42145038507,"upper_bound":79156.65734265734},"point_estimate":79102.07596816975,"standard_error":38.53959125244576},"median_abs_dev":{"confidence_interval":{"confidence_level":0.95,"lower_bound":226.87953069973543,"upper_bound":510.06260225743944},"point_estimate":334.43382125186656,"standard_error":77.0481604011669},"slope":{"confidence_interval":{"confidence_level":0.95,"lower_bound":79224.57464603189,"upper_bound":79561.53238174463},"point_estimate":79378.86165736435,"standard_error":86.35497501740953},"std_dev":{"confidence_interval":{"confidence_level":0.95,"lower_bound":1292.183251096186,"upper_bound":4764.986343409694},"point_estimate":3107.5227784376907,"standard_error":955.5821392602387}}