{"mean":{"confidence_interval":{"confidence_level":0.95,"lower_bound":48427.49487273714,"upper_bound":48727.672093595334},"point_estimate":48563.33452198007,"standard_error":77.20318513202427},"median":{"confidence_interval":{"confidence_level":0.95,"lower_bound":48402.502645502645,"upper_bound":48479.347926267284},"point_estimate":48440.21787698413,"standard_error":17.442777994334126},"median_abs_dev":{"confidence_interval":{"confidence_level":0.95,"lower_bound":163.58452978312994,"upper_bound":323.60102590585524},"point_estimate":216.1273273773927,"standard_error":39.71563758922282},"slope":{"confidence_interval":{"confidence_level":0.95,"lower_bound":48511.68538720545,"upper_bound":48844.94485675264},"point_estimate":48658.94970705173,"standard_error":85.80665637889943},"std_dev":{"confidence_interval":{"confidence_level":0.95,"lower_bound":392.45093199218957,"upper_bound":1109.6504671915395},"point_estimate":774.6481783446151,"standard_error":185.99409687253495}}