{"mean":{"confidence_interval":{"confidence_level":0.95,"lower_bound":93446.97929033288,"upper_bound":95874.26394596032},"point_estimate":94755.45474827355,"standard_error":620.1888881176806},"median":{"confidence_interval":{"confidence_level":0.95,"lower_bound":95056.01136363637,"upper_bound":96315.59090909091},"point_estimate":95654.74192086983,"standard_error":321.7024653071063},"median_abs_dev":{"confidence_interval":{"confidence_level":0.95,"lower_bound":2361.8774483277525,"upper_bound":4272.168232207345},"point_estimate":3183.356173849363,"standard_error":487.1480092353436},"slope":{"confidence_interval":{"confidence_level":0.95,"lower_bound":96064.61284540086,"upper_bound":97814.72996933178},"point_estimate":96876.16525652565,"standard_error":448.18465267166727},"std_dev":{"confidence_interval":{"confidence_level":0.95,"lower_bound":3807.4528523610466,"upper_bound":8832.025791750055},"point_estimate":6230.697250577882,"standard_error":1388.1914360103474}}