{"mean":{"confidence_interval":{"confidence_level":0.95,"lower_bound":48502.67126137793,"upper_bound":49010.87179564457},"point_estimate":48764.273851051,"standard_error":128.7310182627751},"median":{"confidence_interval":{"confidence_level":0.95,"lower_bound":48691.25892857143,"upper_bound":48806.09088323646},"point_estimate":48756.01079365079,"standard_error":26.161709972130677},"median_abs_dev":{"confidence_interval":{"confidence_level":0.95,"lower_bound":192.12155902505881,"upper_bound":330.22091919071215},"point_estimate":243.82968353595982,"standard_error":34.66300475401639},"slope":{"confidence_interval":{"confidence_level":0.95,"lower_bound":48905.65128394986,"upper_bound":49229.68664460027},"point_estimate":49051.536494190994,"standard_error":83.23853182295024},"std_dev":{"confidence_interval":{"confidence_level":0.95,"lower_bound":787.6540696913377,"upper_bound":1759.6090196743144},"point_estimate":1293.0916948509287,"standard_error":250.4359265089684}}