{"mean":{"confidence_interval":{"confidence_level":0.95,"lower_bound":-0.25578595252691844,"upper_bound":-0.22754105573688554},"point_estimate":-0.24093380702346467,"standard_error":0.007039557183111371},"median":{"confidence_interval":{"confidence_level":0.95,"lower_bound":-0.27092718905919266,"upper_bound":-0.232703980553855},"point_estimate":-0.2446176072601639,"standard_error":0.010397438023178772}}