{"mean":{"confidence_interval":{"confidence_level":0.95,"lower_bound":-0.23930099356523815,"upper_bound":-0.22971088486514502},"point_estimate":-0.23466727741569282,"standard_error":0.002458745960374495},"median":{"confidence_interval":{"confidence_level":0.95,"lower_bound":-0.24456166848918448,"upper_bound":-0.2360950087986995},"point_estimate":-0.24170537618398724,"standard_error":0.0021597175691157643}}