{"mean":{"confidence_interval":{"confidence_level":0.95,"lower_bound":0.005713822357624871,"upper_bound":0.007965017300268279},"point_estimate":0.006793166042568188,"standard_error":0.0005718987974931393},"median":{"confidence_interval":{"confidence_level":0.95,"lower_bound":0.005982402979100465,"upper_bound":0.008143776253001445},"point_estimate":0.006992682265415828,"standard_error":0.0005094141895763095}}