{"mean":{"confidence_interval":{"confidence_level":0.95,"lower_bound":0.46325361769717754,"upper_bound":0.5984422545542126},"point_estimate":0.5248584353743935,"standard_error":0.034296786548888944},"median":{"confidence_interval":{"confidence_level":0.95,"lower_bound":0.43168219522025586,"upper_bound":0.454827976198962},"point_estimate":0.4442177016904272,"standard_error":0.007299549847148433}}