{"mean":{"confidence_interval":{"confidence_level":0.95,"lower_bound":0.01886854058419063,"upper_bound":0.019656708943728812},"point_estimate":0.019264327636747014,"standard_error":0.00019963717525439226},"median":{"confidence_interval":{"confidence_level":0.95,"lower_bound":0.019034946065995317,"upper_bound":0.019497709649225703},"point_estimate":0.01932755996143043,"standard_error":0.0001219177580207918}}