{"mean":{"confidence_interval":{"confidence_level":0.95,"lower_bound":-0.049938718677204216,"upper_bound":-0.03797259077516669},"point_estimate":-0.04378932051360318,"standard_error":0.0030576475817000025},"median":{"confidence_interval":{"confidence_level":0.95,"lower_bound":-0.048994822382744885,"upper_bound":-0.03177745699649315},"point_estimate":-0.03749153065609112,"standard_error":0.004052050978376093}}