{"mean":{"confidence_interval":{"confidence_level":0.95,"lower_bound":0.11944406356063887,"upper_bound":0.17675479774348435},"point_estimate":0.14862247739652545,"standard_error":0.014633066384708161},"median":{"confidence_interval":{"confidence_level":0.95,"lower_bound":0.16154890161807903,"upper_bound":0.22667096375117213},"point_estimate":0.1886889067434634,"standard_error":0.017410436478319524}}