{"mean":{"confidence_interval":{"confidence_level":0.95,"lower_bound":0.6001203183470416,"upper_bound":0.6095013753316605},"point_estimate":0.6048771584634445,"standard_error":0.002387815157331407},"median":{"confidence_interval":{"confidence_level":0.95,"lower_bound":0.6019852085179029,"upper_bound":0.6108663911545482},"point_estimate":0.6060868417460026,"standard_error":0.00256634920205414}}