{"mean":{"confidence_interval":{"confidence_level":0.95,"lower_bound":0.039779185629554535,"upper_bound":0.07697613464388918},"point_estimate":0.06005094770391661,"standard_error":0.0095515651352939},"median":{"confidence_interval":{"confidence_level":0.95,"lower_bound":0.058565720642078656,"upper_bound":0.0878593618887562},"point_estimate":0.07104826399550479,"standard_error":0.007035212086324447}}