{"mean":{"confidence_interval":{"confidence_level":0.95,"lower_bound":-0.16301981552847655,"upper_bound":-0.12476100614312668},"point_estimate":-0.14116407047675916,"standard_error":0.009896102313301078},"median":{"confidence_interval":{"confidence_level":0.95,"lower_bound":-0.12821127501737373,"upper_bound":-0.10891408832350435},"point_estimate":-0.11926759594773328,"standard_error":0.004545823464401558}}