{"mean":{"confidence_interval":{"confidence_level":0.95,"lower_bound":-0.0016848372699080933,"upper_bound":0.0012917715142838626},"point_estimate":-0.00018708087549301755,"standard_error":0.0007638267808091267},"median":{"confidence_interval":{"confidence_level":0.95,"lower_bound":-0.0016045825203352404,"upper_bound":0.0007647192164188521},"point_estimate":-0.00044054325915521275,"standard_error":0.0006032454469539637}}