{"mean":{"confidence_interval":{"confidence_level":0.95,"lower_bound":-0.015909422073246058,"upper_bound":-0.008563691589647008},"point_estimate":-0.012341657367315628,"standard_error":0.0018318295820500443},"median":{"confidence_interval":{"confidence_level":0.95,"lower_bound":-0.005721342879027591,"upper_bound":-0.0006729633088266018},"point_estimate":-0.002563263665033455,"standard_error":0.001258822104885167}}