{"mean":{"confidence_interval":{"confidence_level":0.95,"lower_bound":-0.0016712570838416621,"upper_bound":0.0017183619350390864},"point_estimate":-0.000023975310829316143,"standard_error":0.0008534259898707705},"median":{"confidence_interval":{"confidence_level":0.95,"lower_bound":-0.001260714937992069,"upper_bound":0.00015180530694314243},"point_estimate":-0.0005704146977271174,"standard_error":0.0003703903978101354}}