{"mean":{"confidence_interval":{"confidence_level":0.95,"lower_bound":0.5142631415316011,"upper_bound":0.5881022543464197},"point_estimate":0.5501536669600942,"standard_error":0.020536172517889494},"median":{"confidence_interval":{"confidence_level":0.95,"lower_bound":0.4602852122563237,"upper_bound":0.5382036464136002},"point_estimate":0.4833932148139397,"standard_error":0.021221456116649984}}