{"mean":{"confidence_interval":{"confidence_level":0.95,"lower_bound":-0.1391956184023272,"upper_bound":-0.1295771653659707},"point_estimate":-0.1345886160868387,"standard_error":0.00245583496570019},"median":{"confidence_interval":{"confidence_level":0.95,"lower_bound":-0.14675118532740017,"upper_bound":-0.13466453018490376},"point_estimate":-0.13873571674334262,"standard_error":0.0027680437763996967}}