{"mean":{"confidence_interval":{"confidence_level":0.95,"lower_bound":0.05230234408605426,"upper_bound":0.0696590470545395},"point_estimate":0.06202009364559191,"standard_error":0.004622817626952822},"median":{"confidence_interval":{"confidence_level":0.95,"lower_bound":0.046130659812135155,"upper_bound":0.06964623180615725},"point_estimate":0.05371862467110766,"standard_error":0.005167068290711938}}