{"mean":{"confidence_interval":{"confidence_level":0.95,"lower_bound":-0.0028680243239751543,"upper_bound":0.001747861357766749},"point_estimate":-0.0005631429523884623,"standard_error":0.0011776403524263017},"median":{"confidence_interval":{"confidence_level":0.95,"lower_bound":-0.003145344837555797,"upper_bound":-0.0005350016512136735},"point_estimate":-0.0015621232746394487,"standard_error":0.0006748886872104225}}