{"mean":{"confidence_interval":{"confidence_level":0.95,"lower_bound":0.13505246602666127,"upper_bound":0.1448554150214205},"point_estimate":0.14034716450700468,"standard_error":0.002512249498673995},"median":{"confidence_interval":{"confidence_level":0.95,"lower_bound":0.12814815815628955,"upper_bound":0.13692099894403853},"point_estimate":0.1321991038039969,"standard_error":0.0026343391287394005}}