{"mean":{"confidence_interval":{"confidence_level":0.95,"lower_bound":-0.1679113449884463,"upper_bound":-0.16509692339952103},"point_estimate":-0.16633261498669383,"standard_error":0.0007241563267680759},"median":{"confidence_interval":{"confidence_level":0.95,"lower_bound":-0.16641404959780126,"upper_bound":-0.16517073520618453},"point_estimate":-0.1656950069660651,"standard_error":0.00029935769850595836}}