{"mean":{"confidence_interval":{"confidence_level":0.95,"lower_bound":0.0050455926608710955,"upper_bound":0.006405816264812908},"point_estimate":0.005692838625747321,"standard_error":0.0003475524465405121},"median":{"confidence_interval":{"confidence_level":0.95,"lower_bound":0.005033398106838782,"upper_bound":0.006058302987369757},"point_estimate":0.005415356232499002,"standard_error":0.00026078692569150733}}