{"mean":{"confidence_interval":{"confidence_level":0.95,"lower_bound":-0.15968169125863985,"upper_bound":-0.15523103073191502},"point_estimate":-0.15741526825602392,"standard_error":0.001120437823267299},"median":{"confidence_interval":{"confidence_level":0.95,"lower_bound":-0.1568571748841701,"upper_bound":-0.15285202477207982},"point_estimate":-0.15450242693333427,"standard_error":0.001076422291545306}}