{"mean":{"confidence_interval":{"confidence_level":0.95,"lower_bound":0.0967631779023964,"upper_bound":0.12597688043987604},"point_estimate":0.11011700507619948,"standard_error":0.006728031178465322},"median":{"confidence_interval":{"confidence_level":0.95,"lower_bound":0.0816231003145817,"upper_bound":0.11376265494018356},"point_estimate":0.10194370348747106,"standard_error":0.008182458173515995}}