{"mean":{"confidence_interval":{"confidence_level":0.95,"lower_bound":0.03470270383769011,"upper_bound":0.04781554253113071},"point_estimate":0.04125981154894531,"standard_error":0.0033406418315698413},"median":{"confidence_interval":{"confidence_level":0.95,"lower_bound":0.02976328774589443,"upper_bound":0.05574509377363923},"point_estimate":0.04768064816082851,"standard_error":0.00813698897562937}}