{"mean":{"confidence_interval":{"confidence_level":0.95,"lower_bound":0.14373545564600612,"upper_bound":0.14534280067392313},"point_estimate":0.14453780658154147,"standard_error":0.0004109599199922451},"median":{"confidence_interval":{"confidence_level":0.95,"lower_bound":0.14419869907788563,"upper_bound":0.14598710863958164},"point_estimate":0.1451984434359448,"standard_error":0.0004443037670976954}}