{"mean":{"confidence_interval":{"confidence_level":0.95,"lower_bound":0.0022130877799184604,"upper_bound":0.004581454703426879},"point_estimate":0.0033287061044993127,"standard_error":0.0006042677398297503},"median":{"confidence_interval":{"confidence_level":0.95,"lower_bound":0.0016140485105545005,"upper_bound":0.003945464411838573},"point_estimate":0.0027222949270571117,"standard_error":0.0005806659323130584}}