{"mean":{"confidence_interval":{"confidence_level":0.95,"lower_bound":0.00057873471627235,"upper_bound":0.00855606751706167},"point_estimate":0.00400288737351473,"standard_error":0.0021289523914470375},"median":{"confidence_interval":{"confidence_level":0.95,"lower_bound":-0.00004260378114528951,"upper_bound":0.0026841507792922936},"point_estimate":0.0016757599269128232,"standard_error":0.0006778576868102637}}