{"mean":{"confidence_interval":{"confidence_level":0.95,"lower_bound":-0.0033756959317001447,"upper_bound":0.020672633341586498},"point_estimate":0.005907806475585087,"standard_error":0.0068087395373857785},"median":{"confidence_interval":{"confidence_level":0.95,"lower_bound":-0.0013858714019476803,"upper_bound":0.0014534622903907835},"point_estimate":-0.0004173135569635056,"standard_error":0.0007124317324091225}}