{"mean":{"confidence_interval":{"confidence_level":0.95,"lower_bound":-0.0021230920243474724,"upper_bound":0.02634506004865498},"point_estimate":0.008371697457842275,"standard_error":0.007457271390724267},"median":{"confidence_interval":{"confidence_level":0.95,"lower_bound":-0.001938613834273295,"upper_bound":0.0012377994620572114},"point_estimate":-5.672392999200859e-6,"standard_error":0.0008045766568724286}}