{"mean":{"confidence_interval":{"confidence_level":0.95,"lower_bound":0.0034013593000945365,"upper_bound":0.004569272232071908},"point_estimate":0.004001071567166781,"standard_error":0.00029659275654037736},"median":{"confidence_interval":{"confidence_level":0.95,"lower_bound":0.0031146199776936343,"upper_bound":0.004603079678617172},"point_estimate":0.003911406802944439,"standard_error":0.00038156571505994024}}