{"mean":{"confidence_interval":{"confidence_level":0.95,"lower_bound":-0.19560882345130573,"upper_bound":-0.18136505914564846},"point_estimate":-0.18835596369851704,"standard_error":0.0037548910626368144},"median":{"confidence_interval":{"confidence_level":0.95,"lower_bound":-0.19656314132749686,"upper_bound":-0.1806709662583048},"point_estimate":-0.19177931690768268,"standard_error":0.004071059660004032}}