{"mean":{"confidence_interval":{"confidence_level":0.95,"lower_bound":-0.08652399832353862,"upper_bound":-0.08461264839116124},"point_estimate":-0.08558710150539983,"standard_error":0.0004924353316506252},"median":{"confidence_interval":{"confidence_level":0.95,"lower_bound":-0.08609401430102603,"upper_bound":-0.08493620327732154},"point_estimate":-0.08544987847160523,"standard_error":0.00028327002247636817}}