{"mean":{"confidence_interval":{"confidence_level":0.95,"lower_bound":-0.0012660039757736745,"upper_bound":0.0008988680839181579},"point_estimate":-0.00016210782105741117,"standard_error":0.0005528101897770853},"median":{"confidence_interval":{"confidence_level":0.95,"lower_bound":-0.0012524250396011016,"upper_bound":0.001075786755771484},"point_estimate":-0.0002149105173442356,"standard_error":0.0005968041540414184}}