{"mean":{"confidence_interval":{"confidence_level":0.95,"lower_bound":-0.0007206919099609882,"upper_bound":0.0017627551885878883},"point_estimate":0.0005362012546721306,"standard_error":0.000632351951733188},"median":{"confidence_interval":{"confidence_level":0.95,"lower_bound":-0.00003986551555912321,"upper_bound":0.0025517942215080858},"point_estimate":0.0010658946135631009,"standard_error":0.0006929207004850758}}