{"mean":{"confidence_interval":{"confidence_level":0.95,"lower_bound":-0.0007961230998320828,"upper_bound":0.0020869872032397143},"point_estimate":0.0006148009943252042,"standard_error":0.000726667718377379},"median":{"confidence_interval":{"confidence_level":0.95,"lower_bound":-0.0007973739330616736,"upper_bound":0.0019248605401278596},"point_estimate":0.00041141023098401064,"standard_error":0.0006957190530757722}}