{"mean":{"confidence_interval":{"confidence_level":0.95,"lower_bound":-0.008019916929151468,"upper_bound":-0.000511419694047221},"point_estimate":-0.0040146705361115975,"standard_error":0.0019155738460262478},"median":{"confidence_interval":{"confidence_level":0.95,"lower_bound":-0.0011433456629978966,"upper_bound":0.0005111735809100182},"point_estimate":-0.00019768610477011173,"standard_error":0.00044423514430151303}}