{"mean":{"confidence_interval":{"confidence_level":0.95,"lower_bound":-0.21398190085002264,"upper_bound":-0.21256442916934604},"point_estimate":-0.2132715386178904,"standard_error":0.00036582960166452075},"median":{"confidence_interval":{"confidence_level":0.95,"lower_bound":-0.21407874592311182,"upper_bound":-0.21294694707256334},"point_estimate":-0.21358724593762646,"standard_error":0.00029319024083235523}}