{"mean":{"confidence_interval":{"confidence_level":0.95,"lower_bound":-0.002084937926205571,"upper_bound":0.0012987647297675535},"point_estimate":-0.00040229535688429685,"standard_error":0.0008619526165939412},"median":{"confidence_interval":{"confidence_level":0.95,"lower_bound":-0.001656884748757026,"upper_bound":0.0008317566254492093},"point_estimate":-0.0005310840651738813,"standard_error":0.0006353207289251781}}