{"mean":{"confidence_interval":{"confidence_level":0.95,"lower_bound":0.2583814050082258,"upper_bound":0.2615911876300685},"point_estimate":0.2599202093353574,"standard_error":0.0008194077681325944},"median":{"confidence_interval":{"confidence_level":0.95,"lower_bound":0.2578205908905067,"upper_bound":0.2600783324566056},"point_estimate":0.2587001847126036,"standard_error":0.0005912186798024765}}