{"mean":{"confidence_interval":{"confidence_level":0.95,"lower_bound":-0.0036249500207819942,"upper_bound":0.00008412060400208485},"point_estimate":-0.00158566842928487,"standard_error":0.0009497348313257152},"median":{"confidence_interval":{"confidence_level":0.95,"lower_bound":-0.0015136636561826728,"upper_bound":0.001417174735212523},"point_estimate":0.00038207321520755677,"standard_error":0.0007173012653642136}}