{"mean":{"confidence_interval":{"confidence_level":0.95,"lower_bound":-0.0008496387107971874,"upper_bound":0.003994457808436309},"point_estimate":0.0015765610338680514,"standard_error":0.0012271622018318804},"median":{"confidence_interval":{"confidence_level":0.95,"lower_bound":-0.0004515927292462196,"upper_bound":0.0016940811668975098},"point_estimate":0.000531375549267521,"standard_error":0.0005545777411808181}}