{"mean":{"confidence_interval":{"confidence_level":0.95,"lower_bound":-0.00003720674789322306,"upper_bound":0.005975363511692283},"point_estimate":0.0023676050023129225,"standard_error":0.0014884939491685357},"median":{"confidence_interval":{"confidence_level":0.95,"lower_bound":-0.0005566023100073147,"upper_bound":0.0008404448218641836},"point_estimate":0.0004005698289957227,"standard_error":0.0003652907749691941}}