{"mean":{"confidence_interval":{"confidence_level":0.95,"lower_bound":0.3721851489655941,"upper_bound":0.3742759384266093},"point_estimate":0.3732518047633038,"standard_error":0.0005317876993967712},"median":{"confidence_interval":{"confidence_level":0.95,"lower_bound":0.37276461471350153,"upper_bound":0.37525194015364316},"point_estimate":0.3742765911140755,"standard_error":0.000635430071887323}}