{"mean":{"confidence_interval":{"confidence_level":0.95,"lower_bound":-0.00027787428857377057,"upper_bound":0.0026702035659133317},"point_estimate":0.0010776600445896456,"standard_error":0.0007512725251318063},"median":{"confidence_interval":{"confidence_level":0.95,"lower_bound":-0.0005238067781800915,"upper_bound":0.00123345292828958},"point_estimate":0.00022479622672633148,"standard_error":0.00044439492537323087}}