{"mean":{"confidence_interval":{"confidence_level":0.95,"lower_bound":-0.03586217340144656,"upper_bound":-0.003577944578194101},"point_estimate":-0.017559788541025245,"standard_error":0.008344463681528622},"median":{"confidence_interval":{"confidence_level":0.95,"lower_bound":-0.0008761130237682428,"upper_bound":0.0013613254673757566},"point_estimate":0.0004803961314148175,"standard_error":0.000565030096381535}}