{"mean":{"confidence_interval":{"confidence_level":0.95,"lower_bound":0.02391422667942126,"upper_bound":0.03923568267373496},"point_estimate":0.031290073799916884,"standard_error":0.003882610549126087},"median":{"confidence_interval":{"confidence_level":0.95,"lower_bound":0.012589140356183904,"upper_bound":0.02532433603345874},"point_estimate":0.017978586863699686,"standard_error":0.0031001050385125}}