{"mean":{"confidence_interval":{"confidence_level":0.95,"lower_bound":0.3167435645275995,"upper_bound":0.3198190382245878},"point_estimate":0.31821218636759485,"standard_error":0.0007818802870970659},"median":{"confidence_interval":{"confidence_level":0.95,"lower_bound":0.31730198901551576,"upper_bound":0.3205796034254614},"point_estimate":0.3186603015639091,"standard_error":0.0009199050271392322}}