{"mean":{"confidence_interval":{"confidence_level":0.95,"lower_bound":-0.008985822730767961,"upper_bound":-0.0007383143542888366},"point_estimate":-0.0044905005498731,"standard_error":0.0021247213784163113},"median":{"confidence_interval":{"confidence_level":0.95,"lower_bound":-0.002493517169578685,"upper_bound":-0.00008480839108040996},"point_estimate":-0.0015959848638402718,"standard_error":0.000627241515246482}}