{"mean":{"confidence_interval":{"confidence_level":0.95,"lower_bound":0.079406264355284,"upper_bound":0.10836264314333946},"point_estimate":0.09345699857884338,"standard_error":0.007380926018871314},"median":{"confidence_interval":{"confidence_level":0.95,"lower_bound":0.07706291691339184,"upper_bound":0.10930321581214675},"point_estimate":0.09030958712661774,"standard_error":0.008167939288904134}}