{"mean":{"confidence_interval":{"confidence_level":0.95,"lower_bound":-0.24178044727949333,"upper_bound":-0.23986596707388566},"point_estimate":-0.2408138398925337,"standard_error":0.0004829611070878733},"median":{"confidence_interval":{"confidence_level":0.95,"lower_bound":-0.2420027557744613,"upper_bound":-0.23986848610757727},"point_estimate":-0.24104039666563482,"standard_error":0.0005295923460210992}}