{"mean":{"confidence_interval":{"confidence_level":0.95,"lower_bound":0.002435305048228753,"upper_bound":0.0056046882094154815},"point_estimate":0.004177711912976445,"standard_error":0.000807023880888125},"median":{"confidence_interval":{"confidence_level":0.95,"lower_bound":0.004357123979634281,"upper_bound":0.005966509005567167},"point_estimate":0.005226577670369048,"standard_error":0.00040717321971424884}}