{"mean":{"confidence_interval":{"confidence_level":0.95,"lower_bound":-0.0811403173335703,"upper_bound":-0.05330936764974477},"point_estimate":-0.06628414437911534,"standard_error":0.007087197355093632},"median":{"confidence_interval":{"confidence_level":0.95,"lower_bound":-0.06914919764355629,"upper_bound":-0.049331676805262736},"point_estimate":-0.06163727503033334,"standard_error":0.004991701824058323}}