{"mean":{"confidence_interval":{"confidence_level":0.95,"lower_bound":0.1782786957015602,"upper_bound":0.19283320520173444},"point_estimate":0.1850641728865865,"standard_error":0.003703130928011486},"median":{"confidence_interval":{"confidence_level":0.95,"lower_bound":0.17683487149677335,"upper_bound":0.18581273851193883},"point_estimate":0.18070598946644845,"standard_error":0.0024350414948712423}}