{"mean":{"confidence_interval":{"confidence_level":0.95,"lower_bound":0.20397123721972543,"upper_bound":0.20675703784006494},"point_estimate":0.2052678950465301,"standard_error":0.000703464066720651},"median":{"confidence_interval":{"confidence_level":0.95,"lower_bound":0.20344145781432954,"upper_bound":0.20641087357462973},"point_estimate":0.20502764996044331,"standard_error":0.0007583682713805168}}