{"mean":{"confidence_interval":{"confidence_level":0.95,"lower_bound":-0.18460938350786804,"upper_bound":-0.18175864853383933},"point_estimate":-0.18318736131741153,"standard_error":0.0007430175687248084},"median":{"confidence_interval":{"confidence_level":0.95,"lower_bound":-0.1847484486271308,"upper_bound":-0.1805910830305012},"point_estimate":-0.18280848782278492,"standard_error":0.0010443549561311666}}