{"mean":{"confidence_interval":{"confidence_level":0.95,"lower_bound":-0.2029846865010938,"upper_bound":-0.20001545022371653},"point_estimate":-0.2015848649170937,"standard_error":0.0007514285926850524},"median":{"confidence_interval":{"confidence_level":0.95,"lower_bound":-0.20325408108073129,"upper_bound":-0.2012078157288981},"point_estimate":-0.20242002149315175,"standard_error":0.0005432840747135467}}