{"mean":{"confidence_interval":{"confidence_level":0.95,"lower_bound":0.0613610182242858,"upper_bound":0.08461944057978896},"point_estimate":0.072787260528961,"standard_error":0.005957464858799064},"median":{"confidence_interval":{"confidence_level":0.95,"lower_bound":0.06257062916871314,"upper_bound":0.10300442441935198},"point_estimate":0.08190088253018213,"standard_error":0.010726190511939487}}