{"mean":{"confidence_interval":{"confidence_level":0.95,"lower_bound":0.032573733485011885,"upper_bound":0.03552649527128039},"point_estimate":0.0340714029566882,"standard_error":0.0007511188915834566},"median":{"confidence_interval":{"confidence_level":0.95,"lower_bound":0.030989981999936855,"upper_bound":0.03346308342638548},"point_estimate":0.03181618092363192,"standard_error":0.0006515133259990731}}