{"mean":{"confidence_interval":{"confidence_level":0.95,"lower_bound":-0.3299432727766099,"upper_bound":-0.3241223068007568},"point_estimate":-0.3270368244955433,"standard_error":0.0014739762578305044},"median":{"confidence_interval":{"confidence_level":0.95,"lower_bound":-0.33091808636652764,"upper_bound":-0.3228671778817457},"point_estimate":-0.32777245043602765,"standard_error":0.002179177952107492}}