{"mean":{"confidence_interval":{"confidence_level":0.95,"lower_bound":0.0017629689664497021,"upper_bound":0.0041423097908565906},"point_estimate":0.0029229327036477404,"standard_error":0.0006060128778812586},"median":{"confidence_interval":{"confidence_level":0.95,"lower_bound":0.0007299927993675848,"upper_bound":0.003314504353744141},"point_estimate":0.0014288228410583859,"standard_error":0.0006525223558483203}}