{"mean":{"confidence_interval":{"confidence_level":0.95,"lower_bound":-0.004307068516571699,"upper_bound":-0.00012425347525666958},"point_estimate":-0.00200156888951053,"standard_error":0.001079831979188684},"median":{"confidence_interval":{"confidence_level":0.95,"lower_bound":-0.00008785660395171924,"upper_bound":0.0051119492893978435},"point_estimate":0.0037771636891887894,"standard_error":0.0019576263382443697}}