{"mean":{"confidence_interval":{"confidence_level":0.95,"lower_bound":0.026644715020061965,"upper_bound":0.028904181891862318},"point_estimate":0.02782051600997759,"standard_error":0.0005786935204072278},"median":{"confidence_interval":{"confidence_level":0.95,"lower_bound":0.027086776342939878,"upper_bound":0.02845509824498919},"point_estimate":0.027684714235594488,"standard_error":0.00033082881468993137}}