{"mean":{"confidence_interval":{"confidence_level":0.95,"lower_bound":-0.017155006768669247,"upper_bound":-0.011547885828189365},"point_estimate":-0.014412804879922803,"standard_error":0.0014259610297345298},"median":{"confidence_interval":{"confidence_level":0.95,"lower_bound":-0.019705367449516273,"upper_bound":-0.006206699988513309},"point_estimate":-0.010589708797804964,"standard_error":0.0028614972565280945}}