{"mean":{"confidence_interval":{"confidence_level":0.95,"lower_bound":-0.01603730303799874,"upper_bound":-3.806040498199515e-6},"point_estimate":-0.007876877612385313,"standard_error":0.004071281845737871},"median":{"confidence_interval":{"confidence_level":0.95,"lower_bound":-0.015509156987688177,"upper_bound":0.0009238073262134057},"point_estimate":-0.010793703306344438,"standard_error":0.005391026752286046}}