{"mean":{"confidence_interval":{"confidence_level":0.95,"lower_bound":-0.0021356087057136097,"upper_bound":0.004005108537667279},"point_estimate":0.00048647792318567973,"standard_error":0.001564730922679175},"median":{"confidence_interval":{"confidence_level":0.95,"lower_bound":-0.003703861020495358,"upper_bound":0.0010248340304977355},"point_estimate":-0.0016742522543911065,"standard_error":0.0012069714593650031}}