{"mean":{"confidence_interval":{"confidence_level":0.95,"lower_bound":0.50383215067789,"upper_bound":0.5200871247856803},"point_estimate":0.511792046840033,"standard_error":0.004140401860381377},"median":{"confidence_interval":{"confidence_level":0.95,"lower_bound":0.4936189147685521,"upper_bound":0.5144765892106851},"point_estimate":0.5051425699739327,"standard_error":0.005556915334714193}}