{"mean":{"confidence_interval":{"confidence_level":0.95,"lower_bound":-0.012067226051295055,"upper_bound":0.014218186225864456},"point_estimate":-0.000931660884576524,"standard_error":0.006839490026323174},"median":{"confidence_interval":{"confidence_level":0.95,"lower_bound":-0.015056773867270112,"upper_bound":0.01043781387002074},"point_estimate":0.000810440236367338,"standard_error":0.00797376075893036}}