{"mean":{"confidence_interval":{"confidence_level":0.95,"lower_bound":-0.02499700346721062,"upper_bound":-0.008114069587220083},"point_estimate":-0.016356760811733984,"standard_error":0.004286556850525965},"median":{"confidence_interval":{"confidence_level":0.95,"lower_bound":-0.03524211707659741,"upper_bound":-0.006414890051526401},"point_estimate":-0.02143623624632318,"standard_error":0.006641541235856558}}