{"mean":{"confidence_interval":{"confidence_level":0.95,"lower_bound":0.4250809720715425,"upper_bound":0.4307899849440451},"point_estimate":0.4280892711630446,"standard_error":0.0014633824795867167},"median":{"confidence_interval":{"confidence_level":0.95,"lower_bound":0.4281985620748243,"upper_bound":0.4339719849531074},"point_estimate":0.43210588059478816,"standard_error":0.0014559359132162114}}