{"mean":{"confidence_interval":{"confidence_level":0.95,"lower_bound":-0.12445109950666142,"upper_bound":-0.10826407624831547},"point_estimate":-0.11661655259705006,"standard_error":0.004110093171839337},"median":{"confidence_interval":{"confidence_level":0.95,"lower_bound":-0.1251383016597255,"upper_bound":-0.10771491624018792},"point_estimate":-0.1117758480055081,"standard_error":0.004383365709247648}}