{"mean":{"confidence_interval":{"confidence_level":0.95,"lower_bound":-0.0027746184984663936,"upper_bound":0.021978486064364627},"point_estimate":0.009338551846758802,"standard_error":0.006332532206990983},"median":{"confidence_interval":{"confidence_level":0.95,"lower_bound":-0.013678116490466463,"upper_bound":0.023613533476461557},"point_estimate":0.0018638956666021667,"standard_error":0.009308800172024406}}