{"mean":{"confidence_interval":{"confidence_level":0.95,"lower_bound":0.04780250019878728,"upper_bound":0.06553074473209392},"point_estimate":0.05651555321272439,"standard_error":0.004467686886607074},"median":{"confidence_interval":{"confidence_level":0.95,"lower_bound":0.04262927881506916,"upper_bound":0.06215860028052922},"point_estimate":0.05812713205838116,"standard_error":0.003905737831115376}}