{"mean":{"confidence_interval":{"confidence_level":0.95,"lower_bound":-0.16507682000905521,"upper_bound":-0.15325161144417712},"point_estimate":-0.1589910003078523,"standard_error":0.0030032570426516874},"median":{"confidence_interval":{"confidence_level":0.95,"lower_bound":-0.15786061037824684,"upper_bound":-0.1490840188429261},"point_estimate":-0.15269707456620796,"standard_error":0.0023421344296767786}}