{"mean":{"confidence_interval":{"confidence_level":0.95,"lower_bound":0.19052908873126287,"upper_bound":0.20028511687655118},"point_estimate":0.19529131752993,"standard_error":0.002551375586831358},"median":{"confidence_interval":{"confidence_level":0.95,"lower_bound":0.1981695456175776,"upper_bound":0.206600908091226},"point_estimate":0.20402681129651468,"standard_error":0.001897195741694706}}