{"mean":{"confidence_interval":{"confidence_level":0.95,"lower_bound":-0.008701886967532371,"upper_bound":-0.0038824933165042524},"point_estimate":-0.006407268681902778,"standard_error":0.001218885965349383},"median":{"confidence_interval":{"confidence_level":0.95,"lower_bound":-0.012056744210343306,"upper_bound":-0.009737480476576299},"point_estimate":-0.010654039651760039,"standard_error":0.0005115119949965222}}