{"mean":{"confidence_interval":{"confidence_level":0.95,"lower_bound":-0.033017204163599094,"upper_bound":-0.02660770044985854},"point_estimate":-0.02981225800922993,"standard_error":0.001637790894638486},"median":{"confidence_interval":{"confidence_level":0.95,"lower_bound":-0.029408381349903312,"upper_bound":-0.02648336815602781},"point_estimate":-0.027138436769029717,"standard_error":0.0009830632014170046}}