{"mean":{"confidence_interval":{"confidence_level":0.95,"lower_bound":0.23560878350254905,"upper_bound":0.24224511525413445},"point_estimate":0.2389268050487232,"standard_error":0.001697371972265566},"median":{"confidence_interval":{"confidence_level":0.95,"lower_bound":0.2390305080073074,"upper_bound":0.2466254927493403},"point_estimate":0.24276725067131366,"standard_error":0.0019503656626514245}}