{"mean":{"confidence_interval":{"confidence_level":0.95,"lower_bound":0.021723682951697805,"upper_bound":0.025403522579281468},"point_estimate":0.02355841833612904,"standard_error":0.0009385287308073137},"median":{"confidence_interval":{"confidence_level":0.95,"lower_bound":0.021517129445633332,"upper_bound":0.026410201000554176},"point_estimate":0.02422720563784586,"standard_error":0.001200302358810377}}