{"mean":{"confidence_interval":{"confidence_level":0.95,"lower_bound":0.36117557004413503,"upper_bound":0.364817639004015},"point_estimate":0.36302490396751974,"standard_error":0.0009319909585657491},"median":{"confidence_interval":{"confidence_level":0.95,"lower_bound":0.3643099048534,"upper_bound":0.36735104733880664},"point_estimate":0.36593947449135844,"standard_error":0.0007934208631698911}}