{"mean":{"confidence_interval":{"confidence_level":0.95,"lower_bound":0.003305941987902173,"upper_bound":0.007423115423992903},"point_estimate":0.005306630330139006,"standard_error":0.0010494540522871906},"median":{"confidence_interval":{"confidence_level":0.95,"lower_bound":0.000346646797649397,"upper_bound":0.0011154085248956669},"point_estimate":0.0006856130519379278,"standard_error":0.00019814612954242525}}