{"mean":{"confidence_interval":{"confidence_level":0.95,"lower_bound":-0.000765319981828066,"upper_bound":0.005053759854407817},"point_estimate":0.0019527020422485108,"standard_error":0.0014979982075619274},"median":{"confidence_interval":{"confidence_level":0.95,"lower_bound":-0.0003649045982039991,"upper_bound":0.0006196410169464477},"point_estimate":0.00019913706862806357,"standard_error":0.00024102122835401805}}