{"mean":{"confidence_interval":{"confidence_level":0.95,"lower_bound":-0.08448225837251339,"upper_bound":-0.06460592327469679},"point_estimate":-0.07371886059645161,"standard_error":0.005384303301200614},"median":{"confidence_interval":{"confidence_level":0.95,"lower_bound":-0.08989037956544553,"upper_bound":-0.060578912791739346},"point_estimate":-0.07789850814825472,"standard_error":0.007615034439292037}}