{"mean":{"confidence_interval":{"confidence_level":0.95,"lower_bound":-0.023196129538127764,"upper_bound":0.0010657245332397656},"point_estimate":-0.01143164068164948,"standard_error":0.006211380860241214},"median":{"confidence_interval":{"confidence_level":0.95,"lower_bound":-0.03505861642757524,"upper_bound":-0.005820162487394476},"point_estimate":-0.023480602614664337,"standard_error":0.007489394276036753}}