{"mean":{"confidence_interval":{"confidence_level":0.95,"lower_bound":0.060756273112534606,"upper_bound":0.06754568291913231},"point_estimate":0.06427566287568509,"standard_error":0.0017361491119248732},"median":{"confidence_interval":{"confidence_level":0.95,"lower_bound":0.06720253464298431,"upper_bound":0.07131720808244713},"point_estimate":0.06931053754495053,"standard_error":0.0011870573212168704}}