{"mean":{"confidence_interval":{"confidence_level":0.95,"lower_bound":-0.0015696878702286504,"upper_bound":0.0005910854323260478},"point_estimate":-0.0004577156425950024,"standard_error":0.0005488755614664291},"median":{"confidence_interval":{"confidence_level":0.95,"lower_bound":-0.0015866709742240785,"upper_bound":0.0006613811910074485},"point_estimate":-0.00042754650651644077,"standard_error":0.0005660076151115509}}