{"mean":{"confidence_interval":{"confidence_level":0.95,"lower_bound":-0.0021426930495189733,"upper_bound":0.00007654307345927869},"point_estimate":-0.00101940142593282,"standard_error":0.0005677390783337391},"median":{"confidence_interval":{"confidence_level":0.95,"lower_bound":-0.002559811974633952,"upper_bound":0.0001285566256977319},"point_estimate":-0.0012171567266261452,"standard_error":0.000691506767435001}}