{"mean":{"confidence_interval":{"confidence_level":0.95,"lower_bound":-0.021407625237421388,"upper_bound":-0.008034405302084525},"point_estimate":-0.01476909238676316,"standard_error":0.003417851555763266},"median":{"confidence_interval":{"confidence_level":0.95,"lower_bound":-0.035219447450045016,"upper_bound":-0.006012363186590597},"point_estimate":-0.02181763935118064,"standard_error":0.006014318942310304}}