{"mean":{"confidence_interval":{"confidence_level":0.95,"lower_bound":-0.05389502819325505,"upper_bound":-0.03563367093366938},"point_estimate":-0.04450439295035802,"standard_error":0.004677842995567727},"median":{"confidence_interval":{"confidence_level":0.95,"lower_bound":-0.055788959627976364,"upper_bound":-0.03561506313481877},"point_estimate":-0.05042212295276849,"standard_error":0.0069990387909589944}}