{"mean":{"confidence_interval":{"confidence_level":0.95,"lower_bound":-0.08611074262206145,"upper_bound":-0.0678972256917204},"point_estimate":-0.0771534527064881,"standard_error":0.004657984655058741},"median":{"confidence_interval":{"confidence_level":0.95,"lower_bound":-0.1003749627394307,"upper_bound":-0.06229458993512471},"point_estimate":-0.07514428862337486,"standard_error":0.011341101552938323}}