{"mean":{"confidence_interval":{"confidence_level":0.95,"lower_bound":-0.007296711485870039,"upper_bound":-0.0016111974512587667},"point_estimate":-0.004491505980062871,"standard_error":0.0014373782228649338},"median":{"confidence_interval":{"confidence_level":0.95,"lower_bound":-0.005430303578949358,"upper_bound":-0.0034085121086726566},"point_estimate":-0.004016856327625273,"standard_error":0.0005315205596272879}}