{"mean":{"confidence_interval":{"confidence_level":0.95,"lower_bound":-0.17043993524885676,"upper_bound":-0.16160953641798506},"point_estimate":-0.1661004857480406,"standard_error":0.002251908376205948},"median":{"confidence_interval":{"confidence_level":0.95,"lower_bound":-0.17313766168893363,"upper_bound":-0.1595370684450619},"point_estimate":-0.16500250639644876,"standard_error":0.003242737097014168}}