{"mean":{"confidence_interval":{"confidence_level":0.95,"lower_bound":0.09975318750969014,"upper_bound":0.10646968277580786},"point_estimate":0.10381686260806422,"standard_error":0.0017586000647102891},"median":{"confidence_interval":{"confidence_level":0.95,"lower_bound":0.10475476996903725,"upper_bound":0.10760754411896034},"point_estimate":0.10595065795054315,"standard_error":0.0007698598276297721}}