{"mean":{"confidence_interval":{"confidence_level":0.95,"lower_bound":0.50310196161464,"upper_bound":0.5305436541465184},"point_estimate":0.5165833832772329,"standard_error":0.006982910528130786},"median":{"confidence_interval":{"confidence_level":0.95,"lower_bound":0.49657828833716877,"upper_bound":0.5250180735022903},"point_estimate":0.5225206298622531,"standard_error":0.011760125351794217}}