{"mean":{"confidence_interval":{"confidence_level":0.95,"lower_bound":0.4528071297605545,"upper_bound":0.46760949252951},"point_estimate":0.46029085555321303,"standard_error":0.003774959323044555},"median":{"confidence_interval":{"confidence_level":0.95,"lower_bound":0.45490552507472093,"upper_bound":0.47539258340393076},"point_estimate":0.4653825363975366,"standard_error":0.003951116416523958}}