{"mean":{"confidence_interval":{"confidence_level":0.95,"lower_bound":0.015360206922711384,"upper_bound":0.020467238625141715},"point_estimate":0.01789320123159288,"standard_error":0.0013027953297088028},"median":{"confidence_interval":{"confidence_level":0.95,"lower_bound":0.007096712542183914,"upper_bound":0.024262203719490394},"point_estimate":0.02079150034531274,"standard_error":0.005739204598457297}}