{"mean":{"confidence_interval":{"confidence_level":0.95,"lower_bound":-0.012559431061378551,"upper_bound":-0.006828621404605381},"point_estimate":-0.009500036007397128,"standard_error":0.0014644686610771828},"median":{"confidence_interval":{"confidence_level":0.95,"lower_bound":-0.019275745634882546,"upper_bound":0.0004383855862226671},"point_estimate":-0.004089645203988357,"standard_error":0.006950182206684188}}