{"mean":{"confidence_interval":{"confidence_level":0.95,"lower_bound":-0.05541742792800818,"upper_bound":-0.03765940946094063},"point_estimate":-0.04617650671856832,"standard_error":0.004519286229321808},"median":{"confidence_interval":{"confidence_level":0.95,"lower_bound":-0.049022775254004336,"upper_bound":-0.030420651795247444},"point_estimate":-0.03582781642745225,"standard_error":0.005482126871021332}}