{"mean":{"confidence_interval":{"confidence_level":0.95,"lower_bound":-0.0012164750958330217,"upper_bound":0.009579845936299184},"point_estimate":0.0031900269468101428,"standard_error":0.002826051209865301},"median":{"confidence_interval":{"confidence_level":0.95,"lower_bound":-0.0007447964069892121,"upper_bound":0.00036928617177767187},"point_estimate":-0.00006866159856266929,"standard_error":0.00029502458158812023}}