{"mean":{"confidence_interval":{"confidence_level":0.95,"lower_bound":0.003743984962364333,"upper_bound":0.006664252873441034},"point_estimate":0.005235177342509445,"standard_error":0.0007450706802742632},"median":{"confidence_interval":{"confidence_level":0.95,"lower_bound":0.008835232307935703,"upper_bound":0.009764595588021674},"point_estimate":0.009462053551530403,"standard_error":0.0002640958956797488}}