{"mean":{"confidence_interval":{"confidence_level":0.95,"lower_bound":58109428.547,"upper_bound":58561082.293500006},"point_estimate":58344149.98,"standard_error":115074.2694298159},"median":{"confidence_interval":{"confidence_level":0.95,"lower_bound":58150992.0,"upper_bound":58502195.5},"point_estimate":58336189.5,"standard_error":93973.624180386},"median_abs_dev":{"confidence_interval":{"confidence_level":0.95,"lower_bound":746910.886439681,"upper_bound":1199967.4928963184},"point_estimate":988501.293450594,"standard_error":114669.06243014077},"slope":null,"std_dev":{"confidence_interval":{"confidence_level":0.95,"lower_bound":785729.7381397655,"upper_bound":1588894.2715382304},"point_estimate":1161084.661257548,"standard_error":218452.84400542843}}