{"mean":{"confidence_interval":{"confidence_level":0.95,"lower_bound":15127.947975481567,"upper_bound":15225.545192129062},"point_estimate":15172.416726337446,"standard_error":25.010590292767176},"median":{"confidence_interval":{"confidence_level":0.95,"lower_bound":15110.25892857143,"upper_bound":15140.167517006801},"point_estimate":15126.762522796353,"standard_error":6.802461277641301},"median_abs_dev":{"confidence_interval":{"confidence_level":0.95,"lower_bound":51.432446870142044,"upper_bound":94.38413998572864},"point_estimate":67.20505394926145,"standard_error":11.578907368450064},"slope":{"confidence_interval":{"confidence_level":0.95,"lower_bound":15158.341555612124,"upper_bound":15276.726409560553},"point_estimate":15213.114402668412,"standard_error":30.37900317930615},"std_dev":{"confidence_interval":{"confidence_level":0.95,"lower_bound":144.98351548393208,"upper_bound":349.7838267996495},"point_estimate":251.97723780769525,"standard_error":53.13071792292919}}