{"mean":{"confidence_interval":{"confidence_level":0.95,"lower_bound":35680.37126781036,"upper_bound":35706.72637864737},"point_estimate":35693.3257572833,"standard_error":6.75350543812229},"median":{"confidence_interval":{"confidence_level":0.95,"lower_bound":35673.61188811189,"upper_bound":35694.094155844155},"point_estimate":35682.48311484451,"standard_error":6.4902254541005755},"median_abs_dev":{"confidence_interval":{"confidence_level":0.95,"lower_bound":35.9496663986301,"upper_bound":66.53711979963097},"point_estimate":50.18530623165869,"standard_error":7.872923642863708},"slope":{"confidence_interval":{"confidence_level":0.95,"lower_bound":35679.159131697954,"upper_bound":35695.434035328486},"point_estimate":35687.06501502389,"standard_error":4.129663395538362},"std_dev":{"confidence_interval":{"confidence_level":0.95,"lower_bound":54.296788846759284,"upper_bound":80.53320973449476},"point_estimate":67.88477152955211,"standard_error":6.706729201441042}}