{"mean":{"confidence_interval":{"confidence_level":0.95,"lower_bound":35743.44075453103,"upper_bound":35805.17086997069},"point_estimate":35770.74576647067,"standard_error":15.88687346018414},"median":{"confidence_interval":{"confidence_level":0.95,"lower_bound":35725.49873820496,"upper_bound":35751.04340277778},"point_estimate":35738.141700324704,"standard_error":6.423071912270619},"median_abs_dev":{"confidence_interval":{"confidence_level":0.95,"lower_bound":41.632831430664176,"upper_bound":67.10475573172911},"point_estimate":53.87431596661473,"standard_error":6.320742712719313},"slope":{"confidence_interval":{"confidence_level":0.95,"lower_bound":35759.79659036908,"upper_bound":35844.09893683523},"point_estimate":35796.047339539924,"standard_error":21.756205145957974},"std_dev":{"confidence_interval":{"confidence_level":0.95,"lower_bound":65.09676930712959,"upper_bound":230.0289589088842},"point_estimate":160.35348396976318,"standard_error":41.227499136421685}}