{"mean":{"confidence_interval":{"confidence_level":0.95,"lower_bound":13804.470090443723,"upper_bound":13858.752301630715},"point_estimate":13830.043503308056,"standard_error":13.857371454967776},"median":{"confidence_interval":{"confidence_level":0.95,"lower_bound":13780.617490842491,"upper_bound":13824.57528957529},"point_estimate":13800.100107109385,"standard_error":9.778152547733722},"median_abs_dev":{"confidence_interval":{"confidence_level":0.95,"lower_bound":64.8565130248119,"upper_bound":102.32210092851824},"point_estimate":82.95560714793275,"standard_error":9.447746127509781},"slope":{"confidence_interval":{"confidence_level":0.95,"lower_bound":13812.814329889394,"upper_bound":13883.008988625154},"point_estimate":13843.93746078659,"standard_error":18.124750393859138},"std_dev":{"confidence_interval":{"confidence_level":0.95,"lower_bound":94.94359440971752,"upper_bound":178.51714571325462},"point_estimate":139.8500923762155,"standard_error":21.315367852182167}}