{"mean":{"confidence_interval":{"confidence_level":0.95,"lower_bound":14988.297900638847,"upper_bound":15379.517614338767},"point_estimate":15152.961099639218,"standard_error":101.75758249501202},"median":{"confidence_interval":{"confidence_level":0.95,"lower_bound":14955.879945054945,"upper_bound":14993.002341920375},"point_estimate":14973.010117820324,"standard_error":10.357175079434473},"median_abs_dev":{"confidence_interval":{"confidence_level":0.95,"lower_bound":49.02551628113702,"upper_bound":85.42742234779169},"point_estimate":63.98994597293559,"standard_error":9.459813880962217},"slope":{"confidence_interval":{"confidence_level":0.95,"lower_bound":14979.367673741031,"upper_bound":15029.048249429157},"point_estimate":15001.289486795162,"standard_error":12.74191140244536},"std_dev":{"confidence_interval":{"confidence_level":0.95,"lower_bound":136.24060258838466,"upper_bound":1586.4308861654088},"point_estimate":1019.9501582745787,"standard_error":368.06249119593076}}