{"mean":{"confidence_interval":{"confidence_level":0.95,"lower_bound":17141.766280003965,"upper_bound":17280.928832457357},"point_estimate":17207.569123321202,"standard_error":35.426495471971975},"median":{"confidence_interval":{"confidence_level":0.95,"lower_bound":17067.60528846154,"upper_bound":17168.14010989011},"point_estimate":17097.464285714286,"standard_error":21.235100741978393},"median_abs_dev":{"confidence_interval":{"confidence_level":0.95,"lower_bound":141.7926426800462,"upper_bound":241.1538509292306},"point_estimate":187.3744682696804,"standard_error":25.742371032634153},"slope":{"confidence_interval":{"confidence_level":0.95,"lower_bound":17180.361818770703,"upper_bound":17375.328829110764},"point_estimate":17273.1660399734,"standard_error":49.84142687727115},"std_dev":{"confidence_interval":{"confidence_level":0.95,"lower_bound":256.79222299000503,"upper_bound":439.48275272836395},"point_estimate":354.7392814243147,"standard_error":46.69864895013146}}