{"mean":{"confidence_interval":{"confidence_level":0.95,"lower_bound":35564.98880835535,"upper_bound":35579.50282144625},"point_estimate":35572.188452061964,"standard_error":3.7043629340322126},"median":{"confidence_interval":{"confidence_level":0.95,"lower_bound":35566.055555555555,"upper_bound":35578.770370370374},"point_estimate":35570.705586080585,"standard_error":3.397952718192836},"median_abs_dev":{"confidence_interval":{"confidence_level":0.95,"lower_bound":19.365769167404974,"upper_bound":40.8769083059741},"point_estimate":24.742429892902116,"standard_error":5.983096377531161},"slope":{"confidence_interval":{"confidence_level":0.95,"lower_bound":35568.93053784987,"upper_bound":35583.236083142096},"point_estimate":35575.69527707995,"standard_error":3.6419225611358392},"std_dev":{"confidence_interval":{"confidence_level":0.95,"lower_bound":31.609141342688392,"upper_bound":42.32589165133441},"point_estimate":37.28944485895378,"standard_error":2.7382046001439835}}