{"mean":{"confidence_interval":{"confidence_level":0.95,"lower_bound":14964.644869998978,"upper_bound":15022.07587590664},"point_estimate":14990.924796000289,"standard_error":14.678947414359731},"median":{"confidence_interval":{"confidence_level":0.95,"lower_bound":14945.529876160992,"upper_bound":14975.828863022944},"point_estimate":14953.316384180791,"standard_error":7.400738042784436},"median_abs_dev":{"confidence_interval":{"confidence_level":0.95,"lower_bound":51.875363372813695,"upper_bound":92.96455415574995},"point_estimate":70.94018389381637,"standard_error":10.528820023254346},"slope":{"confidence_interval":{"confidence_level":0.95,"lower_bound":14947.150398299242,"upper_bound":15007.753119198393},"point_estimate":14974.852201861977,"standard_error":15.499680834609503},"std_dev":{"confidence_interval":{"confidence_level":0.95,"lower_bound":88.37409997256857,"upper_bound":207.84508736980965},"point_estimate":147.66550599451406,"standard_error":32.155586820883585}}