{"mean":{"confidence_interval":{"confidence_level":0.95,"lower_bound":17155.186316289433,"upper_bound":17386.012228789186},"point_estimate":17258.88087705531,"standard_error":59.310211140065796},"median":{"confidence_interval":{"confidence_level":0.95,"lower_bound":17069.99362615811,"upper_bound":17115.633333333335},"point_estimate":17086.653935185182,"standard_error":12.385284719314324},"median_abs_dev":{"confidence_interval":{"confidence_level":0.95,"lower_bound":76.18463334299075,"upper_bound":133.92840851739186},"point_estimate":98.55235673519547,"standard_error":15.213843589244764},"slope":{"confidence_interval":{"confidence_level":0.95,"lower_bound":17145.598056338447,"upper_bound":17350.875492511805},"point_estimate":17235.173244175163,"standard_error":52.672541991640955},"std_dev":{"confidence_interval":{"confidence_level":0.95,"lower_bound":305.0135215243697,"upper_bound":854.8847396585098},"point_estimate":595.7011123832192,"standard_error":144.0061004783614}}