{"mean":{"confidence_interval":{"confidence_level":0.95,"lower_bound":14941.233935044993,"upper_bound":14978.111716649999},"point_estimate":14959.162785761488,"standard_error":9.429314882153424},"median":{"confidence_interval":{"confidence_level":0.95,"lower_bound":14907.93622660507,"upper_bound":14940.399256254226},"point_estimate":14928.879749103942,"standard_error":8.68785700789672},"median_abs_dev":{"confidence_interval":{"confidence_level":0.95,"lower_bound":42.965764223234245,"upper_bound":88.39873645144189},"point_estimate":65.46734128028076,"standard_error":11.13223492768843},"slope":{"confidence_interval":{"confidence_level":0.95,"lower_bound":14944.340892323744,"upper_bound":14988.759639779933},"point_estimate":14965.800397517363,"standard_error":11.347591902462577},"std_dev":{"confidence_interval":{"confidence_level":0.95,"lower_bound":77.21853249409367,"upper_bound":109.40536951595676},"point_estimate":94.49731285419469,"standard_error":8.259577585751218}}