{"mean":{"confidence_interval":{"confidence_level":0.95,"lower_bound":45980.5456538955,"upper_bound":46906.37222053366},"point_estimate":46415.64794087897,"standard_error":236.61200326007946},"median":{"confidence_interval":{"confidence_level":0.95,"lower_bound":45537.28,"upper_bound":46328.61818181818},"point_estimate":45902.18154533844,"standard_error":176.6108252739144},"median_abs_dev":{"confidence_interval":{"confidence_level":0.95,"lower_bound":1112.7358168457822,"upper_bound":2019.1476091529582},"point_estimate":1498.3309811468455,"standard_error":221.6571745172279},"slope":{"confidence_interval":{"confidence_level":0.95,"lower_bound":45802.39808610645,"upper_bound":46545.743586707584},"point_estimate":46161.116035466235,"standard_error":189.29947237773078},"std_dev":{"confidence_interval":{"confidence_level":0.95,"lower_bound":1617.0908844759153,"upper_bound":3057.8060881988376},"point_estimate":2378.162853155867,"standard_error":368.60446683338705}}