{"mean":{"confidence_interval":{"confidence_level":0.95,"lower_bound":38056.67720381856,"upper_bound":38080.91664079209},"point_estimate":38068.26095163895,"standard_error":6.1776101098476},"median":{"confidence_interval":{"confidence_level":0.95,"lower_bound":38055.01388888889,"upper_bound":38072.24444444444},"point_estimate":38061.63917748918,"standard_error":3.9166989158225287},"median_abs_dev":{"confidence_interval":{"confidence_level":0.95,"lower_bound":33.89504119383622,"upper_bound":60.3565186945148},"point_estimate":48.182851811247914,"standard_error":6.631020961049055},"slope":{"confidence_interval":{"confidence_level":0.95,"lower_bound":38057.951210719555,"upper_bound":38077.03779471604},"point_estimate":38067.23590857593,"standard_error":4.884327871895983},"std_dev":{"confidence_interval":{"confidence_level":0.95,"lower_bound":44.37888988671897,"upper_bound":78.97008456926108},"point_estimate":61.73333985087243,"standard_error":8.968730199057998}}