{"mean":{"confidence_interval":{"confidence_level":0.95,"lower_bound":15046.388637620199,"upper_bound":15100.819142476335},"point_estimate":15072.391991166125,"standard_error":13.869958834286326},"median":{"confidence_interval":{"confidence_level":0.95,"lower_bound":15015.215735653237,"upper_bound":15071.374255952382},"point_estimate":15039.92091267799,"standard_error":16.049410071993606},"median_abs_dev":{"confidence_interval":{"confidence_level":0.95,"lower_bound":73.17648689780287,"upper_bound":123.70993577272036},"point_estimate":95.61417870691058,"standard_error":13.280008972506998},"slope":{"confidence_interval":{"confidence_level":0.95,"lower_bound":15033.603067270044,"upper_bound":15113.441785927536},"point_estimate":15069.889065563273,"standard_error":20.507520588965605},"std_dev":{"confidence_interval":{"confidence_level":0.95,"lower_bound":104.30417335266425,"upper_bound":173.73028070339575},"point_estimate":140.1537014224796,"standard_error":17.81325605769541}}