{"mean":{"confidence_interval":{"confidence_level":0.95,"lower_bound":14901.293442771517,"upper_bound":14958.057062389758},"point_estimate":14927.373626200833,"standard_error":14.495720127658705},"median":{"confidence_interval":{"confidence_level":0.95,"lower_bound":14878.801282051281,"upper_bound":14914.198717948719},"point_estimate":14893.34618993994,"standard_error":7.8931159808394575},"median_abs_dev":{"confidence_interval":{"confidence_level":0.95,"lower_bound":53.00004200023831,"upper_bound":90.00789784679638},"point_estimate":67.77462184640545,"standard_error":9.489943556536755},"slope":{"confidence_interval":{"confidence_level":0.95,"lower_bound":14908.1798520212,"upper_bound":14943.51085135352},"point_estimate":14925.47247574011,"standard_error":9.000306193699865},"std_dev":{"confidence_interval":{"confidence_level":0.95,"lower_bound":84.21718015194433,"upper_bound":197.7869214112086},"point_estimate":145.8785508360418,"standard_error":28.885305895465677}}