{"mean":{"confidence_interval":{"confidence_level":0.95,"lower_bound":15163.026539023793,"upper_bound":15269.56704707649},"point_estimate":15211.889846529335,"standard_error":27.34487693288917},"median":{"confidence_interval":{"confidence_level":0.95,"lower_bound":15117.232142857143,"upper_bound":15141.368113305612},"point_estimate":15127.850168350167,"standard_error":5.957646302418523},"median_abs_dev":{"confidence_interval":{"confidence_level":0.95,"lower_bound":36.478700721541024,"upper_bound":65.31495677961506},"point_estimate":51.239743061269806,"standard_error":7.534870868195503},"slope":{"confidence_interval":{"confidence_level":0.95,"lower_bound":15135.56702985709,"upper_bound":15275.14590337358},"point_estimate":15193.127386581942,"standard_error":36.636422411796964},"std_dev":{"confidence_interval":{"confidence_level":0.95,"lower_bound":158.58788367121116,"upper_bound":367.571220492891},"point_estimate":276.22081752863676,"standard_error":53.28993432331386}}