{"mean":{"confidence_interval":{"confidence_level":0.95,"lower_bound":42483.65354276329,"upper_bound":42648.474212445864},"point_estimate":42568.63356679559,"standard_error":42.00276528558929},"median":{"confidence_interval":{"confidence_level":0.95,"lower_bound":42574.21886792453,"upper_bound":42769.759454545456},"point_estimate":42677.65495086924,"standard_error":48.79910277997392},"median_abs_dev":{"confidence_interval":{"confidence_level":0.95,"lower_bound":249.46077874520515,"upper_bound":435.73935530755364},"point_estimate":340.6633025919582,"standard_error":51.442944026199015},"slope":{"confidence_interval":{"confidence_level":0.95,"lower_bound":42532.96938296377,"upper_bound":42688.93372409471},"point_estimate":42613.070166395744,"standard_error":39.659396354426995},"std_dev":{"confidence_interval":{"confidence_level":0.95,"lower_bound":341.55779750123213,"upper_bound":497.950976435146},"point_estimate":422.591728528905,"standard_error":40.035694825561464}}