{"mean":{"confidence_interval":{"confidence_level":0.95,"lower_bound":15166.737784109842,"upper_bound":15215.222008843111},"point_estimate":15189.813179344746,"standard_error":12.399139328284214},"median":{"confidence_interval":{"confidence_level":0.95,"lower_bound":15143.893005407292,"upper_bound":15185.065349544073},"point_estimate":15154.952380952382,"standard_error":12.602459173059804},"median_abs_dev":{"confidence_interval":{"confidence_level":0.95,"lower_bound":61.88703087436366,"upper_bound":99.88261934450773},"point_estimate":75.4268732525577,"standard_error":9.083642775260103},"slope":{"confidence_interval":{"confidence_level":0.95,"lower_bound":15136.824433259566,"upper_bound":15180.48485053575},"point_estimate":15157.032705355823,"standard_error":11.202851115617891},"std_dev":{"confidence_interval":{"confidence_level":0.95,"lower_bound":90.72317760727913,"upper_bound":154.82254990472953},"point_estimate":124.32985652686692,"standard_error":16.393375317484807}}