{"mean":{"confidence_interval":{"confidence_level":0.95,"lower_bound":15145.612558329316,"upper_bound":15283.465710348284},"point_estimate":15208.376278475764,"standard_error":35.26607940036124},"median":{"confidence_interval":{"confidence_level":0.95,"lower_bound":15081.519444444444,"upper_bound":15148.66156462585},"point_estimate":15130.394167835437,"standard_error":16.79281647132625},"median_abs_dev":{"confidence_interval":{"confidence_level":0.95,"lower_bound":91.03299886411729,"upper_bound":149.11525671340527},"point_estimate":125.07986085771249,"standard_error":14.869372937779369},"slope":{"confidence_interval":{"confidence_level":0.95,"lower_bound":15158.642966614763,"upper_bound":15276.690273663282},"point_estimate":15212.488034086991,"standard_error":30.39280061985222},"std_dev":{"confidence_interval":{"confidence_level":0.95,"lower_bound":191.26534875063882,"upper_bound":482.9024917655451},"point_estimate":354.68068351189055,"standard_error":73.25192809079273}}