{"mean":{"confidence_interval":{"confidence_level":0.95,"lower_bound":14877.1412431944,"upper_bound":14921.772849647916},"point_estimate":14898.346401566509,"standard_error":11.359174744817704},"median":{"confidence_interval":{"confidence_level":0.95,"lower_bound":14848.952932688226,"upper_bound":14877.091099322133},"point_estimate":14856.326231060606,"standard_error":7.475609975667593},"median_abs_dev":{"confidence_interval":{"confidence_level":0.95,"lower_bound":43.44841589530324,"upper_bound":89.59159579992448},"point_estimate":65.36993437174826,"standard_error":11.79540637737457},"slope":{"confidence_interval":{"confidence_level":0.95,"lower_bound":14862.302939360023,"upper_bound":14901.993481226016},"point_estimate":14881.278047386828,"standard_error":10.141258428408559},"std_dev":{"confidence_interval":{"confidence_level":0.95,"lower_bound":84.8113296219577,"upper_bound":138.3550516031899},"point_estimate":113.72707874394864,"standard_error":13.66269926653774}}