{"mean":{"confidence_interval":{"confidence_level":0.95,"lower_bound":15118.323635139339,"upper_bound":15188.539803182124},"point_estimate":15150.243338483479,"standard_error":18.067748675738844},"median":{"confidence_interval":{"confidence_level":0.95,"lower_bound":15080.410256410256,"upper_bound":15119.86135261194},"point_estimate":15101.12063086104,"standard_error":10.52631309693091},"median_abs_dev":{"confidence_interval":{"confidence_level":0.95,"lower_bound":55.73536021883243,"upper_bound":98.21497102510556},"point_estimate":81.24956730753138,"standard_error":10.751984687629204},"slope":{"confidence_interval":{"confidence_level":0.95,"lower_bound":15112.691867805339,"upper_bound":15237.040229750382},"point_estimate":15159.124702970297,"standard_error":33.47907189917924},"std_dev":{"confidence_interval":{"confidence_level":0.95,"lower_bound":106.2106751273998,"upper_bound":256.5031391498235},"point_estimate":180.84947066714108,"standard_error":40.50058653607014}}