{"mean":{"confidence_interval":{"confidence_level":0.95,"lower_bound":14912.485016651659,"upper_bound":14942.528610550766},"point_estimate":14926.770612088025,"standard_error":7.668427792525997},"median":{"confidence_interval":{"confidence_level":0.95,"lower_bound":14899.410714285714,"upper_bound":14921.274245689656},"point_estimate":14914.174427913153,"standard_error":5.8440671071222},"median_abs_dev":{"confidence_interval":{"confidence_level":0.95,"lower_bound":40.37459490820837,"upper_bound":68.35070578738559},"point_estimate":52.56433897773078,"standard_error":6.950052516409687},"slope":{"confidence_interval":{"confidence_level":0.95,"lower_bound":14905.923955378761,"upper_bound":14928.736363734315},"point_estimate":14916.918463129896,"standard_error":5.823000909083902},"std_dev":{"confidence_interval":{"confidence_level":0.95,"lower_bound":53.72369618994444,"upper_bound":100.48267238886294},"point_estimate":76.85279445685394,"standard_error":12.260664327161338}}