{"mean":{"confidence_interval":{"confidence_level":0.95,"lower_bound":69031.92292552907,"upper_bound":69193.07163888401},"point_estimate":69101.97830349763,"standard_error":41.737779322922165},"median":{"confidence_interval":{"confidence_level":0.95,"lower_bound":69020.27179487179,"upper_bound":69065.45546536797},"point_estimate":69043.71797468355,"standard_error":11.292687864168665},"median_abs_dev":{"confidence_interval":{"confidence_level":0.95,"lower_bound":70.44819660678426,"upper_bound":114.35472901927247},"point_estimate":91.566553715278,"standard_error":10.785242677526838},"slope":{"confidence_interval":{"confidence_level":0.95,"lower_bound":69014.25485809207,"upper_bound":69209.43856528592},"point_estimate":69091.83067356287,"standard_error":51.65044740608696},"std_dev":{"confidence_interval":{"confidence_level":0.95,"lower_bound":116.55257496385055,"upper_bound":631.0810968674118},"point_estimate":418.98313508646766,"standard_error":125.96110494431723}}