{"mean":{"confidence_interval":{"confidence_level":0.95,"lower_bound":15214.849921302726,"upper_bound":15373.282131325825},"point_estimate":15285.222108334377,"standard_error":40.69024229797084},"median":{"confidence_interval":{"confidence_level":0.95,"lower_bound":15165.275262514384,"upper_bound":15209.5},"point_estimate":15191.437869226638,"standard_error":11.417320905309673},"median_abs_dev":{"confidence_interval":{"confidence_level":0.95,"lower_bound":65.84313997688332,"upper_bound":114.33644638020847},"point_estimate":86.71929261803363,"standard_error":12.347590066712998},"slope":{"confidence_interval":{"confidence_level":0.95,"lower_bound":15188.37958560269,"upper_bound":15275.150599061346},"point_estimate":15227.985347642973,"standard_error":22.244508799867685},"std_dev":{"confidence_interval":{"confidence_level":0.95,"lower_bound":196.1596254276319,"upper_bound":604.210056536021},"point_estimate":409.98291344915606,"standard_error":107.98003325373313}}