{"mean":{"confidence_interval":{"confidence_level":0.95,"lower_bound":290348462.21424997,"upper_bound":290854481.71250004},"point_estimate":290607286.07,"standard_error":129825.02103437918},"median":{"confidence_interval":{"confidence_level":0.95,"lower_bound":290646843.0,"upper_bound":290864779.5},"point_estimate":290762311.0,"standard_error":53620.549816878985},"median_abs_dev":{"confidence_interval":{"confidence_level":0.95,"lower_bound":352568.20414066315,"upper_bound":569993.7141805887},"point_estimate":426870.1844215393,"standard_error":55544.76057285229},"slope":null,"std_dev":{"confidence_interval":{"confidence_level":0.95,"lower_bound":934321.2144130392,"upper_bound":1622978.3642852427},"point_estimate":1306640.529484348,"standard_error":176719.78879597838}}