{"mean":{"confidence_interval":{"confidence_level":0.95,"lower_bound":74465925.711,"upper_bound":74774897.45},"point_estimate":74615185.28,"standard_error":79272.82372166157},"median":{"confidence_interval":{"confidence_level":0.95,"lower_bound":74190070.5,"upper_bound":74591714.0},"point_estimate":74323285.0,"standard_error":103863.96573620546},"median_abs_dev":{"confidence_interval":{"confidence_level":0.95,"lower_bound":352916.6151344776,"upper_bound":779352.416296228},"point_estimate":553535.3718727827,"standard_error":114081.80705075421},"slope":null,"std_dev":{"confidence_interval":{"confidence_level":0.95,"lower_bound":619275.70849289,"upper_bound":1000489.7316098996},"point_estimate":801055.640129772,"standard_error":100616.31458008412}}