{"mean":{"confidence_interval":{"confidence_level":0.95,"lower_bound":75724478.56,"upper_bound":76346666.64},"point_estimate":76026697.1,"standard_error":158503.15588494038},"median":{"confidence_interval":{"confidence_level":0.95,"lower_bound":75307704.0,"upper_bound":75787042.0},"point_estimate":75533968.0,"standard_error":131506.03907454674},"median_abs_dev":{"confidence_interval":{"confidence_level":0.95,"lower_bound":688918.988469243,"upper_bound":1381359.8931759596},"point_estimate":1028269.0725445747,"standard_error":174715.4930444654},"slope":null,"std_dev":{"confidence_interval":{"confidence_level":0.95,"lower_bound":1331213.547015066,"upper_bound":1804657.2340219098},"point_estimate":1589918.831187065,"standard_error":120508.17257202927}}