{"mean":{"confidence_interval":{"confidence_level":0.95,"lower_bound":144357315.98450002,"upper_bound":144626316.531},"point_estimate":144491006.25,"standard_error":68592.4439364663},"median":{"confidence_interval":{"confidence_level":0.95,"lower_bound":144341997.5,"upper_bound":144627847.5},"point_estimate":144447196.5,"standard_error":72193.18538037693},"median_abs_dev":{"confidence_interval":{"confidence_level":0.95,"lower_bound":508459.532755539,"upper_bound":877112.8161281347},"point_estimate":703723.4905064106,"standard_error":87297.80810334443},"slope":null,"std_dev":{"confidence_interval":{"confidence_level":0.95,"lower_bound":597634.9725187257,"upper_bound":776006.9354366848},"point_estimate":691540.1155572662,"standard_error":45384.39093766159}}