{"mean":{"confidence_interval":{"confidence_level":0.95,"lower_bound":93140967.78175001,"upper_bound":95527457.34},"point_estimate":94287821.6,"standard_error":606932.9107418397},"median":{"confidence_interval":{"confidence_level":0.95,"lower_bound":91602816.0,"upper_bound":94539900.5},"point_estimate":92783121.0,"standard_error":767870.5557499123},"median_abs_dev":{"confidence_interval":{"confidence_level":0.95,"lower_bound":3655922.518694401,"upper_bound":6222624.797326326},"point_estimate":4835830.433946848,"standard_error":674530.8663010246},"slope":null,"std_dev":{"confidence_interval":{"confidence_level":0.95,"lower_bound":4578113.593848133,"upper_bound":7546421.924131333},"point_estimate":6084474.805934232,"standard_error":763926.4791174486}}