{"mean":{"confidence_interval":{"confidence_level":0.95,"lower_bound":290679519.37149996,"upper_bound":291655469.95750004},"point_estimate":291103672.22,"standard_error":252296.80422392863},"median":{"confidence_interval":{"confidence_level":0.95,"lower_bound":290416092.5,"upper_bound":290944486.0},"point_estimate":290616341.0,"standard_error":108805.46107131243},"median_abs_dev":{"confidence_interval":{"confidence_level":0.95,"lower_bound":815123.0873286724,"upper_bound":1289330.4650098085},"point_estimate":1048409.4518870115,"standard_error":125522.8886195703},"slope":null,"std_dev":{"confidence_interval":{"confidence_level":0.95,"lower_bound":1129326.1232652657,"upper_bound":3922775.483709245},"point_estimate":2552978.8748830725,"standard_error":820749.4141900579}}