{"mean":{"confidence_interval":{"confidence_level":0.95,"lower_bound":370126691.41050005,"upper_bound":373874851.00124997},"point_estimate":371910024.96,"standard_error":958364.3786479557},"median":{"confidence_interval":{"confidence_level":0.95,"lower_bound":368426272.0,"upper_bound":370016844.0},"point_estimate":369453567.5,"standard_error":429734.5225180344},"median_abs_dev":{"confidence_interval":{"confidence_level":0.95,"lower_bound":3109200.435000658,"upper_bound":6087095.941529937},"point_estimate":4504433.757430315,"standard_error":773854.2921056667},"slope":null,"std_dev":{"confidence_interval":{"confidence_level":0.95,"lower_bound":7073367.252623617,"upper_bound":11747044.395709846},"point_estimate":9614175.115377596,"standard_error":1200663.4520741012}}