{"mean":{"confidence_interval":{"confidence_level":0.95,"lower_bound":167188613.95174998,"upper_bound":168976271.97575},"point_estimate":168038549.6,"standard_error":456037.0919922186},"median":{"confidence_interval":{"confidence_level":0.95,"lower_bound":166706642.0,"upper_bound":168233886.0},"point_estimate":167514364.5,"standard_error":418611.738531052},"median_abs_dev":{"confidence_interval":{"confidence_level":0.95,"lower_bound":2819318.0403470993,"upper_bound":4791232.344138622},"point_estimate":3868806.083714962,"standard_error":521747.3698240156},"slope":null,"std_dev":{"confidence_interval":{"confidence_level":0.95,"lower_bound":3416773.4339745655,"upper_bound":5947043.71566591},"point_estimate":4586723.754976675,"standard_error":688906.9051226471}}