{"mean":{"confidence_interval":{"confidence_level":0.95,"lower_bound":72720666.82275,"upper_bound":73583702.22},"point_estimate":73086440.8,"standard_error":223036.10636921183},"median":{"confidence_interval":{"confidence_level":0.95,"lower_bound":72624229.0,"upper_bound":72743091.0},"point_estimate":72696318.5,"standard_error":31876.69998246575},"median_abs_dev":{"confidence_interval":{"confidence_level":0.95,"lower_bound":208569.19909715652,"upper_bound":384014.89088237286},"point_estimate":286218.89011859894,"standard_error":46063.24755015488},"slope":null,"std_dev":{"confidence_interval":{"confidence_level":0.95,"lower_bound":396483.42773909617,"upper_bound":3506010.5386986635},"point_estimate":2228927.0202651676,"standard_error":776682.8015142423}}