{"mean":{"confidence_interval":{"confidence_level":0.95,"lower_bound":144205019.502,"upper_bound":144678923.59625},"point_estimate":144414372.98,"standard_error":121714.58760057518},"median":{"confidence_interval":{"confidence_level":0.95,"lower_bound":144067074.0,"upper_bound":144387980.0},"point_estimate":144178063.5,"standard_error":75633.70886596413},"median_abs_dev":{"confidence_interval":{"confidence_level":0.95,"lower_bound":510914.3291294575,"upper_bound":763334.6471031007},"point_estimate":649391.3905709982,"standard_error":65846.47681596283},"slope":null,"std_dev":{"confidence_interval":{"confidence_level":0.95,"lower_bound":562256.4824775896,"upper_bound":1804534.979505987},"point_estimate":1224191.7269692847,"standard_error":332946.10870472906}}