{"mean":{"confidence_interval":{"confidence_level":0.95,"lower_bound":143627890.01975,"upper_bound":143894987.8835},"point_estimate":143757765.87,"standard_error":68224.14029840873},"median":{"confidence_interval":{"confidence_level":0.95,"lower_bound":143506273.5,"upper_bound":143683926.0},"point_estimate":143634929.5,"standard_error":45504.38186508441},"median_abs_dev":{"confidence_interval":{"confidence_level":0.95,"lower_bound":330473.96189041465,"upper_bound":632930.8243632317},"point_estimate":475545.42415738106,"standard_error":75150.5489231034},"slope":null,"std_dev":{"confidence_interval":{"confidence_level":0.95,"lower_bound":560412.7327037328,"upper_bound":798171.237709732},"point_estimate":686098.9141356326,"standard_error":60611.33618064455}}