{"mean":{"confidence_interval":{"confidence_level":0.95,"lower_bound":73336255.80250001,"upper_bound":73473144.05825},"point_estimate":73404000.37,"standard_error":35018.22549783083},"median":{"confidence_interval":{"confidence_level":0.95,"lower_bound":73255920.0,"upper_bound":73460357.0},"point_estimate":73330312.5,"standard_error":51340.034885071305},"median_abs_dev":{"confidence_interval":{"confidence_level":0.95,"lower_bound":272684.2349588871,"upper_bound":432470.7058221102},"point_estimate":366186.6261988878,"standard_error":41348.65440057046},"slope":null,"std_dev":{"confidence_interval":{"confidence_level":0.95,"lower_bound":301196.14062788856,"upper_bound":398961.5059903438},"point_estimate":353101.0170016637,"standard_error":24912.796963847806}}