{"mean":{"confidence_interval":{"confidence_level":0.95,"lower_bound":221704894.10075,"upper_bound":222672044.991},"point_estimate":222160663.15,"standard_error":247066.64369614897},"median":{"confidence_interval":{"confidence_level":0.95,"lower_bound":221048386.0,"upper_bound":221758964.5},"point_estimate":221498436.5,"standard_error":156799.3145940344},"median_abs_dev":{"confidence_interval":{"confidence_level":0.95,"lower_bound":822078.408585191,"upper_bound":1599571.1812019348},"point_estimate":1252715.4347598553,"standard_error":208305.67849987588},"slope":null,"std_dev":{"confidence_interval":{"confidence_level":0.95,"lower_bound":1764118.258445828,"upper_bound":3211866.3263589456},"point_estimate":2487537.3205211256,"standard_error":377631.7458561127}}