{"mean":{"confidence_interval":{"confidence_level":0.95,"lower_bound":145160998.74175,"upper_bound":145491604.11675},"point_estimate":145320057.64,"standard_error":84187.97812512296},"median":{"confidence_interval":{"confidence_level":0.95,"lower_bound":145125409.0,"upper_bound":145481232.0},"point_estimate":145324774.0,"standard_error":95144.80550069935},"median_abs_dev":{"confidence_interval":{"confidence_level":0.95,"lower_bound":544475.2034336329,"upper_bound":931354.6071926504},"point_estimate":701795.3692406416,"standard_error":95826.14154804271},"slope":null,"std_dev":{"confidence_interval":{"confidence_level":0.95,"lower_bound":632227.3557799561,"upper_bound":1104154.1308735502},"point_estimate":846953.4364058555,"standard_error":129336.37750662012}}