{"mean":{"confidence_interval":{"confidence_level":0.95,"lower_bound":314843754.2745,"upper_bound":315424805.14425},"point_estimate":315131068.68,"standard_error":148116.2736644089},"median":{"confidence_interval":{"confidence_level":0.95,"lower_bound":314934124.5,"upper_bound":315565626.0},"point_estimate":315161525.0,"standard_error":126499.7004918053},"median_abs_dev":{"confidence_interval":{"confidence_level":0.95,"lower_bound":974738.3178949356,"upper_bound":1692466.4477527142},"point_estimate":1313439.764481783,"standard_error":170691.1549345996},"slope":null,"std_dev":{"confidence_interval":{"confidence_level":0.95,"lower_bound":1240893.1188493434,"upper_bound":1715785.55561369},"point_estimate":1485598.907036131,"standard_error":121337.5253059936}}