{"mean":{"confidence_interval":{"confidence_level":0.95,"lower_bound":121999776.42675,"upper_bound":122474986.91025001},"point_estimate":122233251.47,"standard_error":120876.75944331994},"median":{"confidence_interval":{"confidence_level":0.95,"lower_bound":121931080.0,"upper_bound":122518632.0},"point_estimate":122252781.5,"standard_error":158251.67351186302},"median_abs_dev":{"confidence_interval":{"confidence_level":0.95,"lower_bound":894819.8782637717,"upper_bound":1446498.6643195152},"point_estimate":1230332.6229572296,"standard_error":139214.89551522105},"slope":null,"std_dev":{"confidence_interval":{"confidence_level":0.95,"lower_bound":980071.1058668606,"upper_bound":1455719.4364841392},"point_estimate":1212030.881070001,"standard_error":123409.34475150608}}