{"mean":{"confidence_interval":{"confidence_level":0.95,"lower_bound":199802889.08975002,"upper_bound":199995657.61875},"point_estimate":199898362.6,"standard_error":49233.29439897607},"median":{"confidence_interval":{"confidence_level":0.95,"lower_bound":199716266.5,"upper_bound":200022568.0},"point_estimate":199874139.5,"standard_error":67758.84162676104},"median_abs_dev":{"confidence_interval":{"confidence_level":0.95,"lower_bound":400786.0432521254,"upper_bound":626961.8954017006},"point_estimate":516614.92602825165,"standard_error":57654.90213884843},"slope":null,"std_dev":{"confidence_interval":{"confidence_level":0.95,"lower_bound":418937.26222718443,"upper_bound":564421.6569903775},"point_estimate":494033.71239903016,"standard_error":37248.18779262342}}