{"mean":{"confidence_interval":{"confidence_level":0.95,"lower_bound":286225545.1565,"upper_bound":286477254.71925},"point_estimate":286348524.78,"standard_error":64138.89138472922},"median":{"confidence_interval":{"confidence_level":0.95,"lower_bound":286190296.0,"upper_bound":286413269.0},"point_estimate":286282746.5,"standard_error":54280.62858734707},"median_abs_dev":{"confidence_interval":{"confidence_level":0.95,"lower_bound":342262.8185161204,"upper_bound":678238.3382588625},"point_estimate":449975.7637113333,"standard_error":84420.17003549438},"slope":null,"std_dev":{"confidence_interval":{"confidence_level":0.95,"lower_bound":529273.5411154742,"upper_bound":746308.0509770695},"point_estimate":642692.3107212138,"standard_error":55270.177079545094}}