{"mean":{"confidence_interval":{"confidence_level":0.95,"lower_bound":76426187.272,"upper_bound":76757657.552},"point_estimate":76599033.76,"standard_error":84610.7416048294},"median":{"confidence_interval":{"confidence_level":0.95,"lower_bound":76624976.0,"upper_bound":76807536.0},"point_estimate":76726501.0,"standard_error":49572.90194216299},"median_abs_dev":{"confidence_interval":{"confidence_level":0.95,"lower_bound":315823.446393013,"upper_bound":602464.173269121},"point_estimate":419709.96784865856,"standard_error":74242.28264120508},"slope":null,"std_dev":{"confidence_interval":{"confidence_level":0.95,"lower_bound":626553.5875980291,"upper_bound":1034592.4862168244},"point_estimate":849699.4501708645,"standard_error":103884.93682330447}}