{"mean":{"confidence_interval":{"confidence_level":0.95,"lower_bound":178789769.00675002,"upper_bound":180648916.12175},"point_estimate":179681137.61,"standard_error":474936.9958545114},"median":{"confidence_interval":{"confidence_level":0.95,"lower_bound":178562585.0,"upper_bound":181103824.0},"point_estimate":179763836.0,"standard_error":622657.6319688827},"median_abs_dev":{"confidence_interval":{"confidence_level":0.95,"lower_bound":3136988.620982319,"upper_bound":5271052.104020119},"point_estimate":4056741.197678447,"standard_error":544295.348830534},"slope":null,"std_dev":{"confidence_interval":{"confidence_level":0.95,"lower_bound":3495460.306439892,"upper_bound":6341345.724599161},"point_estimate":4766421.809031667,"standard_error":801965.7514097259}}