{"mean":{"confidence_interval":{"confidence_level":0.95,"lower_bound":239277815.68475002,"upper_bound":239762509.64975002},"point_estimate":239507125.09,"standard_error":123488.32600776633},"median":{"confidence_interval":{"confidence_level":0.95,"lower_bound":239093050.0,"upper_bound":239272143.0},"point_estimate":239194147.0,"standard_error":47806.636745382195},"median_abs_dev":{"confidence_interval":{"confidence_level":0.95,"lower_bound":415451.1994242668,"upper_bound":926073.1598389144},"point_estimate":623004.0762394667,"standard_error":121889.3619447206},"slope":null,"std_dev":{"confidence_interval":{"confidence_level":0.95,"lower_bound":875463.5083199324,"upper_bound":1573121.1135685816},"point_estimate":1247653.1568649893,"standard_error":178674.86795622448}}