{"mean":{"confidence_interval":{"confidence_level":0.95,"lower_bound":155218870.8245,"upper_bound":155717633.894},"point_estimate":155452413.26,"standard_error":127481.94545124356},"median":{"confidence_interval":{"confidence_level":0.95,"lower_bound":154944729.0,"upper_bound":155130410.0},"point_estimate":155030080.5,"standard_error":47993.046407727925},"median_abs_dev":{"confidence_interval":{"confidence_level":0.95,"lower_bound":265801.9873485714,"upper_bound":466733.64681132085},"point_estimate":342117.3569262028,"standard_error":46674.66960830179},"slope":null,"std_dev":{"confidence_interval":{"confidence_level":0.95,"lower_bound":875973.7521707793,"upper_bound":1614100.7342186419},"point_estimate":1284655.7399407437,"standard_error":188992.50271499334}}