{"mean":{"confidence_interval":{"confidence_level":0.95,"lower_bound":73232236.27075,"upper_bound":73630596.15775001},"point_estimate":73426840.92,"standard_error":101422.53217354948},"median":{"confidence_interval":{"confidence_level":0.95,"lower_bound":73174526.0,"upper_bound":73505788.0},"point_estimate":73386773.5,"standard_error":76775.97069717532},"median_abs_dev":{"confidence_interval":{"confidence_level":0.95,"lower_bound":461807.65280127525,"upper_bound":769547.2228378057},"point_estimate":655263.9690667391,"standard_error":81553.6694200357},"slope":null,"std_dev":{"confidence_interval":{"confidence_level":0.95,"lower_bound":753685.5534891364,"upper_bound":1261558.864105842},"point_estimate":1024371.4054405245,"standard_error":130587.59486893695}}