{"mean":{"confidence_interval":{"confidence_level":0.95,"lower_bound":182899492.53275,"upper_bound":184609926.866},"point_estimate":183708649.3,"standard_error":438893.60508402647},"median":{"confidence_interval":{"confidence_level":0.95,"lower_bound":181498573.5,"upper_bound":183386523.0},"point_estimate":182227515.0,"standard_error":457158.41007163905},"median_abs_dev":{"confidence_interval":{"confidence_level":0.95,"lower_bound":1890508.4457367659,"upper_bound":3818454.02340889},"point_estimate":2766100.1142919064,"standard_error":485646.09160943195},"slope":null,"std_dev":{"confidence_interval":{"confidence_level":0.95,"lower_bound":3121016.532202652,"upper_bound":5567634.801801385},"point_estimate":4411079.209803204,"standard_error":625941.933479567}}