{"mean":{"confidence_interval":{"confidence_level":0.95,"lower_bound":72757710.029,"upper_bound":73467738.072},"point_estimate":73072227.61,"standard_error":181809.55720322396},"median":{"confidence_interval":{"confidence_level":0.95,"lower_bound":72500998.0,"upper_bound":72788944.0},"point_estimate":72618623.0,"standard_error":71205.9613982154},"median_abs_dev":{"confidence_interval":{"confidence_level":0.95,"lower_bound":389117.99999177456,"upper_bound":662779.0088783193},"point_estimate":539613.0168199539,"standard_error":73524.30801343145},"slope":null,"std_dev":{"confidence_interval":{"confidence_level":0.95,"lower_bound":856384.0368990804,"upper_bound":2689334.385689753},"point_estimate":1835097.3604306045,"standard_error":479481.540219158}}