{"mean":{"confidence_interval":{"confidence_level":0.95,"lower_bound":145639376.2665,"upper_bound":146011853.7815},"point_estimate":145814781.41,"standard_error":95188.76676163828},"median":{"confidence_interval":{"confidence_level":0.95,"lower_bound":145590155.5,"upper_bound":145784316.0},"point_estimate":145685778.0,"standard_error":60245.869099957665},"median_abs_dev":{"confidence_interval":{"confidence_level":0.95,"lower_bound":515057.4547559023,"upper_bound":869640.5122607946},"point_estimate":716183.2606852055,"standard_error":94609.72598013928},"slope":null,"std_dev":{"confidence_interval":{"confidence_level":0.95,"lower_bound":661197.6428886867,"upper_bound":1281787.1907204117},"point_estimate":955406.4001159965,"standard_error":169199.1933656598}}