{"mean":{"confidence_interval":{"confidence_level":0.95,"lower_bound":76603755.627,"upper_bound":76956684.97},"point_estimate":76789324.95,"standard_error":90335.22207498003},"median":{"confidence_interval":{"confidence_level":0.95,"lower_bound":76890995.5,"upper_bound":77051148.5},"point_estimate":76963614.5,"standard_error":41554.83816380069},"median_abs_dev":{"confidence_interval":{"confidence_level":0.95,"lower_bound":290704.4963389635,"upper_bound":554030.5602639914},"point_estimate":445367.1016931534,"standard_error":66435.05984366765},"slope":null,"std_dev":{"confidence_interval":{"confidence_level":0.95,"lower_bound":651634.3855877193,"upper_bound":1108331.8123633945},"point_estimate":905356.0028422256,"standard_error":117467.60485091148}}