{"mean":{"confidence_interval":{"confidence_level":0.95,"lower_bound":80149268.4825,"upper_bound":80337917.60175},"point_estimate":80243011.51,"standard_error":48005.701450097156},"median":{"confidence_interval":{"confidence_level":0.95,"lower_bound":80069210.0,"upper_bound":80369426.5},"point_estimate":80143228.5,"standard_error":76428.74368595584},"median_abs_dev":{"confidence_interval":{"confidence_level":0.95,"lower_bound":416026.91152654606,"upper_bound":621135.2589726448},"point_estimate":534067.3516184092,"standard_error":52237.62436665032},"slope":null,"std_dev":{"confidence_interval":{"confidence_level":0.95,"lower_bound":420920.0094704804,"upper_bound":534660.4533934322},"point_estimate":481377.3897473684,"standard_error":28920.819288977604}}