{"mean":{"confidence_interval":{"confidence_level":0.95,"lower_bound":77836659.54,"upper_bound":78243965.97049999},"point_estimate":78043930.93,"standard_error":104315.48071829614},"median":{"confidence_interval":{"confidence_level":0.95,"lower_bound":77922440.5,"upper_bound":78303738.5},"point_estimate":78149091.5,"standard_error":91110.80029687445},"median_abs_dev":{"confidence_interval":{"confidence_level":0.95,"lower_bound":484379.49610054493,"upper_bound":791395.9650649128},"point_estimate":621092.2635734081,"standard_error":78313.89630538721},"slope":null,"std_dev":{"confidence_interval":{"confidence_level":0.95,"lower_bound":797001.8400421035,"upper_bound":1263300.2965576423},"point_estimate":1047679.8481202828,"standard_error":118602.07828958385}}