{"mean":{"confidence_interval":{"confidence_level":0.95,"lower_bound":116999746.08600001,"upper_bound":117603323.40249999},"point_estimate":117296874.41,"standard_error":154628.52956139194},"median":{"confidence_interval":{"confidence_level":0.95,"lower_bound":116668079.0,"upper_bound":117145679.0},"point_estimate":116948060.0,"standard_error":118485.57012663296},"median_abs_dev":{"confidence_interval":{"confidence_level":0.95,"lower_bound":753307.5640261173,"upper_bound":1526262.5429034233},"point_estimate":1050051.4313578606,"standard_error":186822.93175702004},"slope":null,"std_dev":{"confidence_interval":{"confidence_level":0.95,"lower_bound":1277863.0179799446,"upper_bound":1802558.3305312232},"point_estimate":1556457.9725622304,"standard_error":134675.57685396183}}