{"mean":{"confidence_interval":{"confidence_level":0.95,"lower_bound":72589877.752,"upper_bound":72813290.94849999},"point_estimate":72698119.36,"standard_error":57151.04723268633},"median":{"confidence_interval":{"confidence_level":0.95,"lower_bound":72497990.0,"upper_bound":72831151.0},"point_estimate":72623651.0,"standard_error":85285.72694996452},"median_abs_dev":{"confidence_interval":{"confidence_level":0.95,"lower_bound":422779.6910941601,"upper_bound":646808.7014168501},"point_estimate":514843.21905970573,"standard_error":58638.315877412664},"slope":null,"std_dev":{"confidence_interval":{"confidence_level":0.95,"lower_bound":466461.3180660816,"upper_bound":675981.5250615008},"point_estimate":575391.0901166674,"standard_error":53688.71660946131}}