{"mean":{"confidence_interval":{"confidence_level":0.95,"lower_bound":124451444.80499999,"upper_bound":124968923.717},"point_estimate":124709703.79,"standard_error":132473.72386174582},"median":{"confidence_interval":{"confidence_level":0.95,"lower_bound":124371290.0,"upper_bound":125001567.5},"point_estimate":124728538.0,"standard_error":170797.86512817047},"median_abs_dev":{"confidence_interval":{"confidence_level":0.95,"lower_bound":983729.1747853161,"upper_bound":1612248.115211874},"point_estimate":1299700.5105257034,"standard_error":160885.87698906442},"slope":null,"std_dev":{"confidence_interval":{"confidence_level":0.95,"lower_bound":1147270.2635532396,"upper_bound":1501669.9595259954},"point_estimate":1334172.3718331202,"standard_error":90583.51246083378}}