{"mean":{"confidence_interval":{"confidence_level":0.95,"lower_bound":0.097813428237756,"upper_bound":0.10668940636534185},"point_estimate":0.1022889719817075,"standard_error":0.0022681891460672506},"median":{"confidence_interval":{"confidence_level":0.95,"lower_bound":0.09657304339757355,"upper_bound":0.10726627022558621},"point_estimate":0.1020593763068891,"standard_error":0.002827792411660525}}