{"mean":{"confidence_interval":{"confidence_level":0.95,"lower_bound":-0.017759506967354566,"upper_bound":-0.012724303387814606},"point_estimate":-0.015236999545677254,"standard_error":0.0012809997945571634},"median":{"confidence_interval":{"confidence_level":0.95,"lower_bound":-0.019475519791382512,"upper_bound":-0.011873303646639265},"point_estimate":-0.014430203990674406,"standard_error":0.0020011295728417002}}