{"mean":{"confidence_interval":{"confidence_level":0.95,"lower_bound":0.3728555604957171,"upper_bound":0.40597652526165434},"point_estimate":0.3897723667356576,"standard_error":0.008695880528299414},"median":{"confidence_interval":{"confidence_level":0.95,"lower_bound":0.3661708504460659,"upper_bound":0.4068069401451631},"point_estimate":0.3861351779494693,"standard_error":0.011117706482720164}}