{"mean":{"confidence_interval":{"confidence_level":0.95,"lower_bound":0.0906354605970604,"upper_bound":0.0946126613779718},"point_estimate":0.09268142786308164,"standard_error":0.0010151622062731492},"median":{"confidence_interval":{"confidence_level":0.95,"lower_bound":0.09295095288696009,"upper_bound":0.09706597042237486},"point_estimate":0.09520950463287492,"standard_error":0.0010527663015682692}}