{"mean":{"confidence_interval":{"confidence_level":0.95,"lower_bound":-0.035772925027277025,"upper_bound":-0.03096245032799161},"point_estimate":-0.03322200609206383,"standard_error":0.0012356148253406553},"median":{"confidence_interval":{"confidence_level":0.95,"lower_bound":-0.03204851647263296,"upper_bound":-0.028164875526966893},"point_estimate":-0.030742546926357806,"standard_error":0.0011361017515998343}}