{"mean":{"confidence_interval":{"confidence_level":0.95,"lower_bound":-0.09326917463550616,"upper_bound":-0.0887305536524732},"point_estimate":-0.09097486547064149,"standard_error":0.001156308765332442},"median":{"confidence_interval":{"confidence_level":0.95,"lower_bound":-0.09248406383578034,"upper_bound":-0.08963633886018973},"point_estimate":-0.09096587648801713,"standard_error":0.0007166575808617006}}