{"mean":{"confidence_interval":{"confidence_level":0.95,"lower_bound":-0.06926838199336867,"upper_bound":-0.05149479553788927},"point_estimate":-0.06037794663593199,"standard_error":0.004555206850717349},"median":{"confidence_interval":{"confidence_level":0.95,"lower_bound":-0.06589960940409112,"upper_bound":-0.042549226796559037},"point_estimate":-0.05733773772104345,"standard_error":0.006067248293815124}}