{"mean":{"confidence_interval":{"confidence_level":0.95,"lower_bound":0.007099060961006959,"upper_bound":0.010952551443510433},"point_estimate":0.008905981228439774,"standard_error":0.000962615069391128},"median":{"confidence_interval":{"confidence_level":0.95,"lower_bound":0.005350458315747923,"upper_bound":0.009571420568894817},"point_estimate":0.006406006815028009,"standard_error":0.001129126051417096}}