{"mean":{"confidence_interval":{"confidence_level":0.95,"lower_bound":-0.05710419830606727,"upper_bound":-0.050235751701004916},"point_estimate":-0.053793815492019115,"standard_error":0.001785908395879775},"median":{"confidence_interval":{"confidence_level":0.95,"lower_bound":-0.057866560966506,"upper_bound":-0.04994800141062161},"point_estimate":-0.05385539375238402,"standard_error":0.0021222663974660764}}