{"mean":{"confidence_interval":{"confidence_level":0.95,"lower_bound":-0.1284562969071801,"upper_bound":-0.12517887641497238},"point_estimate":-0.12677930218998423,"standard_error":0.0008364718695980515},"median":{"confidence_interval":{"confidence_level":0.95,"lower_bound":-0.12866179605332861,"upper_bound":-0.12575911752704938},"point_estimate":-0.1273444846800763,"standard_error":0.0007554531554537377}}