{"mean":{"confidence_interval":{"confidence_level":0.95,"lower_bound":-0.035086743010100806,"upper_bound":-0.006448122558865973},"point_estimate":-0.020877454581902155,"standard_error":0.007210686435586328},"median":{"confidence_interval":{"confidence_level":0.95,"lower_bound":-0.04484064655777886,"upper_bound":-0.013458085856059232},"point_estimate":-0.02928314174448421,"standard_error":0.00792650268870762}}