{"mean":{"confidence_interval":{"confidence_level":0.95,"lower_bound":0.01349762526316421,"upper_bound":0.023071320804339043},"point_estimate":0.01835010527033587,"standard_error":0.0024434520502203496},"median":{"confidence_interval":{"confidence_level":0.95,"lower_bound":0.010403621522769635,"upper_bound":0.0242158421317951},"point_estimate":0.016938727348785765,"standard_error":0.003769832283031235}}