{"mean":{"confidence_interval":{"confidence_level":0.95,"lower_bound":-0.006444208785513961,"upper_bound":0.009017742149257975},"point_estimate":0.0013736823955070587,"standard_error":0.003847590194733752},"median":{"confidence_interval":{"confidence_level":0.95,"lower_bound":-0.006848318876568671,"upper_bound":0.01274003754489228},"point_estimate":0.00021956332041850324,"standard_error":0.004966801329642942}}