{"mean":{"confidence_interval":{"confidence_level":0.95,"lower_bound":-0.06726516745149431,"upper_bound":-0.05509749112094245},"point_estimate":-0.06117532263752845,"standard_error":0.0031110524497430167},"median":{"confidence_interval":{"confidence_level":0.95,"lower_bound":-0.06992749396384002,"upper_bound":-0.05382338617504186},"point_estimate":-0.05881134904709262,"standard_error":0.004194763794858839}}