{"mean":{"confidence_interval":{"confidence_level":0.95,"lower_bound":-0.016000429624593703,"upper_bound":-0.0037278522219989156},"point_estimate":-0.008354020878258428,"standard_error":0.0034071138789315445},"median":{"confidence_interval":{"confidence_level":0.95,"lower_bound":-0.006379160589797682,"upper_bound":-0.0021505611687073767},"point_estimate":-0.0035160994441169047,"standard_error":0.0010906841972194506}}