{"mean":{"confidence_interval":{"confidence_level":0.95,"lower_bound":-0.11309528213017855,"upper_bound":-0.09246448562770188},"point_estimate":-0.10294451545416272,"standard_error":0.005257067751458288},"median":{"confidence_interval":{"confidence_level":0.95,"lower_bound":-0.1139344283730005,"upper_bound":-0.09131276636728736},"point_estimate":-0.10304314264194936,"standard_error":0.0057059755107916965}}