{"mean":{"confidence_interval":{"confidence_level":0.95,"lower_bound":0.1764846875320855,"upper_bound":0.18585288021844737},"point_estimate":0.1812903855754111,"standard_error":0.0023987127824584968},"median":{"confidence_interval":{"confidence_level":0.95,"lower_bound":0.17726125255018177,"upper_bound":0.1877513270757829},"point_estimate":0.18192463449699448,"standard_error":0.002605152456051598}}