{"mean":{"confidence_interval":{"confidence_level":0.95,"lower_bound":-0.2584463735243764,"upper_bound":-0.2535545165807122},"point_estimate":-0.25601540177287085,"standard_error":0.0012861045176324902},"median":{"confidence_interval":{"confidence_level":0.95,"lower_bound":-0.25997288282938735,"upper_bound":-0.25459000363826223},"point_estimate":-0.2573650308973391,"standard_error":0.0012545455960139985}}