{"mean":{"confidence_interval":{"confidence_level":0.95,"lower_bound":-0.0864390173905818,"upper_bound":-0.07300802919381204},"point_estimate":-0.07960233803936634,"standard_error":0.003431536251797006},"median":{"confidence_interval":{"confidence_level":0.95,"lower_bound":-0.07739810687306359,"upper_bound":-0.0671489974659368},"point_estimate":-0.07258218615074452,"standard_error":0.002938729280592221}}