{"mean":{"confidence_interval":{"confidence_level":0.95,"lower_bound":0.24423483246149194,"upper_bound":0.25599606102598366},"point_estimate":0.2506791333325309,"standard_error":0.0030125610199720227},"median":{"confidence_interval":{"confidence_level":0.95,"lower_bound":0.2534547227894097,"upper_bound":0.26059223197743764},"point_estimate":0.2580106207786539,"standard_error":0.0018040203154151312}}