{"mean":{"confidence_interval":{"confidence_level":0.95,"lower_bound":-0.09745285533769307,"upper_bound":-0.07940720472925022},"point_estimate":-0.0883890231723321,"standard_error":0.004616614636217355},"median":{"confidence_interval":{"confidence_level":0.95,"lower_bound":-0.10006115568843787,"upper_bound":-0.07554382443419094},"point_estimate":-0.0825511124543904,"standard_error":0.006548081134958299}}