{"mean":{"confidence_interval":{"confidence_level":0.95,"lower_bound":-0.0015876750731378397,"upper_bound":0.0008896517380271803},"point_estimate":-0.00033620416843282985,"standard_error":0.0006325631222847544},"median":{"confidence_interval":{"confidence_level":0.95,"lower_bound":-0.0008319133799142842,"upper_bound":0.0018344777738161788},"point_estimate":0.000587972721377783,"standard_error":0.0007438721864514183}}