{"mean":{"confidence_interval":{"confidence_level":0.95,"lower_bound":0.006079493909882938,"upper_bound":0.05810907115139319},"point_estimate":0.03230380781088238,"standard_error":0.013246000011236951},"median":{"confidence_interval":{"confidence_level":0.95,"lower_bound":0.06600834827126167,"upper_bound":0.08805184139488942},"point_estimate":0.07795702013882844,"standard_error":0.005178258197591405}}