{"mean":{"confidence_interval":{"confidence_level":0.95,"lower_bound":0.4438833451369855,"upper_bound":0.47230686034143865},"point_estimate":0.45777474731488876,"standard_error":0.007413667443143589},"median":{"confidence_interval":{"confidence_level":0.95,"lower_bound":0.42831859042410175,"upper_bound":0.45472290058549447},"point_estimate":0.44133763706077067,"standard_error":0.007546522202449221}}