{"mean":{"confidence_interval":{"confidence_level":0.95,"lower_bound":-0.10134425724570488,"upper_bound":-0.0893532476601515},"point_estimate":-0.09549602086968345,"standard_error":0.0029327276964499845},"median":{"confidence_interval":{"confidence_level":0.95,"lower_bound":-0.11348650216772094,"upper_bound":-0.10804798669302806},"point_estimate":-0.11126427688399643,"standard_error":0.0013105700578923344}}