{"mean":{"confidence_interval":{"confidence_level":0.95,"lower_bound":0.14291932366692872,"upper_bound":0.16577246612664823},"point_estimate":0.15348290998315273,"standard_error":0.005674870015357044},"median":{"confidence_interval":{"confidence_level":0.95,"lower_bound":0.13231175710845955,"upper_bound":0.15371047697239315},"point_estimate":0.13841647935706303,"standard_error":0.004904909438500714}}