{"mean":{"confidence_interval":{"confidence_level":0.95,"lower_bound":0.006207781313057237,"upper_bound":0.009129187300485899},"point_estimate":0.007632392532843646,"standard_error":0.0007068867996322865},"median":{"confidence_interval":{"confidence_level":0.95,"lower_bound":0.004862811473839157,"upper_bound":0.006492238544990477},"point_estimate":0.005639267199695652,"standard_error":0.00041055236216176706}}