{"mean":{"confidence_interval":{"confidence_level":0.95,"lower_bound":0.029875055813171958,"upper_bound":0.08391529711617694},"point_estimate":0.05434056055061287,"standard_error":0.013438708900737829},"median":{"confidence_interval":{"confidence_level":0.95,"lower_bound":-0.00659605913530148,"upper_bound":0.003967185454626154},"point_estimate":-0.0034355284392745267,"standard_error":0.0028068595383449546}}