{"mean":{"confidence_interval":{"confidence_level":0.95,"lower_bound":-0.023235507298174467,"upper_bound":-0.009209884126378859},"point_estimate":-0.016535471895542275,"standard_error":0.00357337439348154},"median":{"confidence_interval":{"confidence_level":0.95,"lower_bound":-0.02700915474022869,"upper_bound":-0.0161103601684921},"point_estimate":-0.023883041926513138,"standard_error":0.003056186500090475}}