{"mean":{"confidence_interval":{"confidence_level":0.95,"lower_bound":0.3256262074706114,"upper_bound":0.3738975930239471},"point_estimate":0.3491904592748787,"standard_error":0.011557775941906106},"median":{"confidence_interval":{"confidence_level":0.95,"lower_bound":0.3082330813774641,"upper_bound":0.3465591244926545},"point_estimate":0.3268719174392818,"standard_error":0.009200788663069753}}