{"mean":{"confidence_interval":{"confidence_level":0.95,"lower_bound":-0.17440837091613537,"upper_bound":-0.17207596851305385},"point_estimate":-0.17326468863263655,"standard_error":0.0005978093668230415},"median":{"confidence_interval":{"confidence_level":0.95,"lower_bound":-0.17452313306691714,"upper_bound":-0.17150625677167683},"point_estimate":-0.17301175932395052,"standard_error":0.0007928573294054056}}