{"mean":{"confidence_interval":{"confidence_level":0.95,"lower_bound":-0.124075844057363,"upper_bound":-0.10697919529007408},"point_estimate":-0.1140011613969697,"standard_error":0.004468787937833283},"median":{"confidence_interval":{"confidence_level":0.95,"lower_bound":-0.10715793603894808,"upper_bound":-0.1051076272596172},"point_estimate":-0.10599981542321912,"standard_error":0.0004936633555403132}}