{"mean":{"confidence_interval":{"confidence_level":0.95,"lower_bound":0.4537811556932799,"upper_bound":0.4798328166299076},"point_estimate":0.4656617228784907,"standard_error":0.006420602727866723},"median":{"confidence_interval":{"confidence_level":0.95,"lower_bound":0.4355653085846627,"upper_bound":0.4683732314292761},"point_estimate":0.4498763756565256,"standard_error":0.007768827217422245}}