{"mean":{"confidence_interval":{"confidence_level":0.95,"lower_bound":-0.18413987722024994,"upper_bound":-0.17239462421211343},"point_estimate":-0.17813474940321827,"standard_error":0.0029708246274062883},"median":{"confidence_interval":{"confidence_level":0.95,"lower_bound":-0.184855406281514,"upper_bound":-0.16909898274616075},"point_estimate":-0.17740592090733465,"standard_error":0.0037689752290408773}}