{"mean":{"confidence_interval":{"confidence_level":0.95,"lower_bound":-0.09186016169920551,"upper_bound":-0.08243207468063378},"point_estimate":-0.08771441592516505,"standard_error":0.0024381409128260492},"median":{"confidence_interval":{"confidence_level":0.95,"lower_bound":-0.08949136533300306,"upper_bound":-0.08654659406663978},"point_estimate":-0.0878050069238474,"standard_error":0.0007350820637591662}}