{"mean":{"confidence_interval":{"confidence_level":0.95,"lower_bound":0.04049161672946368,"upper_bound":0.06666033055385327},"point_estimate":0.053481994412133194,"standard_error":0.006688532152135484},"median":{"confidence_interval":{"confidence_level":0.95,"lower_bound":-0.0018273930728419652,"upper_bound":0.11090567595516942},"point_estimate":0.08906779110608332,"standard_error":0.04202563311531484}}