{"mean":{"confidence_interval":{"confidence_level":0.95,"lower_bound":0.11309168329021284,"upper_bound":0.13528732155624495},"point_estimate":0.122706509910957,"standard_error":0.005530737387195348},"median":{"confidence_interval":{"confidence_level":0.95,"lower_bound":0.10836892069979376,"upper_bound":0.11821584344796487},"point_estimate":0.11267587158591952,"standard_error":0.0024730304329698815}}