{"mean":{"confidence_interval":{"confidence_level":0.95,"lower_bound":-0.028582270375002567,"upper_bound":-0.018520927245641174},"point_estimate":-0.023265119403826695,"standard_error":0.0025584600086458595},"median":{"confidence_interval":{"confidence_level":0.95,"lower_bound":-0.03145125420782913,"upper_bound":-0.01667919622328808},"point_estimate":-0.023924575758018207,"standard_error":0.003995763826135181}}