{"mean":{"confidence_interval":{"confidence_level":0.95,"lower_bound":-0.2637122776686285,"upper_bound":-0.2560189649898532},"point_estimate":-0.259776572350087,"standard_error":0.0019640299060152185},"median":{"confidence_interval":{"confidence_level":0.95,"lower_bound":-0.2657391371517078,"upper_bound":-0.2527061162434099},"point_estimate":-0.2584397213657632,"standard_error":0.0034355453600685188}}