{"mean":{"confidence_interval":{"confidence_level":0.95,"lower_bound":0.20286995805327732,"upper_bound":0.2140934514577386},"point_estimate":0.20809773275976062,"standard_error":0.0028236802126393},"median":{"confidence_interval":{"confidence_level":0.95,"lower_bound":0.19910684373222567,"upper_bound":0.20505412835065662},"point_estimate":0.2018556750259175,"standard_error":0.0014873095857810448}}