{"mean":{"confidence_interval":{"confidence_level":0.95,"lower_bound":0.0947335343054051,"upper_bound":0.10058248096573914},"point_estimate":0.09765150105685305,"standard_error":0.001494656186790164},"median":{"confidence_interval":{"confidence_level":0.95,"lower_bound":0.09370367422818575,"upper_bound":0.10120234107598369},"point_estimate":0.09709939691581693,"standard_error":0.0019096967567148653}}