{"mean":{"confidence_interval":{"confidence_level":0.95,"lower_bound":0.07471009240742732,"upper_bound":0.07982514373949501},"point_estimate":0.07715947092990327,"standard_error":0.0013047649843246844},"median":{"confidence_interval":{"confidence_level":0.95,"lower_bound":0.07398841080712182,"upper_bound":0.08046155242724984},"point_estimate":0.0778775295562677,"standard_error":0.0017289943970518252}}