{"mean":{"confidence_interval":{"confidence_level":0.95,"lower_bound":0.1009176743641997,"upper_bound":0.11301605277961468},"point_estimate":0.10640747269976703,"standard_error":0.0030766358683033397},"median":{"confidence_interval":{"confidence_level":0.95,"lower_bound":0.09618281022570521,"upper_bound":0.11043109623298641},"point_estimate":0.10478765950431912,"standard_error":0.0036372171252060004}}