{"mean":{"confidence_interval":{"confidence_level":0.95,"lower_bound":-0.15438756375195997,"upper_bound":-0.14393211915367649},"point_estimate":-0.14901753610301116,"standard_error":0.0026699236638454494},"median":{"confidence_interval":{"confidence_level":0.95,"lower_bound":-0.15146109882146008,"upper_bound":-0.1340568699118799},"point_estimate":-0.14042577033245074,"standard_error":0.0044283148264524915}}