{"mean":{"confidence_interval":{"confidence_level":0.95,"lower_bound":0.05475292047221436,"upper_bound":0.06229157202054347},"point_estimate":0.05858808393730164,"standard_error":0.0019286877897171937},"median":{"confidence_interval":{"confidence_level":0.95,"lower_bound":0.05477260560922595,"upper_bound":0.06563477861614483},"point_estimate":0.06205069360702131,"standard_error":0.0028551450172788887}}