{"mean":{"confidence_interval":{"confidence_level":0.95,"lower_bound":0.26428483976895856,"upper_bound":0.33958505389405774},"point_estimate":0.3006006792531646,"standard_error":0.01928369604300833},"median":{"confidence_interval":{"confidence_level":0.95,"lower_bound":0.2533206443989125,"upper_bound":0.3101330908670066},"point_estimate":0.27900528864393737,"standard_error":0.014145978010031271}}