{"mean":{"confidence_interval":{"confidence_level":0.95,"lower_bound":0.07051326455017984,"upper_bound":0.07367103574037229},"point_estimate":0.07210202435972102,"standard_error":0.0008062850155341687},"median":{"confidence_interval":{"confidence_level":0.95,"lower_bound":0.07171223285643569,"upper_bound":0.07498872107161758},"point_estimate":0.07370452558651008,"standard_error":0.0008651552059077462}}