{"mean":{"confidence_interval":{"confidence_level":0.95,"lower_bound":0.05041373971235044,"upper_bound":0.06779765793590253},"point_estimate":0.06019255107493238,"standard_error":0.004466542945620714},"median":{"confidence_interval":{"confidence_level":0.95,"lower_bound":0.06493043220076267,"upper_bound":0.0730883429901037},"point_estimate":0.07025342215821206,"standard_error":0.0021770486093719153}}