{"mean":{"confidence_interval":{"confidence_level":0.95,"lower_bound":-0.024333481579262635,"upper_bound":-0.008000115417091098},"point_estimate":-0.017076618063232685,"standard_error":0.004264611295765067},"median":{"confidence_interval":{"confidence_level":0.95,"lower_bound":-0.027566092410476917,"upper_bound":-0.023401506747938616},"point_estimate":-0.02567907425394178,"standard_error":0.0010613500269628388}}