{"mean":{"confidence_interval":{"confidence_level":0.95,"lower_bound":-0.07604631950214893,"upper_bound":-0.06025092394130952},"point_estimate":-0.06866745690947806,"standard_error":0.003983168878815183},"median":{"confidence_interval":{"confidence_level":0.95,"lower_bound":-0.07993974389072307,"upper_bound":-0.07252889369116122},"point_estimate":-0.07668812298411665,"standard_error":0.0019185728723451422}}