{"mean":{"confidence_interval":{"confidence_level":0.95,"lower_bound":0.0979709041486183,"upper_bound":0.12063568841027333},"point_estimate":0.1092290743775104,"standard_error":0.005753780970829649},"median":{"confidence_interval":{"confidence_level":0.95,"lower_bound":0.10288974458219502,"upper_bound":0.10830866927336391},"point_estimate":0.10579619925183881,"standard_error":0.0013189368034242047}}