{"mean":{"confidence_interval":{"confidence_level":0.95,"lower_bound":-0.032043021730178776,"upper_bound":-0.02657718772200932},"point_estimate":-0.02928114282997818,"standard_error":0.0013934241887346571},"median":{"confidence_interval":{"confidence_level":0.95,"lower_bound":-0.030058521410845973,"upper_bound":-0.02613450380185045},"point_estimate":-0.028076928544817803,"standard_error":0.000992263461213099}}