{"mean":{"confidence_interval":{"confidence_level":0.95,"lower_bound":0.03588148470912046,"upper_bound":0.0599632684467083},"point_estimate":0.047061263482502724,"standard_error":0.006143091639179588},"median":{"confidence_interval":{"confidence_level":0.95,"lower_bound":0.016427099617559282,"upper_bound":0.03763268893832272},"point_estimate":0.02502626801435137,"standard_error":0.005479068609410803}}