{"mean":{"confidence_interval":{"confidence_level":0.95,"lower_bound":-0.21097572358054362,"upper_bound":-0.20743884870094795},"point_estimate":-0.20925937413918616,"standard_error":0.0008579771587422769},"median":{"confidence_interval":{"confidence_level":0.95,"lower_bound":-0.21167678675672597,"upper_bound":-0.2089439344770837},"point_estimate":-0.21026050767527016,"standard_error":0.0007073580061006583}}