{"mean":{"confidence_interval":{"confidence_level":0.95,"lower_bound":-0.05456017648046677,"upper_bound":-0.03663465985020719},"point_estimate":-0.04636025018477008,"standard_error":0.0047148026749166735},"median":{"confidence_interval":{"confidence_level":0.95,"lower_bound":-0.07314803897991584,"upper_bound":-0.0482747662886055},"point_estimate":-0.06340535306991413,"standard_error":0.005709308203863716}}