{"mean":{"confidence_interval":{"confidence_level":0.95,"lower_bound":-0.369729545212806,"upper_bound":-0.35041327063220135},"point_estimate":-0.35986200449521744,"standard_error":0.004927008174263537},"median":{"confidence_interval":{"confidence_level":0.95,"lower_bound":-0.3628925086405872,"upper_bound":-0.3404907852106229},"point_estimate":-0.3484058866380476,"standard_error":0.005524506218578117}}