{"mean":{"confidence_interval":{"confidence_level":0.95,"lower_bound":0.2146042415471389,"upper_bound":0.23837038658039425},"point_estimate":0.22562695938894706,"standard_error":0.0059483054262697704},"median":{"confidence_interval":{"confidence_level":0.95,"lower_bound":0.20683351132874273,"upper_bound":0.23024050172732435},"point_estimate":0.2171988806321643,"standard_error":0.006022644960132311}}