{"mean":{"confidence_interval":{"confidence_level":0.95,"lower_bound":0.21648926788491565,"upper_bound":0.23852688148341722},"point_estimate":0.2272495251438249,"standard_error":0.005648733794484715},"median":{"confidence_interval":{"confidence_level":0.95,"lower_bound":0.20875813848868052,"upper_bound":0.22765939825120274},"point_estimate":0.2205103475791943,"standard_error":0.004387688726721877}}