{"mean":{"confidence_interval":{"confidence_level":0.95,"lower_bound":-0.0853936561495727,"upper_bound":-0.08071768438791087},"point_estimate":-0.08325719023480138,"standard_error":0.0012227192366461544},"median":{"confidence_interval":{"confidence_level":0.95,"lower_bound":-0.08897266942032367,"upper_bound":-0.08143955895635457},"point_estimate":-0.08591677836444622,"standard_error":0.0020294209546503944}}