{"mean":{"confidence_interval":{"confidence_level":0.95,"lower_bound":-0.006957283887710422,"upper_bound":-0.00020004853019936527},"point_estimate":-0.0034565764846866687,"standard_error":0.0017153863519274374},"median":{"confidence_interval":{"confidence_level":0.95,"lower_bound":-0.003177292375244817,"upper_bound":-0.0014482802418976926},"point_estimate":-0.0025377845330348814,"standard_error":0.0004579405128312389}}