{"mean":{"confidence_interval":{"confidence_level":0.95,"lower_bound":-0.011773442302172633,"upper_bound":-0.007249877084340864},"point_estimate":-0.009296629678780644,"standard_error":0.0011572635102911097},"median":{"confidence_interval":{"confidence_level":0.95,"lower_bound":-0.010311508349245102,"upper_bound":-0.007475802993072156},"point_estimate":-0.008685095457439895,"standard_error":0.000732133164924565}}