{"mean":{"confidence_interval":{"confidence_level":0.95,"lower_bound":0.17819383623609333,"upper_bound":0.1842815434042409},"point_estimate":0.1811466571075755,"standard_error":0.0015320783778501642},"median":{"confidence_interval":{"confidence_level":0.95,"lower_bound":0.18090508395538207,"upper_bound":0.1885575747418049},"point_estimate":0.18436133710883285,"standard_error":0.0020220183313592547}}