{"mean":{"confidence_interval":{"confidence_level":0.95,"lower_bound":-0.2767612483264299,"upper_bound":-0.2622315623451219},"point_estimate":-0.26928830278983296,"standard_error":0.0037166864054541623},"median":{"confidence_interval":{"confidence_level":0.95,"lower_bound":-0.2676917598074219,"upper_bound":-0.2552355444673597},"point_estimate":-0.26026545012283187,"standard_error":0.003006147909827709}}