{"mean":{"confidence_interval":{"confidence_level":0.95,"lower_bound":-0.10760947653701614,"upper_bound":-0.09093835013316572},"point_estimate":-0.09905959006065013,"standard_error":0.004254728838583219},"median":{"confidence_interval":{"confidence_level":0.95,"lower_bound":-0.09576138051565397,"upper_bound":-0.07731589098809515},"point_estimate":-0.08726946254023138,"standard_error":0.004550892157213608}}