{"mean":{"confidence_interval":{"confidence_level":0.95,"lower_bound":-0.006381883948631301,"upper_bound":0.002109636606546355},"point_estimate":-0.0017439144178157395,"standard_error":0.002176969097850779},"median":{"confidence_interval":{"confidence_level":0.95,"lower_bound":-3.0120243277309555e-7,"upper_bound":0.0015148668767726026},"point_estimate":0.000918503595594311,"standard_error":0.00037649191674750827}}