{"mean":{"confidence_interval":{"confidence_level":0.95,"lower_bound":-0.023083033981517977,"upper_bound":-0.008853996876639326},"point_estimate":-0.013903678594992419,"standard_error":0.0043119953397759035},"median":{"confidence_interval":{"confidence_level":0.95,"lower_bound":-0.01061057250435618,"upper_bound":-0.00864914690085683},"point_estimate":-0.009645388991722403,"standard_error":0.0005076039673288109}}