{"mean":{"confidence_interval":{"confidence_level":0.95,"lower_bound":-0.02633684708358898,"upper_bound":0.0028044000032196683},"point_estimate":-0.009600436450605043,"standard_error":0.007526102836385489},"median":{"confidence_interval":{"confidence_level":0.95,"lower_bound":0.0011706892186467144,"upper_bound":0.0030691226805737533},"point_estimate":0.0021835319652605545,"standard_error":0.0004818390453565786}}