{"mean":{"confidence_interval":{"confidence_level":0.95,"lower_bound":-0.010389327977349375,"upper_bound":-0.008682891184320838},"point_estimate":-0.009556077299936017,"standard_error":0.0004357263275899669},"median":{"confidence_interval":{"confidence_level":0.95,"lower_bound":-0.009998451592947766,"upper_bound":-0.008317997825785572},"point_estimate":-0.009053491899871702,"standard_error":0.0004363874071776489}}