{"mean":{"confidence_interval":{"confidence_level":0.95,"lower_bound":0.19406070345948856,"upper_bound":0.19611716114452243},"point_estimate":0.19508782577303907,"standard_error":0.0005188919425477803},"median":{"confidence_interval":{"confidence_level":0.95,"lower_bound":0.19382667643619156,"upper_bound":0.19686888289805504},"point_estimate":0.1956181775839343,"standard_error":0.0008156682897794659}}