{"mean":{"confidence_interval":{"confidence_level":0.95,"lower_bound":-0.010212468005744067,"upper_bound":-0.0011864605744900914},"point_estimate":-0.006293346132130839,"standard_error":0.0023351975367235187},"median":{"confidence_interval":{"confidence_level":0.95,"lower_bound":-0.008028417208368666,"upper_bound":-0.006224669447363995},"point_estimate":-0.007103477122448076,"standard_error":0.0004743758557269346}}