{"mean":{"confidence_interval":{"confidence_level":0.95,"lower_bound":0.003057588930681338,"upper_bound":0.008661907511150627},"point_estimate":0.005475686963213766,"standard_error":0.0014452190922868305},"median":{"confidence_interval":{"confidence_level":0.95,"lower_bound":0.0026369228766778274,"upper_bound":0.004644690488688097},"point_estimate":0.0037882023850082103,"standard_error":0.000530201013304772}}