{"mean":{"confidence_interval":{"confidence_level":0.95,"lower_bound":-0.008008605957941896,"upper_bound":-0.002153259689902281},"point_estimate":-0.005050317352920386,"standard_error":0.0014780178990047824},"median":{"confidence_interval":{"confidence_level":0.95,"lower_bound":-0.005326548522350869,"upper_bound":-0.003948439945517663},"point_estimate":-0.004784804730838976,"standard_error":0.00035576430108945334}}