{"mean":{"confidence_interval":{"confidence_level":0.95,"lower_bound":-0.010696130280958017,"upper_bound":-0.005147500616775903},"point_estimate":-0.00797959607804466,"standard_error":0.0014103760417928728},"median":{"confidence_interval":{"confidence_level":0.95,"lower_bound":-0.0084343096268652,"upper_bound":-0.007422240362302546},"point_estimate":-0.00800471241787104,"standard_error":0.0002684831587746462}}