{"mean":{"confidence_interval":{"confidence_level":0.95,"lower_bound":-0.08611371492208937,"upper_bound":-0.07519431835482515},"point_estimate":-0.07996105136821541,"standard_error":0.00264913826514862},"median":{"confidence_interval":{"confidence_level":0.95,"lower_bound":-0.08431142000696978,"upper_bound":-0.07223662245396312},"point_estimate":-0.07946713322238952,"standard_error":0.003427583642746719}}