{"mean":{"confidence_interval":{"confidence_level":0.95,"lower_bound":0.08365833502756702,"upper_bound":0.08625500070804178},"point_estimate":0.08502371869662007,"standard_error":0.0006651600789240916},"median":{"confidence_interval":{"confidence_level":0.95,"lower_bound":0.0838768686296727,"upper_bound":0.08712244992873508},"point_estimate":0.0851883340528099,"standard_error":0.0008667557695008217}}