{"mean":{"confidence_interval":{"confidence_level":0.95,"lower_bound":-0.011497377928657406,"upper_bound":-0.005774520118424017},"point_estimate":-0.008565153960495842,"standard_error":0.0014390166191383881},"median":{"confidence_interval":{"confidence_level":0.95,"lower_bound":-0.01017092414010179,"upper_bound":-0.008961559221116078},"point_estimate":-0.009470076063987642,"standard_error":0.0003204401193975754}}