{"mean":{"confidence_interval":{"confidence_level":0.95,"lower_bound":-0.007085222984604652,"upper_bound":0.014195005504631373},"point_estimate":0.003218402516594665,"standard_error":0.005092805455612884},"median":{"confidence_interval":{"confidence_level":0.95,"lower_bound":0.001364760566415324,"upper_bound":0.003538199394647279},"point_estimate":0.0026694903870885245,"standard_error":0.0005665706746342463}}