{"mean":{"confidence_interval":{"confidence_level":0.95,"lower_bound":0.0012872736183014266,"upper_bound":0.0045856415933319735},"point_estimate":0.0027801369221860384,"standard_error":0.0008392801166741524},"median":{"confidence_interval":{"confidence_level":0.95,"lower_bound":0.0011249861003712613,"upper_bound":0.002820043035465014},"point_estimate":0.002067351058904876,"standard_error":0.0004224448163679368}}