{"mean":{"confidence_interval":{"confidence_level":0.95,"lower_bound":-0.02765821103289861,"upper_bound":-0.025116483279257612},"point_estimate":-0.026427018381200762,"standard_error":0.00065145496293136},"median":{"confidence_interval":{"confidence_level":0.95,"lower_bound":-0.02791711326373003,"upper_bound":-0.025260409266206946},"point_estimate":-0.026790945396690913,"standard_error":0.0007010483610031562}}