{"mean":{"confidence_interval":{"confidence_level":0.95,"lower_bound":-0.012591815060988837,"upper_bound":-0.007105666857313608},"point_estimate":-0.009806327429205397,"standard_error":0.0014017916241197616},"median":{"confidence_interval":{"confidence_level":0.95,"lower_bound":-0.009748062984249831,"upper_bound":-0.007112677026996831},"point_estimate":-0.008407788461631482,"standard_error":0.0007284717927619509}}