{"mean":{"confidence_interval":{"confidence_level":0.95,"lower_bound":-0.008062795767621268,"upper_bound":0.0015337595764800648},"point_estimate":-0.0033214609195419964,"standard_error":0.002463653372395367},"median":{"confidence_interval":{"confidence_level":0.95,"lower_bound":-0.0054868942401548075,"upper_bound":-0.003038263698324273},"point_estimate":-0.004264860828968375,"standard_error":0.0006493327064218932}}