{"mean":{"confidence_interval":{"confidence_level":0.95,"lower_bound":-0.00003372350488732502,"upper_bound":0.005554581155723031},"point_estimate":0.0029439990496777924,"standard_error":0.0014162241778348994},"median":{"confidence_interval":{"confidence_level":0.95,"lower_bound":0.0021636999079550634,"upper_bound":0.0038347403259164636},"point_estimate":0.002813295311805186,"standard_error":0.000437256044152038}}