{"mean":{"confidence_interval":{"confidence_level":0.95,"lower_bound":-0.01955179616114358,"upper_bound":0.0022114219718224414},"point_estimate":-0.006269198632079531,"standard_error":0.005794460362990449},"median":{"confidence_interval":{"confidence_level":0.95,"lower_bound":-0.00001378525922457463,"upper_bound":0.0013963640171485991},"point_estimate":0.0003878852216476769,"standard_error":0.0003786844006966793}}