{"mean":{"confidence_interval":{"confidence_level":0.95,"lower_bound":0.4210933210592863,"upper_bound":0.42604104801394993},"point_estimate":0.4238968687126192,"standard_error":0.001281098878563505},"median":{"confidence_interval":{"confidence_level":0.95,"lower_bound":0.4254364509516595,"upper_bound":0.42756750694040435},"point_estimate":0.42656358229847746,"standard_error":0.0005383135027632346}}