{"mean":{"confidence_interval":{"confidence_level":0.95,"lower_bound":-0.009505722029544066,"upper_bound":-0.005260136910320554},"point_estimate":-0.007063061261154635,"standard_error":0.0010896792389281733},"median":{"confidence_interval":{"confidence_level":0.95,"lower_bound":-0.007090168291226662,"upper_bound":-0.005519614591335764},"point_estimate":-0.006226997887854524,"standard_error":0.0004063217885714638}}