{"mean":{"confidence_interval":{"confidence_level":0.95,"lower_bound":0.0010207659614621168,"upper_bound":0.0063192718100066134},"point_estimate":0.0034099936103642037,"standard_error":0.0013285452450600248},"median":{"confidence_interval":{"confidence_level":0.95,"lower_bound":0.0022734324744826395,"upper_bound":0.00422551627968204},"point_estimate":0.0031235332666463833,"standard_error":0.0004874641741274914}}