{"mean":{"confidence_interval":{"confidence_level":0.95,"lower_bound":-0.2238637206786755,"upper_bound":-0.21214580694741347},"point_estimate":-0.2177789181781956,"standard_error":0.0029995856429814},"median":{"confidence_interval":{"confidence_level":0.95,"lower_bound":-0.20917253228292376,"upper_bound":-0.20367457851250179},"point_estimate":-0.20603729850392005,"standard_error":0.0015195203547523405}}