{"mean":{"confidence_interval":{"confidence_level":0.95,"lower_bound":-0.050742329989510115,"upper_bound":-0.018631802977808774},"point_estimate":-0.03454942024872387,"standard_error":0.008210769580846919},"median":{"confidence_interval":{"confidence_level":0.95,"lower_bound":-0.0507292820968962,"upper_bound":-0.008000983083576108},"point_estimate":-0.027554572988431225,"standard_error":0.011078278881104438}}