{"mean":{"confidence_interval":{"confidence_level":0.95,"lower_bound":0.003299980568532463,"upper_bound":0.023012805520468263},"point_estimate":0.011927015914763972,"standard_error":0.005207975946126938},"median":{"confidence_interval":{"confidence_level":0.95,"lower_bound":0.0024795382624789144,"upper_bound":0.004396538803570715},"point_estimate":0.003433065372812738,"standard_error":0.0005010366671746358}}