{"mean":{"confidence_interval":{"confidence_level":0.95,"lower_bound":-0.015378190600267983,"upper_bound":-0.007471859716297036},"point_estimate":-0.01098944052333739,"standard_error":0.0020227882424857665},"median":{"confidence_interval":{"confidence_level":0.95,"lower_bound":-0.010374583569004447,"upper_bound":-0.007501482376186419},"point_estimate":-0.009027881724686493,"standard_error":0.0007111754045421949}}