{"mean":{"confidence_interval":{"confidence_level":0.95,"lower_bound":0.09872530757241704,"upper_bound":0.09925768962939785},"point_estimate":0.09898830429118277,"standard_error":0.00013712476282726189},"median":{"confidence_interval":{"confidence_level":0.95,"lower_bound":0.09877687385774503,"upper_bound":0.09934576245442917},"point_estimate":0.09900445867394314,"standard_error":0.00014160221455838452}}