{"mean":{"confidence_interval":{"confidence_level":0.95,"lower_bound":0.031620470551847954,"upper_bound":0.03388318239909245},"point_estimate":0.032802093234378216,"standard_error":0.0005759459180939063},"median":{"confidence_interval":{"confidence_level":0.95,"lower_bound":0.0309482272341286,"upper_bound":0.03389066272233565},"point_estimate":0.03280845940743449,"standard_error":0.000792701365110397}}