{"mean":{"confidence_interval":{"confidence_level":0.95,"lower_bound":-0.15692051065136428,"upper_bound":-0.1456880452333739},"point_estimate":-0.15108361875557907,"standard_error":0.002866696226048335},"median":{"confidence_interval":{"confidence_level":0.95,"lower_bound":-0.1515928367607028,"upper_bound":-0.14296565421663746},"point_estimate":-0.14702377208098405,"standard_error":0.0023744313062867683}}