{"mean":{"confidence_interval":{"confidence_level":0.95,"lower_bound":-0.06477716206269842,"upper_bound":-0.05474674086325319},"point_estimate":-0.059484380905264644,"standard_error":0.0025719521458378697},"median":{"confidence_interval":{"confidence_level":0.95,"lower_bound":-0.06621132121108908,"upper_bound":-0.055844147701241686},"point_estimate":-0.06201638080576111,"standard_error":0.002533174561065006}}