{"mean":{"confidence_interval":{"confidence_level":0.95,"lower_bound":-0.005143861749583544,"upper_bound":0.0035805213901445847},"point_estimate":-0.0013022198911432081,"standard_error":0.0021574807299577898},"median":{"confidence_interval":{"confidence_level":0.95,"lower_bound":-0.004735691978247858,"upper_bound":-0.0030488991885919818},"point_estimate":-0.0038476927897528324,"standard_error":0.00043479388860957866}}