{"mean":{"confidence_interval":{"confidence_level":0.95,"lower_bound":-0.014291178958854074,"upper_bound":0.006448172478174932},"point_estimate":-0.00541028319382908,"standard_error":0.005559559931592103},"median":{"confidence_interval":{"confidence_level":0.95,"lower_bound":-0.012061839828123255,"upper_bound":-0.009918425814737675},"point_estimate":-0.01088238626295357,"standard_error":0.0005583306399988475}}