{"mean":{"confidence_interval":{"confidence_level":0.95,"lower_bound":0.04164095816862926,"upper_bound":0.0524386548157098},"point_estimate":0.046961879987180044,"standard_error":0.0027343760459334634},"median":{"confidence_interval":{"confidence_level":0.95,"lower_bound":0.05093760385371526,"upper_bound":0.05249557728216758},"point_estimate":0.0516261377344831,"standard_error":0.00039562516503515344}}