{"mean":{"confidence_interval":{"confidence_level":0.95,"lower_bound":-0.007425224773177102,"upper_bound":0.0046270340373060215},"point_estimate":-0.000662813981105681,"standard_error":0.0031083972650849455},"median":{"confidence_interval":{"confidence_level":0.95,"lower_bound":0.0008252431574100605,"upper_bound":0.0037991327277056394},"point_estimate":0.0020305682241905654,"standard_error":0.0007624662407786399}}