{"mean":{"confidence_interval":{"confidence_level":0.95,"lower_bound":-0.024045410586561726,"upper_bound":0.0006746947227629716},"point_estimate":-0.009476856056246485,"standard_error":0.0065055688271016526},"median":{"confidence_interval":{"confidence_level":0.95,"lower_bound":-0.0028534591747386706,"upper_bound":-0.00035615009598455316},"point_estimate":-0.001655251711824124,"standard_error":0.000613104872468772}}