{"mean":{"confidence_interval":{"confidence_level":0.95,"lower_bound":-0.0015327296994108587,"upper_bound":0.006023975435020104},"point_estimate":0.0019508771805620828,"standard_error":0.001958181982143826},"median":{"confidence_interval":{"confidence_level":0.95,"lower_bound":-0.00299745600393464,"upper_bound":-0.0014818409254625992},"point_estimate":-0.0022913657495240436,"standard_error":0.0003924427150061153}}