{"mean":{"confidence_interval":{"confidence_level":0.95,"lower_bound":0.01003586598537605,"upper_bound":0.024977028336960413},"point_estimate":0.016829359103288644,"standard_error":0.0038585123952139047},"median":{"confidence_interval":{"confidence_level":0.95,"lower_bound":0.0027079074781606316,"upper_bound":0.00870527819749567},"point_estimate":0.004869825264860905,"standard_error":0.001508893627369991}}