{"mean":{"confidence_interval":{"confidence_level":0.95,"lower_bound":-0.2254480805478755,"upper_bound":-0.2072798722162238},"point_estimate":-0.21641489741852926,"standard_error":0.004640617446988623},"median":{"confidence_interval":{"confidence_level":0.95,"lower_bound":-0.2277175139941725,"upper_bound":-0.20167553340405853},"point_estimate":-0.2181470446627215,"standard_error":0.006056649862945812}}