{"mean":{"confidence_interval":{"confidence_level":0.95,"lower_bound":0.035143871032072914,"upper_bound":0.043718346050636805},"point_estimate":0.03894621983088786,"standard_error":0.0021598714674204806},"median":{"confidence_interval":{"confidence_level":0.95,"lower_bound":0.036488858269725366,"upper_bound":0.03919454920878052},"point_estimate":0.03770097779190951,"standard_error":0.0006803120354429877}}