{"mean":{"confidence_interval":{"confidence_level":0.95,"lower_bound":0.18190325831637685,"upper_bound":0.1906001254334115},"point_estimate":0.18649822098742175,"standard_error":0.002225064246430199},"median":{"confidence_interval":{"confidence_level":0.95,"lower_bound":0.19591056482624597,"upper_bound":0.19833230179024786},"point_estimate":0.19749949614130657,"standard_error":0.0006366596608187108}}