{"mean":{"confidence_interval":{"confidence_level":0.95,"lower_bound":-0.009534186328519352,"upper_bound":-0.0048685731190472896},"point_estimate":-0.0071944203419946895,"standard_error":0.0011835528762923259},"median":{"confidence_interval":{"confidence_level":0.95,"lower_bound":-0.008444732513985476,"upper_bound":-0.006052064493264675},"point_estimate":-0.007478298983220388,"standard_error":0.0006009055405592942}}