{"mean":{"confidence_interval":{"confidence_level":0.95,"lower_bound":0.028737888650223555,"upper_bound":0.03813791806165044},"point_estimate":0.03363864798915417,"standard_error":0.0023455259762887493},"median":{"confidence_interval":{"confidence_level":0.95,"lower_bound":0.03303546322242812,"upper_bound":0.035088764554891405},"point_estimate":0.0343059964351935,"standard_error":0.0004992538896250731}}