{"mean":{"confidence_interval":{"confidence_level":0.95,"lower_bound":0.020474500813422027,"upper_bound":0.028073275644029786},"point_estimate":0.023750913371564764,"standard_error":0.0019328764132293859},"median":{"confidence_interval":{"confidence_level":0.95,"lower_bound":0.019666047813771636,"upper_bound":0.021773222304583673},"point_estimate":0.02075536692417468,"standard_error":0.0005303425046566534}}