{"mean":{"confidence_interval":{"confidence_level":0.95,"lower_bound":-0.00030975078432093905,"upper_bound":0.001926372622000527},"point_estimate":0.0007718683990283193,"standard_error":0.0005722671844156142},"median":{"confidence_interval":{"confidence_level":0.95,"lower_bound":0.0003815443548476072,"upper_bound":0.0017068323112749972},"point_estimate":0.0010238770860542257,"standard_error":0.0003378230187475094}}