{"mean":{"confidence_interval":{"confidence_level":0.95,"lower_bound":0.004024289875489541,"upper_bound":0.014474985412963924},"point_estimate":0.009493143836825091,"standard_error":0.002667212735424246},"median":{"confidence_interval":{"confidence_level":0.95,"lower_bound":0.0012023202153169843,"upper_bound":0.010124846803440501},"point_estimate":0.006499424622619987,"standard_error":0.0024374538592403785}}