{"mean":{"confidence_interval":{"confidence_level":0.95,"lower_bound":-0.07315830769036133,"upper_bound":-0.060861352197743114},"point_estimate":-0.06754731882533693,"standard_error":0.003117719079702679},"median":{"confidence_interval":{"confidence_level":0.95,"lower_bound":-0.06735609400089759,"upper_bound":-0.06449319850115576},"point_estimate":-0.06618069632771151,"standard_error":0.0008000401290290111}}