{"mean":{"confidence_interval":{"confidence_level":0.95,"lower_bound":-0.0003411389121844515,"upper_bound":0.0038144603369326124},"point_estimate":0.001683279632543666,"standard_error":0.001060231310666565},"median":{"confidence_interval":{"confidence_level":0.95,"lower_bound":-0.0015313792244235902,"upper_bound":0.0008459271363380691},"point_estimate":-0.0003545852374134961,"standard_error":0.0006036752824320304}}