{"mean":{"confidence_interval":{"confidence_level":0.95,"lower_bound":-0.043026392620098663,"upper_bound":-0.037772592788480476},"point_estimate":-0.04019661648791473,"standard_error":0.0013452249963804691},"median":{"confidence_interval":{"confidence_level":0.95,"lower_bound":-0.03928741817555348,"upper_bound":-0.03750080535880729},"point_estimate":-0.038199691831930505,"standard_error":0.00045412910682189443}}