{"mean":{"confidence_interval":{"confidence_level":0.95,"lower_bound":-0.0008186792907836519,"upper_bound":0.0033922248278602128},"point_estimate":0.0012194495417172657,"standard_error":0.0010639369195442417},"median":{"confidence_interval":{"confidence_level":0.95,"lower_bound":-0.0008230849023269649,"upper_bound":0.0017929108922315683},"point_estimate":0.0006448844671491649,"standard_error":0.0006725084446846655}}