{"mean":{"confidence_interval":{"confidence_level":0.95,"lower_bound":0.013007021925885315,"upper_bound":0.019920834173433113},"point_estimate":0.016047559594137617,"standard_error":0.001739473212089194},"median":{"confidence_interval":{"confidence_level":0.95,"lower_bound":0.011494346268140627,"upper_bound":0.016441879916682778},"point_estimate":0.013793597079997388,"standard_error":0.001314222957276944}}