{"mean":{"confidence_interval":{"confidence_level":0.95,"lower_bound":0.07063843326289145,"upper_bound":0.08680540656628291},"point_estimate":0.07779155523858394,"standard_error":0.004041539684565333},"median":{"confidence_interval":{"confidence_level":0.95,"lower_bound":0.07184339525599101,"upper_bound":0.07725799244315867},"point_estimate":0.07406163793609455,"standard_error":0.0014069954012132387}}