{"mean":{"confidence_interval":{"confidence_level":0.95,"lower_bound":-0.004747539270271008,"upper_bound":0.0009242294784202797},"point_estimate":-0.0018547432977500389,"standard_error":0.0014493478232175427},"median":{"confidence_interval":{"confidence_level":0.95,"lower_bound":-0.0030202361386996892,"upper_bound":-0.0007136975608925678},"point_estimate":-0.002023326524196678,"standard_error":0.0005622814856029536}}