{"mean":{"confidence_interval":{"confidence_level":0.95,"lower_bound":0.013402457710791493,"upper_bound":0.017223259576499235},"point_estimate":0.015460747929314289,"standard_error":0.0009734606854373628},"median":{"confidence_interval":{"confidence_level":0.95,"lower_bound":0.01484794096501407,"upper_bound":0.018576841670242983},"point_estimate":0.01700299196563071,"standard_error":0.0009517147945929788}}