{"mean":{"confidence_interval":{"confidence_level":0.95,"lower_bound":0.29145792578875374,"upper_bound":0.3282190346942851},"point_estimate":0.31069519456903283,"standard_error":0.009255204241273617},"median":{"confidence_interval":{"confidence_level":0.95,"lower_bound":0.2865571558361552,"upper_bound":0.32805144367917816},"point_estimate":0.31099351092459826,"standard_error":0.011216221471794293}}