{"mean":{"confidence_interval":{"confidence_level":0.95,"lower_bound":0.23358721379665415,"upper_bound":0.23616325450870637},"point_estimate":0.2349401717737627,"standard_error":0.0006565332144368111},"median":{"confidence_interval":{"confidence_level":0.95,"lower_bound":0.23400132903434745,"upper_bound":0.23571010089823008},"point_estimate":0.2346842996075751,"standard_error":0.00043553352272396117}}