{"mean":{"confidence_interval":{"confidence_level":0.95,"lower_bound":-0.00427018060456838,"upper_bound":0.00035650520096366315},"point_estimate":-0.0017642939477544584,"standard_error":0.001182878027730523},"median":{"confidence_interval":{"confidence_level":0.95,"lower_bound":-0.0021702144279073243,"upper_bound":-0.000660199597258937},"point_estimate":-0.0013200935159559668,"standard_error":0.0004054690411227315}}