{"mean":{"confidence_interval":{"confidence_level":0.95,"lower_bound":-0.04838200530584946,"upper_bound":-0.029641478085281146},"point_estimate":-0.038453692314452614,"standard_error":0.00479256545721497},"median":{"confidence_interval":{"confidence_level":0.95,"lower_bound":-0.03620300796653231,"upper_bound":-0.02481556560420639},"point_estimate":-0.031374376006200855,"standard_error":0.0031230277321226342}}