{"mean":{"confidence_interval":{"confidence_level":0.95,"lower_bound":-0.18521534065360296,"upper_bound":-0.18272398391937975},"point_estimate":-0.18415646800144536,"standard_error":0.0006322520242953669},"median":{"confidence_interval":{"confidence_level":0.95,"lower_bound":-0.18535751637209405,"upper_bound":-0.1839634338524626},"point_estimate":-0.18463860194825543,"standard_error":0.0003419261482439694}}