{"mean":{"confidence_interval":{"confidence_level":0.95,"lower_bound":0.21872731029141587,"upper_bound":0.27523953756982406},"point_estimate":0.24470761611793734,"standard_error":0.014320764581796628},"median":{"confidence_interval":{"confidence_level":0.95,"lower_bound":0.18020421691153837,"upper_bound":0.24828893100727867},"point_estimate":0.2164025624307384,"standard_error":0.01760350006301254}}