{"mean":{"confidence_interval":{"confidence_level":0.95,"lower_bound":0.03957693361820125,"upper_bound":0.04107717993431392},"point_estimate":0.0403108286913616,"standard_error":0.0003818312814953925},"median":{"confidence_interval":{"confidence_level":0.95,"lower_bound":0.04007636518545232,"upper_bound":0.04097055425034113},"point_estimate":0.04064913556028027,"standard_error":0.00024083260013090725}}