{"mean":{"confidence_interval":{"confidence_level":0.95,"lower_bound":-0.03655693966342666,"upper_bound":-0.020107412811441978},"point_estimate":-0.02799523630945755,"standard_error":0.004192161073606999},"median":{"confidence_interval":{"confidence_level":0.95,"lower_bound":-0.02390649371407847,"upper_bound":-0.010988912295719633},"point_estimate":-0.017495071742696044,"standard_error":0.0036072077490255853}}