{"mean":{"confidence_interval":{"confidence_level":0.95,"lower_bound":-0.02112904141039938,"upper_bound":-0.014418604324370369},"point_estimate":-0.01745352369957265,"standard_error":0.0017121994078291957},"median":{"confidence_interval":{"confidence_level":0.95,"lower_bound":-0.018164686517134543,"upper_bound":-0.01516208483161452},"point_estimate":-0.016493300213174522,"standard_error":0.0008053534043246334}}