{"mean":{"confidence_interval":{"confidence_level":0.95,"lower_bound":0.0005633571830007403,"upper_bound":0.0022878675633270043},"point_estimate":0.0014342557843673998,"standard_error":0.00043577587743310096},"median":{"confidence_interval":{"confidence_level":0.95,"lower_bound":0.0005098538806374009,"upper_bound":0.0016827019514977781},"point_estimate":0.001022494561272902,"standard_error":0.00028678165520133135}}