{"mean":{"confidence_interval":{"confidence_level":0.95,"lower_bound":0.2400407198401341,"upper_bound":0.24354898912273035},"point_estimate":0.24170713792280996,"standard_error":0.0008925740569209151},"median":{"confidence_interval":{"confidence_level":0.95,"lower_bound":0.24142132437614144,"upper_bound":0.24343644383931728},"point_estimate":0.24261258139047515,"standard_error":0.0005192848754500408}}