{"mean":{"confidence_interval":{"confidence_level":0.95,"lower_bound":0.01602474428461508,"upper_bound":0.02010392012217387},"point_estimate":0.01805928750384478,"standard_error":0.0010440805215549},"median":{"confidence_interval":{"confidence_level":0.95,"lower_bound":0.016658034364670036,"upper_bound":0.01964159481943817},"point_estimate":0.01831411997711485,"standard_error":0.0006896972041934512}}