{"mean":{"confidence_interval":{"confidence_level":0.95,"lower_bound":0.06852054855088686,"upper_bound":0.07149588417693101},"point_estimate":0.07001027264260573,"standard_error":0.0007576515388320157},"median":{"confidence_interval":{"confidence_level":0.95,"lower_bound":0.06880608682197398,"upper_bound":0.07084969789894857},"point_estimate":0.07001235964812436,"standard_error":0.0005454981303705686}}