{"mean":{"confidence_interval":{"confidence_level":0.95,"lower_bound":-0.01217039188548319,"upper_bound":-0.006654647258775293},"point_estimate":-0.009279105838055468,"standard_error":0.00140380408253887},"median":{"confidence_interval":{"confidence_level":0.95,"lower_bound":-0.010966456849392348,"upper_bound":-0.007812018729411174},"point_estimate":-0.00916964687040378,"standard_error":0.0007982690326439967}}