{"mean":{"confidence_interval":{"confidence_level":0.95,"lower_bound":-0.5874436166653313,"upper_bound":-0.5867678441208362},"point_estimate":-0.5870728184992425,"standard_error":0.00017328032820398907},"median":{"confidence_interval":{"confidence_level":0.95,"lower_bound":-0.5871545405140663,"upper_bound":-0.5866651366333477},"point_estimate":-0.5868232097044738,"standard_error":0.00013141286033223524}}