{"mean":{"confidence_interval":{"confidence_level":0.95,"lower_bound":0.6911402747532506,"upper_bound":0.8267329384005708},"point_estimate":0.7623967993636847,"standard_error":0.034609845488993686},"median":{"confidence_interval":{"confidence_level":0.95,"lower_bound":0.9230311040564059,"upper_bound":0.9316449034131675},"point_estimate":0.928135711339845,"standard_error":0.002148135150729784}}