{"mean":{"confidence_interval":{"confidence_level":0.95,"lower_bound":-0.06810888808156523,"upper_bound":-0.05075491593548989},"point_estimate":-0.06205341611753734,"standard_error":0.004806019092207445},"median":{"confidence_interval":{"confidence_level":0.95,"lower_bound":-0.06727352260101482,"upper_bound":-0.06553126608920667},"point_estimate":-0.06613367356551758,"standard_error":0.0004301127693718919}}