{"mean":{"confidence_interval":{"confidence_level":0.95,"lower_bound":-0.030514081142687843,"upper_bound":-0.022350531388728327},"point_estimate":-0.02578028172357416,"standard_error":0.0021263653416147485},"median":{"confidence_interval":{"confidence_level":0.95,"lower_bound":-0.025262637024715505,"upper_bound":-0.021932158171532712},"point_estimate":-0.023228422172279273,"standard_error":0.0008257839134388205}}