{"mean":{"confidence_interval":{"confidence_level":0.95,"lower_bound":76098.94621970347,"upper_bound":76620.103388894},"point_estimate":76354.55826039854,"standard_error":133.12528459573434},"median":{"confidence_interval":{"confidence_level":0.95,"lower_bound":75452.7803640375,"upper_bound":75949.62580645162},"point_estimate":75583.52456140351,"standard_error":185.86742202404707},"median_abs_dev":{"confidence_interval":{"confidence_level":0.95,"lower_bound":362.9513261654753,"upper_bound":1466.4997813843434},"point_estimate":684.6882309879732,"standard_error":300.86401485042404},"slope":{"confidence_interval":{"confidence_level":0.95,"lower_bound":75559.39223857495,"upper_bound":76074.83718160604},"point_estimate":75784.50438953745,"standard_error":132.8686786922231},"std_dev":{"confidence_interval":{"confidence_level":0.95,"lower_bound":1167.6020595111665,"upper_bound":1481.0658939701098},"point_estimate":1336.5700812950074,"standard_error":80.06473670066907}}