{"mean":{"confidence_interval":{"confidence_level":0.95,"lower_bound":103571.73397552865,"upper_bound":104116.24238266546},"point_estimate":103822.47329319903,"standard_error":139.44788746516775},"median":{"confidence_interval":{"confidence_level":0.95,"lower_bound":103331.9621762835,"upper_bound":103670.14130434782},"point_estimate":103421.97748655913,"standard_error":98.75356204841414},"median_abs_dev":{"confidence_interval":{"confidence_level":0.95,"lower_bound":472.85404362094647,"upper_bound":817.0486596835138},"point_estimate":633.9068191186853,"standard_error":87.43265836788197},"slope":{"confidence_interval":{"confidence_level":0.95,"lower_bound":103307.40923042053,"upper_bound":103519.69272273059},"point_estimate":103412.70595537165,"standard_error":54.16353006021979},"std_dev":{"confidence_interval":{"confidence_level":0.95,"lower_bound":871.2189779483043,"upper_bound":1942.7322113177604},"point_estimate":1408.6641058730643,"standard_error":283.93502291416115}}