{"mean":{"confidence_interval":{"confidence_level":0.95,"lower_bound":138539.4167125145,"upper_bound":141317.86664788495},"point_estimate":139942.54997938682,"standard_error":708.8077813280461},"median":{"confidence_interval":{"confidence_level":0.95,"lower_bound":137985.7439759036,"upper_bound":143691.52083333334},"point_estimate":140665.2608653846,"standard_error":1505.45162569297},"median_abs_dev":{"confidence_interval":{"confidence_level":0.95,"lower_bound":6331.401870962584,"upper_bound":10034.478988135925},"point_estimate":8904.226720668385,"standard_error":931.0155135415897},"slope":{"confidence_interval":{"confidence_level":0.95,"lower_bound":139059.86423045688,"upper_bound":142166.33802972359},"point_estimate":140640.55158194178,"standard_error":791.6287925668129},"std_dev":{"confidence_interval":{"confidence_level":0.95,"lower_bound":6358.834157265581,"upper_bound":7871.337692018799},"point_estimate":7166.768526091959,"standard_error":387.0942497812681}}