{"mean":{"confidence_interval":{"confidence_level":0.95,"lower_bound":149753.7809821992,"upper_bound":150453.0957866612},"point_estimate":150088.81742990215,"standard_error":178.6757256214323},"median":{"confidence_interval":{"confidence_level":0.95,"lower_bound":149188.25,"upper_bound":149701.43328373018},"point_estimate":149515.27412698412,"standard_error":149.84475033911582},"median_abs_dev":{"confidence_interval":{"confidence_level":0.95,"lower_bound":680.01336467519,"upper_bound":1382.2760324000308},"point_estimate":1046.9055395387156,"standard_error":194.32692507575095},"slope":{"confidence_interval":{"confidence_level":0.95,"lower_bound":149112.4055094989,"upper_bound":149328.4869930697},"point_estimate":149220.1680449239,"standard_error":55.14854684089298},"std_dev":{"confidence_interval":{"confidence_level":0.95,"lower_bound":1403.460672349462,"upper_bound":2166.4933339073827},"point_estimate":1794.1161137900474,"standard_error":195.63652195675039}}