{"mean":{"confidence_interval":{"confidence_level":0.95,"lower_bound":76046.43955355317,"upper_bound":76533.98800481342},"point_estimate":76285.13776142015,"standard_error":124.16787381004008},"median":{"confidence_interval":{"confidence_level":0.95,"lower_bound":75484.41798941798,"upper_bound":76019.5395480226},"point_estimate":75605.29819992691,"standard_error":133.18724409809198},"median_abs_dev":{"confidence_interval":{"confidence_level":0.95,"lower_bound":433.0856688543903,"upper_bound":1354.9881705432197},"point_estimate":680.0689119376485,"standard_error":233.629757789785},"slope":{"confidence_interval":{"confidence_level":0.95,"lower_bound":75593.67866552451,"upper_bound":75937.1355549503},"point_estimate":75752.44798335058,"standard_error":87.83108209467898},"std_dev":{"confidence_interval":{"confidence_level":0.95,"lower_bound":1102.4557762981144,"upper_bound":1366.3561927590613},"point_estimate":1248.674763629552,"standard_error":67.30588644594212}}