{"mean":{"confidence_interval":{"confidence_level":0.95,"lower_bound":103060.34004712722,"upper_bound":103470.47945500944},"point_estimate":103256.87484179891,"standard_error":104.62841010401912},"median":{"confidence_interval":{"confidence_level":0.95,"lower_bound":102826.9827586207,"upper_bound":103248.1875},"point_estimate":102984.67749999999,"standard_error":110.71298594746243},"median_abs_dev":{"confidence_interval":{"confidence_level":0.95,"lower_bound":605.4860957636284,"upper_bound":1027.123099356471},"point_estimate":778.0583013912606,"standard_error":100.94780028991345},"slope":{"confidence_interval":{"confidence_level":0.95,"lower_bound":102805.94028663015,"upper_bound":103063.26076900904},"point_estimate":102934.12662258017,"standard_error":65.79513317051855},"std_dev":{"confidence_interval":{"confidence_level":0.95,"lower_bound":839.8667883882018,"upper_bound":1256.467153754728},"point_estimate":1056.4150540828202,"standard_error":106.54530248084912}}