{"mean":{"confidence_interval":{"confidence_level":0.95,"lower_bound":70470.80312841838,"upper_bound":70877.9744450897},"point_estimate":70669.86713969451,"standard_error":104.17568134687188},"median":{"confidence_interval":{"confidence_level":0.95,"lower_bound":70088.18382352941,"upper_bound":70354.91666666667},"point_estimate":70191.76116599122,"standard_error":61.33316796786907},"median_abs_dev":{"confidence_interval":{"confidence_level":0.95,"lower_bound":319.88950925313776,"upper_bound":826.5609204346326},"point_estimate":440.8880298948845,"standard_error":130.50685551415796},"slope":{"confidence_interval":{"confidence_level":0.95,"lower_bound":70159.60194893248,"upper_bound":70483.17775117811},"point_estimate":70305.7235914487,"standard_error":82.82656633262089},"std_dev":{"confidence_interval":{"confidence_level":0.95,"lower_bound":880.118811125477,"upper_bound":1175.5809552390008},"point_estimate":1044.5296065432808,"standard_error":75.30241029519412}}