{"mean":{"confidence_interval":{"confidence_level":0.95,"lower_bound":80034.61221711629,"upper_bound":80459.38553877671},"point_estimate":80238.53350617245,"standard_error":108.25004757799822},"median":{"confidence_interval":{"confidence_level":0.95,"lower_bound":79682.2332063492,"upper_bound":79902.51950882048},"point_estimate":79782.72435897436,"standard_error":61.465299559160094},"median_abs_dev":{"confidence_interval":{"confidence_level":0.95,"lower_bound":328.0668158381958,"upper_bound":708.8924599129732},"point_estimate":455.2060942830297,"standard_error":99.78627643309656},"slope":{"confidence_interval":{"confidence_level":0.95,"lower_bound":79727.96727250579,"upper_bound":79919.95479594194},"point_estimate":79816.16934417024,"standard_error":49.105394763853056},"std_dev":{"confidence_interval":{"confidence_level":0.95,"lower_bound":844.7216292622069,"upper_bound":1314.565964095036},"point_estimate":1089.1272655667594,"standard_error":120.68013304902688}}