{"mean":{"confidence_interval":{"confidence_level":0.95,"lower_bound":76009.9361370353,"upper_bound":76523.86822057531},"point_estimate":76260.05089228255,"standard_error":131.58490873930978},"median":{"confidence_interval":{"confidence_level":0.95,"lower_bound":75498.05637931035,"upper_bound":75696.4152173913},"point_estimate":75563.44606627878,"standard_error":54.745682983296895},"median_abs_dev":{"confidence_interval":{"confidence_level":0.95,"lower_bound":312.1338476706366,"upper_bound":1035.7297649144339},"point_estimate":570.0945861448763,"standard_error":196.7703766686895},"slope":{"confidence_interval":{"confidence_level":0.95,"lower_bound":75513.38194826058,"upper_bound":75660.1364368835},"point_estimate":75582.56334269248,"standard_error":37.43373425436608},"std_dev":{"confidence_interval":{"confidence_level":0.95,"lower_bound":1138.5765268679393,"upper_bound":1480.1225565384009},"point_estimate":1326.1180378107179,"standard_error":87.05052106367279}}