{"mean":{"confidence_interval":{"confidence_level":0.95,"lower_bound":1059286.1494150553,"upper_bound":1059990.7074509885},"point_estimate":1059620.2243834976,"standard_error":180.29401742915775},"median":{"confidence_interval":{"confidence_level":0.95,"lower_bound":1059102.0612244897,"upper_bound":1059487.5416666667},"point_estimate":1059325.0407101866,"standard_error":85.96659856886778},"median_abs_dev":{"confidence_interval":{"confidence_level":0.95,"lower_bound":633.4735431653104,"upper_bound":1110.5563362837665},"point_estimate":936.579279062075,"standard_error":116.00445799176372},"slope":{"confidence_interval":{"confidence_level":0.95,"lower_bound":1059135.976265419,"upper_bound":1059535.0750992384},"point_estimate":1059329.9341066943,"standard_error":101.77385900513062},"std_dev":{"confidence_interval":{"confidence_level":0.95,"lower_bound":1240.3161749858316,"upper_bound":2329.505068432648},"point_estimate":1815.275219605197,"standard_error":277.646092426086}}