{"mean":{"confidence_interval":{"confidence_level":0.95,"lower_bound":97000.23201019595,"upper_bound":97444.9894724985},"point_estimate":97215.89350312656,"standard_error":113.47526460283493},"median":{"confidence_interval":{"confidence_level":0.95,"lower_bound":96615.30059523809,"upper_bound":96976.02693256579},"point_estimate":96767.33554054055,"standard_error":85.02453951926245},"median_abs_dev":{"confidence_interval":{"confidence_level":0.95,"lower_bound":468.2831747976001,"upper_bound":962.5658348629992},"point_estimate":648.2312474623131,"standard_error":126.63006085250859},"slope":{"confidence_interval":{"confidence_level":0.95,"lower_bound":96586.34657056203,"upper_bound":96750.37770531935},"point_estimate":96667.02642234373,"standard_error":41.67762444900381},"std_dev":{"confidence_interval":{"confidence_level":0.95,"lower_bound":967.2857462361026,"upper_bound":1279.2286495284598},"point_estimate":1138.6554459009908,"standard_error":79.71329085846585}}