{"mean":{"confidence_interval":{"confidence_level":0.95,"lower_bound":68156.24664312215,"upper_bound":68609.13596847327},"point_estimate":68371.76281235748,"standard_error":115.39463860727413},"median":{"confidence_interval":{"confidence_level":0.95,"lower_bound":67884.74754901961,"upper_bound":68004.93010752689},"point_estimate":67927.07395480227,"standard_error":30.466349262269},"median_abs_dev":{"confidence_interval":{"confidence_level":0.95,"lower_bound":345.94383273327486,"upper_bound":746.8352763369785},"point_estimate":565.616853450031,"standard_error":93.26636114941945},"slope":{"confidence_interval":{"confidence_level":0.95,"lower_bound":67880.87922026991,"upper_bound":68368.14253437782},"point_estimate":68075.34232894931,"standard_error":128.49800645684303},"std_dev":{"confidence_interval":{"confidence_level":0.95,"lower_bound":899.5804379957392,"upper_bound":1403.9527358428636},"point_estimate":1162.5575886943811,"standard_error":129.2061033664953}}