{"mean":{"confidence_interval":{"confidence_level":0.95,"lower_bound":76594.29337614379,"upper_bound":77126.69692878277},"point_estimate":76849.77643400247,"standard_error":136.04127963327838},"median":{"confidence_interval":{"confidence_level":0.95,"lower_bound":76028.52235294117,"upper_bound":76548.3358974359},"point_estimate":76163.75320722515,"standard_error":156.70183357828498},"median_abs_dev":{"confidence_interval":{"confidence_level":0.95,"lower_bound":429.054640969961,"upper_bound":1457.0153346105687},"point_estimate":736.8510837020724,"standard_error":253.4672371481603},"slope":{"confidence_interval":{"confidence_level":0.95,"lower_bound":76111.5951445278,"upper_bound":76425.37626343424},"point_estimate":76254.39927826215,"standard_error":80.61826760653906},"std_dev":{"confidence_interval":{"confidence_level":0.95,"lower_bound":1076.8764796031444,"upper_bound":1701.5638762772094},"point_estimate":1368.7916720453693,"standard_error":167.6703623452264}}