{"mean":{"confidence_interval":{"confidence_level":0.95,"lower_bound":199444958.1835,"upper_bound":199606229.415},"point_estimate":199523560.59,"standard_error":41135.12523353075},"median":{"confidence_interval":{"confidence_level":0.95,"lower_bound":199315767.0,"upper_bound":199539067.0},"point_estimate":199429704.0,"standard_error":52453.02435272797},"median_abs_dev":{"confidence_interval":{"confidence_level":0.95,"lower_bound":264515.1091039181,"upper_bound":468947.85427451134},"point_estimate":364870.07742226124,"standard_error":49748.13483168922},"slope":null,"std_dev":{"confidence_interval":{"confidence_level":0.95,"lower_bound":335025.01679471036,"upper_bound":484819.0979911576},"point_estimate":411496.7166757851,"standard_error":38295.32432773037}}