{"mean":{"confidence_interval":{"confidence_level":0.95,"lower_bound":287176708.7605,"upper_bound":287516298.05700004},"point_estimate":287341209.91,"standard_error":86713.70267787321},"median":{"confidence_interval":{"confidence_level":0.95,"lower_bound":286991068.0,"upper_bound":287354212.0},"point_estimate":287174516.5,"standard_error":79726.05809099955},"median_abs_dev":{"confidence_interval":{"confidence_level":0.95,"lower_bound":514679.39176261425,"upper_bound":810746.4522063732},"point_estimate":682994.5189744234,"standard_error":75229.68881396895},"slope":null,"std_dev":{"confidence_interval":{"confidence_level":0.95,"lower_bound":677651.3656690043,"upper_bound":1039308.5144433408},"point_estimate":870492.2735347854,"standard_error":92686.38985286892}}