{"mean":{"confidence_interval":{"confidence_level":0.95,"lower_bound":73611262.94,"upper_bound":73834827.63100001},"point_estimate":73709748.96,"standard_error":57750.805775452056},"median":{"confidence_interval":{"confidence_level":0.95,"lower_bound":73548021.5,"upper_bound":73702458.0},"point_estimate":73629532.0,"standard_error":43327.74627181229},"median_abs_dev":{"confidence_interval":{"confidence_level":0.95,"lower_bound":257788.55302333832,"upper_bound":448213.6936426163},"point_estimate":346885.3984415531,"standard_error":51474.577822632076},"slope":null,"std_dev":{"confidence_interval":{"confidence_level":0.95,"lower_bound":311778.5954523867,"upper_bound":867648.6765963295},"point_estimate":578368.7043269429,"standard_error":173379.53796623327}}