{"mean":{"confidence_interval":{"confidence_level":0.95,"lower_bound":210148921.2965,"upper_bound":212553793.90025},"point_estimate":211295528.32,"standard_error":614596.9675110974},"median":{"confidence_interval":{"confidence_level":0.95,"lower_bound":209654245.0,"upper_bound":211216782.0},"point_estimate":210470266.0,"standard_error":388597.05957310944},"median_abs_dev":{"confidence_interval":{"confidence_level":0.95,"lower_bound":2628279.8446387053,"upper_bound":5005452.473035455},"point_estimate":3733487.7015173435,"standard_error":607632.3019113704},"slope":null,"std_dev":{"confidence_interval":{"confidence_level":0.95,"lower_bound":4485558.242703825,"upper_bound":7677428.368141516},"point_estimate":6160975.867474937,"standard_error":817282.6548215437}}