{"mean":{"confidence_interval":{"confidence_level":0.95,"lower_bound":77852601.90775,"upper_bound":78197921.84},"point_estimate":78033126.19,"standard_error":88072.34583630197},"median":{"confidence_interval":{"confidence_level":0.95,"lower_bound":77972369.0,"upper_bound":78296903.0},"point_estimate":78127197.5,"standard_error":79865.78992820604},"median_abs_dev":{"confidence_interval":{"confidence_level":0.95,"lower_bound":382068.23711693287,"upper_bound":618507.3505192995},"point_estimate":520773.6189544201,"standard_error":62492.97438784632},"slope":null,"std_dev":{"confidence_interval":{"confidence_level":0.95,"lower_bound":658369.5676296112,"upper_bound":1065055.2877256018},"point_estimate":880618.9652210679,"standard_error":103768.38295548716}}