{"mean":{"confidence_interval":{"confidence_level":0.95,"lower_bound":166453096.44750002,"upper_bound":168519227.04749998},"point_estimate":167446747.02,"standard_error":527853.8146419375},"median":{"confidence_interval":{"confidence_level":0.95,"lower_bound":165286180.0,"upper_bound":166975603.0},"point_estimate":166181179.5,"standard_error":433390.0040910625},"median_abs_dev":{"confidence_interval":{"confidence_level":0.95,"lower_bound":2994861.5837305784,"upper_bound":5083480.227050185},"point_estimate":4057134.0866714716,"standard_error":510885.16525379685},"slope":null,"std_dev":{"confidence_interval":{"confidence_level":0.95,"lower_bound":4100430.4370577307,"upper_bound":6379304.481501278},"point_estimate":5302361.114944186,"standard_error":583122.9430860503}}