{"mean":{"confidence_interval":{"confidence_level":0.95,"lower_bound":313201771.328,"upper_bound":313743724.39024997},"point_estimate":313456107.91,"standard_error":138377.07522166215},"median":{"confidence_interval":{"confidence_level":0.95,"lower_bound":313044301.5,"upper_bound":313615159.0},"point_estimate":313307565.0,"standard_error":150427.19739466443},"median_abs_dev":{"confidence_interval":{"confidence_level":0.95,"lower_bound":714421.9319164753,"upper_bound":1163913.6267364025},"point_estimate":948254.634565115,"standard_error":113442.44843653776},"slope":null,"std_dev":{"confidence_interval":{"confidence_level":0.95,"lower_bound":928618.0364731156,"upper_bound":1804786.2190926913},"point_estimate":1389149.5214647776,"standard_error":224132.1513012008}}