{"mean":{"confidence_interval":{"confidence_level":0.95,"lower_bound":249368352.51450002,"upper_bound":250028826.76025},"point_estimate":249681214.23,"standard_error":168672.58179673704},"median":{"confidence_interval":{"confidence_level":0.95,"lower_bound":249710335.0,"upper_bound":249838487.5},"point_estimate":249779736.5,"standard_error":31980.817696332106},"median_abs_dev":{"confidence_interval":{"confidence_level":0.95,"lower_bound":325722.76641726494,"upper_bound":838307.9857170582},"point_estimate":522410.40932536125,"standard_error":129443.7202619121},"slope":null,"std_dev":{"confidence_interval":{"confidence_level":0.95,"lower_bound":1153696.0137413926,"upper_bound":2185922.959491026},"point_estimate":1693337.063202137,"standard_error":266374.1092557623}}