{"mean":{"confidence_interval":{"confidence_level":0.95,"lower_bound":76955999.0,"upper_bound":77357439.35675},"point_estimate":77161626.77,"standard_error":102249.02129511455},"median":{"confidence_interval":{"confidence_level":0.95,"lower_bound":77071690.0,"upper_bound":77379138.5},"point_estimate":77238308.0,"standard_error":84297.4673563937},"median_abs_dev":{"confidence_interval":{"confidence_level":0.95,"lower_bound":433911.79299652576,"upper_bound":720273.0127125978},"point_estimate":540016.2840127945,"standard_error":74067.09776805823},"slope":null,"std_dev":{"confidence_interval":{"confidence_level":0.95,"lower_bound":775028.2022231077,"upper_bound":1248687.3402095856},"point_estimate":1027709.7952835002,"standard_error":120160.37014435536}}