{"mean":{"confidence_interval":{"confidence_level":0.95,"lower_bound":154215578.4575,"upper_bound":154592097.8695},"point_estimate":154404064.31,"standard_error":95997.81445213238},"median":{"confidence_interval":{"confidence_level":0.95,"lower_bound":154209266.5,"upper_bound":154559907.0},"point_estimate":154434474.5,"standard_error":91453.20856887805},"median_abs_dev":{"confidence_interval":{"confidence_level":0.95,"lower_bound":644497.3280578852,"upper_bound":1134636.7250561714},"point_estimate":859164.4608467817,"standard_error":126309.82164981672},"slope":null,"std_dev":{"confidence_interval":{"confidence_level":0.95,"lower_bound":806891.6845344739,"upper_bound":1109847.4709347242},"point_estimate":964209.2405079947,"standard_error":77339.55303527376}}