{"mean":{"confidence_interval":{"confidence_level":0.95,"lower_bound":74177676.30524999,"upper_bound":74667873.7235},"point_estimate":74417120.41,"standard_error":124724.20848690442},"median":{"confidence_interval":{"confidence_level":0.95,"lower_bound":73849267.0,"upper_bound":74354715.5},"point_estimate":74067143.5,"standard_error":114791.36600392993},"median_abs_dev":{"confidence_interval":{"confidence_level":0.95,"lower_bound":702704.9443244934,"upper_bound":1398230.3982764482},"point_estimate":935553.2005906105,"standard_error":183575.77935554297},"slope":null,"std_dev":{"confidence_interval":{"confidence_level":0.95,"lower_bound":1052238.6307290783,"upper_bound":1409491.7619095983},"point_estimate":1241621.342507792,"standard_error":90982.04899688245}}