{"mean":{"confidence_interval":{"confidence_level":0.95,"lower_bound":74403272.99,"upper_bound":74617350.88125001},"point_estimate":74508197.97,"standard_error":54849.90059590417},"median":{"confidence_interval":{"confidence_level":0.95,"lower_bound":74349165.0,"upper_bound":74554134.5},"point_estimate":74460665.5,"standard_error":54371.255350632164},"median_abs_dev":{"confidence_interval":{"confidence_level":0.95,"lower_bound":325785.03561615944,"upper_bound":571393.2885557413},"point_estimate":455602.2306114435,"standard_error":63227.868180007885},"slope":null,"std_dev":{"confidence_interval":{"confidence_level":0.95,"lower_bound":431411.01086880366,"upper_bound":662614.2213268651},"point_estimate":551438.4641110197,"standard_error":59259.5495168484}}