{"mean":{"confidence_interval":{"confidence_level":0.95,"lower_bound":72954264.96675,"upper_bound":73206865.41},"point_estimate":73070887.3,"standard_error":64536.10551612824},"median":{"confidence_interval":{"confidence_level":0.95,"lower_bound":72857682.0,"upper_bound":73192324.0},"point_estimate":73007420.5,"standard_error":95092.355610806},"median_abs_dev":{"confidence_interval":{"confidence_level":0.95,"lower_bound":393248.5235184431,"upper_bound":600560.4778379202},"point_estimate":528019.8263257742,"standard_error":53772.51642902786},"slope":null,"std_dev":{"confidence_interval":{"confidence_level":0.95,"lower_bound":425861.02972678374,"upper_bound":915508.2104324965},"point_estimate":649064.7382108172,"standard_error":141488.59527363532}}