{"mean":{"confidence_interval":{"confidence_level":0.95,"lower_bound":74970851.84,"upper_bound":76423237.07274999},"point_estimate":75638520.12,"standard_error":373567.223954606},"median":{"confidence_interval":{"confidence_level":0.95,"lower_bound":74462085.5,"upper_bound":74837558.0},"point_estimate":74644419.0,"standard_error":92134.72259707269},"median_abs_dev":{"confidence_interval":{"confidence_level":0.95,"lower_bound":707370.9088316561,"upper_bound":1476390.844988823},"point_estimate":1161903.9624720812,"standard_error":197463.02277911757},"slope":null,"std_dev":{"confidence_interval":{"confidence_level":0.95,"lower_bound":1887635.3955731655,"upper_bound":5161049.732247059},"point_estimate":3777767.4986183615,"standard_error":808369.3724242642}}