{"mean":{"confidence_interval":{"confidence_level":0.95,"lower_bound":143261295.17375,"upper_bound":143428568.60125},"point_estimate":143345794.25,"standard_error":42775.379887507705},"median":{"confidence_interval":{"confidence_level":0.95,"lower_bound":143301899.0,"upper_bound":143488201.0},"point_estimate":143402946.5,"standard_error":56900.01859551835},"median_abs_dev":{"confidence_interval":{"confidence_level":0.95,"lower_bound":306895.9706515074,"upper_bound":580445.3026950359},"point_estimate":505788.23972046375,"standard_error":71673.75531524033},"slope":null,"std_dev":{"confidence_interval":{"confidence_level":0.95,"lower_bound":376003.45329667954,"upper_bound":479226.15150129166},"point_estimate":431367.9446155754,"standard_error":26300.987520840004}}