{"mean":{"confidence_interval":{"confidence_level":0.95,"lower_bound":120063965.16399999,"upper_bound":120547851.3185},"point_estimate":120302873.27,"standard_error":123945.4721533103},"median":{"confidence_interval":{"confidence_level":0.95,"lower_bound":119875094.0,"upper_bound":120406387.0},"point_estimate":120158544.5,"standard_error":135504.67575363215},"median_abs_dev":{"confidence_interval":{"confidence_level":0.95,"lower_bound":846047.8988796473,"upper_bound":1403717.5563765294},"point_estimate":1109890.648895502,"standard_error":142067.97199531356},"slope":null,"std_dev":{"confidence_interval":{"confidence_level":0.95,"lower_bound":1029844.5834247968,"upper_bound":1433491.281292018},"point_estimate":1243303.4511570407,"standard_error":102889.25503830143}}