{"mean":{"confidence_interval":{"confidence_level":0.95,"lower_bound":157876561.29975,"upper_bound":158371755.45975},"point_estimate":158117835.39,"standard_error":126902.34594862972},"median":{"confidence_interval":{"confidence_level":0.95,"lower_bound":157632128.0,"upper_bound":158117412.0},"point_estimate":157879226.5,"standard_error":113797.62873397044},"median_abs_dev":{"confidence_interval":{"confidence_level":0.95,"lower_bound":816758.3950996399,"upper_bound":1290098.451796174},"point_estimate":1001322.8180229664,"standard_error":120428.71434128047},"slope":null,"std_dev":{"confidence_interval":{"confidence_level":0.95,"lower_bound":1027781.3091772372,"upper_bound":1512223.6181457036},"point_estimate":1277942.6357020687,"standard_error":124065.66777510966}}