{"mean":{"confidence_interval":{"confidence_level":0.95,"lower_bound":166498038.94625002,"upper_bound":168806871.811},"point_estimate":167618070.49,"standard_error":590597.2463842885},"median":{"confidence_interval":{"confidence_level":0.95,"lower_bound":165305953.5,"upper_bound":167727587.0},"point_estimate":166687207.5,"standard_error":649836.5042555453},"median_abs_dev":{"confidence_interval":{"confidence_level":0.95,"lower_bound":4327930.230563879,"upper_bound":6592299.239963293},"point_estimate":5965538.996690512,"standard_error":565566.2829820972},"slope":null,"std_dev":{"confidence_interval":{"confidence_level":0.95,"lower_bound":4819619.342455048,"upper_bound":6880303.899268552},"point_estimate":5898114.435482218,"standard_error":524915.9751907074}}