{"mean":{"confidence_interval":{"confidence_level":0.95,"lower_bound":150174833.7215,"upper_bound":155211113.372},"point_estimate":152203732.95,"standard_error":1323637.4228874194},"median":{"confidence_interval":{"confidence_level":0.95,"lower_bound":149853438.0,"upper_bound":151067591.0},"point_estimate":150192639.0,"standard_error":294860.42570633016},"median_abs_dev":{"confidence_interval":{"confidence_level":0.95,"lower_bound":1973260.5045676231,"upper_bound":3430084.124831331},"point_estimate":2929991.1631822586,"standard_error":355531.35768903233},"slope":null,"std_dev":{"confidence_interval":{"confidence_level":0.95,"lower_bound":2852960.702000138,"upper_bound":21719660.451355636},"point_estimate":13360415.746731872,"standard_error":5446745.996143966}}