{"mean":{"confidence_interval":{"confidence_level":0.95,"lower_bound":78351750.82525,"upper_bound":79373303.4215},"point_estimate":78801429.3,"standard_error":262579.92693427234},"median":{"confidence_interval":{"confidence_level":0.95,"lower_bound":78009673.0,"upper_bound":78656659.0},"point_estimate":78425278.0,"standard_error":169831.2705341287},"median_abs_dev":{"confidence_interval":{"confidence_level":0.95,"lower_bound":896439.248085022,"upper_bound":1333043.442633748},"point_estimate":1107505.1455378532,"standard_error":114451.14799312972},"slope":null,"std_dev":{"confidence_interval":{"confidence_level":0.95,"lower_bound":1195043.1686299702,"upper_bound":3955916.299174939},"point_estimate":2634495.323611817,"standard_error":745610.2358152554}}