{"mean":{"confidence_interval":{"confidence_level":0.95,"lower_bound":142782121.92125,"upper_bound":143265756.67824998},"point_estimate":143027130.69,"standard_error":123881.87832998393},"median":{"confidence_interval":{"confidence_level":0.95,"lower_bound":142710715.0,"upper_bound":143497960.0},"point_estimate":142969018.0,"standard_error":178907.1752489367},"median_abs_dev":{"confidence_interval":{"confidence_level":0.95,"lower_bound":1053061.850604415,"upper_bound":1539647.4554657936},"point_estimate":1347205.9788823128,"standard_error":123316.54770034825},"slope":null,"std_dev":{"confidence_interval":{"confidence_level":0.95,"lower_bound":1068345.7663464942,"upper_bound":1393630.0468459683},"point_estimate":1239736.6976240852,"standard_error":83039.47594317475}}