{"mean":{"confidence_interval":{"confidence_level":0.95,"lower_bound":74235462.89,"upper_bound":75507084.8945},"point_estimate":74736902.81,"standard_error":335885.31415085774},"median":{"confidence_interval":{"confidence_level":0.95,"lower_bound":73928924.0,"upper_bound":74225547.0},"point_estimate":74065839.0,"standard_error":71128.17565667984},"median_abs_dev":{"confidence_interval":{"confidence_level":0.95,"lower_bound":383321.7753946781,"upper_bound":713948.9825248718},"point_estimate":547134.9877864122,"standard_error":87536.60427859127},"slope":null,"std_dev":{"confidence_interval":{"confidence_level":0.95,"lower_bound":908566.6063416778,"upper_bound":5528304.631633636},"point_estimate":3375877.8468961394,"standard_error":1461362.826156628}}