{"mean":{"confidence_interval":{"confidence_level":0.95,"lower_bound":325461936.5345,"upper_bound":325807370.06475},"point_estimate":325627836.66,"standard_error":88230.95069732046},"median":{"confidence_interval":{"confidence_level":0.95,"lower_bound":325345694.0,"upper_bound":325803624.0},"point_estimate":325563979.0,"standard_error":114225.18028561168},"median_abs_dev":{"confidence_interval":{"confidence_level":0.95,"lower_bound":557609.1488854589,"upper_bound":850072.6018331943},"point_estimate":652828.0573099852,"standard_error":75764.6754438336},"slope":null,"std_dev":{"confidence_interval":{"confidence_level":0.95,"lower_bound":679575.3567949825,"upper_bound":1077381.287478609},"point_estimate":889704.0871741391,"standard_error":101540.02175899364}}