{"mean":{"confidence_interval":{"confidence_level":0.95,"lower_bound":171557441.88700002,"upper_bound":173871642.14025},"point_estimate":172681812.72,"standard_error":590071.4054094894},"median":{"confidence_interval":{"confidence_level":0.95,"lower_bound":170662724.0,"upper_bound":172731123.5},"point_estimate":171380107.0,"standard_error":577080.5737259131},"median_abs_dev":{"confidence_interval":{"confidence_level":0.95,"lower_bound":3694679.9059063196,"upper_bound":6576731.79197967},"point_estimate":5277570.354804397,"standard_error":741160.892115813},"slope":null,"std_dev":{"confidence_interval":{"confidence_level":0.95,"lower_bound":4775438.079859296,"upper_bound":6971062.363058491},"point_estimate":5914392.9517755965,"standard_error":561980.0224141113}}