{"mean":{"confidence_interval":{"confidence_level":0.95,"lower_bound":165702448.97024998,"upper_bound":165840485.69275},"point_estimate":165771405.26,"standard_error":35233.95954485877},"median":{"confidence_interval":{"confidence_level":0.95,"lower_bound":165716584.5,"upper_bound":165832237.0},"point_estimate":165779935.5,"standard_error":32618.744221370463},"median_abs_dev":{"confidence_interval":{"confidence_level":0.95,"lower_bound":217576.7352372408,"upper_bound":424994.6954548359},"point_estimate":304457.83499479294,"standard_error":55799.00843214882},"slope":null,"std_dev":{"confidence_interval":{"confidence_level":0.95,"lower_bound":299027.0277431936,"upper_bound":406769.92620818},"point_estimate":354967.8332869568,"standard_error":27461.971909549273}}