{"mean":{"confidence_interval":{"confidence_level":0.95,"lower_bound":172201404.926,"upper_bound":172895102.35575},"point_estimate":172518287.64,"standard_error":177302.99607503816},"median":{"confidence_interval":{"confidence_level":0.95,"lower_bound":172136023.0,"upper_bound":172544337.0},"point_estimate":172380115.0,"standard_error":97650.39602170979},"median_abs_dev":{"confidence_interval":{"confidence_level":0.95,"lower_bound":574887.0353937149,"upper_bound":958346.6925859451},"point_estimate":755868.7554806471,"standard_error":96515.64179146265},"slope":null,"std_dev":{"confidence_interval":{"confidence_level":0.95,"lower_bound":1070925.6371817784,"upper_bound":2543892.109733772},"point_estimate":1778262.21066694,"standard_error":412460.018091424}}