{"mean":{"confidence_interval":{"confidence_level":0.95,"lower_bound":72578989.55125,"upper_bound":73288541.253},"point_estimate":72852781.68,"standard_error":190553.73006544518},"median":{"confidence_interval":{"confidence_level":0.95,"lower_bound":72445234.0,"upper_bound":72593720.0},"point_estimate":72526539.5,"standard_error":37635.73579065633},"median_abs_dev":{"confidence_interval":{"confidence_level":0.95,"lower_bound":286948.53316314536,"upper_bound":490248.3680963516},"point_estimate":374418.7625527382,"standard_error":50597.689852992284},"slope":null,"std_dev":{"confidence_interval":{"confidence_level":0.95,"lower_bound":473773.70407893654,"upper_bound":3183648.2534027826},"point_estimate":1919359.1574713816,"standard_error":891225.5505950286}}