{"mean":{"confidence_interval":{"confidence_level":0.95,"lower_bound":74189386.74,"upper_bound":74386934.99800001},"point_estimate":74287889.64,"standard_error":50419.488533881144},"median":{"confidence_interval":{"confidence_level":0.95,"lower_bound":74140110.0,"upper_bound":74358323.0},"point_estimate":74259703.0,"standard_error":64998.339011707576},"median_abs_dev":{"confidence_interval":{"confidence_level":0.95,"lower_bound":366427.86374710506,"upper_bound":568637.8765046597},"point_estimate":466712.83481419086,"standard_error":52075.30404925882},"slope":null,"std_dev":{"confidence_interval":{"confidence_level":0.95,"lower_bound":414474.14169006125,"upper_bound":594447.123939268},"point_estimate":507621.29427704815,"standard_error":46146.594436973086}}