{"mean":{"confidence_interval":{"confidence_level":0.95,"lower_bound":333640956.713,"upper_bound":333993653.65250003},"point_estimate":333806470.92,"standard_error":90295.10269364451},"median":{"confidence_interval":{"confidence_level":0.95,"lower_bound":333585576.0,"upper_bound":333895803.0},"point_estimate":333815711.5,"standard_error":82899.70109605689},"median_abs_dev":{"confidence_interval":{"confidence_level":0.95,"lower_bound":503311.55646443367,"upper_bound":833819.4142967463},"point_estimate":616854.2515486479,"standard_error":86967.4763350734},"slope":null,"std_dev":{"confidence_interval":{"confidence_level":0.95,"lower_bound":596421.2134671463,"upper_bound":1258218.4761418616},"point_estimate":909058.602157962,"standard_error":183094.11962290204}}