{"mean":{"confidence_interval":{"confidence_level":0.95,"lower_bound":75019505.85249999,"upper_bound":75458057.2565},"point_estimate":75239536.37,"standard_error":112132.23406052371},"median":{"confidence_interval":{"confidence_level":0.95,"lower_bound":74861983.0,"upper_bound":75665665.0},"point_estimate":75322733.0,"standard_error":194621.66658272763},"median_abs_dev":{"confidence_interval":{"confidence_level":0.95,"lower_bound":989182.7334634964,"upper_bound":1519386.7631354919},"point_estimate":1224617.9413586855,"standard_error":136362.2445231881},"slope":null,"std_dev":{"confidence_interval":{"confidence_level":0.95,"lower_bound":999545.8494936917,"upper_bound":1247305.282873678},"point_estimate":1131293.83743137,"standard_error":63695.35907106275}}