{"mean":{"confidence_interval":{"confidence_level":0.95,"lower_bound":176454902.7355,"upper_bound":179789343.99725002},"point_estimate":178069402.97,"standard_error":851999.4801445777},"median":{"confidence_interval":{"confidence_level":0.95,"lower_bound":174307163.0,"upper_bound":178013329.5},"point_estimate":175802169.5,"standard_error":928666.6428540593},"median_abs_dev":{"confidence_interval":{"confidence_level":0.95,"lower_bound":4540556.564489007,"upper_bound":8440796.010078393},"point_estimate":6024868.199837208,"standard_error":1052720.1427326798},"slope":null,"std_dev":{"confidence_interval":{"confidence_level":0.95,"lower_bound":6855044.079781185,"upper_bound":10060645.052533528},"point_estimate":8568504.472999454,"standard_error":821094.375448699}}