{"mean":{"confidence_interval":{"confidence_level":0.95,"lower_bound":-0.019712413529442387,"upper_bound":-0.0017311582523250764},"point_estimate":-0.010840216152342097,"standard_error":0.004667170608819315},"median":{"confidence_interval":{"confidence_level":0.95,"lower_bound":-0.021989700793281886,"upper_bound":-0.004686625626104668},"point_estimate":-0.010941261102075273,"standard_error":0.003848317501272653}}