{"mean":{"confidence_interval":{"confidence_level":0.95,"lower_bound":-0.03750915307360614,"upper_bound":-0.02371539560462077},"point_estimate":-0.03064156689821229,"standard_error":0.003516783922727061},"median":{"confidence_interval":{"confidence_level":0.95,"lower_bound":-0.03888894140456711,"upper_bound":-0.021767347622216104},"point_estimate":-0.030342909811097107,"standard_error":0.004840938085766634}}