{"mean":{"confidence_interval":{"confidence_level":0.95,"lower_bound":-0.00003524755880662804,"upper_bound":0.0013745990931369409},"point_estimate":0.00040205978814977783,"standard_error":0.00036742376662984687},"median":{"confidence_interval":{"confidence_level":0.95,"lower_bound":-0.00005024695557520609,"upper_bound":0.00007197701142258595},"point_estimate":2.7864347169614945e-6,"standard_error":0.00003065266251668616}}