{"mean":{"confidence_interval":{"confidence_level":0.95,"lower_bound":-0.0013825329337314477,"upper_bound":0.00029038438173125113},"point_estimate":-0.00044036228458399496,"standard_error":0.00043061563808202355},"median":{"confidence_interval":{"confidence_level":0.95,"lower_bound":-0.00008118695384295993,"upper_bound":0.00025548192376079193},"point_estimate":0.000034649637560724145,"standard_error":0.00008604206350918743}}