{"mean":{"confidence_interval":{"confidence_level":0.95,"lower_bound":0.0196663147689298,"upper_bound":0.028154412468578575},"point_estimate":0.023859185724910414,"standard_error":0.0021678353590019214},"median":{"confidence_interval":{"confidence_level":0.95,"lower_bound":0.014306459955400808,"upper_bound":0.029183911826416616},"point_estimate":0.021886232651745274,"standard_error":0.004157488131858442}}