{"mean":{"confidence_interval":{"confidence_level":0.95,"lower_bound":0.0017568547089984571,"upper_bound":0.044856680771542895},"point_estimate":0.01807486277877257,"standard_error":0.011025114901221876},"median":{"confidence_interval":{"confidence_level":0.95,"lower_bound":0.00004959988097574808,"upper_bound":0.0005135206135531423},"point_estimate":0.00022940540157101452,"standard_error":0.00012018586793387453}}