{"mean":{"confidence_interval":{"confidence_level":0.95,"lower_bound":0.026967756689282474,"upper_bound":0.03671656725849371},"point_estimate":0.0318230347103996,"standard_error":0.002493041130130466},"median":{"confidence_interval":{"confidence_level":0.95,"lower_bound":0.023644344220648296,"upper_bound":0.04372483807942418},"point_estimate":0.03476470298636736,"standard_error":0.0052135813984391976}}