{"mean":{"confidence_interval":{"confidence_level":0.95,"lower_bound":0.00006825590203796139,"upper_bound":0.0002796237337205298},"point_estimate":0.0001681720780546403,"standard_error":0.00005471495235612174},"median":{"confidence_interval":{"confidence_level":0.95,"lower_bound":0.00010111308573046429,"upper_bound":0.00021234115121604447},"point_estimate":0.00014586327121413056,"standard_error":0.000030417144737118517}}