{"mean":{"confidence_interval":{"confidence_level":0.95,"lower_bound":0.05416131237269947,"upper_bound":0.059936582127466526},"point_estimate":0.05699037416206432,"standard_error":0.001467524302997412},"median":{"confidence_interval":{"confidence_level":0.95,"lower_bound":0.052593559096272405,"upper_bound":0.06240193752182477},"point_estimate":0.05841539065779311,"standard_error":0.0026734732826489177}}