{"mean":{"confidence_interval":{"confidence_level":0.95,"lower_bound":-0.03172854969540138,"upper_bound":-0.023173590842617567},"point_estimate":-0.027549664767291704,"standard_error":0.0022300379247683763},"median":{"confidence_interval":{"confidence_level":0.95,"lower_bound":-0.03851481127003727,"upper_bound":-0.01557489181989069},"point_estimate":-0.02614183650318891,"standard_error":0.004800695279993011}}