{"mean":{"confidence_interval":{"confidence_level":0.95,"lower_bound":-0.0017984810929175447,"upper_bound":0.000045384790773350234},"point_estimate":-0.0008061631542590764,"standard_error":0.00047054989878468753},"median":{"confidence_interval":{"confidence_level":0.95,"lower_bound":-0.00016520029746835974,"upper_bound":0.00015583696957732762},"point_estimate":0.000034586883406184654,"standard_error":0.00008470781671468254}}