{"mean":{"confidence_interval":{"confidence_level":0.95,"lower_bound":-0.20374453630623932,"upper_bound":-0.19522249779639528},"point_estimate":-0.19923711681898504,"standard_error":0.0021815201531159983},"median":{"confidence_interval":{"confidence_level":0.95,"lower_bound":-0.1948750298647972,"upper_bound":-0.18942842230627754},"point_estimate":-0.19186688241287875,"standard_error":0.001376203891262983}}