{"mean":{"confidence_interval":{"confidence_level":0.95,"lower_bound":-0.00011611916656673049,"upper_bound":0.0007361694309520105},"point_estimate":0.0003123842441326019,"standard_error":0.00021506237567791244},"median":{"confidence_interval":{"confidence_level":0.95,"lower_bound":-0.00008189287325921502,"upper_bound":0.00025667365468051706},"point_estimate":0.00007445199202460451,"standard_error":0.00008653429613947652}}