{"mean":{"confidence_interval":{"confidence_level":0.95,"lower_bound":-0.0018326553034399362,"upper_bound":0.0001047646760659049},"point_estimate":-0.0007012103583731166,"standard_error":0.0005022938951174111},"median":{"confidence_interval":{"confidence_level":0.95,"lower_bound":-0.00037983770617999735,"upper_bound":0.000012374845531182288},"point_estimate":-0.0001406220097421862,"standard_error":0.00009343949856809924}}