{"mean":{"confidence_interval":{"confidence_level":0.95,"lower_bound":-0.0006292827991049659,"upper_bound":0.0004467776116566061},"point_estimate":-0.00012071685460457449,"standard_error":0.0002706764156716902},"median":{"confidence_interval":{"confidence_level":0.95,"lower_bound":-0.0001657959123382291,"upper_bound":0.00012836436123775385},"point_estimate":-0.000015407672076972467,"standard_error":0.00006997252765703963}}