{"mean":{"confidence_interval":{"confidence_level":0.95,"lower_bound":-0.048803101476339136,"upper_bound":-0.036706890672187305},"point_estimate":-0.04328012304807394,"standard_error":0.0031020796861655083},"median":{"confidence_interval":{"confidence_level":0.95,"lower_bound":-0.053078275406875264,"upper_bound":-0.04560205591399112},"point_estimate":-0.05013603019749879,"standard_error":0.0020178931660800605}}