{"mean":{"confidence_interval":{"confidence_level":0.95,"lower_bound":-0.1868337441262165,"upper_bound":-0.17590508163727242},"point_estimate":-0.18129948731506618,"standard_error":0.0027121248390024433},"median":{"confidence_interval":{"confidence_level":0.95,"lower_bound":-0.19659636241971523,"upper_bound":-0.1798121330689022},"point_estimate":-0.1871672688997379,"standard_error":0.004442179755478995}}