{"mean":{"confidence_interval":{"confidence_level":0.95,"lower_bound":-0.1741656449443728,"upper_bound":-0.1715283743290026},"point_estimate":-0.17286480632629586,"standard_error":0.0006738893045102194},"median":{"confidence_interval":{"confidence_level":0.95,"lower_bound":-0.17524548396864748,"upper_bound":-0.1713845732347966},"point_estimate":-0.17430028283114807,"standard_error":0.0010520108167245109}}