{"mean":{"confidence_interval":{"confidence_level":0.95,"lower_bound":0.015654451316247566,"upper_bound":0.035678508102758535},"point_estimate":0.02563877906143741,"standard_error":0.005477698414767985},"median":{"confidence_interval":{"confidence_level":0.95,"lower_bound":0.010008444808280892,"upper_bound":0.030392276668142593},"point_estimate":0.021205200164198024,"standard_error":0.006465894277456668}}