{"mean":{"confidence_interval":{"confidence_level":0.95,"lower_bound":-0.0017992850995354767,"upper_bound":0.0009896092504370945},"point_estimate":-0.0003424421738639216,"standard_error":0.0007091734956724852},"median":{"confidence_interval":{"confidence_level":0.95,"lower_bound":-0.0001813390575403137,"upper_bound":0.0001455910993337639},"point_estimate":-0.00001127355513552697,"standard_error":0.00008389367110181243}}