{"mean":{"confidence_interval":{"confidence_level":0.95,"lower_bound":-0.0006412234041266617,"upper_bound":0.0003701158976715466},"point_estimate":-0.0001348788325602479,"standard_error":0.00025630214162868304},"median":{"confidence_interval":{"confidence_level":0.95,"lower_bound":-0.00016585393424550787,"upper_bound":0.0002909435039448738},"point_estimate":0.00014615119959349165,"standard_error":0.00011775207598901268}}