{"mean":{"confidence_interval":{"confidence_level":0.95,"lower_bound":-0.15173807327296046,"upper_bound":-0.13440590423897206},"point_estimate":-0.14275480313004985,"standard_error":0.004439765703636653},"median":{"confidence_interval":{"confidence_level":0.95,"lower_bound":-0.13792097702670997,"upper_bound":-0.12280897282989789},"point_estimate":-0.1305926002093053,"standard_error":0.0038070492210784505}}