{"mean":{"confidence_interval":{"confidence_level":0.95,"lower_bound":-0.0014430363288867707,"upper_bound":0.00015081371648719653},"point_estimate":-0.0005093991679805399,"standard_error":0.00041431373069462013},"median":{"confidence_interval":{"confidence_level":0.95,"lower_bound":-0.00015936564384122498,"upper_bound":0.0001247972345925774},"point_estimate":-4.324101312791484e-6,"standard_error":0.00007353501277553479}}