{"mean":{"confidence_interval":{"confidence_level":0.95,"lower_bound":-0.000549149163236942,"upper_bound":0.001222515661632295},"point_estimate":0.00031475963747173985,"standard_error":0.0004605291105056366},"median":{"confidence_interval":{"confidence_level":0.95,"lower_bound":0.000017986594479380003,"upper_bound":0.0002532179597809492},"point_estimate":0.00014386945770139548,"standard_error":0.000058317918201442265}}