{"mean":{"confidence_interval":{"confidence_level":0.95,"lower_bound":-0.0008267587036950629,"upper_bound":-0.00016180710399569541},"point_estimate":-0.0004354949375907635,"standard_error":0.00017339693072008556},"median":{"confidence_interval":{"confidence_level":0.95,"lower_bound":-0.000411249141234582,"upper_bound":-0.00021956059403072103},"point_estimate":-0.0003050403609474728,"standard_error":0.00004883360024561391}}