{"mean":{"confidence_interval":{"confidence_level":0.95,"lower_bound":0.01480318016019394,"upper_bound":0.022708744418339366},"point_estimate":0.018675909246908207,"standard_error":0.0020226762187606864},"median":{"confidence_interval":{"confidence_level":0.95,"lower_bound":0.00473894391649039,"upper_bound":0.016699158412236237},"point_estimate":0.012422862393635548,"standard_error":0.0029130425935105543}}