{"mean":{"confidence_interval":{"confidence_level":0.95,"lower_bound":0.06563461850458542,"upper_bound":0.08860122058986583},"point_estimate":0.07632792722859194,"standard_error":0.005514628023058173},"median":{"confidence_interval":{"confidence_level":0.95,"lower_bound":0.0551856146447146,"upper_bound":0.07743920017998662},"point_estimate":0.0643601174261399,"standard_error":0.0061405776754801964}}