{"mean":{"confidence_interval":{"confidence_level":0.95,"lower_bound":-0.013910831863258376,"upper_bound":-0.00028531253913884985},"point_estimate":-0.005416121282196262,"standard_error":0.0036691869488426226},"median":{"confidence_interval":{"confidence_level":0.95,"lower_bound":-0.00023668721537073445,"upper_bound":0.00003163634599867571},"point_estimate":-0.00010058588776529209,"standard_error":0.00006860497226076737}}