{"mean":{"confidence_interval":{"confidence_level":0.95,"lower_bound":-0.0006866602533663363,"upper_bound":-0.00017480352437455895},"point_estimate":-0.00041394809976080804,"standard_error":0.0001302251345714838},"median":{"confidence_interval":{"confidence_level":0.95,"lower_bound":-0.0002982314812493003,"upper_bound":-0.00003254349070716828},"point_estimate":-0.00016250601572731505,"standard_error":0.00006976974218997284}}