{"mean":{"confidence_interval":{"confidence_level":0.95,"lower_bound":-0.0008964157756037981,"upper_bound":0.00035465373836850964},"point_estimate":-0.00026146758678080584,"standard_error":0.0003184695597154389},"median":{"confidence_interval":{"confidence_level":0.95,"lower_bound":-0.0002698222304398199,"upper_bound":-0.000012746964985210774},"point_estimate":-0.0001682196052118501,"standard_error":0.00006693073141629112}}