{"mean":{"confidence_interval":{"confidence_level":0.95,"lower_bound":0.02955003609914505,"upper_bound":0.03245337963706904},"point_estimate":0.03099518406685231,"standard_error":0.000755674123186036},"median":{"confidence_interval":{"confidence_level":0.95,"lower_bound":0.028689050096490698,"upper_bound":0.03360593226788278},"point_estimate":0.030993227053150774,"standard_error":0.0013024646999604498}}