{"mean":{"confidence_interval":{"confidence_level":0.95,"lower_bound":0.21070610420092972,"upper_bound":0.2143351315418726},"point_estimate":0.2124107876449186,"standard_error":0.0009644608380484568},"median":{"confidence_interval":{"confidence_level":0.95,"lower_bound":0.21051381787964152,"upper_bound":0.21691112343206265},"point_estimate":0.213761621959484,"standard_error":0.0014989546879960608}}