{"mean":{"confidence_interval":{"confidence_level":0.95,"lower_bound":0.00002868305286540817,"upper_bound":0.0012042335497732036},"point_estimate":0.0005025691552256184,"standard_error":0.0003043085244138731},"median":{"confidence_interval":{"confidence_level":0.95,"lower_bound":-0.00004889378295671311,"upper_bound":0.00020119352279990288},"point_estimate":0.00007088929694343271,"standard_error":0.00006168715366606977}}