{"mean":{"confidence_interval":{"confidence_level":0.95,"lower_bound":-0.02415692144417616,"upper_bound":0.0001035841288368354},"point_estimate":-0.008803768128161638,"standard_error":0.006888276747815949},"median":{"confidence_interval":{"confidence_level":0.95,"lower_bound":-0.00028881846319250837,"upper_bound":0.00005175446081273627},"point_estimate":-0.00008046430174679653,"standard_error":0.00009082497448705264}}