{"mean":{"confidence_interval":{"confidence_level":0.95,"lower_bound":-0.14892968007432217,"upper_bound":-0.14354637684853588},"point_estimate":-0.14628125852053953,"standard_error":0.0013752127005948688},"median":{"confidence_interval":{"confidence_level":0.95,"lower_bound":-0.1507005066360757,"upper_bound":-0.14604695195538342},"point_estimate":-0.14881348427980023,"standard_error":0.0010575915198667426}}