{"mean":{"confidence_interval":{"confidence_level":0.95,"lower_bound":-0.0009494524547986605,"upper_bound":-0.0003257934383729872},"point_estimate":-0.0006212938439010829,"standard_error":0.0001595668834236674},"median":{"confidence_interval":{"confidence_level":0.95,"lower_bound":-0.0004030674095080178,"upper_bound":-0.000124549348793912},"point_estimate":-0.0002744307754217745,"standard_error":0.00007020683805214312}}