{"mean":{"confidence_interval":{"confidence_level":0.95,"lower_bound":-0.0011433367461984284,"upper_bound":0.0001248974841406402},"point_estimate":-0.0004999781874485132,"standard_error":0.00032141312427384495},"median":{"confidence_interval":{"confidence_level":0.95,"lower_bound":-0.0004455995871180951,"upper_bound":-6.83515898325382e-7},"point_estimate":-0.0002911136123363578,"standard_error":0.00012045313724447328}}