{"mean":{"confidence_interval":{"confidence_level":0.95,"lower_bound":-0.0216023966269736,"upper_bound":-0.014280709413867408},"point_estimate":-0.018031768451448715,"standard_error":0.001865743680489663},"median":{"confidence_interval":{"confidence_level":0.95,"lower_bound":-0.01594166217406401,"upper_bound":-0.004513790215814328},"point_estimate":-0.01201713705728713,"standard_error":0.0028668194423938508}}