{"mean":{"confidence_interval":{"confidence_level":0.95,"lower_bound":-0.012966660809568953,"upper_bound":-0.009147589081622009},"point_estimate":-0.011055351806782299,"standard_error":0.0009684116128270231},"median":{"confidence_interval":{"confidence_level":0.95,"lower_bound":-0.013464065045219901,"upper_bound":-0.008357458457096234},"point_estimate":-0.010227192789093675,"standard_error":0.001351431180184529}}