{"mean":{"confidence_interval":{"confidence_level":0.95,"lower_bound":-0.0027458019783915626,"upper_bound":-0.001195591140861549},"point_estimate":-0.0019487508965766454,"standard_error":0.00039640586796003686},"median":{"confidence_interval":{"confidence_level":0.95,"lower_bound":-0.00151108708133052,"upper_bound":-0.0006999099085828187},"point_estimate":-0.001039633978281218,"standard_error":0.00020884513800218963}}