{"mean":{"confidence_interval":{"confidence_level":0.95,"lower_bound":0.25764276491622734,"upper_bound":0.26203640679251344},"point_estimate":0.25999003724836545,"standard_error":0.001124291039367791},"median":{"confidence_interval":{"confidence_level":0.95,"lower_bound":0.26050715216447373,"upper_bound":0.26319319898072435},"point_estimate":0.2617951737752664,"standard_error":0.0007159250412902564}}