{"mean":{"confidence_interval":{"confidence_level":0.95,"lower_bound":-0.0006926467588006163,"upper_bound":0.06128487579658102},"point_estimate":0.015382949057463513,"standard_error":0.01605694056425708},"median":{"confidence_interval":{"confidence_level":0.95,"lower_bound":-0.0006085737832638438,"upper_bound":-0.000010898276486592806},"point_estimate":-0.00034425976303298356,"standard_error":0.00014607641509228571}}