{"mean":{"confidence_interval":{"confidence_level":0.95,"lower_bound":-0.026739904630507197,"upper_bound":-0.015478748403513341},"point_estimate":-0.02163334359442537,"standard_error":0.002882530216585494},"median":{"confidence_interval":{"confidence_level":0.95,"lower_bound":-0.02809343254904406,"upper_bound":-0.012680087008348662},"point_estimate":-0.02168572615124187,"standard_error":0.0038680171628117446}}