{"mean":{"confidence_interval":{"confidence_level":0.95,"lower_bound":0.1051042989901245,"upper_bound":0.11912280392113095},"point_estimate":0.1123991002667617,"standard_error":0.003581349738255201},"median":{"confidence_interval":{"confidence_level":0.95,"lower_bound":0.10966118278928949,"upper_bound":0.1229680299033209},"point_estimate":0.11598418629850937,"standard_error":0.003655005220036797}}