{"mean":{"confidence_interval":{"confidence_level":0.95,"lower_bound":9.106089491384235e-6,"upper_bound":0.0017147696481640323},"point_estimate":0.0007798596935062463,"standard_error":0.0004446775713923711},"median":{"confidence_interval":{"confidence_level":0.95,"lower_bound":-0.00022656683554878043,"upper_bound":0.0005113990148437608},"point_estimate":0.000169366315210695,"standard_error":0.00018573845167479535}}