{"mean":{"confidence_interval":{"confidence_level":0.95,"lower_bound":-0.16571859413691592,"upper_bound":-0.16416227627957214},"point_estimate":-0.16497274516511917,"standard_error":0.00039818766620087684},"median":{"confidence_interval":{"confidence_level":0.95,"lower_bound":-0.16695350015876298,"upper_bound":-0.1657593653255801},"point_estimate":-0.16662977310329596,"standard_error":0.0003016212085991565}}