{"mean":{"confidence_interval":{"confidence_level":0.95,"lower_bound":0.0002457740266050834,"upper_bound":0.001522742739079963},"point_estimate":0.0008743342551611466,"standard_error":0.00032509677897209866},"median":{"confidence_interval":{"confidence_level":0.95,"lower_bound":0.0004862446730613814,"upper_bound":0.001279906868220642},"point_estimate":0.0008672214354572549,"standard_error":0.00019898322420291208}}