{"mean":{"confidence_interval":{"confidence_level":0.95,"lower_bound":0.1541076494438134,"upper_bound":0.16194890952117358},"point_estimate":0.15820693826152965,"standard_error":0.002009540897299417},"median":{"confidence_interval":{"confidence_level":0.95,"lower_bound":0.15329083330098126,"upper_bound":0.16574354903178068},"point_estimate":0.16080904264523688,"standard_error":0.0030977562136394127}}