{"mean":{"confidence_interval":{"confidence_level":0.95,"lower_bound":0.054280887424238214,"upper_bound":0.06521692395887962},"point_estimate":0.059661493774517904,"standard_error":0.0027825942025875515},"median":{"confidence_interval":{"confidence_level":0.95,"lower_bound":0.053169341569663686,"upper_bound":0.06876822858946752},"point_estimate":0.05969398827594796,"standard_error":0.0040953742966233055}}