{"mean":{"confidence_interval":{"confidence_level":0.95,"lower_bound":-0.2361081962807065,"upper_bound":-0.2357694359235862},"point_estimate":-0.23593458582619786,"standard_error":0.00008587993077126662},"median":{"confidence_interval":{"confidence_level":0.95,"lower_bound":-0.23610183990267353,"upper_bound":-0.23556533197018004},"point_estimate":-0.2359040678744062,"standard_error":0.0001482471752668352}}