{"mean":{"confidence_interval":{"confidence_level":0.95,"lower_bound":-0.0016607781276146785,"upper_bound":0.000224844472816798},"point_estimate":-0.0006199591595554832,"standard_error":0.00048315772789831666},"median":{"confidence_interval":{"confidence_level":0.95,"lower_bound":-0.00042318504848037897,"upper_bound":0.00003924234523156045},"point_estimate":-0.00018608494478411508,"standard_error":0.00011886415564649391}}