{"mean":{"confidence_interval":{"confidence_level":0.95,"lower_bound":-0.04699659516699807,"upper_bound":-0.000312919410687905},"point_estimate":-0.01664838936645252,"standard_error":0.01509093906215873},"median":{"confidence_interval":{"confidence_level":0.95,"lower_bound":-0.0016323557796278365,"upper_bound":-0.0009381887711001902},"point_estimate":-0.0012520674275054988,"standard_error":0.00017677990906055113}}