{"mean":{"confidence_interval":{"confidence_level":0.95,"lower_bound":-0.019627890928704976,"upper_bound":0.0029670342794421165},"point_estimate":-0.007859340707473628,"standard_error":0.005770871301894366},"median":{"confidence_interval":{"confidence_level":0.95,"lower_bound":0.0017939910126729686,"upper_bound":0.023506951365446633},"point_estimate":0.014686650361287246,"standard_error":0.0066346278654896475}}