{"mean":{"confidence_interval":{"confidence_level":0.95,"lower_bound":-0.1933265273786351,"upper_bound":-0.19290938222936937},"point_estimate":-0.19311364321108948,"standard_error":0.0001070099591603385},"median":{"confidence_interval":{"confidence_level":0.95,"lower_bound":-0.19310378750329216,"upper_bound":-0.19260064156490334},"point_estimate":-0.1928342491644336,"standard_error":0.00013019524089674152}}