{"mean":{"confidence_interval":{"confidence_level":0.95,"lower_bound":-0.16303918170603005,"upper_bound":-0.16107922566195257},"point_estimate":-0.16208668409172078,"standard_error":0.0004998059046662832},"median":{"confidence_interval":{"confidence_level":0.95,"lower_bound":-0.16462609407350448,"upper_bound":-0.16198786605455284},"point_estimate":-0.16375974324024556,"standard_error":0.0006511752632746696}}