{"mean":{"confidence_interval":{"confidence_level":0.95,"lower_bound":-0.0028003950491160222,"upper_bound":0.0001725382025402895},"point_estimate":-0.001112028738350923,"standard_error":0.0007637554108048658},"median":{"confidence_interval":{"confidence_level":0.95,"lower_bound":-0.00020786286678520227,"upper_bound":0.00044649997863888125},"point_estimate":0.00014892507169617097,"standard_error":0.00016428618438007502}}