{"mean":{"confidence_interval":{"confidence_level":0.95,"lower_bound":-0.0030354918163584114,"upper_bound":0.024911792171091164},"point_estimate":0.009437172147206185,"standard_error":0.007293719172717555},"median":{"confidence_interval":{"confidence_level":0.95,"lower_bound":-0.011854184210798313,"upper_bound":0.01019385515264104},"point_estimate":-0.0015119319387943975,"standard_error":0.006780943345768832}}