{"mean":{"confidence_interval":{"confidence_level":0.95,"lower_bound":-0.0005028003869676775,"upper_bound":0.0008919568157976837},"point_estimate":0.00019331788701149044,"standard_error":0.0003618671832560421},"median":{"confidence_interval":{"confidence_level":0.95,"lower_bound":-0.0005407767034561027,"upper_bound":0.0001596406315773624},"point_estimate":-0.00011098217795091347,"standard_error":0.0001789891329806416}}