{"mean":{"confidence_interval":{"confidence_level":0.95,"lower_bound":-0.07570514526124175,"upper_bound":-0.027645501547310193},"point_estimate":-0.05926884614908923,"standard_error":0.015106395847623046},"median":{"confidence_interval":{"confidence_level":0.95,"lower_bound":-0.07779242921766494,"upper_bound":-0.07490626437035353},"point_estimate":-0.07675141896094695,"standard_error":0.0007105653979957728}}