{"mean":{"confidence_interval":{"confidence_level":0.95,"lower_bound":-0.0014165642851747399,"upper_bound":0.000507242201776046},"point_estimate":-0.0004378971134865184,"standard_error":0.0004888392742254181},"median":{"confidence_interval":{"confidence_level":0.95,"lower_bound":-0.0006703446948971292,"upper_bound":-0.00025194507907322697},"point_estimate":-0.0004473222191674342,"standard_error":0.00010822399121191484}}