{"mean":{"confidence_interval":{"confidence_level":0.95,"lower_bound":-0.0042350132589664,"upper_bound":-0.001478859107412295},"point_estimate":-0.002732216419910949,"standard_error":0.0007072697689592461},"median":{"confidence_interval":{"confidence_level":0.95,"lower_bound":-0.0016874292718397355,"upper_bound":-0.0010377827188950972},"point_estimate":-0.0013068080392568682,"standard_error":0.00015953154574622233}}