{"mean":{"confidence_interval":{"confidence_level":0.95,"lower_bound":-0.25165700820906955,"upper_bound":-0.24105133028823916},"point_estimate":-0.2463166494112281,"standard_error":0.0027044000732799676},"median":{"confidence_interval":{"confidence_level":0.95,"lower_bound":-0.2517486478777868,"upper_bound":-0.23282759969739153},"point_estimate":-0.2415110805048527,"standard_error":0.005094831713392712}}