{"mean":{"confidence_interval":{"confidence_level":0.95,"lower_bound":0.00025065460922757974,"upper_bound":0.0024662026814045927},"point_estimate":0.0010508042117047811,"standard_error":0.000641291080589959},"median":{"confidence_interval":{"confidence_level":0.95,"lower_bound":0.00007837778745334312,"upper_bound":0.00035397276603332806},"point_estimate":0.00021062073888900024,"standard_error":0.00007057483466086885}}