{"mean":{"confidence_interval":{"confidence_level":0.95,"lower_bound":-0.00030513955949365513,"upper_bound":0.001764031056726395},"point_estimate":0.0007679048918520781,"standard_error":0.0005239548991081245},"median":{"confidence_interval":{"confidence_level":0.95,"lower_bound":0.0005455319297150264,"upper_bound":0.0010358560058102862},"point_estimate":0.0008542332437153632,"standard_error":0.00011225331907216218}}