{"mean":{"confidence_interval":{"confidence_level":0.95,"lower_bound":0.00042692431787676465,"upper_bound":0.0014131870783587904},"point_estimate":0.0009001795438412508,"standard_error":0.00025460894442469115},"median":{"confidence_interval":{"confidence_level":0.95,"lower_bound":0.00005052437570429724,"upper_bound":0.0008892738836656644},"point_estimate":0.00045522032014866376,"standard_error":0.00021586816276063787}}