{"mean":{"confidence_interval":{"confidence_level":0.95,"lower_bound":-0.23547093964478072,"upper_bound":-0.2332279216442741},"point_estimate":-0.23465259801545557,"standard_error":0.0006141438471250664},"median":{"confidence_interval":{"confidence_level":0.95,"lower_bound":-0.2354149809614774,"upper_bound":-0.23505035290106216},"point_estimate":-0.23523445751995276,"standard_error":0.00009407397784798579}}