{"mean":{"confidence_interval":{"confidence_level":0.95,"lower_bound":0.00008500307868725695,"upper_bound":0.0010197856198275622},"point_estimate":0.0005549792692671751,"standard_error":0.00023761240498458282},"median":{"confidence_interval":{"confidence_level":0.95,"lower_bound":0.00034682447296852104,"upper_bound":0.0009648543631901596},"point_estimate":0.0006713785080825208,"standard_error":0.00015660866368088724}}