{"mean":{"confidence_interval":{"confidence_level":0.95,"lower_bound":-0.00030648534334903606,"upper_bound":0.0009804518634271557},"point_estimate":0.00032553613452290797,"standard_error":0.0003270549431892914},"median":{"confidence_interval":{"confidence_level":0.95,"lower_bound":-0.00020357863976727675,"upper_bound":0.0004307984390949926},"point_estimate":0.00007532520556985389,"standard_error":0.00016728669179272965}}