{"mean":{"confidence_interval":{"confidence_level":0.95,"lower_bound":-0.003108904838720619,"upper_bound":0.0011052611043224747},"point_estimate":-0.000929669199540184,"standard_error":0.0010656407486614866},"median":{"confidence_interval":{"confidence_level":0.95,"lower_bound":-0.0002018090318820498,"upper_bound":0.0004606305327645721},"point_estimate":0.00011101621707698683,"standard_error":0.0001665615044661517}}