{"mean":{"confidence_interval":{"confidence_level":0.95,"lower_bound":-0.16383137961516714,"upper_bound":-0.16149802555413517},"point_estimate":-0.16270268082036043,"standard_error":0.0005925011896068532},"median":{"confidence_interval":{"confidence_level":0.95,"lower_bound":-0.16594310880288765,"upper_bound":-0.16317327648269808},"point_estimate":-0.16497778553500653,"standard_error":0.0006635768195171244}}