{"mean":{"confidence_interval":{"confidence_level":0.95,"lower_bound":-0.001283309941784227,"upper_bound":0.06162588885093944},"point_estimate":0.019892471091190522,"standard_error":0.020095531108316984},"median":{"confidence_interval":{"confidence_level":0.95,"lower_bound":-0.0012138798022349043,"upper_bound":-0.00044210677333411663},"point_estimate":-0.000721010366517949,"standard_error":0.00018300652605857603}}