{"mean":{"confidence_interval":{"confidence_level":0.95,"lower_bound":-0.18133844261451834,"upper_bound":-0.16465631356624288},"point_estimate":-0.17290765366574812,"standard_error":0.004257642713518785},"median":{"confidence_interval":{"confidence_level":0.95,"lower_bound":-0.1760065869921561,"upper_bound":-0.15684405368746868},"point_estimate":-0.1666943319973706,"standard_error":0.00452869792574239}}