{"mean":{"confidence_interval":{"confidence_level":0.95,"lower_bound":-0.00045820276417158354,"upper_bound":0.0008361205620489304},"point_estimate":0.0001876727662875055,"standard_error":0.0003270227121442774},"median":{"confidence_interval":{"confidence_level":0.95,"lower_bound":-0.00021306385082331403,"upper_bound":0.000345155782292661},"point_estimate":0.000041369979550509584,"standard_error":0.00013799701216138163}}