{"mean":{"confidence_interval":{"confidence_level":0.95,"lower_bound":-0.16883971131385894,"upper_bound":-0.15113293146432313},"point_estimate":-0.1606700807500938,"standard_error":0.004382140373533813},"median":{"confidence_interval":{"confidence_level":0.95,"lower_bound":-0.17894739523669734,"upper_bound":-0.1736805104924538},"point_estimate":-0.17733826067122138,"standard_error":0.0012697518761765575}}