{"mean":{"confidence_interval":{"confidence_level":0.95,"lower_bound":-0.0001165510719694533,"upper_bound":0.0012573754135315304},"point_estimate":0.0005518052755377756,"standard_error":0.00035146061845433413},"median":{"confidence_interval":{"confidence_level":0.95,"lower_bound":0.00005692817888408071,"upper_bound":0.0008102678194887858},"point_estimate":0.0005074038644594658,"standard_error":0.00019173576967457297}}