{"mean":{"confidence_interval":{"confidence_level":0.95,"lower_bound":0.08106844122012663,"upper_bound":0.08331828489273463},"point_estimate":0.08226508906831098,"standard_error":0.0005749035985349396},"median":{"confidence_interval":{"confidence_level":0.95,"lower_bound":0.08284530432238402,"upper_bound":0.0842942884425204},"point_estimate":0.08374328545587617,"standard_error":0.000374973910455836}}