{"mean":{"confidence_interval":{"confidence_level":0.95,"lower_bound":-0.0587006081538477,"upper_bound":-0.049634753421253265},"point_estimate":-0.05508038062204035,"standard_error":0.002216235752726551},"median":{"confidence_interval":{"confidence_level":0.95,"lower_bound":-0.060432147128566815,"upper_bound":-0.04515736031465922},"point_estimate":-0.0530902890119882,"standard_error":0.004020910983093931}}