{"mean":{"confidence_interval":{"confidence_level":0.95,"lower_bound":-0.00014899418962048268,"upper_bound":0.0009226255750321423},"point_estimate":0.0003220131773742363,"standard_error":0.00027466049596372986},"median":{"confidence_interval":{"confidence_level":0.95,"lower_bound":-0.00015226116409694512,"upper_bound":0.0004485715906281662},"point_estimate":0.00018244647292253724,"standard_error":0.00015091419415164855}}