{"mean":{"confidence_interval":{"confidence_level":0.95,"lower_bound":0.0018926920343722564,"upper_bound":0.004122808272624123},"point_estimate":0.0030491003178754195,"standard_error":0.0005567122982347859},"median":{"confidence_interval":{"confidence_level":0.95,"lower_bound":0.0027052898024961802,"upper_bound":0.0034341594818985133},"point_estimate":0.003058989115335864,"standard_error":0.0001967533222269177}}