{"mean":{"confidence_interval":{"confidence_level":0.95,"lower_bound":0.2445909345537756,"upper_bound":0.25923913759388073},"point_estimate":0.251688390854093,"standard_error":0.0038354121301986998},"median":{"confidence_interval":{"confidence_level":0.95,"lower_bound":0.23479981381593726,"upper_bound":0.2477474440938663},"point_estimate":0.23955239505001313,"standard_error":0.0034712798495679835}}