{"mean":{"confidence_interval":{"confidence_level":0.95,"lower_bound":0.04031114344636661,"upper_bound":0.05780837312418858},"point_estimate":0.04921895715205826,"standard_error":0.004470893381848923},"median":{"confidence_interval":{"confidence_level":0.95,"lower_bound":0.04557036555823024,"upper_bound":0.06342075119527169},"point_estimate":0.05694959885389306,"standard_error":0.004197260836768248}}