{"mean":{"confidence_interval":{"confidence_level":0.95,"lower_bound":-0.0003773714926925048,"upper_bound":0.0005680480470130138},"point_estimate":0.00008960294671767066,"standard_error":0.00024366488391936301},"median":{"confidence_interval":{"confidence_level":0.95,"lower_bound":-0.0003033234688486486,"upper_bound":0.0007568332885696805},"point_estimate":0.00021686400701614872,"standard_error":0.0002750046071670645}}