{"mean":{"confidence_interval":{"confidence_level":0.95,"lower_bound":0.0002044755744966657,"upper_bound":0.025722203768224785},"point_estimate":0.010559086032666976,"standard_error":0.006768085529412099},"median":{"confidence_interval":{"confidence_level":0.95,"lower_bound":-0.00021605540459845862,"upper_bound":0.0005000869342175474},"point_estimate":0.00018510178697228596,"standard_error":0.0001862911772421996}}