{"mean":{"confidence_interval":{"confidence_level":0.95,"lower_bound":-0.2344509323031649,"upper_bound":-0.23405479529431292},"point_estimate":-0.23424461695526722,"standard_error":0.00009980920161662107},"median":{"confidence_interval":{"confidence_level":0.95,"lower_bound":-0.23442405912603714,"upper_bound":-0.23391221164458342},"point_estimate":-0.2340745275784082,"standard_error":0.0001291390056293182}}