{"mean":{"confidence_interval":{"confidence_level":0.95,"lower_bound":-0.0006489012165367235,"upper_bound":0.016575641665585634},"point_estimate":0.008133304713125122,"standard_error":0.004400095150943461},"median":{"confidence_interval":{"confidence_level":0.95,"lower_bound":-0.00024085614126589938,"upper_bound":0.01725291186107647},"point_estimate":0.007894823768542336,"standard_error":0.004783039968526532}}