{"mean":{"confidence_interval":{"confidence_level":0.95,"lower_bound":-0.0008108670637351572,"upper_bound":0.001151504313431806},"point_estimate":0.00014004675274503775,"standard_error":0.0005099840424827354},"median":{"confidence_interval":{"confidence_level":0.95,"lower_bound":-0.0007938236426330292,"upper_bound":-0.00018653712845995152},"point_estimate":-0.0005589207388252415,"standard_error":0.00015660063225687306}}