{"mean":{"confidence_interval":{"confidence_level":0.95,"lower_bound":-0.14327501906161905,"upper_bound":-0.11963970143648597},"point_estimate":-0.13108702766253366,"standard_error":0.006014808446432878},"median":{"confidence_interval":{"confidence_level":0.95,"lower_bound":-0.12823370587745297,"upper_bound":-0.10340935409863083},"point_estimate":-0.11757629432929972,"standard_error":0.006347473915392219}}