{"mean":{"confidence_interval":{"confidence_level":0.95,"lower_bound":11356546.2405,"upper_bound":11462931.526350005},"point_estimate":11410206.334,"standard_error":27191.329620843757},"median":{"confidence_interval":{"confidence_level":0.95,"lower_bound":11347717.2,"upper_bound":11497510.9},"point_estimate":11441389.5,"standard_error":38425.334749800444},"median_abs_dev":{"confidence_interval":{"confidence_level":0.95,"lower_bound":214937.7072840929,"upper_bound":336365.7585883149},"point_estimate":269795.09239017934,"standard_error":30533.604500725894},"slope":null,"std_dev":{"confidence_interval":{"confidence_level":0.95,"lower_bound":237525.95287047233,"upper_bound":305503.4949060454},"point_estimate":273631.5762220789,"standard_error":17252.403185673087}}