{"mean":{"confidence_interval":{"confidence_level":0.95,"lower_bound":9513220.76404167,"upper_bound":9535062.495833337},"point_estimate":9524238.821666671,"standard_error":5582.214958431495},"median":{"confidence_interval":{"confidence_level":0.95,"lower_bound":9504795.5,"upper_bound":9545562.0},"point_estimate":9524420.416666666,"standard_error":11018.721776577288},"median_abs_dev":{"confidence_interval":{"confidence_level":0.95,"lower_bound":50449.07485309859,"upper_bound":77341.89400065778},"point_estimate":63479.61822301195,"standard_error":6961.690883520526},"slope":null,"std_dev":{"confidence_interval":{"confidence_level":0.95,"lower_bound":49401.32463627152,"upper_bound":61682.06482601425},"point_estimate":55897.54709122824,"standard_error":3136.6894105940946}}