{"mean":{"confidence_interval":{"confidence_level":0.95,"lower_bound":9357390.130583335,"upper_bound":9529151.808833335},"point_estimate":9442538.799999999,"standard_error":43718.918617680545},"median":{"confidence_interval":{"confidence_level":0.95,"lower_bound":9077002.166666666,"upper_bound":9772430.833333332},"point_estimate":9138499.416666668,"standard_error":149723.87078055515},"median_abs_dev":{"confidence_interval":{"confidence_level":0.95,"lower_bound":78521.95400595618,"upper_bound":547165.0104358792},"point_estimate":170199.26467836133,"standard_error":109173.2978396535},"slope":null,"std_dev":{"confidence_interval":{"confidence_level":0.95,"lower_bound":413425.37151985243,"upper_bound":450026.17424148467},"point_estimate":437896.5103021447,"standard_error":9343.60536274196}}