{"mean":{"confidence_interval":{"confidence_level":0.95,"lower_bound":5892324.00372222,"upper_bound":5912740.847777778},"point_estimate":5902379.688888891,"standard_error":5175.602874071662},"median":{"confidence_interval":{"confidence_level":0.95,"lower_bound":5887567.0,"upper_bound":5903066.444444444},"point_estimate":5893249.833333334,"standard_error":4218.552969663471},"median_abs_dev":{"confidence_interval":{"confidence_level":0.95,"lower_bound":33068.56874624896,"upper_bound":60529.12072539422},"point_estimate":46779.8180361588,"standard_error":7002.117097282136},"slope":null,"std_dev":{"confidence_interval":{"confidence_level":0.95,"lower_bound":42415.767463398435,"upper_bound":60465.93870345193},"point_estimate":51954.60918756774,"standard_error":4643.691183004171}}