{"mean":{"confidence_interval":{"confidence_level":0.95,"lower_bound":10300823.507450001,"upper_bound":10315084.245350003},"point_estimate":10307944.282000003,"standard_error":3621.9233518394917},"median":{"confidence_interval":{"confidence_level":0.95,"lower_bound":10303297.6,"upper_bound":10314092.0},"point_estimate":10308157.6,"standard_error":2939.603294892015},"median_abs_dev":{"confidence_interval":{"confidence_level":0.95,"lower_bound":22344.857243300037,"upper_bound":47117.91672348921},"point_estimate":38847.97407031142,"standard_error":6554.651024970192},"slope":null,"std_dev":{"confidence_interval":{"confidence_level":0.95,"lower_bound":31259.703231580923,"upper_bound":41207.48376951865},"point_estimate":36454.05058000786,"standard_error":2537.630045108811}}