{"mean":{"confidence_interval":{"confidence_level":0.95,"lower_bound":11926689.226749994,"upper_bound":11972333.313450001},"point_estimate":11950047.812,"standard_error":11615.265500619582},"median":{"confidence_interval":{"confidence_level":0.95,"lower_bound":11955288.1,"upper_bound":11981188.8},"point_estimate":11971468.5,"standard_error":6353.257054599959},"median_abs_dev":{"confidence_interval":{"confidence_level":0.95,"lower_bound":43232.6930689674,"upper_bound":97022.67661750234},"point_estimate":58459.80652213041,"standard_error":14503.051611282284},"slope":null,"std_dev":{"confidence_interval":{"confidence_level":0.95,"lower_bound":83923.34677583558,"upper_bound":149908.3456540955},"point_estimate":116891.50058397047,"standard_error":17038.789888574756}}