{"mean":{"confidence_interval":{"confidence_level":0.95,"lower_bound":5275704.195,"upper_bound":5294846.913999999},"point_estimate":5284902.574000001,"standard_error":4891.800397188351},"median":{"confidence_interval":{"confidence_level":0.95,"lower_bound":5269328.550000001,"upper_bound":5282843.8},"point_estimate":5275255.6,"standard_error":3366.936673322611},"median_abs_dev":{"confidence_interval":{"confidence_level":0.95,"lower_bound":23387.940454781332,"upper_bound":39472.29691922623},"point_estimate":29737.693752051506,"standard_error":4109.564744113886},"slope":null,"std_dev":{"confidence_interval":{"confidence_level":0.95,"lower_bound":36683.521881918794,"upper_bound":59540.268466200476},"point_estimate":49006.95284529468,"standard_error":5834.128612206913}}