{"mean":{"confidence_interval":{"confidence_level":0.95,"lower_bound":8226778.742785716,"upper_bound":8234651.888678572},"point_estimate":8230639.80285714,"standard_error":2015.8958826627816},"median":{"confidence_interval":{"confidence_level":0.95,"lower_bound":8222746.142857143,"upper_bound":8228574.714285715},"point_estimate":8224710.5,"standard_error":1508.2453315221655},"median_abs_dev":{"confidence_interval":{"confidence_level":0.95,"lower_bound":10992.419804845833,"upper_bound":22758.121395962382},"point_estimate":15705.181521177292,"standard_error":3136.8211140560475},"slope":null,"std_dev":{"confidence_interval":{"confidence_level":0.95,"lower_bound":17207.206666481117,"upper_bound":22907.20416686467},"point_estimate":20247.17127687776,"standard_error":1453.9709454329623}}