{"mean":{"confidence_interval":{"confidence_level":0.95,"lower_bound":5669903.222583332,"upper_bound":5740956.849999999},"point_estimate":5702298.133333331,"standard_error":18264.237866693493},"median":{"confidence_interval":{"confidence_level":0.95,"lower_bound":5644985.777777778,"upper_bound":5665823.611111112},"point_estimate":5652901.055555556,"standard_error":5420.140903424179},"median_abs_dev":{"confidence_interval":{"confidence_level":0.95,"lower_bound":35276.90140704322,"upper_bound":64086.536995569484},"point_estimate":50061.22361123585,"standard_error":7598.07836538256},"slope":null,"std_dev":{"confidence_interval":{"confidence_level":0.95,"lower_bound":97135.19767912984,"upper_bound":252909.2728890018},"point_estimate":184363.70793630506,"standard_error":39398.67879342507}}