{"mean":{"confidence_interval":{"confidence_level":0.95,"lower_bound":6121360.003333335,"upper_bound":6129494.228277776},"point_estimate":6125320.227777775,"standard_error":2065.1841282541413},"median":{"confidence_interval":{"confidence_level":0.95,"lower_bound":6119333.222222222,"upper_bound":6127480.555555556},"point_estimate":6124301.444444444,"standard_error":1909.8327972139684},"median_abs_dev":{"confidence_interval":{"confidence_level":0.95,"lower_bound":13184.267365932234,"upper_bound":23107.391356428157},"point_estimate":18183.84157717251,"standard_error":2568.1708759240355},"slope":null,"std_dev":{"confidence_interval":{"confidence_level":0.95,"lower_bound":17144.600483381568,"upper_bound":24365.663710178684},"point_estimate":20802.344070066305,"standard_error":1842.718962255133}}