{"mean":{"confidence_interval":{"confidence_level":0.95,"lower_bound":14349234.97,"upper_bound":14465564.281375},"point_estimate":14409576.4075,"standard_error":29748.831572401392},"median":{"confidence_interval":{"confidence_level":0.95,"lower_bound":14415099.25,"upper_bound":14538676.75},"point_estimate":14473326.0,"standard_error":33673.79816582119},"median_abs_dev":{"confidence_interval":{"confidence_level":0.95,"lower_bound":178285.61203479767,"upper_bound":313131.72591017524},"point_estimate":267002.91185975075,"standard_error":35417.28761390606},"slope":null,"std_dev":{"confidence_interval":{"confidence_level":0.95,"lower_bound":232880.40225354253,"upper_bound":359355.5903001757},"point_estimate":298539.80214900145,"standard_error":32433.584985325404}}