{"mean":{"confidence_interval":{"confidence_level":0.95,"lower_bound":9369643.728208331,"upper_bound":9396784.774625003},"point_estimate":9382962.428333333,"standard_error":6921.367906291115},"median":{"confidence_interval":{"confidence_level":0.95,"lower_bound":9364016.0,"upper_bound":9386299.333333334},"point_estimate":9372941.083333332,"standard_error":5873.921423207035},"median_abs_dev":{"confidence_interval":{"confidence_level":0.95,"lower_bound":44515.18775969698,"upper_bound":81382.50710517168},"point_estimate":62899.42743331286,"standard_error":9390.349798901301},"slope":null,"std_dev":{"confidence_interval":{"confidence_level":0.95,"lower_bound":55614.64612399346,"upper_bound":83924.63969805496},"point_estimate":69651.72587276332,"standard_error":7280.842812857361}}