{"mean":{"confidence_interval":{"confidence_level":0.95,"lower_bound":10043815.578150002,"upper_bound":10063467.200400004},"point_estimate":10053471.902000003,"standard_error":5020.376554177796},"median":{"confidence_interval":{"confidence_level":0.95,"lower_bound":10033383.2,"upper_bound":10061253.6},"point_estimate":10048813.5,"standard_error":6849.954069764348},"median_abs_dev":{"confidence_interval":{"confidence_level":0.95,"lower_bound":34040.94017565361,"upper_bound":62610.93818843365},"point_estimate":49534.25816059168,"standard_error":7689.155556459387},"slope":null,"std_dev":{"confidence_interval":{"confidence_level":0.95,"lower_bound":41662.79974949362,"upper_bound":60293.58489386574},"point_estimate":50524.64926103591,"standard_error":4840.240338784364}}