{"mean":{"confidence_interval":{"confidence_level":0.95,"lower_bound":6275169.80416667,"upper_bound":6589507.489999998},"point_estimate":6427557.525555557,"standard_error":80414.262969527},"median":{"confidence_interval":{"confidence_level":0.95,"lower_bound":5921370.444444444,"upper_bound":5947109.555555556},"point_estimate":5931283.888888889,"standard_error":11526.150273186182},"median_abs_dev":{"confidence_interval":{"confidence_level":0.95,"lower_bound":24278.398235638168,"upper_bound":65710.8302842328},"point_estimate":39046.082373460515,"standard_error":17724.002116065512},"slope":null,"std_dev":{"confidence_interval":{"confidence_level":0.95,"lower_bound":668780.4164930613,"upper_bound":926068.8759954507},"point_estimate":809850.0074429923,"standard_error":65962.42231733678}}