{"mean":{"confidence_interval":{"confidence_level":0.95,"lower_bound":6046858.998888887,"upper_bound":6060052.155555555},"point_estimate":6053387.696666666,"standard_error":3369.993213839777},"median":{"confidence_interval":{"confidence_level":0.95,"lower_bound":6047285.777777778,"upper_bound":6059054.666666667},"point_estimate":6051914.333333333,"standard_error":3431.630111418615},"median_abs_dev":{"confidence_interval":{"confidence_level":0.95,"lower_bound":18804.53411531942,"upper_bound":32887.03261613984},"point_estimate":23945.47217488289,"standard_error":3546.1367488389433},"slope":null,"std_dev":{"confidence_interval":{"confidence_level":0.95,"lower_bound":26992.271098675712,"upper_bound":40090.60615531627},"point_estimate":33835.51637221683,"standard_error":3343.183325869985}}