{"mean":{"confidence_interval":{"confidence_level":0.95,"lower_bound":5971699.101638888,"upper_bound":5988639.370694446},"point_estimate":5979922.893333334,"standard_error":4336.001883454228},"median":{"confidence_interval":{"confidence_level":0.95,"lower_bound":5962334.833333334,"upper_bound":5976009.0},"point_estimate":5970539.388888889,"standard_error":3873.262377037087},"median_abs_dev":{"confidence_interval":{"confidence_level":0.95,"lower_bound":21552.47345070052,"upper_bound":40370.890467440375},"point_estimate":30544.44229106116,"standard_error":4839.5487644306495},"slope":null,"std_dev":{"confidence_interval":{"confidence_level":0.95,"lower_bound":35381.24476457899,"upper_bound":50890.40001378457},"point_estimate":43620.55449297475,"standard_error":3950.6495547092363}}