{"mean":{"confidence_interval":{"confidence_level":0.95,"lower_bound":9380873.543249995,"upper_bound":9399960.97308333},"point_estimate":9390502.585,"standard_error":4857.379261550904},"median":{"confidence_interval":{"confidence_level":0.95,"lower_bound":9375599.0,"upper_bound":9402515.666666666},"point_estimate":9390615.583333334,"standard_error":6617.924857327235},"median_abs_dev":{"confidence_interval":{"confidence_level":0.95,"lower_bound":35286.12647354787,"upper_bound":57191.54108464902},"point_estimate":45256.487746537656,"standard_error":5205.112886604853},"slope":null,"std_dev":{"confidence_interval":{"confidence_level":0.95,"lower_bound":41661.032332773924,"upper_bound":55676.09189257367},"point_estimate":48925.60582788921,"standard_error":3573.3259531208405}}