{"mean":{"confidence_interval":{"confidence_level":0.95,"lower_bound":8983036.104625002,"upper_bound":8995001.57025},"point_estimate":8988933.473333329,"standard_error":3050.2305945095873},"median":{"confidence_interval":{"confidence_level":0.95,"lower_bound":8977510.75,"upper_bound":8993761.833333334},"point_estimate":8987003.333333332,"standard_error":4152.55841413369},"median_abs_dev":{"confidence_interval":{"confidence_level":0.95,"lower_bound":21336.34949870367,"upper_bound":35693.96501630683},"point_estimate":29802.730470894847,"standard_error":3691.270464802187},"slope":null,"std_dev":{"confidence_interval":{"confidence_level":0.95,"lower_bound":25895.905699590694,"upper_bound":34613.66268677315},"point_estimate":30476.05500759375,"standard_error":2218.8681334593944}}