{"mean":{"confidence_interval":{"confidence_level":0.95,"lower_bound":5797315.038194445,"upper_bound":5863623.1520833345},"point_estimate":5827432.741111112,"standard_error":17012.813740223766},"median":{"confidence_interval":{"confidence_level":0.95,"lower_bound":5767749.333333334,"upper_bound":5795700.555555556},"point_estimate":5782436.222222222,"standard_error":7741.699737200806},"median_abs_dev":{"confidence_interval":{"confidence_level":0.95,"lower_bound":33093.36111247516,"upper_bound":62705.08328676224},"point_estimate":47810.80158452201,"standard_error":7427.448729557518},"slope":null,"std_dev":{"confidence_interval":{"confidence_level":0.95,"lower_bound":92226.22694920022,"upper_bound":235668.1088549479},"point_estimate":169796.87649722316,"standard_error":36943.382460663284}}