{"mean":{"confidence_interval":{"confidence_level":0.95,"lower_bound":5825368.8722222205,"upper_bound":5891787.157777778},"point_estimate":5855962.223333333,"standard_error":17098.61542356051},"median":{"confidence_interval":{"confidence_level":0.95,"lower_bound":5811217.333333333,"upper_bound":5847733.0},"point_estimate":5827430.166666667,"standard_error":8970.909008280263},"median_abs_dev":{"confidence_interval":{"confidence_level":0.95,"lower_bound":70794.64294314338,"upper_bound":108754.88556921529},"point_estimate":87662.75941034127,"standard_error":9649.626347365966},"slope":null,"std_dev":{"confidence_interval":{"confidence_level":0.95,"lower_bound":97865.3519904156,"upper_bound":235545.94266851197},"point_estimate":172599.3718058626,"standard_error":35406.32073926311}}