{"mean":{"confidence_interval":{"confidence_level":0.95,"lower_bound":11585372.448299997,"upper_bound":11600596.461450003},"point_estimate":11592824.28,"standard_error":3881.6952633410338},"median":{"confidence_interval":{"confidence_level":0.95,"lower_bound":11581387.1,"upper_bound":11597907.4},"point_estimate":11586707.2,"standard_error":4113.713069086869},"median_abs_dev":{"confidence_interval":{"confidence_level":0.95,"lower_bound":25338.226590157108,"upper_bound":44878.89424323821},"point_estimate":32499.036203026495,"standard_error":4977.910081933589},"slope":null,"std_dev":{"confidence_interval":{"confidence_level":0.95,"lower_bound":33183.14049416328,"upper_bound":44027.93078449047},"point_estimate":38932.22397323615,"standard_error":2768.317648905713}}