{"mean":{"confidence_interval":{"confidence_level":0.95,"lower_bound":11185230.524950003,"upper_bound":11211246.742600001},"point_estimate":11198374.717999997,"standard_error":6622.280716192223},"median":{"confidence_interval":{"confidence_level":0.95,"lower_bound":11187046.8,"upper_bound":11215305.2},"point_estimate":11199064.1,"standard_error":6703.478975127567},"median_abs_dev":{"confidence_interval":{"confidence_level":0.95,"lower_bound":44566.23244129202,"upper_bound":69909.42203485906},"point_estimate":58443.49792242133,"standard_error":6334.272236005133},"slope":null,"std_dev":{"confidence_interval":{"confidence_level":0.95,"lower_bound":55227.844325053615,"upper_bound":76792.74073671724},"point_estimate":66522.26323729975,"standard_error":5519.677822348919}}