{"mean":{"confidence_interval":{"confidence_level":0.95,"lower_bound":6048871.4317499995,"upper_bound":6064978.810194443},"point_estimate":6056723.904444445,"standard_error":4125.430231663828},"median":{"confidence_interval":{"confidence_level":0.95,"lower_bound":6037974.111111111,"upper_bound":6054064.5},"point_estimate":6046115.555555556,"standard_error":4135.3215873186655},"median_abs_dev":{"confidence_interval":{"confidence_level":0.95,"lower_bound":24914.927824338432,"upper_bound":43705.11160741328},"point_estimate":36603.91075015068,"standard_error":4936.884129735118},"slope":null,"std_dev":{"confidence_interval":{"confidence_level":0.95,"lower_bound":34176.81529843636,"upper_bound":47517.46607711296},"point_estimate":41192.666571142356,"standard_error":3420.0669329654506}}