{"mean":{"confidence_interval":{"confidence_level":0.95,"lower_bound":14810982.591500001,"upper_bound":15079189.4255},"point_estimate":14931217.2525,"standard_error":68769.76100513736},"median":{"confidence_interval":{"confidence_level":0.95,"lower_bound":14674264.75,"upper_bound":14964978.125},"point_estimate":14852427.75,"standard_error":73937.18965778011},"median_abs_dev":{"confidence_interval":{"confidence_level":0.95,"lower_bound":299746.6882534325,"upper_bound":452659.0843386948},"point_estimate":359643.1712150574,"standard_error":38946.279254690875},"slope":null,"std_dev":{"confidence_interval":{"confidence_level":0.95,"lower_bound":340006.0202760198,"upper_bound":1003727.3130626656},"point_estimate":691763.0158267572,"standard_error":172236.60354642093}}