{"mean":{"confidence_interval":{"confidence_level":0.95,"lower_bound":8422212.884583335,"upper_bound":8456287.352958335},"point_estimate":8438683.261666667,"standard_error":8692.283118805684},"median":{"confidence_interval":{"confidence_level":0.95,"lower_bound":8398929.666666666,"upper_bound":8438713.166666666},"point_estimate":8420029.833333334,"standard_error":8961.940828255516},"median_abs_dev":{"confidence_interval":{"confidence_level":0.95,"lower_bound":58983.009875342206,"upper_bound":95677.48895138525},"point_estimate":78318.71425956556,"standard_error":9367.582941108902},"slope":null,"std_dev":{"confidence_interval":{"confidence_level":0.95,"lower_bound":68382.87383273787,"upper_bound":104584.4030825831},"point_estimate":87179.49667176534,"standard_error":9296.100928725884}}