{"mean":{"confidence_interval":{"confidence_level":0.95,"lower_bound":8306955.872107141,"upper_bound":8351809.726178571},"point_estimate":8324914.898571427,"standard_error":11815.474935686672},"median":{"confidence_interval":{"confidence_level":0.95,"lower_bound":8295939.142857143,"upper_bound":8306403.571428571},"point_estimate":8300366.642857144,"standard_error":2687.750973055538},"median_abs_dev":{"confidence_interval":{"confidence_level":0.95,"lower_bound":16848.79560087359,"upper_bound":31051.99744871645},"point_estimate":24154.62467116959,"standard_error":3423.0028413518517},"slope":null,"std_dev":{"confidence_interval":{"confidence_level":0.95,"lower_bound":31858.76638548572,"upper_bound":192619.1028218199},"point_estimate":118500.16546277874,"standard_error":48819.171464419145}}