{"mean":{"confidence_interval":{"confidence_level":0.95,"lower_bound":6633485.5574375,"upper_bound":6639182.43334375},"point_estimate":6636073.59375,"standard_error":1458.2707399229496},"median":{"confidence_interval":{"confidence_level":0.95,"lower_bound":6631883.125,"upper_bound":6633918.125},"point_estimate":6632945.125,"standard_error":477.12554914242315},"median_abs_dev":{"confidence_interval":{"confidence_level":0.95,"lower_bound":3750.699945911765,"upper_bound":6648.904906958342},"point_estimate":4872.194163501263,"standard_error":717.3224313503679},"slope":null,"std_dev":{"confidence_interval":{"confidence_level":0.95,"lower_bound":7791.3831230169935,"upper_bound":20166.968469894648},"point_estimate":14659.572176214371,"standard_error":3149.1290421647564}}