{"mean":{"confidence_interval":{"confidence_level":0.95,"lower_bound":6628820.88990625,"upper_bound":6637317.15103125},"point_estimate":6632500.82125,"standard_error":2187.7874771134093},"median":{"confidence_interval":{"confidence_level":0.95,"lower_bound":6627396.0,"upper_bound":6630328.75},"point_estimate":6628433.3125,"standard_error":784.4238874617298},"median_abs_dev":{"confidence_interval":{"confidence_level":0.95,"lower_bound":4705.123678967357,"upper_bound":7435.887505486608},"point_estimate":6134.998691082001,"standard_error":683.8394800170751},"slope":null,"std_dev":{"confidence_interval":{"confidence_level":0.95,"lower_bound":5928.26662571101,"upper_bound":32895.54624488485},"point_estimate":22010.552383448092,"standard_error":6567.815715810125}}