{"mean":{"confidence_interval":{"confidence_level":0.95,"lower_bound":14952447.3435625,"upper_bound":14960858.1730625},"point_estimate":14956560.98,"standard_error":2142.54610598325},"median":{"confidence_interval":{"confidence_level":0.95,"lower_bound":14950381.0,"upper_bound":14960892.5},"point_estimate":14956255.0,"standard_error":2711.966295990116},"median_abs_dev":{"confidence_interval":{"confidence_level":0.95,"lower_bound":13232.204765081406,"upper_bound":23130.412839353085},"point_estimate":18254.882825911045,"standard_error":2649.1513277214194},"slope":null,"std_dev":{"confidence_interval":{"confidence_level":0.95,"lower_bound":17075.767502653027,"upper_bound":26315.671351214318},"point_estimate":21458.019305018468,"standard_error":2419.3361336833773}}