{"mean":{"confidence_interval":{"confidence_level":0.95,"lower_bound":14978477.2585,"upper_bound":15010131.333812501},"point_estimate":14992568.4175,"standard_error":8122.5355851162085},"median":{"confidence_interval":{"confidence_level":0.95,"lower_bound":14971249.125,"upper_bound":14977424.375},"point_estimate":14975551.5,"standard_error":1731.6697436993804},"median_abs_dev":{"confidence_interval":{"confidence_level":0.95,"lower_bound":11209.011776000261,"upper_bound":18366.07782393694},"point_estimate":14618.991715461016,"standard_error":1847.7023465646325},"slope":null,"std_dev":{"confidence_interval":{"confidence_level":0.95,"lower_bound":36627.32915708671,"upper_bound":116921.98354079458},"point_estimate":82177.84084803994,"standard_error":20322.40587114437}}