{"mean":{"confidence_interval":{"confidence_level":0.95,"lower_bound":6630870.997874999,"upper_bound":6638594.584},"point_estimate":6634344.33375,"standard_error":1992.0895912511792},"median":{"confidence_interval":{"confidence_level":0.95,"lower_bound":6627554.375,"upper_bound":6631742.0625},"point_estimate":6629976.625,"standard_error":1184.1574822286318},"median_abs_dev":{"confidence_interval":{"confidence_level":0.95,"lower_bound":5475.797677785158,"upper_bound":9834.465541653333},"point_estimate":8048.015969619155,"standard_error":1120.0235160194627},"slope":null,"std_dev":{"confidence_interval":{"confidence_level":0.95,"lower_bound":10412.952658306438,"upper_bound":27419.39451003101},"point_estimate":19965.081628028554,"standard_error":4432.023727347597}}