{"mean":{"confidence_interval":{"confidence_level":0.95,"lower_bound":14941421.219312498,"upper_bound":14949984.106375},"point_estimate":14945720.04,"standard_error":2183.938644782495},"median":{"confidence_interval":{"confidence_level":0.95,"lower_bound":14939912.875,"upper_bound":14953925.75},"point_estimate":14945688.0,"standard_error":3727.065743202606},"median_abs_dev":{"confidence_interval":{"confidence_level":0.95,"lower_bound":18995.992854628712,"upper_bound":29670.90262323618},"point_estimate":23277.190236747265,"standard_error":2720.6875997614256},"slope":null,"std_dev":{"confidence_interval":{"confidence_level":0.95,"lower_bound":19368.935609828113,"upper_bound":24295.332305627613},"point_estimate":21990.151650529446,"standard_error":1254.0180580411854}}