{"mean":{"confidence_interval":{"confidence_level":0.95,"lower_bound":6663789.5035625,"upper_bound":6671739.69553125},"point_estimate":6667183.36875,"standard_error":2040.9739514584921},"median":{"confidence_interval":{"confidence_level":0.95,"lower_bound":6660720.5,"upper_bound":6663232.25},"point_estimate":6661679.6875,"standard_error":702.9465452294133},"median_abs_dev":{"confidence_interval":{"confidence_level":0.95,"lower_bound":4521.188619732857,"upper_bound":8417.461350560188},"point_estimate":6684.116656333208,"standard_error":991.2543831305633},"slope":null,"std_dev":{"confidence_interval":{"confidence_level":0.95,"lower_bound":8407.880747372756,"upper_bound":31550.125554397568},"point_estimate":20461.13739421063,"standard_error":6513.0562867485105}}