{"mean":{"confidence_interval":{"confidence_level":0.95,"lower_bound":6611204.1819375,"upper_bound":6630812.188},"point_estimate":6619518.1175,"standard_error":5090.315159673135},"median":{"confidence_interval":{"confidence_level":0.95,"lower_bound":6606116.0,"upper_bound":6609433.875},"point_estimate":6607942.4375,"standard_error":840.6500687454484},"median_abs_dev":{"confidence_interval":{"confidence_level":0.95,"lower_bound":4747.841090708971,"upper_bound":8381.230313703418},"point_estimate":7116.943186149001,"standard_error":912.9877179812996},"slope":null,"std_dev":{"confidence_interval":{"confidence_level":0.95,"lower_bound":13453.288971874075,"upper_bound":78155.65520324359},"point_estimate":51094.26463929746,"standard_error":17252.10425215785}}