{"mean":{"confidence_interval":{"confidence_level":0.95,"lower_bound":14973955.46675,"upper_bound":14980232.733625},"point_estimate":14976972.0225,"standard_error":1605.1818243743276},"median":{"confidence_interval":{"confidence_level":0.95,"lower_bound":14974114.75,"upper_bound":14978390.0},"point_estimate":14976189.875,"standard_error":968.9333250431655},"median_abs_dev":{"confidence_interval":{"confidence_level":0.95,"lower_bound":7857.779860496521,"upper_bound":13502.964585274458},"point_estimate":10037.757796794176,"standard_error":1482.6114810817928},"slope":null,"std_dev":{"confidence_interval":{"confidence_level":0.95,"lower_bound":11507.202916364362,"upper_bound":20906.398866652664},"point_estimate":16098.81922324416,"standard_error":2458.7068474205744}}