{"mean":{"confidence_interval":{"confidence_level":0.95,"lower_bound":6633775.12125,"upper_bound":6642388.135},"point_estimate":6637499.07125,"standard_error":2222.916213347905},"median":{"confidence_interval":{"confidence_level":0.95,"lower_bound":6630701.8125,"upper_bound":6633948.5},"point_estimate":6633243.9375,"standard_error":809.7300516292354},"median_abs_dev":{"confidence_interval":{"confidence_level":0.95,"lower_bound":4831.330001726747,"upper_bound":8039.213032275438},"point_estimate":6544.937583804131,"standard_error":818.0400245827163},"slope":null,"std_dev":{"confidence_interval":{"confidence_level":0.95,"lower_bound":8459.3784242909,"upper_bound":34297.11294457434},"point_estimate":22336.997975048667,"standard_error":7026.45421848954}}