{"mean":{"confidence_interval":{"confidence_level":0.95,"lower_bound":6632876.191906249,"upper_bound":6639970.57309375},"point_estimate":6636121.41875,"standard_error":1818.2859267581557},"median":{"confidence_interval":{"confidence_level":0.95,"lower_bound":6630650.3125,"upper_bound":6633781.75},"point_estimate":6632061.75,"standard_error":699.128582654156},"median_abs_dev":{"confidence_interval":{"confidence_level":0.95,"lower_bound":5481.079440191388,"upper_bound":9773.113701492548},"point_estimate":7219.705896824598,"standard_error":1178.5133622195472},"slope":null,"std_dev":{"confidence_interval":{"confidence_level":0.95,"lower_bound":9657.117708177468,"upper_bound":24864.229117047445},"point_estimate":18259.016222969793,"standard_error":3824.873596198531}}