{"mean":{"confidence_interval":{"confidence_level":0.95,"lower_bound":16143492.234875,"upper_bound":16146270.4951875},"point_estimate":16144784.48,"standard_error":707.8668296647515},"median":{"confidence_interval":{"confidence_level":0.95,"lower_bound":16142111.0,"upper_bound":16144886.0},"point_estimate":16143173.5,"standard_error":607.0817298543798},"median_abs_dev":{"confidence_interval":{"confidence_level":0.95,"lower_bound":3502.2717878222466,"upper_bound":5522.6849019527435},"point_estimate":4874.047413468361,"standard_error":529.7757910838698},"slope":null,"std_dev":{"confidence_interval":{"confidence_level":0.95,"lower_bound":4621.085196621914,"upper_bound":9270.043999248977},"point_estimate":7108.184450790839,"standard_error":1196.435348506248}}