{"mean":{"confidence_interval":{"confidence_level":0.95,"lower_bound":6666479.35259375,"upper_bound":6673351.934875},"point_estimate":6669476.21875,"standard_error":1780.8388083324767},"median":{"confidence_interval":{"confidence_level":0.95,"lower_bound":6663993.0,"upper_bound":6667477.625},"point_estimate":6665479.8125,"standard_error":874.7735881564614},"median_abs_dev":{"confidence_interval":{"confidence_level":0.95,"lower_bound":4938.818499818444,"upper_bound":8868.913042545319},"point_estimate":6677.16696895659,"standard_error":1074.6993275061525},"slope":null,"std_dev":{"confidence_interval":{"confidence_level":0.95,"lower_bound":6903.191029496328,"upper_bound":27192.94992479301},"point_estimate":17875.775033149963,"standard_error":5429.516001598674}}