{"mean":{"confidence_interval":{"confidence_level":0.95,"lower_bound":6630059.77128125,"upper_bound":6638337.57790625},"point_estimate":6633760.79625,"standard_error":2126.1044919256155},"median":{"confidence_interval":{"confidence_level":0.95,"lower_bound":6627431.125,"upper_bound":6630114.25},"point_estimate":6628729.0,"standard_error":626.4790276524016},"median_abs_dev":{"confidence_interval":{"confidence_level":0.95,"lower_bound":3851.609406620264,"upper_bound":6889.271427690983},"point_estimate":5547.796439006925,"standard_error":815.1625014341363},"slope":null,"std_dev":{"confidence_interval":{"confidence_level":0.95,"lower_bound":11431.257295751986,"upper_bound":29137.299072409405},"point_estimate":21260.622713428926,"standard_error":4885.363708163469}}