{"mean":{"confidence_interval":{"confidence_level":0.95,"lower_bound":6631050.9604375,"upper_bound":6646341.321562501},"point_estimate":6637546.65,"standard_error":3974.923667769231},"median":{"confidence_interval":{"confidence_level":0.95,"lower_bound":6626511.0,"upper_bound":6629889.75},"point_estimate":6628340.8125,"standard_error":803.6438997572886},"median_abs_dev":{"confidence_interval":{"confidence_level":0.95,"lower_bound":4764.1496904194355,"upper_bound":8286.55472257174},"point_estimate":6321.435637772083,"standard_error":930.3094762058355},"slope":null,"std_dev":{"confidence_interval":{"confidence_level":0.95,"lower_bound":12980.979375716051,"upper_bound":62867.90339348266},"point_estimate":40189.81257421626,"standard_error":13748.451273410965}}