{"mean":{"confidence_interval":{"confidence_level":0.95,"lower_bound":19371525.975750003,"upper_bound":19379860.71408333},"point_estimate":19375719.473333344,"standard_error":2121.6335004565003},"median":{"confidence_interval":{"confidence_level":0.95,"lower_bound":19373143.166666668,"upper_bound":19377391.0},"point_estimate":19375726.666666664,"standard_error":1167.7644202319357},"median_abs_dev":{"confidence_interval":{"confidence_level":0.95,"lower_bound":7736.200485160326,"upper_bound":15047.648432848076},"point_estimate":11291.23429954144,"standard_error":1857.1975473284576},"slope":null,"std_dev":{"confidence_interval":{"confidence_level":0.95,"lower_bound":15878.174181554114,"upper_bound":26468.049738305413},"point_estimate":21280.80901467659,"standard_error":2705.3138252513186}}