{"mean":{"confidence_interval":{"confidence_level":0.95,"lower_bound":6628765.016593751,"upper_bound":6635575.82465625},"point_estimate":6631779.94875,"standard_error":1757.1228583486413},"median":{"confidence_interval":{"confidence_level":0.95,"lower_bound":6626903.0625,"upper_bound":6629542.125},"point_estimate":6627995.125,"standard_error":671.6218835652788},"median_abs_dev":{"confidence_interval":{"confidence_level":0.95,"lower_bound":4459.646821450443,"upper_bound":7266.268802247931},"point_estimate":6008.607043325901,"standard_error":691.0373439424732},"slope":null,"std_dev":{"confidence_interval":{"confidence_level":0.95,"lower_bound":5500.084219417543,"upper_bound":25566.417498193223},"point_estimate":17654.35977568603,"standard_error":4685.5490142586705}}