{"mean":{"confidence_interval":{"confidence_level":0.95,"lower_bound":17891868.72400001,"upper_bound":18254298.487750005},"point_estimate":18068551.14333334,"standard_error":92421.09445340282},"median":{"confidence_interval":{"confidence_level":0.95,"lower_bound":17723093.0,"upper_bound":18135492.333333332},"point_estimate":17932592.833333336,"standard_error":97287.91397602274},"median_abs_dev":{"confidence_interval":{"confidence_level":0.95,"lower_bound":620861.966377493,"upper_bound":990819.091409443},"point_estimate":817454.2286872817,"standard_error":95042.0994555159},"slope":null,"std_dev":{"confidence_interval":{"confidence_level":0.95,"lower_bound":766397.6114093919,"upper_bound":1083732.194665539},"point_estimate":932073.7278215165,"standard_error":81321.05562742235}}