{"mean":{"confidence_interval":{"confidence_level":0.95,"lower_bound":19534680.80675,"upper_bound":19538367.694},"point_estimate":19536376.88666666,"standard_error":941.0718772233186},"median":{"confidence_interval":{"confidence_level":0.95,"lower_bound":19533170.333333332,"upper_bound":19536138.333333332},"point_estimate":19534988.666666664,"standard_error":827.9936491793691},"median_abs_dev":{"confidence_interval":{"confidence_level":0.95,"lower_bound":4077.3908501137757,"upper_bound":7142.17827320467},"point_estimate":5462.6396030159995,"standard_error":794.3387932890818},"slope":null,"std_dev":{"confidence_interval":{"confidence_level":0.95,"lower_bound":5852.613540564297,"upper_bound":13329.595195170272},"point_estimate":9449.757768523532,"standard_error":2091.780167965147}}