{"mean":{"confidence_interval":{"confidence_level":0.95,"lower_bound":17873895.892666675,"upper_bound":17934757.910583332},"point_estimate":17902572.97,"standard_error":15437.336369425513},"median":{"confidence_interval":{"confidence_level":0.95,"lower_bound":17907502.333333332,"upper_bound":17955236.666666668},"point_estimate":17926469.333333336,"standard_error":12268.340489216194},"median_abs_dev":{"confidence_interval":{"confidence_level":0.95,"lower_bound":67039.2172098169,"upper_bound":130891.70314870583},"point_estimate":99063.87084126104,"standard_error":16527.4678555735},"slope":null,"std_dev":{"confidence_interval":{"confidence_level":0.95,"lower_bound":103040.16652378583,"upper_bound":216422.35141226542},"point_estimate":155083.32600029354,"standard_error":32232.145209965194}}