{"mean":{"confidence_interval":{"confidence_level":0.95,"lower_bound":-0.004869867147303452,"upper_bound":-0.0015062764356262093},"point_estimate":-0.0032116529852991293,"standard_error":0.0008504787553680582},"median":{"confidence_interval":{"confidence_level":0.95,"lower_bound":-0.005264524317880159,"upper_bound":-0.002007234268154523},"point_estimate":-0.0040682793718289645,"standard_error":0.0008264404961832417}}