{"mean":{"confidence_interval":{"confidence_level":0.95,"lower_bound":-0.01220879588279511,"upper_bound":0.002623814280312024},"point_estimate":-0.003315346993753354,"standard_error":0.003888850048671388},"median":{"confidence_interval":{"confidence_level":0.95,"lower_bound":0.00012034621530710446,"upper_bound":0.003269032063830446},"point_estimate":0.0015702264356511897,"standard_error":0.0008062020336852029}}