{"mean":{"confidence_interval":{"confidence_level":0.95,"lower_bound":-0.006132891892064618,"upper_bound":-0.0007954035059323937},"point_estimate":-0.0033636873780241716,"standard_error":0.0013491916673567708},"median":{"confidence_interval":{"confidence_level":0.95,"lower_bound":-0.006086930416776272,"upper_bound":-0.0024753333021042545},"point_estimate":-0.0038649452379837523,"standard_error":0.0009387251505244464}}