{"mean":{"confidence_interval":{"confidence_level":0.95,"lower_bound":-0.10827854833057972,"upper_bound":-0.10744786133199591},"point_estimate":-0.10783705848553349,"standard_error":0.00021239871165978615},"median":{"confidence_interval":{"confidence_level":0.95,"lower_bound":-0.10844301075056184,"upper_bound":-0.10758138177950272},"point_estimate":-0.10799031216657551,"standard_error":0.00020989634518807734}}