{"mean":{"confidence_interval":{"confidence_level":0.95,"lower_bound":0.003513819311002359,"upper_bound":0.013504287880257064},"point_estimate":0.007721779757011493,"standard_error":0.0025774405071603773},"median":{"confidence_interval":{"confidence_level":0.95,"lower_bound":0.0022410999361315485,"upper_bound":0.006287537600797588},"point_estimate":0.004207976549439163,"standard_error":0.0010443800827630379}}