{"mean":{"confidence_interval":{"confidence_level":0.95,"lower_bound":0.003968164806868752,"upper_bound":0.012002617099588775},"point_estimate":0.007091552421997438,"standard_error":0.002065305237486224},"median":{"confidence_interval":{"confidence_level":0.95,"lower_bound":0.0042582028959470275,"upper_bound":0.007597013156248611},"point_estimate":0.0064050739025149905,"standard_error":0.0008151099059691108}}