{"mean":{"confidence_interval":{"confidence_level":0.95,"lower_bound":-0.0018170438214256052,"upper_bound":0.002420988499219055},"point_estimate":0.0003209438026490208,"standard_error":0.0010892878158415263},"median":{"confidence_interval":{"confidence_level":0.95,"lower_bound":-0.00143300928221346,"upper_bound":0.0030778741596559286},"point_estimate":0.0005956877364483582,"standard_error":0.0011511070228777758}}