{"mean":{"confidence_interval":{"confidence_level":0.95,"lower_bound":-0.005526542348734484,"upper_bound":-0.00042827106607324576},"point_estimate":-0.0029324785218310945,"standard_error":0.0013000674089059289},"median":{"confidence_interval":{"confidence_level":0.95,"lower_bound":-0.003671142170311281,"upper_bound":0.0015718454476747468},"point_estimate":-0.00063556322281344,"standard_error":0.0013575779868143655}}