{"mean":{"confidence_interval":{"confidence_level":0.95,"lower_bound":0.15295532612202184,"upper_bound":0.1636746523111726},"point_estimate":0.15838206134876898,"standard_error":0.002750143264989574},"median":{"confidence_interval":{"confidence_level":0.95,"lower_bound":0.1542374911317903,"upper_bound":0.16972236370067417},"point_estimate":0.16138708518105305,"standard_error":0.0037284753315885754}}