{"mean":{"confidence_interval":{"confidence_level":0.95,"lower_bound":-0.00142642297687951,"upper_bound":0.006864811237432474},"point_estimate":0.002471597972655726,"standard_error":0.002146026704993464},"median":{"confidence_interval":{"confidence_level":0.95,"lower_bound":-0.0012228506592899535,"upper_bound":0.001971853192413109},"point_estimate":-9.444564594951466e-6,"standard_error":0.0007838461028851539}}