{"mean":{"confidence_interval":{"confidence_level":0.95,"lower_bound":-0.004193781568511359,"upper_bound":0.00034565232009041723},"point_estimate":-0.0024285133490230537,"standard_error":0.0011704294177779418},"median":{"confidence_interval":{"confidence_level":0.95,"lower_bound":-0.004628692187517269,"upper_bound":-0.0033558816880780995},"point_estimate":-0.003969499487057937,"standard_error":0.00032150215032725063}}