{"mean":{"confidence_interval":{"confidence_level":0.95,"lower_bound":0.11837923457345764,"upper_bound":0.1465240501101739},"point_estimate":0.13246712833020147,"standard_error":0.007234134085084139},"median":{"confidence_interval":{"confidence_level":0.95,"lower_bound":0.11346744337288994,"upper_bound":0.13873308939694362},"point_estimate":0.12624859387483545,"standard_error":0.00678943935514056}}