{"mean":{"confidence_interval":{"confidence_level":0.95,"lower_bound":0.0006384757704156649,"upper_bound":0.004833476907917066},"point_estimate":0.0026855831863425994,"standard_error":0.0010681879218089301},"median":{"confidence_interval":{"confidence_level":0.95,"lower_bound":-0.0000832845346742106,"upper_bound":0.003605318753980115},"point_estimate":0.0020256857514899806,"standard_error":0.0009354300298599408}}