{"mean":{"confidence_interval":{"confidence_level":0.95,"lower_bound":-0.029863605313374043,"upper_bound":-0.021316806543180394},"point_estimate":-0.025530309362522097,"standard_error":0.0022398142166102546},"median":{"confidence_interval":{"confidence_level":0.95,"lower_bound":-0.029623316819745726,"upper_bound":-0.0129836326306767},"point_estimate":-0.02205210511991873,"standard_error":0.004118511700098479}}