{"mean":{"confidence_interval":{"confidence_level":0.95,"lower_bound":0.25713284544729526,"upper_bound":0.2594251182511115},"point_estimate":0.25817934463891357,"standard_error":0.000563255765258111},"median":{"confidence_interval":{"confidence_level":0.95,"lower_bound":0.2569732319367948,"upper_bound":0.2583818440074084},"point_estimate":0.25800496493064706,"standard_error":0.0003722272817221858}}