{"mean":{"confidence_interval":{"confidence_level":0.95,"lower_bound":-0.11323722072153855,"upper_bound":-0.11236235849566512},"point_estimate":-0.11279237273528364,"standard_error":0.00022189395294754376},"median":{"confidence_interval":{"confidence_level":0.95,"lower_bound":-0.11248140128089723,"upper_bound":-0.11174534976595485},"point_estimate":-0.11206943412559311,"standard_error":0.00019179781221743183}}