{"mean":{"confidence_interval":{"confidence_level":0.95,"lower_bound":-0.09137301900356964,"upper_bound":-0.08396263811738724},"point_estimate":-0.0886755585013208,"standard_error":0.0021713242493618936},"median":{"confidence_interval":{"confidence_level":0.95,"lower_bound":-0.091967231500373,"upper_bound":-0.0900918812241949},"point_estimate":-0.09086083846131043,"standard_error":0.0004039090629010376}}