{"mean":{"confidence_interval":{"confidence_level":0.95,"lower_bound":-0.0005166207961301542,"upper_bound":0.0010960485475223435},"point_estimate":0.0002181951986084396,"standard_error":0.00041365612945826994},"median":{"confidence_interval":{"confidence_level":0.95,"lower_bound":-0.0007148145816655571,"upper_bound":-0.00009431326064015622},"point_estimate":-0.00040278846263841483,"standard_error":0.00016899462982269817}}