{"mean":{"confidence_interval":{"confidence_level":0.95,"lower_bound":-0.17053632817521303,"upper_bound":-0.138524911705608},"point_estimate":-0.15311492777635016,"standard_error":0.008220071277639523},"median":{"confidence_interval":{"confidence_level":0.95,"lower_bound":-0.14454885805577933,"upper_bound":-0.12756202371036673},"point_estimate":-0.13485834407592134,"standard_error":0.004298182328119861}}