{"mean":{"confidence_interval":{"confidence_level":0.95,"lower_bound":-0.0014826034778508716,"upper_bound":0.0031303170627954013},"point_estimate":0.0010208900841708335,"standard_error":0.001175428179346718},"median":{"confidence_interval":{"confidence_level":0.95,"lower_bound":0.00015977445481341057,"upper_bound":0.0023870146512470214},"point_estimate":0.001580362697144011,"standard_error":0.0005764191337757021}}