{"mean":{"confidence_interval":{"confidence_level":0.95,"lower_bound":-0.1262420568163618,"upper_bound":-0.11245150823574346},"point_estimate":-0.11897549857771961,"standard_error":0.0035271708735889027},"median":{"confidence_interval":{"confidence_level":0.95,"lower_bound":-0.11857545684035709,"upper_bound":-0.10738100105375326},"point_estimate":-0.11532940076769083,"standard_error":0.0028374424805873506}}