{"mean":{"confidence_interval":{"confidence_level":0.95,"lower_bound":-0.16864718898464814,"upper_bound":-0.16713162788341807},"point_estimate":-0.16791104624984,"standard_error":0.00038667106130546206},"median":{"confidence_interval":{"confidence_level":0.95,"lower_bound":-0.168300093984057,"upper_bound":-0.16681296470182083},"point_estimate":-0.16762835380556285,"standard_error":0.00037216195264251227}}