{"mean":{"confidence_interval":{"confidence_level":0.95,"lower_bound":-0.010728214860311508,"upper_bound":-0.0027803487812257284},"point_estimate":-0.006332003678513054,"standard_error":0.002040775015593275},"median":{"confidence_interval":{"confidence_level":0.95,"lower_bound":-0.00441512845927865,"upper_bound":-0.00149522644377271},"point_estimate":-0.002602628769938997,"standard_error":0.0007470238431256651}}