{"mean":{"confidence_interval":{"confidence_level":0.95,"lower_bound":-0.010801997522922659,"upper_bound":-0.0027815783003430905},"point_estimate":-0.006188427721684819,"standard_error":0.002081584595301184},"median":{"confidence_interval":{"confidence_level":0.95,"lower_bound":-0.005735460196362285,"upper_bound":-0.0019189242615511581},"point_estimate":-0.003785151447695312,"standard_error":0.0009801844518997317}}