{"mean":{"confidence_interval":{"confidence_level":0.95,"lower_bound":-0.0018954086336648074,"upper_bound":0.002385424295984907},"point_estimate":-0.00003238509448755256,"standard_error":0.0010758135113595924},"median":{"confidence_interval":{"confidence_level":0.95,"lower_bound":-0.0033805729752358626,"upper_bound":-0.00010723470123430445},"point_estimate":-0.0016929290518417073,"standard_error":0.0008934222073230157}}