{"mean":{"confidence_interval":{"confidence_level":0.95,"lower_bound":0.12317185075523773,"upper_bound":0.14330279408323032},"point_estimate":0.13290330423065022,"standard_error":0.005147998979803028},"median":{"confidence_interval":{"confidence_level":0.95,"lower_bound":0.12384022543262763,"upper_bound":0.1450755716272223},"point_estimate":0.13441697257233587,"standard_error":0.005597625547192832}}