{"mean":{"confidence_interval":{"confidence_level":0.95,"lower_bound":0.1379269840491231,"upper_bound":0.15655542416673818},"point_estimate":0.1465369888678798,"standard_error":0.004989401926396531},"median":{"confidence_interval":{"confidence_level":0.95,"lower_bound":0.13169349059708013,"upper_bound":0.15794791971223376},"point_estimate":0.14714395288357807,"standard_error":0.0067883269157485385}}