{"mean":{"confidence_interval":{"confidence_level":0.95,"lower_bound":-0.006226227668233725,"upper_bound":0.001262275242885913},"point_estimate":-0.002404785897513473,"standard_error":0.0018938839623499773},"median":{"confidence_interval":{"confidence_level":0.95,"lower_bound":-0.003888679029928399,"upper_bound":-0.0005904031957415512},"point_estimate":-0.002301662378038527,"standard_error":0.0008783164377893885}}