{"mean":{"confidence_interval":{"confidence_level":0.95,"lower_bound":-0.02189077321392774,"upper_bound":-0.005761322964481496},"point_estimate":-0.015105941786854205,"standard_error":0.003981623686186292},"median":{"confidence_interval":{"confidence_level":0.95,"lower_bound":-0.028554972818770508,"upper_bound":-0.015591513115607691},"point_estimate":-0.019307464814385056,"standard_error":0.003223691558295421}}