{"mean":{"confidence_interval":{"confidence_level":0.95,"lower_bound":0.039092956357196645,"upper_bound":0.05134223371370508},"point_estimate":0.04504489689495483,"standard_error":0.00313423155173179},"median":{"confidence_interval":{"confidence_level":0.95,"lower_bound":0.037624784333333716,"upper_bound":0.054630506106605914},"point_estimate":0.04855480401015555,"standard_error":0.00444728065803947}}