{"mean":{"confidence_interval":{"confidence_level":0.95,"lower_bound":-0.26259030843690506,"upper_bound":-0.23583799484972653},"point_estimate":-0.24791069648931796,"standard_error":0.0068488325206711494},"median":{"confidence_interval":{"confidence_level":0.95,"lower_bound":-0.24215472137375474,"upper_bound":-0.22599774083079932},"point_estimate":-0.23282233598629498,"standard_error":0.0047219527487708125}}