{"mean":{"confidence_interval":{"confidence_level":0.95,"lower_bound":82224.15646419475,"upper_bound":82523.15174434963},"point_estimate":82359.81321347074,"standard_error":76.95836968121625},"median":{"confidence_interval":{"confidence_level":0.95,"lower_bound":82172.79310344828,"upper_bound":82356.00756802721},"point_estimate":82274.9856722689,"standard_error":44.57566372063046},"median_abs_dev":{"confidence_interval":{"confidence_level":0.95,"lower_bound":254.63634431240092,"upper_bound":428.0500822445782},"point_estimate":322.8737272528799,"standard_error":45.84147119385087},"slope":{"confidence_interval":{"confidence_level":0.95,"lower_bound":82338.08861436833,"upper_bound":82479.74139805097},"point_estimate":82405.35616078025,"standard_error":36.23254284521218},"std_dev":{"confidence_interval":{"confidence_level":0.95,"lower_bound":365.5207206656721,"upper_bound":1084.841648393747},"point_estimate":776.2523879065593,"standard_error":178.05253655752747}}