{"mean":{"confidence_interval":{"confidence_level":0.95,"lower_bound":87549.66550210795,"upper_bound":87803.30130712187},"point_estimate":87664.61118616638,"standard_error":64.95419756864172},"median":{"confidence_interval":{"confidence_level":0.95,"lower_bound":87498.45135135135,"upper_bound":87601.34680851064},"point_estimate":87558.92629803186,"standard_error":27.709461836568224},"median_abs_dev":{"confidence_interval":{"confidence_level":0.95,"lower_bound":187.3784576167666,"upper_bound":311.9506705285916},"point_estimate":246.87039580284696,"standard_error":31.4963429376641},"slope":{"confidence_interval":{"confidence_level":0.95,"lower_bound":87674.00804399142,"upper_bound":88012.38837506482},"point_estimate":87825.36072114675,"standard_error":87.02548813648849},"std_dev":{"confidence_interval":{"confidence_level":0.95,"lower_bound":370.3086534362037,"upper_bound":894.4714940493831},"point_estimate":650.7646147260097,"standard_error":135.17618193049742}}