{"mean":{"confidence_interval":{"confidence_level":0.95,"lower_bound":127010.82258433611,"upper_bound":127261.23595191924},"point_estimate":127141.16932589785,"standard_error":64.12099693523625},"median":{"confidence_interval":{"confidence_level":0.95,"lower_bound":127292.62777777777,"upper_bound":127358.13133640552},"point_estimate":127319.34595588235,"standard_error":16.371532007648902},"median_abs_dev":{"confidence_interval":{"confidence_level":0.95,"lower_bound":157.44818057998293,"upper_bound":293.9771650290946},"point_estimate":207.89544294372934,"standard_error":33.9768498654869},"slope":{"confidence_interval":{"confidence_level":0.95,"lower_bound":127353.54904379277,"upper_bound":127435.52509670604},"point_estimate":127394.10696689818,"standard_error":20.964975645506254},"std_dev":{"confidence_interval":{"confidence_level":0.95,"lower_bound":497.9077686850148,"upper_bound":757.9619173464972},"point_estimate":642.1959388859398,"standard_error":66.28834998048156}}