{"mean":{"confidence_interval":{"confidence_level":0.95,"lower_bound":174385.23861093272,"upper_bound":177911.69613528607},"point_estimate":176113.4472412102,"standard_error":898.4776493562018},"median":{"confidence_interval":{"confidence_level":0.95,"lower_bound":171543.32876712328,"upper_bound":177144.12056737588},"point_estimate":173718.19644115574,"standard_error":1384.3841096957856},"median_abs_dev":{"confidence_interval":{"confidence_level":0.95,"lower_bound":5501.421138371911,"upper_bound":9891.4509228245},"point_estimate":7301.421319245083,"standard_error":1121.1678724349733},"slope":{"confidence_interval":{"confidence_level":0.95,"lower_bound":172709.39089561946,"upper_bound":176531.94750893716},"point_estimate":174542.07293926406,"standard_error":976.4147466640845},"std_dev":{"confidence_interval":{"confidence_level":0.95,"lower_bound":7548.8758374465015,"upper_bound":10293.063694659333},"point_estimate":8997.54373518871,"standard_error":702.1587178230302}}