{"mean":{"confidence_interval":{"confidence_level":0.95,"lower_bound":87552.322320399,"upper_bound":87790.47533160317},"point_estimate":87665.38945885973,"standard_error":60.86049893128181},"median":{"confidence_interval":{"confidence_level":0.95,"lower_bound":87577.06262626263,"upper_bound":87645.28169014085},"point_estimate":87612.7991749607,"standard_error":17.868588667351336},"median_abs_dev":{"confidence_interval":{"confidence_level":0.95,"lower_bound":164.51625174663153,"upper_bound":341.5991636323733},"point_estimate":237.19485383969828,"standard_error":50.29868563184273},"slope":{"confidence_interval":{"confidence_level":0.95,"lower_bound":87696.00575572532,"upper_bound":87941.59839904601},"point_estimate":87806.3974901729,"standard_error":63.14300595510673},"std_dev":{"confidence_interval":{"confidence_level":0.95,"lower_bound":413.7727202557758,"upper_bound":791.5194156121127},"point_estimate":610.8760917146082,"standard_error":97.24657966195377}}