{"mean":{"confidence_interval":{"confidence_level":0.95,"lower_bound":82296.38719046733,"upper_bound":82604.88410862553},"point_estimate":82429.28669977163,"standard_error":79.7207510627203},"median":{"confidence_interval":{"confidence_level":0.95,"lower_bound":82283.26129032258,"upper_bound":82369.4328358209},"point_estimate":82325.09178571429,"standard_error":22.880044270624538},"median_abs_dev":{"confidence_interval":{"confidence_level":0.95,"lower_bound":178.29612501642313,"upper_bound":322.5860349933712},"point_estimate":232.71018882200423,"standard_error":35.481258983589264},"slope":{"confidence_interval":{"confidence_level":0.95,"lower_bound":82409.34041504933,"upper_bound":82760.82524851938},"point_estimate":82557.70493630855,"standard_error":91.33041312913574},"std_dev":{"confidence_interval":{"confidence_level":0.95,"lower_bound":288.9020450475356,"upper_bound":1232.6061022326764},"point_estimate":802.3210584926396,"standard_error":256.6429848996332}}