{"mean":{"confidence_interval":{"confidence_level":0.95,"lower_bound":397906.24286054686,"upper_bound":403194.09828611073},"point_estimate":400593.65077244176,"standard_error":1350.8727474390546},"median":{"confidence_interval":{"confidence_level":0.95,"lower_bound":403005.1129032258,"upper_bound":406517.8625},"point_estimate":405000.84986413043,"standard_error":1021.0343761509889},"median_abs_dev":{"confidence_interval":{"confidence_level":0.95,"lower_bound":8670.549284028726,"upper_bound":13676.31266003139},"point_estimate":11229.800514905903,"standard_error":1289.3281374887945},"slope":{"confidence_interval":{"confidence_level":0.95,"lower_bound":391931.1305249456,"upper_bound":400559.2933726993},"point_estimate":396378.08003546624,"standard_error":2194.382759762854},"std_dev":{"confidence_interval":{"confidence_level":0.95,"lower_bound":11406.221515665164,"upper_bound":15659.735404402856},"point_estimate":13716.004021478127,"standard_error":1082.0454728874295}}