{"mean":{"confidence_interval":{"confidence_level":0.95,"lower_bound":87533.51703475679,"upper_bound":87944.05985310952},"point_estimate":87706.07040354064,"standard_error":106.25649828928721},"median":{"confidence_interval":{"confidence_level":0.95,"lower_bound":87443.93223684211,"upper_bound":87548.86428571428},"point_estimate":87494.3867331855,"standard_error":28.91102589655854},"median_abs_dev":{"confidence_interval":{"confidence_level":0.95,"lower_bound":166.0397686772086,"upper_bound":282.72874541534725},"point_estimate":236.13978673153122,"standard_error":30.060877396854806},"slope":{"confidence_interval":{"confidence_level":0.95,"lower_bound":87599.80391037438,"upper_bound":87942.9208605846},"point_estimate":87750.65580079799,"standard_error":88.17785409395198},"std_dev":{"confidence_interval":{"confidence_level":0.95,"lower_bound":383.9045463029415,"upper_bound":1677.2960458995676},"point_estimate":1069.1608033208076,"standard_error":370.9355039207629}}