{"mean":{"confidence_interval":{"confidence_level":0.95,"lower_bound":77029.24344314533,"upper_bound":77372.40854739406},"point_estimate":77174.27642824821,"standard_error":88.54586954373043},"median":{"confidence_interval":{"confidence_level":0.95,"lower_bound":76987.48106060606,"upper_bound":77131.51063829787},"point_estimate":77074.23399122807,"standard_error":35.56660243742554},"median_abs_dev":{"confidence_interval":{"confidence_level":0.95,"lower_bound":222.68937624111564,"upper_bound":367.8624313252083},"point_estimate":286.60951991167053,"standard_error":36.124511951918784},"slope":{"confidence_interval":{"confidence_level":0.95,"lower_bound":77135.11781027733,"upper_bound":77344.36199521687},"point_estimate":77231.0362366386,"standard_error":53.58767589895535},"std_dev":{"confidence_interval":{"confidence_level":0.95,"lower_bound":381.83446583389826,"upper_bound":1383.2536322460426},"point_estimate":883.3463061917219,"standard_error":307.3548370120721}}