{"mean":{"confidence_interval":{"confidence_level":0.95,"lower_bound":126707.78904907173,"upper_bound":126865.7278333024},"point_estimate":126788.96087467129,"standard_error":40.36667056528191},"median":{"confidence_interval":{"confidence_level":0.95,"lower_bound":126771.76086956522,"upper_bound":126914.32752267574},"point_estimate":126818.36286383573,"standard_error":35.24197382968101},"median_abs_dev":{"confidence_interval":{"confidence_level":0.95,"lower_bound":238.00294406750115,"upper_bound":368.34854851145604},"point_estimate":304.8786272796298,"standard_error":31.412683374724146},"slope":{"confidence_interval":{"confidence_level":0.95,"lower_bound":126775.53937901868,"upper_bound":126894.7622839683},"point_estimate":126835.09517880893,"standard_error":30.376382725813855},"std_dev":{"confidence_interval":{"confidence_level":0.95,"lower_bound":311.1408944744268,"upper_bound":490.2093178057404},"point_estimate":405.4207371844695,"standard_error":45.82630302840071}}