{"mean":{"confidence_interval":{"confidence_level":0.95,"lower_bound":86964.6389176363,"upper_bound":87125.91571495267},"point_estimate":87041.83065312615,"standard_error":41.206084195981646},"median":{"confidence_interval":{"confidence_level":0.95,"lower_bound":86922.36097560976,"upper_bound":87029.184},"point_estimate":86975.91963292548,"standard_error":27.478051800664467},"median_abs_dev":{"confidence_interval":{"confidence_level":0.95,"lower_bound":167.43714011081784,"upper_bound":311.1247791448057},"point_estimate":239.7174601469342,"standard_error":37.51804583543504},"slope":{"confidence_interval":{"confidence_level":0.95,"lower_bound":87049.51878820919,"upper_bound":87275.51202052405},"point_estimate":87148.6807146446,"standard_error":58.318097270798866},"std_dev":{"confidence_interval":{"confidence_level":0.95,"lower_bound":292.84605569973735,"upper_bound":522.8924704520664},"point_estimate":414.1037302217837,"standard_error":58.897534845272276}}