{"mean":{"confidence_interval":{"confidence_level":0.95,"lower_bound":85111.4590396262,"upper_bound":85549.42355009611},"point_estimate":85315.31892537643,"standard_error":112.05330676509878},"median":{"confidence_interval":{"confidence_level":0.95,"lower_bound":85076.42352941177,"upper_bound":85330.11516853933},"point_estimate":85221.68596631917,"standard_error":82.58866265594052},"median_abs_dev":{"confidence_interval":{"confidence_level":0.95,"lower_bound":347.61660650829276,"upper_bound":537.2073130376583},"point_estimate":444.4069248275937,"standard_error":48.318435461180584},"slope":{"confidence_interval":{"confidence_level":0.95,"lower_bound":85189.44410949308,"upper_bound":85804.09670905069},"point_estimate":85490.70606295257,"standard_error":156.13805533481147},"std_dev":{"confidence_interval":{"confidence_level":0.95,"lower_bound":654.9066253232613,"upper_bound":1545.1249685022217},"point_estimate":1123.6919264573626,"standard_error":229.53257127556552}}