{"mean":{"confidence_interval":{"confidence_level":0.95,"lower_bound":84559.49480848726,"upper_bound":84926.71956164629},"point_estimate":84723.96828681501,"standard_error":94.16585747842575},"median":{"confidence_interval":{"confidence_level":0.95,"lower_bound":84550.24603174604,"upper_bound":84744.59434040781},"point_estimate":84612.60153452685,"standard_error":53.039402091498275},"median_abs_dev":{"confidence_interval":{"confidence_level":0.95,"lower_bound":303.70319160819224,"upper_bound":541.2175044823764},"point_estimate":465.29207616929716,"standard_error":63.148481899094435},"slope":{"confidence_interval":{"confidence_level":0.95,"lower_bound":84783.86207191623,"upper_bound":85131.7509823873},"point_estimate":84938.82981409783,"standard_error":89.82203469491081},"std_dev":{"confidence_interval":{"confidence_level":0.95,"lower_bound":510.15591963165673,"upper_bound":1377.1153279097405},"point_estimate":943.7240104158747,"standard_error":239.8423648016591}}