{"mean":{"confidence_interval":{"confidence_level":0.95,"lower_bound":82249.58363461569,"upper_bound":82656.68725255932},"point_estimate":82408.53239305908,"standard_error":108.9573170689727},"median":{"confidence_interval":{"confidence_level":0.95,"lower_bound":82280.48724626069,"upper_bound":82417.00450450451},"point_estimate":82344.07554646878,"standard_error":29.661365322438417},"median_abs_dev":{"confidence_interval":{"confidence_level":0.95,"lower_bound":203.26004740153937,"upper_bound":389.59700812203215},"point_estimate":267.56359522185505,"standard_error":47.52399055678097},"slope":{"confidence_interval":{"confidence_level":0.95,"lower_bound":82384.83938114089,"upper_bound":82496.65820759558},"point_estimate":82438.0676267179,"standard_error":28.43213270246572},"std_dev":{"confidence_interval":{"confidence_level":0.95,"lower_bound":319.6304109061563,"upper_bound":1809.0042958013419},"point_estimate":1092.4514862958579,"standard_error":500.2633459192008}}