{"mean":{"confidence_interval":{"confidence_level":0.95,"lower_bound":150353.23749553,"upper_bound":151579.10317220155},"point_estimate":150991.12759814464,"standard_error":313.0366455074059},"median":{"confidence_interval":{"confidence_level":0.95,"lower_bound":150835.47727272726,"upper_bound":152589.16666666666},"point_estimate":151889.69584459462,"standard_error":482.67216405008116},"median_abs_dev":{"confidence_interval":{"confidence_level":0.95,"lower_bound":2025.6539699225523,"upper_bound":3529.565789532932},"point_estimate":2784.6448630626733,"standard_error":387.3131868825272},"slope":{"confidence_interval":{"confidence_level":0.95,"lower_bound":151371.77737905478,"upper_bound":152395.82849808648},"point_estimate":151910.62983596866,"standard_error":261.3107639403535},"std_dev":{"confidence_interval":{"confidence_level":0.95,"lower_bound":2350.084937080834,"upper_bound":4093.479060060575},"point_estimate":3142.4730712042115,"standard_error":487.66765506420705}}