{"mean":{"confidence_interval":{"confidence_level":0.95,"lower_bound":82206.39219727974,"upper_bound":82816.78542903006},"point_estimate":82470.90569607694,"standard_error":158.2137264033136},"median":{"confidence_interval":{"confidence_level":0.95,"lower_bound":82122.77161598092,"upper_bound":82240.03571428571},"point_estimate":82178.32523148149,"standard_error":25.898412706384992},"median_abs_dev":{"confidence_interval":{"confidence_level":0.95,"lower_bound":175.91823903369362,"upper_bound":397.94924849942424},"point_estimate":284.3261207667874,"standard_error":58.127899053757965},"slope":{"confidence_interval":{"confidence_level":0.95,"lower_bound":82324.76770432568,"upper_bound":82799.64024545444},"point_estimate":82538.27942613665,"standard_error":121.84565134674796},"std_dev":{"confidence_interval":{"confidence_level":0.95,"lower_bound":590.8350399703904,"upper_bound":2428.869146410842},"point_estimate":1593.665681836414,"standard_error":492.4388515432484}}