{"mean":{"confidence_interval":{"confidence_level":0.95,"lower_bound":114335.6350138679,"upper_bound":114494.09527634809},"point_estimate":114417.00748593552,"standard_error":40.55240450963135},"median":{"confidence_interval":{"confidence_level":0.95,"lower_bound":114403.1077586207,"upper_bound":114552.28225806452},"point_estimate":114481.9476686508,"standard_error":32.651915426742804},"median_abs_dev":{"confidence_interval":{"confidence_level":0.95,"lower_bound":243.4854793311193,"upper_bound":405.449412085245},"point_estimate":308.5606038969594,"standard_error":40.92533031064466},"slope":{"confidence_interval":{"confidence_level":0.95,"lower_bound":114492.76929202468,"upper_bound":114620.37174137951},"point_estimate":114557.55729791636,"standard_error":32.44191221691355},"std_dev":{"confidence_interval":{"confidence_level":0.95,"lower_bound":323.5697056596478,"upper_bound":491.5188286856926},"point_estimate":408.40876887057465,"standard_error":43.170598037634356}}