{"mean":{"confidence_interval":{"confidence_level":0.95,"lower_bound":132964.0616083523,"upper_bound":133066.23123053028},"point_estimate":133015.92548317392,"standard_error":26.05411861662185},"median":{"confidence_interval":{"confidence_level":0.95,"lower_bound":133017.69228448276,"upper_bound":133103.3989361702},"point_estimate":133056.47690494894,"standard_error":23.11151867090316},"median_abs_dev":{"confidence_interval":{"confidence_level":0.95,"lower_bound":120.51963739566732,"upper_bound":216.41322988806618},"point_estimate":168.58358949929936,"standard_error":24.0062299974462},"slope":{"confidence_interval":{"confidence_level":0.95,"lower_bound":133057.91945855517,"upper_bound":133118.88644458583},"point_estimate":133088.49886803605,"standard_error":15.49958307908402},"std_dev":{"confidence_interval":{"confidence_level":0.95,"lower_bound":203.41320720981193,"upper_bound":313.68859933149184},"point_estimate":261.5766301001631,"standard_error":28.141258836595206}}