{"mean":{"confidence_interval":{"confidence_level":0.95,"lower_bound":128708.07099463581,"upper_bound":128905.73839489161},"point_estimate":128806.98845893898,"standard_error":50.42188267838594},"median":{"confidence_interval":{"confidence_level":0.95,"lower_bound":128774.47879464286,"upper_bound":128896.1882022472},"point_estimate":128844.26818181819,"standard_error":34.18324121952147},"median_abs_dev":{"confidence_interval":{"confidence_level":0.95,"lower_bound":208.26283153424143,"upper_bound":338.79577440278763},"point_estimate":270.65036431524794,"standard_error":32.193913645034414},"slope":{"confidence_interval":{"confidence_level":0.95,"lower_bound":128869.05995082614,"upper_bound":129032.53465884824},"point_estimate":128944.573745382,"standard_error":41.839374512883694},"std_dev":{"confidence_interval":{"confidence_level":0.95,"lower_bound":381.7582809430969,"upper_bound":619.8895684021729},"point_estimate":507.3378099739161,"standard_error":60.99501690674338}}