{"mean":{"confidence_interval":{"confidence_level":0.95,"lower_bound":84931.8927565056,"upper_bound":86334.83358932554},"point_estimate":85431.39714646105,"standard_error":415.93126574687227},"median":{"confidence_interval":{"confidence_level":0.95,"lower_bound":84851.52542372882,"upper_bound":84984.92360655736},"point_estimate":84906.91205357143,"standard_error":32.20322348229106},"median_abs_dev":{"confidence_interval":{"confidence_level":0.95,"lower_bound":206.52854469105316,"upper_bound":356.3445915442644},"point_estimate":266.5445189042474,"standard_error":36.155602536406185},"slope":{"confidence_interval":{"confidence_level":0.95,"lower_bound":85003.1746702016,"upper_bound":85974.3306287043},"point_estimate":85337.70476902615,"standard_error":269.1188222413587},"std_dev":{"confidence_interval":{"confidence_level":0.95,"lower_bound":403.5634174797297,"upper_bound":7159.197452780768},"point_estimate":4199.049590844096,"standard_error":2362.8867317969243}}