{"mean":{"confidence_interval":{"confidence_level":0.95,"lower_bound":76355.72524335224,"upper_bound":76560.58187208344},"point_estimate":76454.6193137521,"standard_error":52.17071348947396},"median":{"confidence_interval":{"confidence_level":0.95,"lower_bound":76314.96994535519,"upper_bound":76528.33333333333},"point_estimate":76417.3241386599,"standard_error":56.39926141398878},"median_abs_dev":{"confidence_interval":{"confidence_level":0.95,"lower_bound":265.6419235828035,"upper_bound":439.01775516339757},"point_estimate":351.08391266789283,"standard_error":43.834889817808154},"slope":{"confidence_interval":{"confidence_level":0.95,"lower_bound":76484.2276369406,"upper_bound":76703.73566707039},"point_estimate":76584.19365203685,"standard_error":55.99961533828369},"std_dev":{"confidence_interval":{"confidence_level":0.95,"lower_bound":390.3242824539539,"upper_bound":648.6503867546428},"point_estimate":523.6110503171552,"standard_error":66.35588845165839}}