{"mean":{"confidence_interval":{"confidence_level":0.95,"lower_bound":88247.7748446158,"upper_bound":89396.0104921858},"point_estimate":88714.92957783725,"standard_error":300.70322691932586},"median":{"confidence_interval":{"confidence_level":0.95,"lower_bound":88160.89491525423,"upper_bound":88325.89523809524},"point_estimate":88261.04817907995,"standard_error":37.74729490846146},"median_abs_dev":{"confidence_interval":{"confidence_level":0.95,"lower_bound":219.85920261193525,"upper_bound":383.48080443390023},"point_estimate":302.6290722473453,"standard_error":40.66991142218687},"slope":{"confidence_interval":{"confidence_level":0.95,"lower_bound":88322.15606814303,"upper_bound":88519.17152836488},"point_estimate":88409.30479858135,"standard_error":50.59753390371353},"std_dev":{"confidence_interval":{"confidence_level":0.95,"lower_bound":580.5580299723894,"upper_bound":4889.2619681433025},"point_estimate":3029.0122453446106,"standard_error":1197.3759299821781}}