{"mean":{"confidence_interval":{"confidence_level":0.95,"lower_bound":437417.77538636746,"upper_bound":443285.6273285206},"point_estimate":440248.04534576647,"standard_error":1497.0610971783628},"median":{"confidence_interval":{"confidence_level":0.95,"lower_bound":436457.09375,"upper_bound":441063.3289473684},"point_estimate":438546.64024390245,"standard_error":1346.192113668976},"median_abs_dev":{"confidence_interval":{"confidence_level":0.95,"lower_bound":8057.487127974514,"upper_bound":15508.856269784697},"point_estimate":12255.850879116966,"standard_error":1955.2463776404816},"slope":{"confidence_interval":{"confidence_level":0.95,"lower_bound":433394.27859378495,"upper_bound":439920.3121543293},"point_estimate":436552.28929658636,"standard_error":1663.9153639504018},"std_dev":{"confidence_interval":{"confidence_level":0.95,"lower_bound":11632.524024961702,"upper_bound":18487.81831781419},"point_estimate":14997.629196905786,"standard_error":1786.6900978927474}}