{"mean":{"confidence_interval":{"confidence_level":0.95,"lower_bound":82417.78603083722,"upper_bound":82601.62878092007},"point_estimate":82506.22401639941,"standard_error":46.864749764712904},"median":{"confidence_interval":{"confidence_level":0.95,"lower_bound":82414.54545454546,"upper_bound":82547.17269503546},"point_estimate":82493.66368644068,"standard_error":37.15602948879207},"median_abs_dev":{"confidence_interval":{"confidence_level":0.95,"lower_bound":230.1499551593137,"upper_bound":406.1436414036566},"point_estimate":306.656893318094,"standard_error":44.722586034454466},"slope":{"confidence_interval":{"confidence_level":0.95,"lower_bound":82560.08917352886,"upper_bound":82677.83382869756},"point_estimate":82616.38849002513,"standard_error":29.97785528057296},"std_dev":{"confidence_interval":{"confidence_level":0.95,"lower_bound":344.69213445325306,"upper_bound":604.7343123120494},"point_estimate":469.46056309787207,"standard_error":68.52873915892312}}