{"mean":{"confidence_interval":{"confidence_level":0.95,"lower_bound":171102.2640024872,"upper_bound":175897.76068951964},"point_estimate":173325.5932813395,"standard_error":1230.5440563788047},"median":{"confidence_interval":{"confidence_level":0.95,"lower_bound":169133.34913258016,"upper_bound":171678.3105022831},"point_estimate":170078.4428985507,"standard_error":626.9530829371035},"median_abs_dev":{"confidence_interval":{"confidence_level":0.95,"lower_bound":4968.577528244405,"upper_bound":8213.910950919868},"point_estimate":6732.938713754496,"standard_error":831.4585494440959},"slope":{"confidence_interval":{"confidence_level":0.95,"lower_bound":171387.69510248408,"upper_bound":175822.7174036171},"point_estimate":173539.60657898625,"standard_error":1129.9751212596732},"std_dev":{"confidence_interval":{"confidence_level":0.95,"lower_bound":7907.319755878607,"upper_bound":16808.811831955216},"point_estimate":12346.434721101958,"standard_error":2350.2841373715178}}