{"mean":{"confidence_interval":{"confidence_level":0.95,"lower_bound":131527.47062376654,"upper_bound":131661.6437254439},"point_estimate":131596.10385816393,"standard_error":34.26265186649254},"median":{"confidence_interval":{"confidence_level":0.95,"lower_bound":131602.85833333334,"upper_bound":131697.55681818182},"point_estimate":131663.3595819841,"standard_error":24.507250886924446},"median_abs_dev":{"confidence_interval":{"confidence_level":0.95,"lower_bound":139.83615004359856,"upper_bound":229.91827441032757},"point_estimate":186.87944575915188,"standard_error":23.036224942616762},"slope":{"confidence_interval":{"confidence_level":0.95,"lower_bound":131692.26395161072,"upper_bound":131767.50253122745},"point_estimate":131729.8264304714,"standard_error":19.210665655295532},"std_dev":{"confidence_interval":{"confidence_level":0.95,"lower_bound":262.4647339614024,"upper_bound":415.9350183770716},"point_estimate":344.2465831102123,"standard_error":39.223193056084895}}