{"mean":{"confidence_interval":{"confidence_level":0.95,"lower_bound":125851.10445158657,"upper_bound":126161.43924434503},"point_estimate":125977.36048269705,"standard_error":80.65975058393568},"median":{"confidence_interval":{"confidence_level":0.95,"lower_bound":125844.56593670076,"upper_bound":125972.07021122464},"point_estimate":125889.53511996905,"standard_error":34.74539962692354},"median_abs_dev":{"confidence_interval":{"confidence_level":0.95,"lower_bound":199.6662849890507,"upper_bound":363.43265773199386},"point_estimate":285.4846023847065,"standard_error":42.265910203707854},"slope":{"confidence_interval":{"confidence_level":0.95,"lower_bound":125895.51833026894,"upper_bound":126064.69117433454},"point_estimate":125970.166482193,"standard_error":43.33054361319527},"std_dev":{"confidence_interval":{"confidence_level":0.95,"lower_bound":274.6357015841561,"upper_bound":1299.1199919949809},"point_estimate":805.2507956742079,"standard_error":316.6805805591791}}