{"mean":{"confidence_interval":{"confidence_level":0.95,"lower_bound":86276.66070848107,"upper_bound":86444.92143792765},"point_estimate":86358.65197358036,"standard_error":42.876984323625614},"median":{"confidence_interval":{"confidence_level":0.95,"lower_bound":86280.20505279035,"upper_bound":86424.67105263157},"point_estimate":86332.39345649669,"standard_error":31.014591758593063},"median_abs_dev":{"confidence_interval":{"confidence_level":0.95,"lower_bound":189.67709162861843,"upper_bound":351.93903264073003},"point_estimate":253.67683257001732,"standard_error":41.7030943364275},"slope":{"confidence_interval":{"confidence_level":0.95,"lower_bound":86390.62302310433,"upper_bound":86550.40174720972},"point_estimate":86464.31864538693,"standard_error":41.04315634677324},"std_dev":{"confidence_interval":{"confidence_level":0.95,"lower_bound":326.06888151148604,"upper_bound":525.871788156087},"point_estimate":430.8049421906534,"standard_error":50.97897691407893}}