{"mean":{"confidence_interval":{"confidence_level":0.95,"lower_bound":82119.09812448405,"upper_bound":82396.87476710053},"point_estimate":82248.91712172776,"standard_error":71.29024448821521},"median":{"confidence_interval":{"confidence_level":0.95,"lower_bound":82089.6098765432,"upper_bound":82207.37891451831},"point_estimate":82142.10612244898,"standard_error":26.736703322771714},"median_abs_dev":{"confidence_interval":{"confidence_level":0.95,"lower_bound":195.39154097044872,"upper_bound":361.37879668298496},"point_estimate":256.6651439459521,"standard_error":41.02599905503202},"slope":{"confidence_interval":{"confidence_level":0.95,"lower_bound":82228.10561711666,"upper_bound":82553.88807219878},"point_estimate":82371.67656568642,"standard_error":83.68774132982038},"std_dev":{"confidence_interval":{"confidence_level":0.95,"lower_bound":452.244920103979,"upper_bound":942.6518832542297},"point_estimate":714.7289440458015,"standard_error":125.53298370677949}}