{"mean":{"confidence_interval":{"confidence_level":0.95,"lower_bound":82323.05086651946,"upper_bound":82529.765470816},"point_estimate":82422.74879015288,"standard_error":52.72742020973021},"median":{"confidence_interval":{"confidence_level":0.95,"lower_bound":82289.9344262295,"upper_bound":82513.66518708732},"point_estimate":82380.52162698412,"standard_error":61.51022234622428},"median_abs_dev":{"confidence_interval":{"confidence_level":0.95,"lower_bound":314.90558222749064,"upper_bound":535.2623162957142},"point_estimate":444.49147534756946,"standard_error":54.395422633076244},"slope":{"confidence_interval":{"confidence_level":0.95,"lower_bound":82571.43788650485,"upper_bound":82845.91787165047},"point_estimate":82697.46425003694,"standard_error":70.50046430123614},"std_dev":{"confidence_interval":{"confidence_level":0.95,"lower_bound":388.6629865985386,"upper_bound":662.5209340481357},"point_estimate":529.7820651722442,"standard_error":70.32331426660357}}