{"mean":{"confidence_interval":{"confidence_level":0.95,"lower_bound":19039706.358833335,"upper_bound":19178479.333083335},"point_estimate":19109181.559999995,"standard_error":35568.73422460643},"median":{"confidence_interval":{"confidence_level":0.95,"lower_bound":19011954.666666664,"upper_bound":19209739.833333336},"point_estimate":19117139.0,"standard_error":55769.04162945897},"median_abs_dev":{"confidence_interval":{"confidence_level":0.95,"lower_bound":308235.2526277313,"upper_bound":489954.31910157664},"point_estimate":406656.16928040795,"standard_error":46297.99947305762},"slope":null,"std_dev":{"confidence_interval":{"confidence_level":0.95,"lower_bound":315209.0463520833,"upper_bound":393012.06039498},"point_estimate":356749.1585012703,"standard_error":19834.739935816615}}