{"mean":{"confidence_interval":{"confidence_level":0.95,"lower_bound":6492046.7693125,"upper_bound":6497163.4214062495},"point_estimate":6494309.66625,"standard_error":1311.901998079071},"median":{"confidence_interval":{"confidence_level":0.95,"lower_bound":6490112.1875,"upper_bound":6491188.5},"point_estimate":6490501.0625,"standard_error":328.73153483337575},"median_abs_dev":{"confidence_interval":{"confidence_level":0.95,"lower_bound":1837.0340298861265,"upper_bound":3194.3543057888746},"point_estimate":2380.4069202393293,"standard_error":372.11363435521474},"slope":null,"std_dev":{"confidence_interval":{"confidence_level":0.95,"lower_bound":6410.300914840338,"upper_bound":19309.86551461423},"point_estimate":13175.256647707925,"standard_error":3416.2263153344343}}