{"mean":{"confidence_interval":{"confidence_level":0.95,"lower_bound":6492033.59384375,"upper_bound":6495412.3570625},"point_estimate":6493578.715,"standard_error":865.2228831704974},"median":{"confidence_interval":{"confidence_level":0.95,"lower_bound":6489733.75,"upper_bound":6491447.125},"point_estimate":6490555.9375,"standard_error":429.23065966296537},"median_abs_dev":{"confidence_interval":{"confidence_level":0.95,"lower_bound":2313.687604861334,"upper_bound":4690.112354233861},"point_estimate":3525.900724902749,"standard_error":598.1614026943523},"slope":null,"std_dev":{"confidence_interval":{"confidence_level":0.95,"lower_bound":5093.22153810032,"upper_bound":11551.888551091235},"point_estimate":8648.47327116515,"standard_error":1603.8758661717486}}