{"mean":{"confidence_interval":{"confidence_level":0.95,"lower_bound":6292430.414125,"upper_bound":6347966.55525},"point_estimate":6320295.04375,"standard_error":14179.014228138443},"median":{"confidence_interval":{"confidence_level":0.95,"lower_bound":6259937.25,"upper_bound":6392901.75},"point_estimate":6322839.375,"standard_error":29958.153964035868},"median_abs_dev":{"confidence_interval":{"confidence_level":0.95,"lower_bound":142547.44700677693,"upper_bound":238083.89823035325},"point_estimate":210852.4957191199,"standard_error":23257.667818265207},"slope":null,"std_dev":{"confidence_interval":{"confidence_level":0.95,"lower_bound":130605.81168479125,"upper_bound":152316.36458012633},"point_estimate":142439.05901220685,"standard_error":5536.854981963922}}