{"mean":{"confidence_interval":{"confidence_level":0.95,"lower_bound":18849356.649416674,"upper_bound":18987830.467666674},"point_estimate":18918078.263333336,"standard_error":35146.94780089887},"median":{"confidence_interval":{"confidence_level":0.95,"lower_bound":18803936.666666664,"upper_bound":18991601.0},"point_estimate":18883619.0,"standard_error":48097.77409670834},"median_abs_dev":{"confidence_interval":{"confidence_level":0.95,"lower_bound":263966.3000136602,"upper_bound":447740.0029510232},"point_estimate":369335.91564297583,"standard_error":47729.740129087506},"slope":null,"std_dev":{"confidence_interval":{"confidence_level":0.95,"lower_bound":300761.7908568855,"upper_bound":398751.169024147},"point_estimate":351678.7606955144,"standard_error":24907.24098943773}}