{"mean":{"confidence_interval":{"confidence_level":0.95,"lower_bound":6526968.7643125,"upper_bound":6591136.22946875},"point_estimate":6551865.36,"standard_error":17348.23958823562},"median":{"confidence_interval":{"confidence_level":0.95,"lower_bound":6523892.5625,"upper_bound":6526181.625},"point_estimate":6525363.875,"standard_error":647.6050758894352},"median_abs_dev":{"confidence_interval":{"confidence_level":0.95,"lower_bound":2827.0378457475454,"upper_bound":5139.618133753538},"point_estimate":3964.8429796099663,"standard_error":649.7633449575279},"slope":null,"std_dev":{"confidence_interval":{"confidence_level":0.95,"lower_bound":12745.629772128219,"upper_bound":288402.64386355435},"point_estimate":175023.29367720874,"standard_error":79672.96847024906}}