{"mean":{"confidence_interval":{"confidence_level":0.95,"lower_bound":6489919.3874375,"upper_bound":6491007.8755},"point_estimate":6490446.85875,"standard_error":278.3075057115113},"median":{"confidence_interval":{"confidence_level":0.95,"lower_bound":6488995.0,"upper_bound":6490566.75},"point_estimate":6489433.3125,"standard_error":389.6484941605133},"median_abs_dev":{"confidence_interval":{"confidence_level":0.95,"lower_bound":1478.337498754263,"upper_bound":2835.2871246635914},"point_estimate":2078.6051630973816,"standard_error":334.65582049478553},"slope":null,"std_dev":{"confidence_interval":{"confidence_level":0.95,"lower_bound":2209.901766222838,"upper_bound":3364.175046484113},"point_estimate":2802.2071637984077,"standard_error":295.6050057503009}}