{"mean":{"confidence_interval":{"confidence_level":0.95,"lower_bound":16479738.2213125,"upper_bound":16482371.1401875},"point_estimate":16480875.2975,"standard_error":682.487495203766},"median":{"confidence_interval":{"confidence_level":0.95,"lower_bound":16479117.0,"upper_bound":16480157.25},"point_estimate":16479704.375,"standard_error":267.0665175287319},"median_abs_dev":{"confidence_interval":{"confidence_level":0.95,"lower_bound":1883.2726165652275,"upper_bound":3206.3077680766582},"point_estimate":2506.1499305069447,"standard_error":336.22229724409846},"slope":null,"std_dev":{"confidence_interval":{"confidence_level":0.95,"lower_bound":2373.318841779206,"upper_bound":10256.053421220191},"point_estimate":6851.928170405223,"standard_error":2150.824067204909}}