{"mean":{"confidence_interval":{"confidence_level":0.95,"lower_bound":6488624.762,"upper_bound":6505436.897875},"point_estimate":6495830.7475,"standard_error":4349.339922043673},"median":{"confidence_interval":{"confidence_level":0.95,"lower_bound":6491418.125,"upper_bound":6493083.6875},"point_estimate":6492302.625,"standard_error":420.96989463299775},"median_abs_dev":{"confidence_interval":{"confidence_level":0.95,"lower_bound":3189.721180871129,"upper_bound":5404.076904058456},"point_estimate":4317.423785850406,"standard_error":555.3609318216229},"slope":null,"std_dev":{"confidence_interval":{"confidence_level":0.95,"lower_bound":14854.193555065964,"upper_bound":69835.01267211112},"point_estimate":43746.31923171623,"standard_error":16023.743148607118}}