{"mean":{"confidence_interval":{"confidence_level":0.95,"lower_bound":6491479.92628125,"upper_bound":6498661.6090625},"point_estimate":6494440.4675,"standard_error":1882.6833362785594},"median":{"confidence_interval":{"confidence_level":0.95,"lower_bound":6489477.125,"upper_bound":6491353.0},"point_estimate":6490084.9375,"standard_error":480.80312797109326},"median_abs_dev":{"confidence_interval":{"confidence_level":0.95,"lower_bound":2799.7811718564494,"upper_bound":5261.0986690968275},"point_estimate":3769.1397830843925,"standard_error":613.1930281405525},"slope":null,"std_dev":{"confidence_interval":{"confidence_level":0.95,"lower_bound":4645.103882818668,"upper_bound":30463.52515859061},"point_estimate":18985.855949087832,"standard_error":7347.042527848069}}