{"mean":{"confidence_interval":{"confidence_level":0.95,"lower_bound":16477420.43725,"upper_bound":16479992.4455},"point_estimate":16478533.6825,"standard_error":665.0890116940526},"median":{"confidence_interval":{"confidence_level":0.95,"lower_bound":16476668.25,"upper_bound":16477493.0},"point_estimate":16476980.5,"standard_error":226.01944501759513},"median_abs_dev":{"confidence_interval":{"confidence_level":0.95,"lower_bound":1204.6124786138535,"upper_bound":2520.419955253601},"point_estimate":1890.6856164336205,"standard_error":315.8855425675137},"slope":null,"std_dev":{"confidence_interval":{"confidence_level":0.95,"lower_bound":2378.880513568568,"upper_bound":9926.255051895705},"point_estimate":6672.484005061137,"standard_error":2042.3152093205288}}