{"mean":{"confidence_interval":{"confidence_level":0.95,"lower_bound":6492768.4875937505,"upper_bound":6498109.534},"point_estimate":6495110.85375,"standard_error":1372.9106026061074},"median":{"confidence_interval":{"confidence_level":0.95,"lower_bound":6491475.25,"upper_bound":6493174.625},"point_estimate":6492321.1875,"standard_error":433.0154138726138},"median_abs_dev":{"confidence_interval":{"confidence_level":0.95,"lower_bound":2774.86885917373,"upper_bound":4528.60161960125},"point_estimate":3675.4579972475767,"standard_error":441.84044510538837},"slope":null,"std_dev":{"confidence_interval":{"confidence_level":0.95,"lower_bound":4399.744826051891,"upper_bound":19803.091307841645},"point_estimate":13763.608476195555,"standard_error":3679.119274716135}}