{"mean":{"confidence_interval":{"confidence_level":0.95,"lower_bound":6491194.7550625,"upper_bound":6494537.62896875},"point_estimate":6492679.12875,"standard_error":863.8962696548953},"median":{"confidence_interval":{"confidence_level":0.95,"lower_bound":6490050.625,"upper_bound":6491807.0},"point_estimate":6490803.25,"standard_error":473.71667473355325},"median_abs_dev":{"confidence_interval":{"confidence_level":0.95,"lower_bound":2278.1075220555067,"upper_bound":3910.1721055805683},"point_estimate":2871.425499022007,"standard_error":376.9447578994902},"slope":null,"std_dev":{"confidence_interval":{"confidence_level":0.95,"lower_bound":2904.1876167486994,"upper_bound":12402.729591433244},"point_estimate":8661.479470517677,"standard_error":2251.1079539040156}}