{"mean":{"confidence_interval":{"confidence_level":0.95,"lower_bound":21523328.560666658,"upper_bound":21588957.220999993},"point_estimate":21557448.10333333,"standard_error":16772.078024307324},"median":{"confidence_interval":{"confidence_level":0.95,"lower_bound":21587370.666666668,"upper_bound":21643850.333333332},"point_estimate":21613745.666666664,"standard_error":13742.154026558432},"median_abs_dev":{"confidence_interval":{"confidence_level":0.95,"lower_bound":66011.28122806549,"upper_bound":124027.5741455713},"point_estimate":92057.8446656484,"standard_error":14965.866971454903},"slope":null,"std_dev":{"confidence_interval":{"confidence_level":0.95,"lower_bound":132011.77957135008,"upper_bound":198456.49315290045},"point_estimate":168618.8191237251,"standard_error":17037.19397551616}}