{"mean":{"confidence_interval":{"confidence_level":0.95,"lower_bound":6492353.955,"upper_bound":6525385.7025625},"point_estimate":6504044.99875,"standard_error":9856.837110472785},"median":{"confidence_interval":{"confidence_level":0.95,"lower_bound":6490269.125,"upper_bound":6492487.125},"point_estimate":6491189.0,"standard_error":555.9817944477966},"median_abs_dev":{"confidence_interval":{"confidence_level":0.95,"lower_bound":2876.799923926592,"upper_bound":5288.990081101656},"point_estimate":3907.392230629921,"standard_error":582.7625554624298},"slope":null,"std_dev":{"confidence_interval":{"confidence_level":0.95,"lower_bound":5327.332186249249,"upper_bound":168801.4164929046},"point_estimate":98979.35367535656,"standard_error":56165.90268357992}}