{"mean":{"confidence_interval":{"confidence_level":0.95,"lower_bound":18911971.337583333,"upper_bound":19091510.82391666},"point_estimate":19002956.28,"standard_error":45792.286216821376},"median":{"confidence_interval":{"confidence_level":0.95,"lower_bound":18927487.333333336,"upper_bound":19149439.666666668},"point_estimate":19032779.833333336,"standard_error":65849.89059198854},"median_abs_dev":{"confidence_interval":{"confidence_level":0.95,"lower_bound":319798.54402244,"upper_bound":531208.4046691675},"point_estimate":403275.5942404289,"standard_error":55338.393661141774},"slope":null,"std_dev":{"confidence_interval":{"confidence_level":0.95,"lower_bound":396699.2039559076,"upper_bound":513589.3122233781},"point_estimate":459168.95603322703,"standard_error":29765.1795072294}}