{"mean":{"confidence_interval":{"confidence_level":0.95,"lower_bound":17613388.217000004,"upper_bound":17615844.408666667},"point_estimate":17614499.40333333,"standard_error":630.710737426403},"median":{"confidence_interval":{"confidence_level":0.95,"lower_bound":17612863.333333332,"upper_bound":17614197.0},"point_estimate":17613381.166666664,"standard_error":359.3312027392719},"median_abs_dev":{"confidence_interval":{"confidence_level":0.95,"lower_bound":2770.9793508052826,"upper_bound":5287.451883632552},"point_estimate":3755.919933317251,"standard_error":637.5075288337046},"slope":null,"std_dev":{"confidence_interval":{"confidence_level":0.95,"lower_bound":3772.9293011058503,"upper_bound":9251.109640099621},"point_estimate":6348.582989787313,"standard_error":1673.0019365515534}}