{"mean":{"confidence_interval":{"confidence_level":0.95,"lower_bound":6490275.78284375,"upper_bound":6494733.975249999},"point_estimate":6492186.2475,"standard_error":1153.273015756683},"median":{"confidence_interval":{"confidence_level":0.95,"lower_bound":6488871.25,"upper_bound":6490029.6875},"point_estimate":6489500.0,"standard_error":328.4924720536827},"median_abs_dev":{"confidence_interval":{"confidence_level":0.95,"lower_bound":1616.4046213030815,"upper_bound":3011.6238590329885},"point_estimate":2329.349883645773,"standard_error":370.1041177416664},"slope":null,"std_dev":{"confidence_interval":{"confidence_level":0.95,"lower_bound":4068.353534964882,"upper_bound":17856.925950992514},"point_estimate":11610.445428287348,"standard_error":3661.7335066802084}}