{"mean":{"confidence_interval":{"confidence_level":0.95,"lower_bound":21134346.51583334,"upper_bound":21542749.28483333},"point_estimate":21321499.176666662,"standard_error":105261.89515048363},"median":{"confidence_interval":{"confidence_level":0.95,"lower_bound":20992560.0,"upper_bound":21218438.0},"point_estimate":21113432.166666664,"standard_error":44052.94570375097},"median_abs_dev":{"confidence_interval":{"confidence_level":0.95,"lower_bound":351564.30481098057,"upper_bound":561039.5516395569},"point_estimate":464142.99485981924,"standard_error":51548.20549572684},"slope":null,"std_dev":{"confidence_interval":{"confidence_level":0.95,"lower_bound":612577.2029576383,"upper_bound":1504373.7155288788},"point_estimate":1062041.1096509595,"standard_error":240481.80733230847}}