{"mean":{"confidence_interval":{"confidence_level":0.95,"lower_bound":6492326.4035625,"upper_bound":6495104.9105},"point_estimate":6493507.8375,"standard_error":720.1307791982963},"median":{"confidence_interval":{"confidence_level":0.95,"lower_bound":6491673.8125,"upper_bound":6492432.125},"point_estimate":6491917.625,"standard_error":199.09183307002377},"median_abs_dev":{"confidence_interval":{"confidence_level":0.95,"lower_bound":1770.3147145081314,"upper_bound":3572.8806115686893},"point_estimate":2458.2434188574553,"standard_error":462.5174525906856},"slope":null,"std_dev":{"confidence_interval":{"confidence_level":0.95,"lower_bound":2968.8666779767414,"upper_bound":11339.343172202729},"point_estimate":7249.193076883842,"standard_error":2515.948803291785}}