{"mean":{"confidence_interval":{"confidence_level":0.95,"lower_bound":6494789.5394375,"upper_bound":6507911.36315625},"point_estimate":6500197.5475,"standard_error":3438.7071177646494},"median":{"confidence_interval":{"confidence_level":0.95,"lower_bound":6491524.0,"upper_bound":6493487.25},"point_estimate":6492385.8125,"standard_error":498.42759034556457},"median_abs_dev":{"confidence_interval":{"confidence_level":0.95,"lower_bound":2479.8986447230004,"upper_bound":4482.085045427084},"point_estimate":3448.8981887698174,"standard_error":505.9897023737058},"slope":null,"std_dev":{"confidence_interval":{"confidence_level":0.95,"lower_bound":10797.269235600186,"upper_bound":55054.495045957025},"point_estimate":34517.84645271029,"standard_error":13141.555344340517}}