{"mean":{"confidence_interval":{"confidence_level":0.95,"lower_bound":18060833.80458334,"upper_bound":18085555.02183333},"point_estimate":18070164.62999999,"standard_error":6640.83902604814},"median":{"confidence_interval":{"confidence_level":0.95,"lower_bound":18059558.666666668,"upper_bound":18060927.666666668},"point_estimate":18060009.666666668,"standard_error":406.0559400326039},"median_abs_dev":{"confidence_interval":{"confidence_level":0.95,"lower_bound":2003.4867644263973,"upper_bound":3706.747034193926},"point_estimate":2841.897049547162,"standard_error":436.4294736554723},"slope":null,"std_dev":{"confidence_interval":{"confidence_level":0.95,"lower_bound":4003.605945398747,"upper_bound":111761.69281882135},"point_estimate":67039.17467502593,"standard_error":32020.48829247175}}