{"mean":{"confidence_interval":{"confidence_level":0.95,"lower_bound":16488785.484875,"upper_bound":16493599.3130625},"point_estimate":16490940.7675,"standard_error":1235.7154711337175},"median":{"confidence_interval":{"confidence_level":0.95,"lower_bound":16487161.25,"upper_bound":16489986.25},"point_estimate":16488473.75,"standard_error":677.0773748716247},"median_abs_dev":{"confidence_interval":{"confidence_level":0.95,"lower_bound":4095.8677522838116,"upper_bound":6820.149837043135},"point_estimate":5300.294905900955,"standard_error":709.2007888801166},"slope":null,"std_dev":{"confidence_interval":{"confidence_level":0.95,"lower_bound":5985.533509429754,"upper_bound":18139.09091311473},"point_estimate":12507.803908771175,"standard_error":3165.653628825521}}