{"mean":{"confidence_interval":{"confidence_level":0.95,"lower_bound":6489022.460406249,"upper_bound":6491535.0911875},"point_estimate":6490035.23875,"standard_error":661.2438074116986},"median":{"confidence_interval":{"confidence_level":0.95,"lower_bound":6488511.6875,"upper_bound":6489478.375},"point_estimate":6489002.0,"standard_error":271.6498478111878},"median_abs_dev":{"confidence_interval":{"confidence_level":0.95,"lower_bound":1752.5165651366124,"upper_bound":3174.895181134343},"point_estimate":2469.6409061551094,"standard_error":362.53041069807443},"slope":null,"std_dev":{"confidence_interval":{"confidence_level":0.95,"lower_bound":2400.4271026357455,"upper_bound":10772.677939261335},"point_estimate":6656.543896511085,"standard_error":2764.993623900527}}