{"mean":{"confidence_interval":{"confidence_level":0.95,"lower_bound":6491060.39625,"upper_bound":6495165.51265625},"point_estimate":6492786.9225,"standard_error":1068.446689059312},"median":{"confidence_interval":{"confidence_level":0.95,"lower_bound":6490147.875,"upper_bound":6491115.5},"point_estimate":6490822.4375,"standard_error":247.98688358822832},"median_abs_dev":{"confidence_interval":{"confidence_level":0.95,"lower_bound":2284.223246946931,"upper_bound":3881.076081097126},"point_estimate":3260.052017122507,"standard_error":452.3318254006533},"slope":null,"std_dev":{"confidence_interval":{"confidence_level":0.95,"lower_bound":2879.4762687209472,"upper_bound":16965.571779963808},"point_estimate":10735.85558369162,"standard_error":3827.3534228031954}}