{"mean":{"confidence_interval":{"confidence_level":0.95,"lower_bound":6492547.379906249,"upper_bound":6496665.18384375},"point_estimate":6494334.08375,"standard_error":1056.1372439625052},"median":{"confidence_interval":{"confidence_level":0.95,"lower_bound":6491135.375,"upper_bound":6493050.125},"point_estimate":6492078.3125,"standard_error":488.96083520542953},"median_abs_dev":{"confidence_interval":{"confidence_level":0.95,"lower_bound":2804.5046427100915,"upper_bound":4504.330994719638},"point_estimate":3625.2349231392145,"standard_error":439.0900293041272},"slope":null,"std_dev":{"confidence_interval":{"confidence_level":0.95,"lower_bound":4229.9595097234915,"upper_bound":15775.95770522365},"point_estimate":10607.301434599149,"standard_error":3018.065349506424}}