{"mean":{"confidence_interval":{"confidence_level":0.95,"lower_bound":6491485.565656249,"upper_bound":6496717.92915625},"point_estimate":6493709.405,"standard_error":1360.953400001787},"median":{"confidence_interval":{"confidence_level":0.95,"lower_bound":6490531.25,"upper_bound":6491637.125},"point_estimate":6491114.8125,"standard_error":275.6543428929707},"median_abs_dev":{"confidence_interval":{"confidence_level":0.95,"lower_bound":2353.349470719695,"upper_bound":4215.703528281296},"point_estimate":3496.9900254160166,"standard_error":464.0832562911717},"slope":null,"std_dev":{"confidence_interval":{"confidence_level":0.95,"lower_bound":3725.1960415406775,"upper_bound":20601.067936666797},"point_estimate":13627.55552676777,"standard_error":4533.585581107035}}