{"mean":{"confidence_interval":{"confidence_level":0.95,"lower_bound":19245064.445583332,"upper_bound":19343158.814166654},"point_estimate":19293964.63,"standard_error":25069.45254282807},"median":{"confidence_interval":{"confidence_level":0.95,"lower_bound":19193643.0,"upper_bound":19367061.666666668},"point_estimate":19262144.0,"standard_error":47997.37643850856},"median_abs_dev":{"confidence_interval":{"confidence_level":0.95,"lower_bound":232671.82686924934,"upper_bound":346833.50744247437},"point_estimate":294373.68417382333,"standard_error":28729.092022425262},"slope":null,"std_dev":{"confidence_interval":{"confidence_level":0.95,"lower_bound":224094.37616683674,"upper_bound":276760.12652121624},"point_estimate":252323.68700906652,"standard_error":13447.337963824535}}