{"mean":{"confidence_interval":{"confidence_level":0.95,"lower_bound":16488225.241937501,"upper_bound":16491804.08375},"point_estimate":16489876.2925,"standard_error":913.9708376781228},"median":{"confidence_interval":{"confidence_level":0.95,"lower_bound":16486758.5,"upper_bound":16490258.25},"point_estimate":16488396.625,"standard_error":807.3841507218667},"median_abs_dev":{"confidence_interval":{"confidence_level":0.95,"lower_bound":3800.4597075283527,"upper_bound":6041.40956774354},"point_estimate":4483.567645400763,"standard_error":569.5912066479999},"slope":null,"std_dev":{"confidence_interval":{"confidence_level":0.95,"lower_bound":5406.373837757859,"upper_bound":12643.689566780791},"point_estimate":9156.643056723968,"standard_error":1873.876040814966}}