{"mean":{"confidence_interval":{"confidence_level":0.95,"lower_bound":6493166.9528749995,"upper_bound":6498587.0525},"point_estimate":6495533.1175,"standard_error":1401.0150981473323},"median":{"confidence_interval":{"confidence_level":0.95,"lower_bound":6491884.1875,"upper_bound":6493009.375},"point_estimate":6492402.8125,"standard_error":275.6802938270259},"median_abs_dev":{"confidence_interval":{"confidence_level":0.95,"lower_bound":1900.3225162625313,"upper_bound":3431.292314082384},"point_estimate":2515.7868303358555,"standard_error":384.7993141297537},"slope":null,"std_dev":{"confidence_interval":{"confidence_level":0.95,"lower_bound":4278.111797043915,"upper_bound":20752.492058724165},"point_estimate":14138.792883703918,"standard_error":4105.099166898616}}