{"mean":{"confidence_interval":{"confidence_level":0.95,"lower_bound":6490420.62990625,"upper_bound":6494326.3196875},"point_estimate":6491906.53375,"standard_error":1059.5299565580417},"median":{"confidence_interval":{"confidence_level":0.95,"lower_bound":6489966.875,"upper_bound":6490973.75},"point_estimate":6490638.125,"standard_error":251.40776037265888},"median_abs_dev":{"confidence_interval":{"confidence_level":0.95,"lower_bound":1521.0549104958773,"upper_bound":3121.336257085204},"point_estimate":2259.760347381234,"standard_error":419.89230631260676},"slope":null,"std_dev":{"confidence_interval":{"confidence_level":0.95,"lower_bound":2418.178815814205,"upper_bound":17754.321374629784},"point_estimate":10645.984806235074,"standard_error":5082.297849999045}}