{"mean":{"confidence_interval":{"confidence_level":0.95,"lower_bound":-0.044896310370903296,"upper_bound":-0.030404617291859615},"point_estimate":-0.03729678976982598,"standard_error":0.0037053379969948187},"median":{"confidence_interval":{"confidence_level":0.95,"lower_bound":-0.05362935609771635,"upper_bound":-0.038355315446730764},"point_estimate":-0.04513426248855612,"standard_error":0.0038029552758141283}}