{"mean":{"confidence_interval":{"confidence_level":0.95,"lower_bound":-0.21051699385077038,"upper_bound":-0.20700797741972812},"point_estimate":-0.20891932545061231,"standard_error":0.0008952090957159822},"median":{"confidence_interval":{"confidence_level":0.95,"lower_bound":-0.21157774274338526,"upper_bound":-0.20821653047271294},"point_estimate":-0.20980699787757973,"standard_error":0.0008470082217932595}}