{"mean":{"confidence_interval":{"confidence_level":0.95,"lower_bound":0.003588038588869714,"upper_bound":0.008571980237756363},"point_estimate":0.006164176541277877,"standard_error":0.0012698694267953975},"median":{"confidence_interval":{"confidence_level":0.95,"lower_bound":0.004077710683513036,"upper_bound":0.009169669087553472},"point_estimate":0.0076219354634636804,"standard_error":0.0013183211029136372}}