{"mean":{"confidence_interval":{"confidence_level":0.95,"lower_bound":-0.16413782070130728,"upper_bound":-0.15096324893581625},"point_estimate":-0.1572775728222937,"standard_error":0.0033447886979900074},"median":{"confidence_interval":{"confidence_level":0.95,"lower_bound":-0.15113887110564084,"upper_bound":-0.14082044031678853},"point_estimate":-0.14664576204883184,"standard_error":0.00273176838660118}}