{"mean":{"confidence_interval":{"confidence_level":0.95,"lower_bound":0.07849785775889107,"upper_bound":0.08136121884252744},"point_estimate":0.07994197624177657,"standard_error":0.0007362434878326597},"median":{"confidence_interval":{"confidence_level":0.95,"lower_bound":0.0780998206807979,"upper_bound":0.08114712938616764},"point_estimate":0.0792658533610413,"standard_error":0.0007489870952263109}}