{"mean":{"confidence_interval":{"confidence_level":0.95,"lower_bound":-0.00829407393037021,"upper_bound":-0.001603525550764373},"point_estimate":-0.004755778692695389,"standard_error":0.0017047775223575632},"median":{"confidence_interval":{"confidence_level":0.95,"lower_bound":-0.0035610988241686625,"upper_bound":0.0011029497193015825},"point_estimate":-0.0015898771665072697,"standard_error":0.0012592476049215976}}