{"mean":{"confidence_interval":{"confidence_level":0.95,"lower_bound":0.14874405920555828,"upper_bound":0.1560544766932763},"point_estimate":0.15225639935822888,"standard_error":0.001870833908782435},"median":{"confidence_interval":{"confidence_level":0.95,"lower_bound":0.1497116786592836,"upper_bound":0.15417128809519798},"point_estimate":0.15213190535094,"standard_error":0.0011267511023645422}}