{"mean":{"confidence_interval":{"confidence_level":0.95,"lower_bound":0.08044693128792946,"upper_bound":0.10458544660013769},"point_estimate":0.09248083735083323,"standard_error":0.006155200337370749},"median":{"confidence_interval":{"confidence_level":0.95,"lower_bound":0.0890634626268858,"upper_bound":0.11327483812177741},"point_estimate":0.10194153092689562,"standard_error":0.005895763174656613}}