{"mean":{"confidence_interval":{"confidence_level":0.95,"lower_bound":0.04695983741926435,"upper_bound":0.05148222497734862},"point_estimate":0.049309183719289384,"standard_error":0.0011523936349114095},"median":{"confidence_interval":{"confidence_level":0.95,"lower_bound":0.04732825906224325,"upper_bound":0.05183764547376213},"point_estimate":0.049244709296771605,"standard_error":0.0011714782801802968}}