{"mean":{"confidence_interval":{"confidence_level":0.95,"lower_bound":-0.049628618844513764,"upper_bound":-0.04685358932135181},"point_estimate":-0.0482836576452661,"standard_error":0.0007023207808469735},"median":{"confidence_interval":{"confidence_level":0.95,"lower_bound":-0.04950265485733474,"upper_bound":-0.04707016582713541},"point_estimate":-0.04822568865216703,"standard_error":0.000599146317865774}}