{"mean":{"confidence_interval":{"confidence_level":0.95,"lower_bound":0.13687475733456234,"upper_bound":0.14858204503945965},"point_estimate":0.14286592861884784,"standard_error":0.002970133322417449},"median":{"confidence_interval":{"confidence_level":0.95,"lower_bound":0.13087709265715075,"upper_bound":0.1368568329659594},"point_estimate":0.13367152699553753,"standard_error":0.0015083345030705423}}