{"mean":{"confidence_interval":{"confidence_level":0.95,"lower_bound":0.08050154833888437,"upper_bound":0.09380780736693266},"point_estimate":0.0863732318798851,"standard_error":0.003500892956823225},"median":{"confidence_interval":{"confidence_level":0.95,"lower_bound":0.07838142219417366,"upper_bound":0.08540654545360282},"point_estimate":0.08170392724592346,"standard_error":0.0018915061084459966}}