{"mean":{"confidence_interval":{"confidence_level":0.95,"lower_bound":0.11325118191152136,"upper_bound":0.11566564170552637},"point_estimate":0.11449479262637152,"standard_error":0.0006115483599689844},"median":{"confidence_interval":{"confidence_level":0.95,"lower_bound":0.11349467005014773,"upper_bound":0.11601332610414819},"point_estimate":0.11489577989344513,"standard_error":0.0006021361759061774}}