{"mean":{"confidence_interval":{"confidence_level":0.95,"lower_bound":0.012026767511474246,"upper_bound":0.016762131872730235},"point_estimate":0.014202798265240402,"standard_error":0.0012063687605311138},"median":{"confidence_interval":{"confidence_level":0.95,"lower_bound":0.011018414002338606,"upper_bound":0.013594683227681648},"point_estimate":0.01233973318605086,"standard_error":0.0006468413143151949}}