{"mean":{"confidence_interval":{"confidence_level":0.95,"lower_bound":-0.017021338105737256,"upper_bound":-0.012432611856414675},"point_estimate":-0.01459305968832525,"standard_error":0.001171790130626118},"median":{"confidence_interval":{"confidence_level":0.95,"lower_bound":-0.016697360664751693,"upper_bound":-0.012914054418334042},"point_estimate":-0.014844623938510604,"standard_error":0.0010465397989347454}}