{"mean":{"confidence_interval":{"confidence_level":0.95,"lower_bound":0.012267104793806138,"upper_bound":0.016691998812952795},"point_estimate":0.014465307808036787,"standard_error":0.0011321140183704916},"median":{"confidence_interval":{"confidence_level":0.95,"lower_bound":0.01054737907151404,"upper_bound":0.015066594792915064},"point_estimate":0.012883362462435599,"standard_error":0.0011620641857645207}}