{"mean":{"confidence_interval":{"confidence_level":0.95,"lower_bound":-0.1621112928263353,"upper_bound":-0.1604879603166997},"point_estimate":-0.16129315686841772,"standard_error":0.0004161308962650245},"median":{"confidence_interval":{"confidence_level":0.95,"lower_bound":-0.1620412719208938,"upper_bound":-0.15978194649058275},"point_estimate":-0.16043549924230893,"standard_error":0.0005937866598310361}}