{"mean":{"confidence_interval":{"confidence_level":0.95,"lower_bound":0.0024734521902357864,"upper_bound":0.006915899399848328},"point_estimate":0.004139066013479686,"standard_error":0.0011498697247807133},"median":{"confidence_interval":{"confidence_level":0.95,"lower_bound":0.002134952764872567,"upper_bound":0.003372054733286952},"point_estimate":0.0028121815466219946,"standard_error":0.00030020802904407454}}