{"mean":{"confidence_interval":{"confidence_level":0.95,"lower_bound":0.010675153669820903,"upper_bound":0.013081980436630013},"point_estimate":0.011910192476761283,"standard_error":0.000610076099881325},"median":{"confidence_interval":{"confidence_level":0.95,"lower_bound":0.010421675445261873,"upper_bound":0.013560794332371673},"point_estimate":0.011914359336610447,"standard_error":0.0007669533482079052}}