{"mean":{"confidence_interval":{"confidence_level":0.95,"lower_bound":-0.025537895211506848,"upper_bound":-0.0189482602543568},"point_estimate":-0.021834943655231753,"standard_error":0.0016932200562055624},"median":{"confidence_interval":{"confidence_level":0.95,"lower_bound":-0.02082347602073198,"upper_bound":-0.018393908587649888},"point_estimate":-0.01945445680059632,"standard_error":0.0006295542529522446}}