{"mean":{"confidence_interval":{"confidence_level":0.95,"lower_bound":0.005575330380326105,"upper_bound":0.020105588028276274},"point_estimate":0.012860250200654066,"standard_error":0.003748345706562009},"median":{"confidence_interval":{"confidence_level":0.95,"lower_bound":0.011918620797165103,"upper_bound":0.014196957856057013},"point_estimate":0.013242607403235018,"standard_error":0.000577843369735393}}