{"mean":{"confidence_interval":{"confidence_level":0.95,"lower_bound":0.3001292408755404,"upper_bound":0.3395307421598154},"point_estimate":0.32204109846625584,"standard_error":0.010089606380627288},"median":{"confidence_interval":{"confidence_level":0.95,"lower_bound":0.3118133126170299,"upper_bound":0.33422633713826555},"point_estimate":0.32209742423495924,"standard_error":0.005375520319586584}}