{"mean":{"confidence_interval":{"confidence_level":0.95,"lower_bound":0.1063378462890181,"upper_bound":0.10818884622181656},"point_estimate":0.10729187247062444,"standard_error":0.0004875675219354736},"median":{"confidence_interval":{"confidence_level":0.95,"lower_bound":0.10613041166874426,"upper_bound":0.10892709975494896},"point_estimate":0.10760588171652463,"standard_error":0.0008080152169880219}}