{"mean":{"confidence_interval":{"confidence_level":0.95,"lower_bound":0.056760309811143786,"upper_bound":0.05866630621218261},"point_estimate":0.05770052135526371,"standard_error":0.0004860035384652986},"median":{"confidence_interval":{"confidence_level":0.95,"lower_bound":0.056369843802700714,"upper_bound":0.05835438493731915},"point_estimate":0.057050690112296465,"standard_error":0.0005228840989175146}}