{"mean":{"confidence_interval":{"confidence_level":0.95,"lower_bound":-0.13240746386404073,"upper_bound":-0.12421010360571914},"point_estimate":-0.12832098115851676,"standard_error":0.0020947035113972165},"median":{"confidence_interval":{"confidence_level":0.95,"lower_bound":-0.13530079228444797,"upper_bound":-0.12421152553807258},"point_estimate":-0.13118747508770678,"standard_error":0.0029418279777254797}}