{"mean":{"confidence_interval":{"confidence_level":0.95,"lower_bound":-0.16739347875699043,"upper_bound":-0.16501673436919162},"point_estimate":-0.16624384919241408,"standard_error":0.0006097785799303482},"median":{"confidence_interval":{"confidence_level":0.95,"lower_bound":-0.16973331066411784,"upper_bound":-0.16656627825145331},"point_estimate":-0.1686004779350977,"standard_error":0.0007138669252190496}}