{"mean":{"confidence_interval":{"confidence_level":0.95,"lower_bound":0.0028532218080956915,"upper_bound":0.008132004613077979},"point_estimate":0.005252778466414254,"standard_error":0.001329652910861248},"median":{"confidence_interval":{"confidence_level":0.95,"lower_bound":0.003675804262492699,"upper_bound":0.006687123538571482},"point_estimate":0.005250063538456695,"standard_error":0.0007964181694087413}}