{"mean":{"confidence_interval":{"confidence_level":0.95,"lower_bound":-0.07111972723088873,"upper_bound":-0.00687472633011299},"point_estimate":-0.04134171446129553,"standard_error":0.016508972001679778},"median":{"confidence_interval":{"confidence_level":0.95,"lower_bound":-0.05523563748870741,"upper_bound":-0.049506106133119565},"point_estimate":-0.05260251066311061,"standard_error":0.001769090754286814}}