{"mean":{"confidence_interval":{"confidence_level":0.95,"lower_bound":0.11434261713990265,"upper_bound":0.11815442758345227},"point_estimate":0.11605266898744371,"standard_error":0.0009931888461266062},"median":{"confidence_interval":{"confidence_level":0.95,"lower_bound":0.11354510600096424,"upper_bound":0.11607091600082131},"point_estimate":0.11516454703693135,"standard_error":0.0006226155843977337}}