{"mean":{"confidence_interval":{"confidence_level":0.95,"lower_bound":-0.08079483192829273,"upper_bound":-0.06711067884333762},"point_estimate":-0.07420157462499388,"standard_error":0.003465770329557788},"median":{"confidence_interval":{"confidence_level":0.95,"lower_bound":-0.07579576096162227,"upper_bound":-0.07098198439832881},"point_estimate":-0.07338347835169168,"standard_error":0.001168066131968154}}