{"mean":{"confidence_interval":{"confidence_level":0.95,"lower_bound":0.010421142252161697,"upper_bound":0.013822320110681074},"point_estimate":0.012156502301071237,"standard_error":0.0008682920539809531},"median":{"confidence_interval":{"confidence_level":0.95,"lower_bound":0.011632666326995444,"upper_bound":0.015555732568226201},"point_estimate":0.013773619384551461,"standard_error":0.0009559322080798633}}