{"mean":{"confidence_interval":{"confidence_level":0.95,"lower_bound":-0.005220513628059045,"upper_bound":-0.0004480806720994608},"point_estimate":-0.0030495191341888273,"standard_error":0.0012137812397493546},"median":{"confidence_interval":{"confidence_level":0.95,"lower_bound":-0.0050167510417094,"upper_bound":-0.0013267204496939522},"point_estimate":-0.003375133871088898,"standard_error":0.0009600999582109599}}