{"mean":{"confidence_interval":{"confidence_level":0.95,"lower_bound":-0.023867232600410033,"upper_bound":0.01137514069198442},"point_estimate":-0.006330060104728363,"standard_error":0.00903098634659487},"median":{"confidence_interval":{"confidence_level":0.95,"lower_bound":-0.03210985795366905,"upper_bound":0.014538661201544345},"point_estimate":-0.015587151580316427,"standard_error":0.013084645033004286}}