{"mean":{"confidence_interval":{"confidence_level":0.95,"lower_bound":-0.06288849824811518,"upper_bound":-0.05007802127697678},"point_estimate":-0.05626027449954851,"standard_error":0.003290575151760893},"median":{"confidence_interval":{"confidence_level":0.95,"lower_bound":-0.05261776667467055,"upper_bound":-0.04083806302436357},"point_estimate":-0.044225687103479516,"standard_error":0.0030876039428580004}}