{"mean":{"confidence_interval":{"confidence_level":0.95,"lower_bound":-0.05555854935668917,"upper_bound":-0.050979937056988056},"point_estimate":-0.05324113464001479,"standard_error":0.0011628166648670092},"median":{"confidence_interval":{"confidence_level":0.95,"lower_bound":-0.06211262919416982,"upper_bound":-0.0553199214106721},"point_estimate":-0.060272686244590035,"standard_error":0.0016861494254665525}}