{"mean":{"confidence_interval":{"confidence_level":0.95,"lower_bound":-0.20365650519225897,"upper_bound":-0.19147108787295414},"point_estimate":-0.19748565723136124,"standard_error":0.00311082483350572},"median":{"confidence_interval":{"confidence_level":0.95,"lower_bound":-0.20582979562284476,"upper_bound":-0.19014530338734448},"point_estimate":-0.19588371496767132,"standard_error":0.003886085094449473}}