{"mean":{"confidence_interval":{"confidence_level":0.95,"lower_bound":0.0023028263407823104,"upper_bound":0.004238356132568288},"point_estimate":0.0032522717792446976,"standard_error":0.000520796193858629},"median":{"confidence_interval":{"confidence_level":0.95,"lower_bound":0.001689173279985523,"upper_bound":0.003062755163595332},"point_estimate":0.0021593560080475083,"standard_error":0.0003194354495075312}}