{"mean":{"confidence_interval":{"confidence_level":0.95,"lower_bound":0.15452395167714905,"upper_bound":0.15957299129377675},"point_estimate":0.15710716220650678,"standard_error":0.0012867272793947412},"median":{"confidence_interval":{"confidence_level":0.95,"lower_bound":0.15726179341048452,"upper_bound":0.16301988828123437},"point_estimate":0.15995931051629886,"standard_error":0.0013062846176438811}}