{"mean":{"confidence_interval":{"confidence_level":0.95,"lower_bound":0.06936228508762307,"upper_bound":0.13110774885412552},"point_estimate":0.09971813847091449,"standard_error":0.015927592265434404},"median":{"confidence_interval":{"confidence_level":0.95,"lower_bound":0.014390295477748394,"upper_bound":0.02559052471208486},"point_estimate":0.018052430893494176,"standard_error":0.0031561648969480574}}