{"mean":{"confidence_interval":{"confidence_level":0.95,"lower_bound":0.22963931315729272,"upper_bound":0.27320487628505646},"point_estimate":0.25120789699371215,"standard_error":0.01158986342292555},"median":{"confidence_interval":{"confidence_level":0.95,"lower_bound":0.27346533014971725,"upper_bound":0.3006417796753089},"point_estimate":0.2810499696339481,"standard_error":0.007042340785788669}}