{"mean":{"confidence_interval":{"confidence_level":0.95,"lower_bound":-0.13031739740991677,"upper_bound":-0.1203749329232392},"point_estimate":-0.12511030075418073,"standard_error":0.00253062762007125},"median":{"confidence_interval":{"confidence_level":0.95,"lower_bound":-0.12018750977767267,"upper_bound":-0.11634265983667991},"point_estimate":-0.11826480700863728,"standard_error":0.0010346131276333886}}