{"mean":{"confidence_interval":{"confidence_level":0.95,"lower_bound":0.057268392969631106,"upper_bound":0.0611366165688465},"point_estimate":0.059233147687298926,"standard_error":0.0009892942773862927},"median":{"confidence_interval":{"confidence_level":0.95,"lower_bound":0.05730146490879462,"upper_bound":0.06126099687330555},"point_estimate":0.059321212923519884,"standard_error":0.0009598060489142817}}