{"mean":{"confidence_interval":{"confidence_level":0.95,"lower_bound":-0.006959609701743472,"upper_bound":0.0005942183784785226},"point_estimate":-0.0037853556955271817,"standard_error":0.0019743396534662007},"median":{"confidence_interval":{"confidence_level":0.95,"lower_bound":-0.006914374679816149,"upper_bound":-0.002652168554287404},"point_estimate":-0.00459836425134863,"standard_error":0.001070409014360219}}