{"mean":{"confidence_interval":{"confidence_level":0.95,"lower_bound":-0.22197136104239568,"upper_bound":-0.21925417490200433},"point_estimate":-0.22056212082537596,"standard_error":0.0006900125084956354},"median":{"confidence_interval":{"confidence_level":0.95,"lower_bound":-0.22207345087114183,"upper_bound":-0.22054165656597047},"point_estimate":-0.2214860071292145,"standard_error":0.0003844160102373353}}