{"mean":{"confidence_interval":{"confidence_level":0.95,"lower_bound":-0.061799798724739716,"upper_bound":-0.057177054664144474},"point_estimate":-0.059775632957405955,"standard_error":0.0011816198751882696},"median":{"confidence_interval":{"confidence_level":0.95,"lower_bound":-0.0605819897813602,"upper_bound":-0.057752722065718354},"point_estimate":-0.05887094941176063,"standard_error":0.0007376808259440612}}