{"mean":{"confidence_interval":{"confidence_level":0.95,"lower_bound":0.4625253119054132,"upper_bound":0.4884928817729167},"point_estimate":0.4756802273157672,"standard_error":0.0066262901189059},"median":{"confidence_interval":{"confidence_level":0.95,"lower_bound":0.46943397586868163,"upper_bound":0.4954928980968556},"point_estimate":0.4841853191455294,"standard_error":0.0059383907645968684}}