{"mean":{"confidence_interval":{"confidence_level":0.95,"lower_bound":-0.02131526487441793,"upper_bound":-0.01787587613830535},"point_estimate":-0.019607039129830306,"standard_error":0.0008793374283489321},"median":{"confidence_interval":{"confidence_level":0.95,"lower_bound":-0.020277265080673068,"upper_bound":-0.0163804038806189},"point_estimate":-0.018370292044140202,"standard_error":0.0009885285879747596}}