{"mean":{"confidence_interval":{"confidence_level":0.95,"lower_bound":0.05546463712498328,"upper_bound":0.059007592377203585},"point_estimate":0.05709519895580639,"standard_error":0.0009022144714352678},"median":{"confidence_interval":{"confidence_level":0.95,"lower_bound":0.055857446802619615,"upper_bound":0.05846319184034954},"point_estimate":0.05711575679456837,"standard_error":0.0006382988620669256}}