{"mean":{"confidence_interval":{"confidence_level":0.95,"lower_bound":-0.049689154642439684,"upper_bound":-0.036140287508054335},"point_estimate":-0.04259349535500323,"standard_error":0.0034480501849680377},"median":{"confidence_interval":{"confidence_level":0.95,"lower_bound":-0.044474163366060804,"upper_bound":-0.040452128849546964},"point_estimate":-0.04309015461478316,"standard_error":0.0010614077277673745}}