{"mean":{"confidence_interval":{"confidence_level":0.95,"lower_bound":0.046884721129933096,"upper_bound":0.050422260005058735},"point_estimate":0.0486745308509382,"standard_error":0.0008984282341602177},"median":{"confidence_interval":{"confidence_level":0.95,"lower_bound":0.04595981967691998,"upper_bound":0.05035824269840994},"point_estimate":0.04797162353954798,"standard_error":0.001113521284858963}}