{"mean":{"confidence_interval":{"confidence_level":0.95,"lower_bound":-0.3823825641230243,"upper_bound":-0.3772477572224933},"point_estimate":-0.37992557144038586,"standard_error":0.0013047059741470662},"median":{"confidence_interval":{"confidence_level":0.95,"lower_bound":-0.3860140335374457,"upper_bound":-0.3805499014272252},"point_estimate":-0.38316340233981694,"standard_error":0.0014597193823342714}}