{"mean":{"confidence_interval":{"confidence_level":0.95,"lower_bound":0.038171957262516557,"upper_bound":0.0446530468667139},"point_estimate":0.04156912643136823,"standard_error":0.0016104656734861795},"median":{"confidence_interval":{"confidence_level":0.95,"lower_bound":0.0396314673262439,"upper_bound":0.04674596582202617},"point_estimate":0.04351578241292442,"standard_error":0.0019399569735264104}}