{"mean":{"confidence_interval":{"confidence_level":0.95,"lower_bound":-0.07314249410380803,"upper_bound":-0.06894321791017188},"point_estimate":-0.07103672090501034,"standard_error":0.0010689206356256442},"median":{"confidence_interval":{"confidence_level":0.95,"lower_bound":-0.07411833195014939,"upper_bound":-0.06949171397319354},"point_estimate":-0.07118567606328907,"standard_error":0.0011983269580706074}}