{"mean":{"confidence_interval":{"confidence_level":0.95,"lower_bound":0.15717176262527158,"upper_bound":0.16458160184679874},"point_estimate":0.16081413060704808,"standard_error":0.001946439129778417},"median":{"confidence_interval":{"confidence_level":0.95,"lower_bound":0.15644129716233374,"upper_bound":0.16159339661275074},"point_estimate":0.15948650733300296,"standard_error":0.0013444358578424567}}