{"mean":{"confidence_interval":{"confidence_level":0.95,"lower_bound":-0.051364900669385455,"upper_bound":-0.048426266157851984},"point_estimate":-0.04985579486347358,"standard_error":0.0007507348999263733},"median":{"confidence_interval":{"confidence_level":0.95,"lower_bound":-0.05124791056752842,"upper_bound":-0.04947907100118143},"point_estimate":-0.05067181153079403,"standard_error":0.00043086227487533084}}