{"mean":{"confidence_interval":{"confidence_level":0.95,"lower_bound":0.028945393444647385,"upper_bound":0.03336206375509749},"point_estimate":0.0310564254064003,"standard_error":0.001121887884093987},"median":{"confidence_interval":{"confidence_level":0.95,"lower_bound":0.029629655079081826,"upper_bound":0.03329757323247784},"point_estimate":0.031111540823121064,"standard_error":0.0009840284310352093}}