{"mean":{"confidence_interval":{"confidence_level":0.95,"lower_bound":0.740789697407238,"upper_bound":0.7576761383402728},"point_estimate":0.7484474860247916,"standard_error":0.004210233690122819},"median":{"confidence_interval":{"confidence_level":0.95,"lower_bound":0.7455105660778227,"upper_bound":0.7683673477047344},"point_estimate":0.7625366436304821,"standard_error":0.006140619317787985}}