{"mean":{"confidence_interval":{"confidence_level":0.95,"lower_bound":-0.21095984559219763,"upper_bound":-0.20354828732314556},"point_estimate":-0.20730357783830444,"standard_error":0.0018862523455657832},"median":{"confidence_interval":{"confidence_level":0.95,"lower_bound":-0.2159361930835999,"upper_bound":-0.20865856878313016},"point_estimate":-0.21205956913349855,"standard_error":0.0018529852077690291}}