{"mean":{"confidence_interval":{"confidence_level":0.95,"lower_bound":-0.182346796302768,"upper_bound":-0.1742347339563944},"point_estimate":-0.17824991487398367,"standard_error":0.0020720766088213817},"median":{"confidence_interval":{"confidence_level":0.95,"lower_bound":-0.1835626246684906,"upper_bound":-0.17314248556717515},"point_estimate":-0.17738822396452292,"standard_error":0.0027464941288240312}}