{"mean":{"confidence_interval":{"confidence_level":0.95,"lower_bound":-0.0019069685364995204,"upper_bound":0.0031007649396507238},"point_estimate":0.000606757708864869,"standard_error":0.0012751000974882496},"median":{"confidence_interval":{"confidence_level":0.95,"lower_bound":-0.0028185856928968356,"upper_bound":0.0033861271359822975},"point_estimate":0.0006838424366284457,"standard_error":0.0015650875007208766}}