{"mean":{"confidence_interval":{"confidence_level":0.95,"lower_bound":0.21205073696032922,"upper_bound":0.23668405192452724},"point_estimate":0.22433284238026086,"standard_error":0.006373887763789598},"median":{"confidence_interval":{"confidence_level":0.95,"lower_bound":0.19358833569603706,"upper_bound":0.21150786830370283},"point_estimate":0.2014146396346692,"standard_error":0.004334535043109649}}