{"mean":{"confidence_interval":{"confidence_level":0.95,"lower_bound":-0.04428073383619751,"upper_bound":-0.035684624759477604},"point_estimate":-0.0406044607940127,"standard_error":0.0021893441062037756},"median":{"confidence_interval":{"confidence_level":0.95,"lower_bound":-0.04494798507063086,"upper_bound":-0.03923344491669911},"point_estimate":-0.0422208287559146,"standard_error":0.0013518550840647817}}