{"mean":{"confidence_interval":{"confidence_level":0.95,"lower_bound":0.027493763463967896,"upper_bound":0.03742652091155133},"point_estimate":0.031422156879436614,"standard_error":0.0025225239392650776},"median":{"confidence_interval":{"confidence_level":0.95,"lower_bound":0.02676008321755919,"upper_bound":0.0322955494471473},"point_estimate":0.02942075168145264,"standard_error":0.001338004828494025}}