{"mean":{"confidence_interval":{"confidence_level":0.95,"lower_bound":-0.2014950388574191,"upper_bound":-0.18244328702499432},"point_estimate":-0.19140797356354888,"standard_error":0.0048628711891307765},"median":{"confidence_interval":{"confidence_level":0.95,"lower_bound":-0.19180079277296913,"upper_bound":-0.17492416186416326},"point_estimate":-0.18246784082014722,"standard_error":0.004386112586732015}}