{"mean":{"confidence_interval":{"confidence_level":0.95,"lower_bound":0.03163391812319559,"upper_bound":0.035513463183165124},"point_estimate":0.03353632236418602,"standard_error":0.0009838721089148908},"median":{"confidence_interval":{"confidence_level":0.95,"lower_bound":0.03242022023279757,"upper_bound":0.03584362601111479},"point_estimate":0.034156121366985426,"standard_error":0.000924130375113328}}