{"mean":{"confidence_interval":{"confidence_level":0.95,"lower_bound":-0.035332908434966,"upper_bound":-0.0326076008251515},"point_estimate":-0.03398821599788593,"standard_error":0.0006964586128144599},"median":{"confidence_interval":{"confidence_level":0.95,"lower_bound":-0.03541569578549564,"upper_bound":-0.0321180139376549},"point_estimate":-0.033572492045986335,"standard_error":0.000923754006603468}}