{"mean":{"confidence_interval":{"confidence_level":0.95,"lower_bound":-0.11318152257993691,"upper_bound":-0.11039394538625878},"point_estimate":-0.11157082521282824,"standard_error":0.0007254035806517768},"median":{"confidence_interval":{"confidence_level":0.95,"lower_bound":-0.11158049520552216,"upper_bound":-0.11014573505116754},"point_estimate":-0.11079053557767038,"standard_error":0.00035849397168299056}}