{"mean":{"confidence_interval":{"confidence_level":0.95,"lower_bound":-0.09554439246705619,"upper_bound":-0.09255854626206714},"point_estimate":-0.09404020990699447,"standard_error":0.0007594087172116759},"median":{"confidence_interval":{"confidence_level":0.95,"lower_bound":-0.0963287054858426,"upper_bound":-0.09195366344902889},"point_estimate":-0.09453424127209187,"standard_error":0.0011579239546108922}}