{"mean":{"confidence_interval":{"confidence_level":0.95,"lower_bound":0.2311426567555975,"upper_bound":0.2851006788659555},"point_estimate":0.2587574015175016,"standard_error":0.013569326197041733},"median":{"confidence_interval":{"confidence_level":0.95,"lower_bound":0.25886456708303873,"upper_bound":0.31850629893834337},"point_estimate":0.2927656329745476,"standard_error":0.015040414023883347}}