{"mean":{"confidence_interval":{"confidence_level":0.95,"lower_bound":-0.20896843858376699,"upper_bound":-0.2037791928589027},"point_estimate":-0.2067660211136947,"standard_error":0.0013601634321261321},"median":{"confidence_interval":{"confidence_level":0.95,"lower_bound":-0.21017685264273944,"upper_bound":-0.20665588987342648},"point_estimate":-0.20855989118811935,"standard_error":0.0009215954043832002}}