{"mean":{"confidence_interval":{"confidence_level":0.95,"lower_bound":6514964.49009375,"upper_bound":6969150.48775},"point_estimate":6666612.5425,"standard_error":150350.593757773},"median":{"confidence_interval":{"confidence_level":0.95,"lower_bound":6514144.75,"upper_bound":6515879.125},"point_estimate":6514853.5625,"standard_error":465.5105649001463},"median_abs_dev":{"confidence_interval":{"confidence_level":0.95,"lower_bound":2712.3239893466234,"upper_bound":4817.337964475155},"point_estimate":3614.20808583498,"standard_error":531.8032114196541},"slope":null,"std_dev":{"confidence_interval":{"confidence_level":0.95,"lower_bound":3378.63793971101,"upper_bound":2588988.828636189},"point_estimate":1510033.8258758974,"standard_error":946038.8360888571}}