{"mean":{"confidence_interval":{"confidence_level":0.95,"lower_bound":6559218.162718751,"upper_bound":6599660.3818125},"point_estimate":6577928.36875,"standard_error":10380.287965209134},"median":{"confidence_interval":{"confidence_level":0.95,"lower_bound":6536298.375,"upper_bound":6542579.125},"point_estimate":6538858.5625,"standard_error":1787.6349982795443},"median_abs_dev":{"confidence_interval":{"confidence_level":0.95,"lower_bound":8825.153177697213,"upper_bound":17420.827678218484},"point_estimate":12552.525339648128,"standard_error":2387.1228205714533},"slope":null,"std_dev":{"confidence_interval":{"confidence_level":0.95,"lower_bound":67479.37524045311,"upper_bound":134191.16878567653},"point_estimate":104137.81415940358,"standard_error":17107.354660067132}}