{"mean":{"confidence_interval":{"confidence_level":0.95,"lower_bound":21535039.176083326,"upper_bound":21968978.674749993},"point_estimate":21749863.70666667,"standard_error":110950.72887705619},"median":{"confidence_interval":{"confidence_level":0.95,"lower_bound":21428694.5,"upper_bound":21967634.666666664},"point_estimate":21650200.666666664,"standard_error":164251.6431352651},"median_abs_dev":{"confidence_interval":{"confidence_level":0.95,"lower_bound":861633.323387952,"upper_bound":1354753.1540483236},"point_estimate":1101236.7128491374,"standard_error":123306.49454489796},"slope":null,"std_dev":{"confidence_interval":{"confidence_level":0.95,"lower_bound":949308.4875770571,"upper_bound":1270356.606639219},"point_estimate":1115757.7954465058,"standard_error":82086.19799739873}}