{"mean":{"confidence_interval":{"confidence_level":0.95,"lower_bound":6522404.56221875,"upper_bound":6544683.22346875},"point_estimate":6531942.005,"standard_error":5748.150141450119},"median":{"confidence_interval":{"confidence_level":0.95,"lower_bound":6517938.125,"upper_bound":6519967.0},"point_estimate":6518879.6875,"standard_error":533.1218514716522},"median_abs_dev":{"confidence_interval":{"confidence_level":0.95,"lower_bound":4130.152876675129,"upper_bound":7935.060384124517},"point_estimate":6474.977397546172,"standard_error":984.9188378380179},"slope":null,"std_dev":{"confidence_interval":{"confidence_level":0.95,"lower_bound":15981.230843521911,"upper_bound":89378.40880902536},"point_estimate":57829.819838243035,"standard_error":18764.99883825479}}