{"mean":{"confidence_interval":{"confidence_level":0.95,"lower_bound":18641918.59866666,"upper_bound":19123481.735500008},"point_estimate":18876943.663333334,"standard_error":122499.48700703288},"median":{"confidence_interval":{"confidence_level":0.95,"lower_bound":18430172.0,"upper_bound":18832174.333333332},"point_estimate":18554272.333333332,"standard_error":106756.04217180735},"median_abs_dev":{"confidence_interval":{"confidence_level":0.95,"lower_bound":635866.1252111178,"upper_bound":1161772.2581744157},"point_estimate":887070.4517513523,"standard_error":126644.47773358277},"slope":null,"std_dev":{"confidence_interval":{"confidence_level":0.95,"lower_bound":995017.3033997332,"upper_bound":1427050.9827422542},"point_estimate":1226779.2788005082,"standard_error":110315.70224641975}}