{"mean":{"confidence_interval":{"confidence_level":0.95,"lower_bound":17689501.06533333,"upper_bound":17980551.430916674},"point_estimate":17833665.34666667,"standard_error":74176.62441071562},"median":{"confidence_interval":{"confidence_level":0.95,"lower_bound":17457408.333333332,"upper_bound":18038120.333333332},"point_estimate":17794983.0,"standard_error":137622.97657942653},"median_abs_dev":{"confidence_interval":{"confidence_level":0.95,"lower_bound":645589.7571384916,"upper_bound":1019362.8474026928},"point_estimate":825112.8459513187,"standard_error":99181.28125226096},"slope":null,"std_dev":{"confidence_interval":{"confidence_level":0.95,"lower_bound":658049.4559290556,"upper_bound":819096.0185175753},"point_estimate":743819.1175464687,"standard_error":41023.9900262059}}