{"mean":{"confidence_interval":{"confidence_level":0.95,"lower_bound":16519291.599916674,"upper_bound":16635907.127500005},"point_estimate":16568637.500000002,"standard_error":30166.699345626912},"median":{"confidence_interval":{"confidence_level":0.95,"lower_bound":16502977.0,"upper_bound":16507526.666666668},"point_estimate":16505293.666666668,"standard_error":1288.5445232283475},"median_abs_dev":{"confidence_interval":{"confidence_level":0.95,"lower_bound":5164.142808318598,"upper_bound":9166.915637257476},"point_estimate":6820.206978917582,"standard_error":1028.110842921371},"slope":null,"std_dev":{"confidence_interval":{"confidence_level":0.95,"lower_bound":99100.63814673598,"upper_bound":475781.24675417715},"point_estimate":303250.2541690634,"standard_error":106048.67604190017}}