{"mean":{"confidence_interval":{"confidence_level":0.95,"lower_bound":19510528.313166663,"upper_bound":19513166.04125001},"point_estimate":19511669.30666666,"standard_error":676.4941764121653},"median":{"confidence_interval":{"confidence_level":0.95,"lower_bound":19510043.666666668,"upper_bound":19511293.666666664},"point_estimate":19510793.333333332,"standard_error":353.01202479484084},"median_abs_dev":{"confidence_interval":{"confidence_level":0.95,"lower_bound":1926.8857657927804,"upper_bound":3583.691236378603},"point_estimate":2767.272850871086,"standard_error":434.84189729984524},"slope":null,"std_dev":{"confidence_interval":{"confidence_level":0.95,"lower_bound":3310.7148160793117,"upper_bound":10398.0975227682},"point_estimate":6796.048844441086,"standard_error":2185.1801078528188}}