{"mean":{"confidence_interval":{"confidence_level":0.95,"lower_bound":21318113.73141667,"upper_bound":21651039.508249998},"point_estimate":21481837.516666654,"standard_error":84912.33129891369},"median":{"confidence_interval":{"confidence_level":0.95,"lower_bound":21265277.833333332,"upper_bound":21729155.333333336},"point_estimate":21575443.166666664,"standard_error":120504.34147704829},"median_abs_dev":{"confidence_interval":{"confidence_level":0.95,"lower_bound":615256.0087770169,"upper_bound":1011707.9798810892},"point_estimate":796008.9142680215,"standard_error":103997.9215730043},"slope":null,"std_dev":{"confidence_interval":{"confidence_level":0.95,"lower_bound":682997.6407664105,"upper_bound":1049974.5978364928},"point_estimate":854228.0025272068,"standard_error":96258.80795667546}}