{"mean":{"confidence_interval":{"confidence_level":0.95,"lower_bound":6541770.29709375,"upper_bound":6583256.570218749},"point_estimate":6560829.1125,"standard_error":10643.260567721018},"median":{"confidence_interval":{"confidence_level":0.95,"lower_bound":6524457.9375,"upper_bound":6528913.75},"point_estimate":6526237.75,"standard_error":1255.6869299852813},"median_abs_dev":{"confidence_interval":{"confidence_level":0.95,"lower_bound":5429.003116115928,"upper_bound":10086.55386842786},"point_estimate":7867.046110332012,"standard_error":1102.992099730129},"slope":null,"std_dev":{"confidence_interval":{"confidence_level":0.95,"lower_bound":64194.48279295981,"upper_bound":140894.84830969374},"point_estimate":107278.20218570705,"standard_error":19554.440008355567}}