{"mean":{"confidence_interval":{"confidence_level":0.95,"lower_bound":6525980.5220625,"upper_bound":6571345.83078125},"point_estimate":6545426.45,"standard_error":11633.191573955768},"median":{"confidence_interval":{"confidence_level":0.95,"lower_bound":6521375.8125,"upper_bound":6523442.875},"point_estimate":6522513.625,"standard_error":607.2801516220273},"median_abs_dev":{"confidence_interval":{"confidence_level":0.95,"lower_bound":3128.545399457218,"upper_bound":5368.216517195106},"point_estimate":3800.181720033288,"standard_error":573.8042070119001},"slope":null,"std_dev":{"confidence_interval":{"confidence_level":0.95,"lower_bound":17765.407191028546,"upper_bound":176834.7498366404},"point_estimate":116865.42820653222,"standard_error":39056.36196248877}}