{"mean":{"confidence_interval":{"confidence_level":0.95,"lower_bound":17280867.29450001,"upper_bound":17668160.703416664},"point_estimate":17472269.99666666,"standard_error":98867.89141022142},"median":{"confidence_interval":{"confidence_level":0.95,"lower_bound":17102256.0,"upper_bound":17653489.666666668},"point_estimate":17356372.5,"standard_error":156139.27804514684},"median_abs_dev":{"confidence_interval":{"confidence_level":0.95,"lower_bound":778497.6788789048,"upper_bound":1247398.701526746},"point_estimate":967866.4670169353,"standard_error":122340.98470294462},"slope":null,"std_dev":{"confidence_interval":{"confidence_level":0.95,"lower_bound":828569.4623684229,"upper_bound":1178904.1855752065},"point_estimate":998630.2668013056,"standard_error":90932.17583392591}}