{"mean":{"confidence_interval":{"confidence_level":0.95,"lower_bound":6579570.93903125,"upper_bound":6645187.12625},"point_estimate":6606946.65,"standard_error":17061.269436233433},"median":{"confidence_interval":{"confidence_level":0.95,"lower_bound":6556191.625,"upper_bound":6560097.5},"point_estimate":6558434.875,"standard_error":1042.661868557216},"median_abs_dev":{"confidence_interval":{"confidence_level":0.95,"lower_bound":5750.541985407472,"upper_bound":11345.503636077046},"point_estimate":8593.52009743452,"standard_error":1506.1295201419944},"slope":null,"std_dev":{"confidence_interval":{"confidence_level":0.95,"lower_bound":63851.899613422225,"upper_bound":268434.0003294128},"point_estimate":170424.23729390974,"standard_error":60921.401291581846}}