{"mean":{"confidence_interval":{"confidence_level":0.95,"lower_bound":6522913.7875,"upper_bound":6528856.21278125},"point_estimate":6525483.9075,"standard_error":1537.927367299015},"median":{"confidence_interval":{"confidence_level":0.95,"lower_bound":6521544.125,"upper_bound":6523767.875},"point_estimate":6522747.5625,"standard_error":589.99459381715},"median_abs_dev":{"confidence_interval":{"confidence_level":0.95,"lower_bound":3353.548477962613,"upper_bound":6490.174047276378},"point_estimate":4744.134590774775,"standard_error":807.7022644990393},"slope":null,"std_dev":{"confidence_interval":{"confidence_level":0.95,"lower_bound":4915.876519543981,"upper_bound":23086.700043048277},"point_estimate":15420.840159410976,"standard_error":4750.343974048055}}