{"mean":{"confidence_interval":{"confidence_level":0.95,"lower_bound":6549989.67678125,"upper_bound":6595948.6539375},"point_estimate":6571028.47625,"standard_error":11788.5913934671},"median":{"confidence_interval":{"confidence_level":0.95,"lower_bound":6522568.875,"upper_bound":6525840.375},"point_estimate":6523416.0,"standard_error":793.548362822594},"median_abs_dev":{"confidence_interval":{"confidence_level":0.95,"lower_bound":3946.310479938984,"upper_bound":8715.37128277123},"point_estimate":5530.561214312911,"standard_error":1205.890986238839},"slope":null,"std_dev":{"confidence_interval":{"confidence_level":0.95,"lower_bound":72015.80886495358,"upper_bound":161802.25134082598},"point_estimate":118006.4061197838,"standard_error":23418.45775927033}}