{"mean":{"confidence_interval":{"confidence_level":0.95,"lower_bound":22509995.421916667,"upper_bound":22662838.570083328},"point_estimate":22584831.996666666,"standard_error":39085.050435607},"median":{"confidence_interval":{"confidence_level":0.95,"lower_bound":22531744.166666668,"upper_bound":22678413.333333332},"point_estimate":22619812.5,"standard_error":38949.36616779358},"median_abs_dev":{"confidence_interval":{"confidence_level":0.95,"lower_bound":225309.23539996147,"upper_bound":422029.58816997876},"point_estimate":303938.43080401607,"standard_error":47543.30261108558},"slope":null,"std_dev":{"confidence_interval":{"confidence_level":0.95,"lower_bound":310560.8640643755,"upper_bound":481852.1248603909},"point_estimate":394825.6497475054,"standard_error":44117.148291688754}}