{"mean":{"confidence_interval":{"confidence_level":0.95,"lower_bound":19052123.368916668,"upper_bound":19558213.318416677},"point_estimate":19298479.983333327,"standard_error":129600.99720878455},"median":{"confidence_interval":{"confidence_level":0.95,"lower_bound":18802628.666666668,"upper_bound":19224229.666666668},"point_estimate":19072846.166666664,"standard_error":111947.66839513995},"median_abs_dev":{"confidence_interval":{"confidence_level":0.95,"lower_bound":796750.4613548527,"upper_bound":1399813.815048337},"point_estimate":1114610.505911705,"standard_error":155809.10282722674},"slope":null,"std_dev":{"confidence_interval":{"confidence_level":0.95,"lower_bound":1078338.350869058,"upper_bound":1499195.0865706832},"point_estimate":1305809.8681128575,"standard_error":107683.207607354}}