{"mean":{"confidence_interval":{"confidence_level":0.95,"lower_bound":6531931.114124999,"upper_bound":6539693.9901875},"point_estimate":6535389.8025,"standard_error":1995.6280330307081},"median":{"confidence_interval":{"confidence_level":0.95,"lower_bound":6529885.875,"upper_bound":6534280.25},"point_estimate":6531380.9375,"standard_error":1171.9405375954461},"median_abs_dev":{"confidence_interval":{"confidence_level":0.95,"lower_bound":6368.322861939669,"upper_bound":11389.14767280221},"point_estimate":8960.185603424907,"standard_error":1308.2420554710995},"slope":null,"std_dev":{"confidence_interval":{"confidence_level":0.95,"lower_bound":8227.587410672251,"upper_bound":28399.245967909897},"point_estimate":19977.115957819475,"standard_error":4929.87168329732}}