{"mean":{"confidence_interval":{"confidence_level":0.95,"lower_bound":22532765.903583325,"upper_bound":22820637.892416652},"point_estimate":22670217.533333335,"standard_error":73492.77513346655},"median":{"confidence_interval":{"confidence_level":0.95,"lower_bound":22384502.833333332,"upper_bound":22634632.666666668},"point_estimate":22503592.166666668,"standard_error":65461.51980894459},"median_abs_dev":{"confidence_interval":{"confidence_level":0.95,"lower_bound":331378.6382168541,"upper_bound":579948.8788038511},"point_estimate":461186.6905122986,"standard_error":60378.186827925885},"slope":null,"std_dev":{"confidence_interval":{"confidence_level":0.95,"lower_bound":543360.6370486369,"upper_bound":924179.6711006436},"point_estimate":737624.2587041524,"standard_error":97804.1095830897}}