{"mean":{"confidence_interval":{"confidence_level":0.95,"lower_bound":16512261.465083333,"upper_bound":16555105.940833341},"point_estimate":16531080.666666664,"standard_error":10992.77838957915},"median":{"confidence_interval":{"confidence_level":0.95,"lower_bound":16502174.5,"upper_bound":16504891.0},"point_estimate":16502957.833333334,"standard_error":756.9804778243547},"median_abs_dev":{"confidence_interval":{"confidence_level":0.95,"lower_bound":4077.1499276161194,"upper_bound":6869.626978038361},"point_estimate":5436.199903488619,"standard_error":723.2736417746308},"slope":null,"std_dev":{"confidence_interval":{"confidence_level":0.95,"lower_bound":43307.67591907105,"upper_bound":164783.2786424312},"point_estimate":111372.94771776731,"standard_error":31076.123107876138}}