{"mean":{"confidence_interval":{"confidence_level":0.95,"lower_bound":16500401.976249997,"upper_bound":16503163.993333334},"point_estimate":16501691.306666678,"standard_error":707.519816370273},"median":{"confidence_interval":{"confidence_level":0.95,"lower_bound":16499371.0,"upper_bound":16501737.666666666},"point_estimate":16500404.333333332,"standard_error":718.834838981258},"median_abs_dev":{"confidence_interval":{"confidence_level":0.95,"lower_bound":3557.9928368339206,"upper_bound":6202.209889888303},"point_estimate":4867.869913576193,"standard_error":682.5549652068878},"slope":null,"std_dev":{"confidence_interval":{"confidence_level":0.95,"lower_bound":4750.850257028395,"upper_bound":9587.181899635332},"point_estimate":7094.315812677887,"standard_error":1286.708761438289}}