{"mean":{"confidence_interval":{"confidence_level":0.95,"lower_bound":6573440.95796875,"upper_bound":6642166.745124999},"point_estimate":6605591.7025,"standard_error":17563.47894455074},"median":{"confidence_interval":{"confidence_level":0.95,"lower_bound":6524983.25,"upper_bound":6530360.875},"point_estimate":6526715.9375,"standard_error":1382.705903465129},"median_abs_dev":{"confidence_interval":{"confidence_level":0.95,"lower_bound":5952.824219316244,"upper_bound":15149.669843539596},"point_estimate":9130.128625407815,"standard_error":2338.774866025562},"slope":null,"std_dev":{"confidence_interval":{"confidence_level":0.95,"lower_bound":123288.64649637508,"upper_bound":221177.65671742306},"point_estimate":176895.78478787103,"standard_error":25143.86397209844}}