{"mean":{"confidence_interval":{"confidence_level":0.95,"lower_bound":21970820.10233333,"upper_bound":21996830.720083326},"point_estimate":21984233.75666667,"standard_error":6667.876310907863},"median":{"confidence_interval":{"confidence_level":0.95,"lower_bound":21995728.883333333,"upper_bound":22015838.666666668},"point_estimate":22004738.166666664,"standard_error":5991.26085103438},"median_abs_dev":{"confidence_interval":{"confidence_level":0.95,"lower_bound":26366.650594397495,"upper_bound":50815.37279785232},"point_estimate":38542.65731573289,"standard_error":6512.838887324944},"slope":null,"std_dev":{"confidence_interval":{"confidence_level":0.95,"lower_bound":54424.45219059377,"upper_bound":78011.86949994441},"point_estimate":67176.53573611734,"standard_error":6033.029750070658}}