{"mean":{"confidence_interval":{"confidence_level":0.95,"lower_bound":20323588.75691666,"upper_bound":20368103.968750004},"point_estimate":20346666.286666673,"standard_error":11357.689841328573},"median":{"confidence_interval":{"confidence_level":0.95,"lower_bound":20360581.666666668,"upper_bound":20404792.333333332},"point_estimate":20389482.166666668,"standard_error":10635.60898911856},"median_abs_dev":{"confidence_interval":{"confidence_level":0.95,"lower_bound":39625.81396899853,"upper_bound":85513.40128183365},"point_estimate":62362.355592847794,"standard_error":11479.32792351191},"slope":null,"std_dev":{"confidence_interval":{"confidence_level":0.95,"lower_bound":88626.81525327041,"upper_bound":136401.77879512863},"point_estimate":114291.88612087161,"standard_error":12255.751062808366}}