{"mean":{"confidence_interval":{"confidence_level":0.95,"lower_bound":-0.012107874607329839,"upper_bound":-0.005625656918784472},"point_estimate":-0.009013857544134973,"standard_error":0.0016329310790567401},"median":{"confidence_interval":{"confidence_level":0.95,"lower_bound":-0.0110843907443402,"upper_bound":-0.006701296949955471},"point_estimate":-0.008663726023149687,"standard_error":0.0011479162359197292}}