{"mean":{"confidence_interval":{"confidence_level":0.95,"lower_bound":-0.163072141813562,"upper_bound":-0.1614695028293517},"point_estimate":-0.16226694580451273,"standard_error":0.0004075257582713337},"median":{"confidence_interval":{"confidence_level":0.95,"lower_bound":-0.1630588162543316,"upper_bound":-0.16175552539234428},"point_estimate":-0.1624221300271368,"standard_error":0.00032759877423233603}}