{"mean":{"confidence_interval":{"confidence_level":0.95,"lower_bound":0.015348109829964696,"upper_bound":0.030787635260568765},"point_estimate":0.02416693602000075,"standard_error":0.003986943979696322},"median":{"confidence_interval":{"confidence_level":0.95,"lower_bound":0.0186884482823495,"upper_bound":0.02835445971715611},"point_estimate":0.022468341427576144,"standard_error":0.0025959805978639}}