{"mean":{"confidence_interval":{"confidence_level":0.95,"lower_bound":-0.072648268685596,"upper_bound":-0.05346352475817621},"point_estimate":-0.062383015513446605,"standard_error":0.00490593069892287},"median":{"confidence_interval":{"confidence_level":0.95,"lower_bound":-0.05540292381724976,"upper_bound":-0.04430245414083456},"point_estimate":-0.048406837339610154,"standard_error":0.0030475662542737278}}