{"mean":{"confidence_interval":{"confidence_level":0.95,"lower_bound":0.0019490414124244849,"upper_bound":0.009224958798052407},"point_estimate":0.005466437350676978,"standard_error":0.001853710018137821},"median":{"confidence_interval":{"confidence_level":0.95,"lower_bound":0.004017875369733908,"upper_bound":0.010019184029115058},"point_estimate":0.007599556617856829,"standard_error":0.001585415015857158}}