{"mean":{"confidence_interval":{"confidence_level":0.95,"lower_bound":0.003892289802743139,"upper_bound":0.013445826244359766},"point_estimate":0.008702685590515014,"standard_error":0.0023972490139366007},"median":{"confidence_interval":{"confidence_level":0.95,"lower_bound":0.003421322832980911,"upper_bound":0.017219961586800947},"point_estimate":0.010313769183053045,"standard_error":0.003258919362899172}}