{"mean":{"confidence_interval":{"confidence_level":0.95,"lower_bound":0.002278188600561977,"upper_bound":0.004407338970300406},"point_estimate":0.0032365396012064007,"standard_error":0.0005448614985188182},"median":{"confidence_interval":{"confidence_level":0.95,"lower_bound":0.0017919667166084174,"upper_bound":0.0033680089971686034},"point_estimate":0.002538702098543899,"standard_error":0.0003943460304359484}}