{"mean":{"confidence_interval":{"confidence_level":0.95,"lower_bound":0.6322840188926352,"upper_bound":0.6432766569217423},"point_estimate":0.6381185521644759,"standard_error":0.002803573411501779},"median":{"confidence_interval":{"confidence_level":0.95,"lower_bound":0.6349334359448446,"upper_bound":0.6453615451321577},"point_estimate":0.6402484461167322,"standard_error":0.0029725198398240327}}