{"mean":{"confidence_interval":{"confidence_level":0.95,"lower_bound":-0.30784056100613544,"upper_bound":-0.3070531518437012},"point_estimate":-0.30742938556610844,"standard_error":0.00019935982508734212},"median":{"confidence_interval":{"confidence_level":0.95,"lower_bound":-0.3076457381790326,"upper_bound":-0.3071111288847358},"point_estimate":-0.3073496196349055,"standard_error":0.000132605692652456}}