{"mean":{"confidence_interval":{"confidence_level":0.95,"lower_bound":0.31403580787526886,"upper_bound":0.3830999585274225},"point_estimate":0.3402316677746946,"standard_error":0.017404928430467915},"median":{"confidence_interval":{"confidence_level":0.95,"lower_bound":0.28406295941381465,"upper_bound":0.31891053236044997},"point_estimate":0.30320473927360747,"standard_error":0.009293349714719353}}