{"mean":{"confidence_interval":{"confidence_level":0.95,"lower_bound":0.015024963717407115,"upper_bound":0.029480523614317723},"point_estimate":0.021225266097844697,"standard_error":0.003793988136414693},"median":{"confidence_interval":{"confidence_level":0.95,"lower_bound":0.015046129852714918,"upper_bound":0.020760422107156007},"point_estimate":0.01819288855853518,"standard_error":0.0013947774462163207}}