{"mean":{"confidence_interval":{"confidence_level":0.95,"lower_bound":-0.02131683265478341,"upper_bound":-0.020420496352787084},"point_estimate":-0.02087016561622479,"standard_error":0.0002288911272946017},"median":{"confidence_interval":{"confidence_level":0.95,"lower_bound":-0.021029239051268855,"upper_bound":-0.020237133011010044},"point_estimate":-0.02058145721280502,"standard_error":0.0002014447697249476}}