{"mean":{"confidence_interval":{"confidence_level":0.95,"lower_bound":-0.07455889437840471,"upper_bound":-0.03746200468430605},"point_estimate":-0.05676148727862673,"standard_error":0.009485378237447335},"median":{"confidence_interval":{"confidence_level":0.95,"lower_bound":-0.08484189084310696,"upper_bound":-0.04091527807838863},"point_estimate":-0.060869731459709975,"standard_error":0.01191365816998414}}