{"mean":{"confidence_interval":{"confidence_level":0.95,"lower_bound":-0.010711302298951293,"upper_bound":-0.0037997490698793435},"point_estimate":-0.007255210015656877,"standard_error":0.0017616950611663614},"median":{"confidence_interval":{"confidence_level":0.95,"lower_bound":-0.00723978748247911,"upper_bound":-0.002712355935309718},"point_estimate":-0.004672107975806417,"standard_error":0.0011472156565058584}}