{"mean":{"confidence_interval":{"confidence_level":0.95,"lower_bound":0.012995319180783688,"upper_bound":0.03200378034771614},"point_estimate":0.024199653702082324,"standard_error":0.004940144126402969},"median":{"confidence_interval":{"confidence_level":0.95,"lower_bound":0.029813781150833885,"upper_bound":0.037618859540434535},"point_estimate":0.0339181830065276,"standard_error":0.0020530175464447313}}