{"mean":{"confidence_interval":{"confidence_level":0.95,"lower_bound":0.6146126160489215,"upper_bound":0.628491381437133},"point_estimate":0.6208899557983776,"standard_error":0.003509079262851488},"median":{"confidence_interval":{"confidence_level":0.95,"lower_bound":0.6137991595126704,"upper_bound":0.6213284578541255},"point_estimate":0.61740398037717,"standard_error":0.001944903347150289}}