{"mean":{"confidence_interval":{"confidence_level":0.95,"lower_bound":-0.011340616830955143,"upper_bound":0.008997895161868353},"point_estimate":-0.003462229928095195,"standard_error":0.0055229688300184},"median":{"confidence_interval":{"confidence_level":0.95,"lower_bound":-0.013610576028629029,"upper_bound":-0.003960356851459901},"point_estimate":-0.00909290726650025,"standard_error":0.002437719966803286}}