{"mean":{"confidence_interval":{"confidence_level":0.95,"lower_bound":-0.008523891874920086,"upper_bound":0.0029276154278048416},"point_estimate":-0.0021044587569652995,"standard_error":0.0029692384184563376},"median":{"confidence_interval":{"confidence_level":0.95,"lower_bound":0.0001241173406700824,"upper_bound":0.005296342660298103},"point_estimate":0.003152822274286926,"standard_error":0.001294949938889633}}