{"mean":{"confidence_interval":{"confidence_level":0.95,"lower_bound":-0.06126189300644369,"upper_bound":-0.022997533324394644},"point_estimate":-0.040675071002371666,"standard_error":0.009795856137671373},"median":{"confidence_interval":{"confidence_level":0.95,"lower_bound":-0.025399251652739485,"upper_bound":-0.004290059457943807},"point_estimate":-0.012971858494582156,"standard_error":0.005698037381958498}}