{"mean":{"confidence_interval":{"confidence_level":0.95,"lower_bound":-0.1499034787174554,"upper_bound":-0.14810090791009797},"point_estimate":-0.14901004727299372,"standard_error":0.00045693770381144015},"median":{"confidence_interval":{"confidence_level":0.95,"lower_bound":-0.14932431265052337,"upper_bound":-0.14829481616813944},"point_estimate":-0.1487867539144121,"standard_error":0.00023630277132286604}}