{"mean":{"confidence_interval":{"confidence_level":0.95,"lower_bound":0.0024807870133135026,"upper_bound":0.018402108764194357},"point_estimate":0.009834827556850279,"standard_error":0.004098220326141514},"median":{"confidence_interval":{"confidence_level":0.95,"lower_bound":0.001324466116973122,"upper_bound":0.013356471635935563},"point_estimate":0.0074673140444128094,"standard_error":0.0030690298565036567}}