{"mean":{"confidence_interval":{"confidence_level":0.95,"lower_bound":-0.013216141661232913,"upper_bound":-0.00322356158971826},"point_estimate":-0.008388181542859918,"standard_error":0.002500686246836169},"median":{"confidence_interval":{"confidence_level":0.95,"lower_bound":-0.011222128474897675,"upper_bound":-0.004863843667438972},"point_estimate":-0.008161610832717159,"standard_error":0.0015318716756582932}}