{"mean":{"confidence_interval":{"confidence_level":0.95,"lower_bound":-0.008413953587725972,"upper_bound":-0.002445496992012397},"point_estimate":-0.00534467579110498,"standard_error":0.001527984240833217},"median":{"confidence_interval":{"confidence_level":0.95,"lower_bound":-0.008005993660423538,"upper_bound":-0.0036022179863629544},"point_estimate":-0.005800474824166013,"standard_error":0.0011201772579845007}}