{"mean":{"confidence_interval":{"confidence_level":0.95,"lower_bound":-0.014140662679136742,"upper_bound":0.0045297113007844},"point_estimate":-0.004167546669485045,"standard_error":0.004767115897780134},"median":{"confidence_interval":{"confidence_level":0.95,"lower_bound":-0.0045278529592466515,"upper_bound":0.0008751981452534974},"point_estimate":-0.0021110826272623395,"standard_error":0.0013970227480053189}}