{"mean":{"confidence_interval":{"confidence_level":0.95,"lower_bound":-0.37987909049326274,"upper_bound":-0.3754364193848806},"point_estimate":-0.37793628792028355,"standard_error":0.00112382409331986},"median":{"confidence_interval":{"confidence_level":0.95,"lower_bound":-0.379123800600486,"upper_bound":-0.37689272009796115},"point_estimate":-0.37811771813017636,"standard_error":0.0005552097366546559}}