{"mean":{"confidence_interval":{"confidence_level":0.95,"lower_bound":-0.004096290657557566,"upper_bound":0.004184072654418225},"point_estimate":-0.00002258744712879679,"standard_error":0.0021084258293863874},"median":{"confidence_interval":{"confidence_level":0.95,"lower_bound":-0.004621768807800111,"upper_bound":0.0024451109127325843},"point_estimate":-0.0016641088724927977,"standard_error":0.001830054455799641}}