{"mean":{"confidence_interval":{"confidence_level":0.95,"lower_bound":0.17000189370683572,"upper_bound":0.17166662740975897},"point_estimate":0.17085025683489308,"standard_error":0.000423670748993446},"median":{"confidence_interval":{"confidence_level":0.95,"lower_bound":0.17025417144652444,"upper_bound":0.17197784217789547},"point_estimate":0.17075613442712845,"standard_error":0.00045014181867441015}}