{"mean":{"confidence_interval":{"confidence_level":0.95,"lower_bound":-0.0030974687644630726,"upper_bound":0.004640434810324068},"point_estimate":0.0006358871207670092,"standard_error":0.00203631656534658},"median":{"confidence_interval":{"confidence_level":0.95,"lower_bound":-0.001983632411397429,"upper_bound":0.0016255498543260583},"point_estimate":0.00011915969704578977,"standard_error":0.0009136532972796466}}