{"mean":{"confidence_interval":{"confidence_level":0.95,"lower_bound":-0.009086405567782951,"upper_bound":-0.004070374736940885},"point_estimate":-0.006558542315910687,"standard_error":0.001281137729722044},"median":{"confidence_interval":{"confidence_level":0.95,"lower_bound":-0.008269609646175402,"upper_bound":-0.0034809115293450432},"point_estimate":-0.006276566977804321,"standard_error":0.001279060595134594}}