{"mean":{"confidence_interval":{"confidence_level":0.95,"lower_bound":-0.04612182700061654,"upper_bound":-0.03774130852740628},"point_estimate":-0.04192045754849827,"standard_error":0.002132263251924865},"median":{"confidence_interval":{"confidence_level":0.95,"lower_bound":-0.050183602385511006,"upper_bound":-0.04243590973701783},"point_estimate":-0.04692710985693471,"standard_error":0.00211852006118035}}