{"mean":{"confidence_interval":{"confidence_level":0.95,"lower_bound":-0.01766962162248873,"upper_bound":-0.005230256816153442},"point_estimate":-0.011693683657296283,"standard_error":0.0031935269060859293},"median":{"confidence_interval":{"confidence_level":0.95,"lower_bound":-0.015284487893588716,"upper_bound":-0.008057415364800202},"point_estimate":-0.011221934222884755,"standard_error":0.0017931968230692219}}