{"mean":{"confidence_interval":{"confidence_level":0.95,"lower_bound":0.00433127358293778,"upper_bound":0.01812655969518695},"point_estimate":0.011700788547029273,"standard_error":0.003511053405550723},"median":{"confidence_interval":{"confidence_level":0.95,"lower_bound":0.00818273767640254,"upper_bound":0.019240678140572967},"point_estimate":0.013466417301428724,"standard_error":0.002634963179575215}}