{"mean":{"confidence_interval":{"confidence_level":0.95,"lower_bound":0.0042408212372814745,"upper_bound":0.025769319235345926},"point_estimate":0.01310954078902915,"standard_error":0.0055760338523932786},"median":{"confidence_interval":{"confidence_level":0.95,"lower_bound":0.004296095036835812,"upper_bound":0.008695120030152877},"point_estimate":0.00663302420244527,"standard_error":0.0010922267271249431}}