{"mean":{"confidence_interval":{"confidence_level":0.95,"lower_bound":-0.011030631570220228,"upper_bound":0.007227435765469605},"point_estimate":-0.002123802627477467,"standard_error":0.004608882601386562},"median":{"confidence_interval":{"confidence_level":0.95,"lower_bound":-0.0014445889001046819,"upper_bound":0.009846730565908235},"point_estimate":0.0036872269374870204,"standard_error":0.002793602035846548}}