{"mean":{"confidence_interval":{"confidence_level":0.95,"lower_bound":0.0032053312098416775,"upper_bound":0.017948352066827242},"point_estimate":0.010815054578205974,"standard_error":0.003763044893990427},"median":{"confidence_interval":{"confidence_level":0.95,"lower_bound":0.008824637069594132,"upper_bound":0.017027911557600195},"point_estimate":0.01351950383694911,"standard_error":0.002125125488418449}}