{"mean":{"confidence_interval":{"confidence_level":0.95,"lower_bound":-0.03468310587630403,"upper_bound":-0.03327721094938907},"point_estimate":-0.03397803465876925,"standard_error":0.0003583853436430656},"median":{"confidence_interval":{"confidence_level":0.95,"lower_bound":-0.03498621850452288,"upper_bound":-0.03366595232831138},"point_estimate":-0.03433980535078629,"standard_error":0.0003340145978242754}}