{"mean":{"confidence_interval":{"confidence_level":0.95,"lower_bound":0.08491572384162824,"upper_bound":0.10429350668012441},"point_estimate":0.09478240112445047,"standard_error":0.005243694525762622},"median":{"confidence_interval":{"confidence_level":0.95,"lower_bound":0.07816722093119788,"upper_bound":0.10012406900645976},"point_estimate":0.09021091960787819,"standard_error":0.0063775245915154485}}