{"mean":{"confidence_interval":{"confidence_level":0.95,"lower_bound":-0.01572281426020783,"upper_bound":-0.0053746521387210144},"point_estimate":-0.010727529350312626,"standard_error":0.0026363523196196443},"median":{"confidence_interval":{"confidence_level":0.95,"lower_bound":-0.009749699301185966,"upper_bound":-0.0027584258786707005},"point_estimate":-0.007084491481381017,"standard_error":0.001862002488860072}}