{"mean":{"confidence_interval":{"confidence_level":0.95,"lower_bound":-0.0005352893293504311,"upper_bound":0.013580530226926226},"point_estimate":0.006280278330617284,"standard_error":0.003495135151301835},"median":{"confidence_interval":{"confidence_level":0.95,"lower_bound":-0.006267468734714732,"upper_bound":0.007590118801196644},"point_estimate":0.0010398180694743964,"standard_error":0.003490492360607094}}