{"mean":{"confidence_interval":{"confidence_level":0.95,"lower_bound":0.0015418087119355552,"upper_bound":0.0026101791443409184},"point_estimate":0.0020622813883404145,"standard_error":0.00027346635921484216},"median":{"confidence_interval":{"confidence_level":0.95,"lower_bound":0.001410698975317759,"upper_bound":0.0021988732291506885},"point_estimate":0.0017002398350078884,"standard_error":0.0002001313630831104}}