{"mean":{"confidence_interval":{"confidence_level":0.95,"lower_bound":-0.3846658193854737,"upper_bound":-0.38026998784563604},"point_estimate":-0.3828858833394734,"standard_error":0.001139730907596323},"median":{"confidence_interval":{"confidence_level":0.95,"lower_bound":-0.3854203327722149,"upper_bound":-0.38264069586161564},"point_estimate":-0.3841232302024208,"standard_error":0.0006915561735827148}}