{"mean":{"confidence_interval":{"confidence_level":0.95,"lower_bound":-0.014722655287031983,"upper_bound":-0.008355148746367672},"point_estimate":-0.011509765633136215,"standard_error":0.0016263997871151976},"median":{"confidence_interval":{"confidence_level":0.95,"lower_bound":-0.017336254428062414,"upper_bound":-0.009453214662929588},"point_estimate":-0.013992409391464622,"standard_error":0.0021612494625953844}}