{"mean":{"confidence_interval":{"confidence_level":0.95,"lower_bound":-0.1472871949900536,"upper_bound":-0.1460328056261283},"point_estimate":-0.14664732447746187,"standard_error":0.00032096946134661255},"median":{"confidence_interval":{"confidence_level":0.95,"lower_bound":-0.14739667970453652,"upper_bound":-0.14614326180612847},"point_estimate":-0.1467857279156598,"standard_error":0.00033166354409574226}}