{"mean":{"confidence_interval":{"confidence_level":0.95,"lower_bound":6415361.7529375,"upper_bound":6439930.7226875005},"point_estimate":6426744.92875,"standard_error":6302.662893731251},"median":{"confidence_interval":{"confidence_level":0.95,"lower_bound":6406854.0625,"upper_bound":6419659.375},"point_estimate":6411313.0,"standard_error":3479.2185066499924},"median_abs_dev":{"confidence_interval":{"confidence_level":0.95,"lower_bound":23560.366831719875,"upper_bound":43451.29872858524},"point_estimate":33802.81608738005,"standard_error":4937.019818427576},"slope":null,"std_dev":{"confidence_interval":{"confidence_level":0.95,"lower_bound":39462.67785862236,"upper_bound":83957.35440433305},"point_estimate":63429.67200938282,"standard_error":11447.5336146637}}