{"mean":{"confidence_interval":{"confidence_level":0.95,"lower_bound":101143067.68474999,"upper_bound":101382893.66875},"point_estimate":101254706.59,"standard_error":61229.68586513293},"median":{"confidence_interval":{"confidence_level":0.95,"lower_bound":100962726.0,"upper_bound":101279564.0},"point_estimate":101216864.0,"standard_error":115807.61848266188},"median_abs_dev":{"confidence_interval":{"confidence_level":0.95,"lower_bound":237244.90648806095,"upper_bound":480719.43861052365},"point_estimate":413133.15436542034,"standard_error":64881.388859488725},"slope":null,"std_dev":{"confidence_interval":{"confidence_level":0.95,"lower_bound":372318.12427195546,"upper_bound":797327.3468165606},"point_estimate":613789.6410183838,"standard_error":105275.91909389396}}