{"mean":{"confidence_interval":{"confidence_level":0.95,"lower_bound":15940609.960125,"upper_bound":15943623.09825},"point_estimate":15942019.43,"standard_error":770.3164788329342},"median":{"confidence_interval":{"confidence_level":0.95,"lower_bound":15938817.25,"upper_bound":15940899.75},"point_estimate":15939742.25,"standard_error":550.8042560829815},"median_abs_dev":{"confidence_interval":{"confidence_level":0.95,"lower_bound":2965.1999473571777,"upper_bound":5351.815254986286},"point_estimate":4058.802752941847,"standard_error":586.4329298150396},"slope":null,"std_dev":{"confidence_interval":{"confidence_level":0.95,"lower_bound":5050.579910731379,"upper_bound":10047.909733267208},"point_estimate":7737.272691711794,"standard_error":1269.966284450237}}