{"mean":{"confidence_interval":{"confidence_level":0.95,"lower_bound":7661244.717142853,"upper_bound":7668431.949999999},"point_estimate":7664793.795714288,"standard_error":1837.4162153584625},"median":{"confidence_interval":{"confidence_level":0.95,"lower_bound":7660026.071428571,"upper_bound":7667145.0},"point_estimate":7662456.428571429,"standard_error":1739.9684585154835},"median_abs_dev":{"confidence_interval":{"confidence_level":0.95,"lower_bound":12833.491272159887,"upper_bound":21052.81372623725},"point_estimate":16553.228706121445,"standard_error":2142.2139432818867},"slope":null,"std_dev":{"confidence_interval":{"confidence_level":0.95,"lower_bound":15535.549799727727,"upper_bound":21372.66352655924},"point_estimate":18587.362725301922,"standard_error":1483.6206557897692}}