{"mean":{"confidence_interval":{"confidence_level":0.95,"lower_bound":15210855.2965625,"upper_bound":15280904.34525},"point_estimate":15245833.24,"standard_error":17866.32515423403},"median":{"confidence_interval":{"confidence_level":0.95,"lower_bound":15225095.5,"upper_bound":15292001.5},"point_estimate":15261439.0,"standard_error":15302.472216130547},"median_abs_dev":{"confidence_interval":{"confidence_level":0.95,"lower_bound":114928.72220210743,"upper_bound":225876.5847117636},"point_estimate":194642.76689440012,"standard_error":28606.763575090135},"slope":null,"std_dev":{"confidence_interval":{"confidence_level":0.95,"lower_bound":150835.1816525528,"upper_bound":211350.12717820637},"point_estimate":179931.78208195823,"standard_error":15618.301303868597}}