{"mean":{"confidence_interval":{"confidence_level":0.95,"lower_bound":88289184.9005,"upper_bound":89091812.47375},"point_estimate":88679083.78,"standard_error":205114.26051828542},"median":{"confidence_interval":{"confidence_level":0.95,"lower_bound":88007874.0,"upper_bound":88665608.5},"point_estimate":88318436.5,"standard_error":149856.96069272418},"median_abs_dev":{"confidence_interval":{"confidence_level":0.95,"lower_bound":1237076.7478474977,"upper_bound":2052478.0450612307},"point_estimate":1620723.4350264072,"standard_error":193513.60384202038},"slope":null,"std_dev":{"confidence_interval":{"confidence_level":0.95,"lower_bound":1628817.2516101873,"upper_bound":2462325.484325319},"point_estimate":2060665.3866986735,"standard_error":212822.81448737995}}