{"mean":{"confidence_interval":{"confidence_level":0.95,"lower_bound":6636474.81975,"upper_bound":6650202.016375001},"point_estimate":6642907.53,"standard_error":3512.7412861782855},"median":{"confidence_interval":{"confidence_level":0.95,"lower_bound":6629526.5,"upper_bound":6639143.125},"point_estimate":6634238.6875,"standard_error":2638.750442479559},"median_abs_dev":{"confidence_interval":{"confidence_level":0.95,"lower_bound":16399.501621350646,"upper_bound":32141.396024376107},"point_estimate":24003.75688634813,"standard_error":3933.209049191769},"slope":null,"std_dev":{"confidence_interval":{"confidence_level":0.95,"lower_bound":24203.21242837194,"upper_bound":46866.63581732604},"point_estimate":35217.481143783225,"standard_error":5970.187015984787}}