{"mean":{"confidence_interval":{"confidence_level":0.95,"lower_bound":6713053.811464286,"upper_bound":6951100.418071426},"point_estimate":6829161.474285716,"standard_error":60757.638551754346},"median":{"confidence_interval":{"confidence_level":0.95,"lower_bound":6450347.714285715,"upper_bound":6496898.714285715},"point_estimate":6467512.571428571,"standard_error":9555.619508246715},"median_abs_dev":{"confidence_interval":{"confidence_level":0.95,"lower_bound":55112.477021558145,"upper_bound":128263.53612286694},"point_estimate":81960.45634491024,"standard_error":17988.7429918144},"slope":null,"std_dev":{"confidence_interval":{"confidence_level":0.95,"lower_bound":531345.0622935481,"upper_bound":659046.0798594694},"point_estimate":607790.4922347921,"standard_error":32977.611583500104}}