{"mean":{"confidence_interval":{"confidence_level":0.95,"lower_bound":18251432.07458334,"upper_bound":18574498.200083327},"point_estimate":18408442.886666667,"standard_error":82397.15532155684},"median":{"confidence_interval":{"confidence_level":0.95,"lower_bound":18151405.0,"upper_bound":18415307.166666668},"point_estimate":18274005.833333332,"standard_error":70494.29343833149},"median_abs_dev":{"confidence_interval":{"confidence_level":0.95,"lower_bound":487581.17074370384,"upper_bound":870070.219153164},"point_estimate":682495.3769832831,"standard_error":101284.05502554702},"slope":null,"std_dev":{"confidence_interval":{"confidence_level":0.95,"lower_bound":635671.0592870155,"upper_bound":1044710.4634903396},"point_estimate":828146.8652961616,"standard_error":108218.7586495435}}