{"mean":{"confidence_interval":{"confidence_level":0.95,"lower_bound":77320017.722,"upper_bound":78516765.7305},"point_estimate":77905354.44,"standard_error":305208.14082086115},"median":{"confidence_interval":{"confidence_level":0.95,"lower_bound":76681600.0,"upper_bound":78057396.0},"point_estimate":77191949.0,"standard_error":395264.28807089146},"median_abs_dev":{"confidence_interval":{"confidence_level":0.95,"lower_bound":1982673.5318005085,"upper_bound":3266898.6823334545},"point_estimate":2764891.0540133715,"standard_error":320310.2213366663},"slope":null,"std_dev":{"confidence_interval":{"confidence_level":0.95,"lower_bound":2526716.4610002106,"upper_bound":3542927.985218714},"point_estimate":3066152.6289081783,"standard_error":260555.43419350332}}