{"mean":{"confidence_interval":{"confidence_level":0.95,"lower_bound":7159572.9845357165,"upper_bound":7215072.508571428},"point_estimate":7182292.339999999,"standard_error":14525.493763204238},"median":{"confidence_interval":{"confidence_level":0.95,"lower_bound":7140439.571428572,"upper_bound":7173295.285714285},"point_estimate":7151940.428571429,"standard_error":8370.226657339354},"median_abs_dev":{"confidence_interval":{"confidence_level":0.95,"lower_bound":34078.19579499049,"upper_bound":62250.98409482381},"point_estimate":47762.16995205247,"standard_error":7173.819792333671},"slope":null,"std_dev":{"confidence_interval":{"confidence_level":0.95,"lower_bound":44098.18797909269,"upper_bound":235618.73713554788},"point_estimate":146036.12068491246,"standard_error":57898.77636568936}}