{"mean":{"confidence_interval":{"confidence_level":0.95,"lower_bound":39051768.17525,"upper_bound":39153120.390875},"point_estimate":39101592.81,"standard_error":25866.115907131196},"median":{"confidence_interval":{"confidence_level":0.95,"lower_bound":39000495.0,"upper_bound":39106953.25},"point_estimate":39060352.75,"standard_error":26364.108584830217},"median_abs_dev":{"confidence_interval":{"confidence_level":0.95,"lower_bound":191366.22095257044,"upper_bound":327139.08490586997},"point_estimate":258194.78541612625,"standard_error":34529.321480027975},"slope":null,"std_dev":{"confidence_interval":{"confidence_level":0.95,"lower_bound":222214.38055288256,"upper_bound":292305.9689778795},"point_estimate":259849.65120955269,"standard_error":17895.624772349714}}