{"mean":{"confidence_interval":{"confidence_level":0.95,"lower_bound":14173882.1085,"upper_bound":14192216.344687501},"point_estimate":14182602.3425,"standard_error":4676.178312273084},"median":{"confidence_interval":{"confidence_level":0.95,"lower_bound":14163054.25,"upper_bound":14179633.5},"point_estimate":14169867.75,"standard_error":3896.568253631146},"median_abs_dev":{"confidence_interval":{"confidence_level":0.95,"lower_bound":23570.189056545496,"upper_bound":47498.79665672779},"point_estimate":34410.2187640965,"standard_error":6219.929212991115},"slope":null,"std_dev":{"confidence_interval":{"confidence_level":0.95,"lower_bound":35256.05560920703,"upper_bound":59709.56089536463},"point_estimate":46777.58191653239,"standard_error":6572.961672338819}}