{"mean":{"confidence_interval":{"confidence_level":0.95,"lower_bound":55836876.48825,"upper_bound":55907745.91975},"point_estimate":55871155.52,"standard_error":18116.6042110399},"median":{"confidence_interval":{"confidence_level":0.95,"lower_bound":55804128.0,"upper_bound":55848228.0},"point_estimate":55826728.5,"standard_error":12869.19906611302},"median_abs_dev":{"confidence_interval":{"confidence_level":0.95,"lower_bound":80654.17986810207,"upper_bound":158013.28129470348},"point_estimate":129910.59879362583,"standard_error":18328.558477705512},"slope":null,"std_dev":{"confidence_interval":{"confidence_level":0.95,"lower_bound":139856.0410861228,"upper_bound":221453.94795225267},"point_estimate":181770.6479383536,"standard_error":20954.99815533008}}