{"mean":{"confidence_interval":{"confidence_level":0.95,"lower_bound":50525955.84425,"upper_bound":50567895.8375},"point_estimate":50546333.82,"standard_error":10650.384394302333},"median":{"confidence_interval":{"confidence_level":0.95,"lower_bound":50508165.0,"upper_bound":50542715.0},"point_estimate":50521415.0,"standard_error":10292.631876824933},"median_abs_dev":{"confidence_interval":{"confidence_level":0.95,"lower_bound":60783.30013588087,"upper_bound":101853.1726567447},"point_estimate":76205.63864707947,"standard_error":10116.52999475451},"slope":null,"std_dev":{"confidence_interval":{"confidence_level":0.95,"lower_bound":82183.00204626123,"upper_bound":130346.27353115995},"point_estimate":107004.56877958364,"standard_error":12395.919978974665}}