{"mean":{"confidence_interval":{"confidence_level":0.95,"lower_bound":68276900.502,"upper_bound":69053589.374},"point_estimate":68644101.46,"standard_error":199093.0693896478},"median":{"confidence_interval":{"confidence_level":0.95,"lower_bound":67871894.0,"upper_bound":68707344.0},"point_estimate":68343945.0,"standard_error":221015.27756796364},"median_abs_dev":{"confidence_interval":{"confidence_level":0.95,"lower_bound":1027819.1034525633,"upper_bound":1671925.0251173973},"point_estimate":1370811.1943632364,"standard_error":169112.40590806497},"slope":null,"std_dev":{"confidence_interval":{"confidence_level":0.95,"lower_bound":1372916.8576396191,"upper_bound":2533362.3238358363},"point_estimate":1993899.3889885913,"standard_error":296574.3187890469}}