{"mean":{"confidence_interval":{"confidence_level":0.95,"lower_bound":81084384.54574999,"upper_bound":82296939.49075},"point_estimate":81680380.08,"standard_error":309904.1298520074},"median":{"confidence_interval":{"confidence_level":0.95,"lower_bound":80359331.0,"upper_bound":82332231.0},"point_estimate":81432481.0,"standard_error":508542.6803418837},"median_abs_dev":{"confidence_interval":{"confidence_level":0.95,"lower_bound":2549924.436029792,"upper_bound":3989083.489179611},"point_estimate":3335259.124687314,"standard_error":369649.82939192594},"slope":null,"std_dev":{"confidence_interval":{"confidence_level":0.95,"lower_bound":2643352.938251164,"upper_bound":3552280.0436755805},"point_estimate":3109845.798138813,"standard_error":232451.479292901}}