{"mean":{"confidence_interval":{"confidence_level":0.95,"lower_bound":87560427.09899999,"upper_bound":88243610.1885},"point_estimate":87905229.22,"standard_error":174193.4063540408},"median":{"confidence_interval":{"confidence_level":0.95,"lower_bound":87470181.0,"upper_bound":88524209.0},"point_estimate":88016087.0,"standard_error":308872.6940699796},"median_abs_dev":{"confidence_interval":{"confidence_level":0.95,"lower_bound":1462847.294229269,"upper_bound":2321951.7097771107},"point_estimate":1869059.6719175577,"standard_error":218576.9128267082},"slope":null,"std_dev":{"confidence_interval":{"confidence_level":0.95,"lower_bound":1532726.9968281947,"upper_bound":1965402.176522027},"point_estimate":1759564.1715481512,"standard_error":110299.50220593356}}