{"mean":{"confidence_interval":{"confidence_level":0.95,"lower_bound":8883231.295000007,"upper_bound":8957778.407125002},"point_estimate":8919813.718333334,"standard_error":19074.7143977177},"median":{"confidence_interval":{"confidence_level":0.95,"lower_bound":8814913.333333334,"upper_bound":8914449.166666666},"point_estimate":8847019.583333334,"standard_error":27132.326822965664},"median_abs_dev":{"confidence_interval":{"confidence_level":0.95,"lower_bound":113846.87517881302,"upper_bound":230768.66270303543},"point_estimate":156098.00922870543,"standard_error":30228.70154554572},"slope":null,"std_dev":{"confidence_interval":{"confidence_level":0.95,"lower_bound":165921.95444146905,"upper_bound":214558.85128427632},"point_estimate":191911.55098833676,"standard_error":12412.537922183488}}