{"mean":{"confidence_interval":{"confidence_level":0.95,"lower_bound":7034291.70803125,"upper_bound":7300838.1},"point_estimate":7168653.53125,"standard_error":68242.55476412723},"median":{"confidence_interval":{"confidence_level":0.95,"lower_bound":6527674.625,"upper_bound":7776779.625},"point_estimate":7756133.875,"standard_error":514947.75569210923},"median_abs_dev":{"confidence_interval":{"confidence_level":0.95,"lower_bound":109211.0939361155,"upper_bound":982152.6150383055},"point_estimate":244411.98008581996,"standard_error":222342.69034526288},"slope":null,"std_dev":{"confidence_interval":{"confidence_level":0.95,"lower_bound":658193.8148243434,"upper_bound":693447.9560583467},"point_estimate":682450.8856332261,"standard_error":8862.148799750219}}