{"mean":{"confidence_interval":{"confidence_level":0.95,"lower_bound":7770770.840000004,"upper_bound":7796453.748607145},"point_estimate":7781653.014285714,"standard_error":6623.866874978818},"median":{"confidence_interval":{"confidence_level":0.95,"lower_bound":7760920.642857144,"upper_bound":7773988.428571428},"point_estimate":7768948.428571429,"standard_error":3426.7483580888934},"median_abs_dev":{"confidence_interval":{"confidence_level":0.95,"lower_bound":20642.451233523036,"upper_bound":39131.743705272675},"point_estimate":30863.60135206263,"standard_error":4858.337681974786},"slope":null,"std_dev":{"confidence_interval":{"confidence_level":0.95,"lower_bound":31052.21324859879,"upper_bound":103222.19908935484},"point_estimate":66527.4614179309,"standard_error":22747.732182659056}}