{"mean":{"confidence_interval":{"confidence_level":0.95,"lower_bound":49653557.741000004,"upper_bound":49725517.860249996},"point_estimate":49687987.06,"standard_error":18329.672218676526},"median":{"confidence_interval":{"confidence_level":0.95,"lower_bound":49606402.0,"upper_bound":49679652.0},"point_estimate":49638253.0,"standard_error":18187.034048912457},"median_abs_dev":{"confidence_interval":{"confidence_level":0.95,"lower_bound":104077.03555226326,"upper_bound":178725.9442269802},"point_estimate":144404.49613630772,"standard_error":18791.848582617407},"slope":null,"std_dev":{"confidence_interval":{"confidence_level":0.95,"lower_bound":139561.22049374555,"upper_bound":226508.00875468497},"point_estimate":183566.7064609638,"standard_error":22323.7283576678}}