{"mean":{"confidence_interval":{"confidence_level":0.95,"lower_bound":17061386.538999997,"upper_bound":17171017.673333332},"point_estimate":17114339.343333326,"standard_error":28060.112448396827},"median":{"confidence_interval":{"confidence_level":0.95,"lower_bound":17003022.166666668,"upper_bound":17117106.0},"point_estimate":17062655.666666668,"standard_error":30508.02761228529},"median_abs_dev":{"confidence_interval":{"confidence_level":0.95,"lower_bound":181100.328084832,"upper_bound":300153.847271204},"point_estimate":239268.16125214283,"standard_error":30692.62274367525},"slope":null,"std_dev":{"confidence_interval":{"confidence_level":0.95,"lower_bound":224719.04791490757,"upper_bound":340298.74377134367},"point_estimate":282234.55550167634,"standard_error":29860.386770656107}}