{"mean":{"confidence_interval":{"confidence_level":0.95,"lower_bound":51722771.475499995,"upper_bound":53028583.67325},"point_estimate":52336500.16,"standard_error":333930.8779898754},"median":{"confidence_interval":{"confidence_level":0.95,"lower_bound":51114697.5,"upper_bound":51586250.0},"point_estimate":51317299.0,"standard_error":102295.01436125406},"median_abs_dev":{"confidence_interval":{"confidence_level":0.95,"lower_bound":772512.4227851629,"upper_bound":1582290.5704162268},"point_estimate":1177811.5188896656,"standard_error":195235.0844958932},"slope":null,"std_dev":{"confidence_interval":{"confidence_level":0.95,"lower_bound":2324004.1551822745,"upper_bound":4219464.599941335},"point_estimate":3344800.8618942355,"standard_error":485064.1764908048}}