{"mean":{"confidence_interval":{"confidence_level":0.95,"lower_bound":98969703.7385,"upper_bound":99090331.426},"point_estimate":99019739.62,"standard_error":31242.569368541488},"median":{"confidence_interval":{"confidence_level":0.95,"lower_bound":98928898.0,"upper_bound":98984782.0},"point_estimate":98960680.5,"standard_error":15037.564472589775},"median_abs_dev":{"confidence_interval":{"confidence_level":0.95,"lower_bound":73762.31389045715,"upper_bound":115871.85964286327},"point_estimate":87686.89284324646,"standard_error":11202.251809451001},"slope":null,"std_dev":{"confidence_interval":{"confidence_level":0.95,"lower_bound":127400.79917892496,"upper_bound":495722.98978906934},"point_estimate":314952.655112863,"standard_error":114325.2659096028}}