{"mean":{"confidence_interval":{"confidence_level":0.95,"lower_bound":50347604.527,"upper_bound":50365006.15875},"point_estimate":50355937.52,"standard_error":4430.600762410336},"median":{"confidence_interval":{"confidence_level":0.95,"lower_bound":50339024.0,"upper_bound":50357198.0},"point_estimate":50347661.0,"standard_error":4921.727940439564},"median_abs_dev":{"confidence_interval":{"confidence_level":0.95,"lower_bound":25526.665046811104,"upper_bound":45533.777184113824},"point_estimate":33359.98200774193,"standard_error":5283.07473321703},"slope":null,"std_dev":{"confidence_interval":{"confidence_level":0.95,"lower_bound":33435.22508726556,"upper_bound":55144.031914121304},"point_estimate":44502.54406176452,"standard_error":5558.179957418669}}