{"mean":{"confidence_interval":{"confidence_level":0.95,"lower_bound":7712384.252857139,"upper_bound":7738298.867142861},"point_estimate":7724936.254285715,"standard_error":6609.587194941125},"median":{"confidence_interval":{"confidence_level":0.95,"lower_bound":7694960.142857143,"upper_bound":7724417.714285715},"point_estimate":7707567.642857144,"standard_error":7117.094499501736},"median_abs_dev":{"confidence_interval":{"confidence_level":0.95,"lower_bound":40857.49007463317,"upper_bound":67142.82270797563},"point_estimate":54297.57653602433,"standard_error":6832.54305754688},"slope":null,"std_dev":{"confidence_interval":{"confidence_level":0.95,"lower_bound":53048.18525252558,"upper_bound":78811.1499038438},"point_estimate":66350.77858516964,"standard_error":6539.881899321694}}