{"mean":{"confidence_interval":{"confidence_level":0.95,"lower_bound":100767464.68375,"upper_bound":102457861.02775},"point_estimate":101604011.43,"standard_error":431229.16015261615},"median":{"confidence_interval":{"confidence_level":0.95,"lower_bound":100320560.0,"upper_bound":102524226.0},"point_estimate":101622971.5,"standard_error":521911.55470072787},"median_abs_dev":{"confidence_interval":{"confidence_level":0.95,"lower_bound":3134294.922155142,"upper_bound":4842555.507427454},"point_estimate":3854777.722764015,"standard_error":433016.7366103594},"slope":null,"std_dev":{"confidence_interval":{"confidence_level":0.95,"lower_bound":3574701.06235919,"upper_bound":5098560.76277796},"point_estimate":4346971.12014758,"standard_error":388372.76095605193}}