{"mean":{"confidence_interval":{"confidence_level":0.95,"lower_bound":40449600.232625,"upper_bound":41493112.508875},"point_estimate":40961297.45,"standard_error":266543.926942804},"median":{"confidence_interval":{"confidence_level":0.95,"lower_bound":38865037.0,"upper_bound":40901212.75},"point_estimate":39691072.5,"standard_error":528337.8371611},"median_abs_dev":{"confidence_interval":{"confidence_level":0.95,"lower_bound":998210.4700282216,"upper_bound":3565661.0909968615},"point_estimate":2005426.9935965538,"standard_error":683253.7644975958},"slope":null,"std_dev":{"confidence_interval":{"confidence_level":0.95,"lower_bound":2444039.6630425784,"upper_bound":2855876.545109904},"point_estimate":2677852.5231150426,"standard_error":104024.98262459438}}