{"mean":{"confidence_interval":{"confidence_level":0.95,"lower_bound":6417224.14,"upper_bound":6426378.525},"point_estimate":6421572.5525,"standard_error":2334.9663626162614},"median":{"confidence_interval":{"confidence_level":0.95,"lower_bound":6414367.125,"upper_bound":6422697.0},"point_estimate":6416665.4375,"standard_error":2545.0324538195614},"median_abs_dev":{"confidence_interval":{"confidence_level":0.95,"lower_bound":14524.012654647231,"upper_bound":23839.558939263225},"point_estimate":19703.47566269338,"standard_error":2401.422738917537},"slope":null,"std_dev":{"confidence_interval":{"confidence_level":0.95,"lower_bound":17159.248317293197,"upper_bound":29696.441430858875},"point_estimate":23380.893404084516,"standard_error":3254.8505802784857}}