{"mean":{"confidence_interval":{"confidence_level":0.95,"lower_bound":41433230.502000004,"upper_bound":42111441.077375},"point_estimate":41761059.08,"standard_error":173044.06544677517},"median":{"confidence_interval":{"confidence_level":0.95,"lower_bound":41366217.0,"upper_bound":42019604.0},"point_estimate":41600571.25,"standard_error":156589.3859382237},"median_abs_dev":{"confidence_interval":{"confidence_level":0.95,"lower_bound":987428.4470446409,"upper_bound":1687427.3128321734},"point_estimate":1297446.2172657251,"standard_error":181252.671110906},"slope":null,"std_dev":{"confidence_interval":{"confidence_level":0.95,"lower_bound":1319680.9500930815,"upper_bound":2219445.689737685},"point_estimate":1747158.6457867203,"standard_error":238656.90875963325}}