{"mean":{"confidence_interval":{"confidence_level":0.95,"lower_bound":6569046.180781251,"upper_bound":6714594.37653125},"point_estimate":6635807.81875,"standard_error":37336.500425116144},"median":{"confidence_interval":{"confidence_level":0.95,"lower_bound":6505946.3125,"upper_bound":6578356.75},"point_estimate":6543303.5,"standard_error":17566.205963850127},"median_abs_dev":{"confidence_interval":{"confidence_level":0.95,"lower_bound":122764.65224549174,"upper_bound":194797.98121226946},"point_estimate":160657.22036026418,"standard_error":18382.62447841762},"slope":null,"std_dev":{"confidence_interval":{"confidence_level":0.95,"lower_bound":215457.64121959498,"upper_bound":514841.3093080301},"point_estimate":375919.45226535894,"standard_error":76829.37282635694}}