{"mean":{"confidence_interval":{"confidence_level":0.95,"lower_bound":98686400.0655,"upper_bound":98846006.02125},"point_estimate":98759914.81,"standard_error":40749.981265554714},"median":{"confidence_interval":{"confidence_level":0.95,"lower_bound":98608923.0,"upper_bound":98790171.0},"point_estimate":98665772.0,"standard_error":41769.13445830239},"median_abs_dev":{"confidence_interval":{"confidence_level":0.95,"lower_bound":235162.59482502937,"upper_bound":368620.8329656717},"point_estimate":297528.90401780605,"standard_error":32905.328324918766},"slope":null,"std_dev":{"confidence_interval":{"confidence_level":0.95,"lower_bound":262391.70249348634,"upper_bound":574993.3099336508},"point_estimate":410311.6150195033,"standard_error":90078.83381254859}}