{"mean":{"confidence_interval":{"confidence_level":0.95,"lower_bound":77321786.26099999,"upper_bound":77394009.40825},"point_estimate":77356433.29,"standard_error":18395.62304470221},"median":{"confidence_interval":{"confidence_level":0.95,"lower_bound":77270374.0,"upper_bound":77356224.0},"point_estimate":77306974.0,"standard_error":19992.794749315588},"median_abs_dev":{"confidence_interval":{"confidence_level":0.95,"lower_bound":95331.9196075201,"upper_bound":160936.96844279766},"point_estimate":122462.0165258646,"standard_error":16846.189693896373},"slope":null,"std_dev":{"confidence_interval":{"confidence_level":0.95,"lower_bound":139560.3654717654,"upper_bound":225021.98370438334},"point_estimate":185187.55372020724,"standard_error":21824.440006204328}}