{"mean":{"confidence_interval":{"confidence_level":0.95,"lower_bound":-0.008766001731446095,"upper_bound":-0.005786694967107648},"point_estimate":-0.007268991464208119,"standard_error":0.0007598372941941621},"median":{"confidence_interval":{"confidence_level":0.95,"lower_bound":-0.008174829125621175,"upper_bound":-0.0060478926794376164},"point_estimate":-0.007001776636976986,"standard_error":0.0005423285323740296}}