{"mean":{"confidence_interval":{"confidence_level":0.95,"lower_bound":0.2227358651149495,"upper_bound":0.25307293966977934},"point_estimate":0.23737819137664107,"standard_error":0.008186248307693735},"median":{"confidence_interval":{"confidence_level":0.95,"lower_bound":0.21461207934137216,"upper_bound":0.2363701649427863},"point_estimate":0.22535868643164747,"standard_error":0.006037254294990138}}