{"mean":{"confidence_interval":{"confidence_level":0.95,"lower_bound":-0.046788204153468516,"upper_bound":-0.03666479233061748},"point_estimate":-0.04182468445702514,"standard_error":0.002578558047641077},"median":{"confidence_interval":{"confidence_level":0.95,"lower_bound":-0.049651153678549,"upper_bound":-0.037212439140228},"point_estimate":-0.043500626972164835,"standard_error":0.002902689153761532}}