{"mean":{"confidence_interval":{"confidence_level":0.95,"lower_bound":0.01577891176518349,"upper_bound":0.01874258215755963},"point_estimate":0.017297350080777374,"standard_error":0.0007539946302661164},"median":{"confidence_interval":{"confidence_level":0.95,"lower_bound":0.0159533274176471,"upper_bound":0.019799843365074565},"point_estimate":0.017620863178091417,"standard_error":0.000993319392975322}}