{"mean":{"confidence_interval":{"confidence_level":0.95,"lower_bound":-0.008098619662733184,"upper_bound":-0.004740670774736053},"point_estimate":-0.006431531712462135,"standard_error":0.0008608039587791068},"median":{"confidence_interval":{"confidence_level":0.95,"lower_bound":-0.007345744301320395,"upper_bound":-0.005033000738037696},"point_estimate":-0.006199956831122511,"standard_error":0.0006062763231106073}}