{"mean":{"confidence_interval":{"confidence_level":0.95,"lower_bound":-0.14660253941781956,"upper_bound":-0.14175121890959044},"point_estimate":-0.144267404278429,"standard_error":0.0012349423458343643},"median":{"confidence_interval":{"confidence_level":0.95,"lower_bound":-0.14611000975163413,"upper_bound":-0.14237180064875934},"point_estimate":-0.14397922299282628,"standard_error":0.0008800925477785953}}