{"mean":{"confidence_interval":{"confidence_level":0.95,"lower_bound":0.2969549900371485,"upper_bound":0.33672775044382597},"point_estimate":0.31439834122828514,"standard_error":0.010747235457401205},"median":{"confidence_interval":{"confidence_level":0.95,"lower_bound":0.27341820058268107,"upper_bound":0.3048375248815336},"point_estimate":0.28319738726726595,"standard_error":0.0072265246441572985}}