{"mean":{"confidence_interval":{"confidence_level":0.95,"lower_bound":-0.005053524406698945,"upper_bound":-0.0008368060326272558},"point_estimate":-0.002936228447232292,"standard_error":0.0010533764958016128},"median":{"confidence_interval":{"confidence_level":0.95,"lower_bound":-0.0052331204350180615,"upper_bound":-0.0030980176364613365},"point_estimate":-0.004144239266324012,"standard_error":0.0005701539066993031}}