{"mean":{"confidence_interval":{"confidence_level":0.95,"lower_bound":0.005862498829318503,"upper_bound":0.010060458140771705},"point_estimate":0.007860714885410625,"standard_error":0.0010526460057768208},"median":{"confidence_interval":{"confidence_level":0.95,"lower_bound":0.005585282113456103,"upper_bound":0.007468395019093466},"point_estimate":0.00642770344332666,"standard_error":0.0004638860784059303}}