{"mean":{"confidence_interval":{"confidence_level":0.95,"lower_bound":0.0006613371730402885,"upper_bound":0.004727430771090845},"point_estimate":0.002663893915224591,"standard_error":0.0010402546764227741},"median":{"confidence_interval":{"confidence_level":0.95,"lower_bound":0.0015508805540498383,"upper_bound":0.004212167160353442},"point_estimate":0.0029142072010464037,"standard_error":0.0006580300067473651}}