{"mean":{"confidence_interval":{"confidence_level":0.95,"lower_bound":-0.08909291116510533,"upper_bound":-0.0669544845583766},"point_estimate":-0.07819238528333539,"standard_error":0.005614454849497486},"median":{"confidence_interval":{"confidence_level":0.95,"lower_bound":-0.07736874381697445,"upper_bound":-0.056256759916268995},"point_estimate":-0.06481850423374258,"standard_error":0.005300412442054133}}