{"mean":{"confidence_interval":{"confidence_level":0.95,"lower_bound":0.003991932078167543,"upper_bound":0.008191875269153508},"point_estimate":0.006019194149842866,"standard_error":0.0010724999924468662},"median":{"confidence_interval":{"confidence_level":0.95,"lower_bound":0.0051618106033921194,"upper_bound":0.007634306419803005},"point_estimate":0.006258648016781443,"standard_error":0.0006191363361032099}}