{"mean":{"confidence_interval":{"confidence_level":0.95,"lower_bound":-0.002367497231094245,"upper_bound":0.0013607087666200931},"point_estimate":-0.0004291465069381495,"standard_error":0.0009504971287512032},"median":{"confidence_interval":{"confidence_level":0.95,"lower_bound":0.0002455272143775737,"upper_bound":0.002395724840089579},"point_estimate":0.0013705585750665161,"standard_error":0.000572541603181551}}