{"mean":{"confidence_interval":{"confidence_level":0.95,"lower_bound":-0.06217988561541628,"upper_bound":-0.05652861197062071},"point_estimate":-0.05953123627524026,"standard_error":0.0014219340549932622},"median":{"confidence_interval":{"confidence_level":0.95,"lower_bound":-0.06357227223831607,"upper_bound":-0.06031332977167514},"point_estimate":-0.061984882487737036,"standard_error":0.0008187676979481165}}