{"mean":{"confidence_interval":{"confidence_level":0.95,"lower_bound":0.0021774550773333234,"upper_bound":0.007126520021983884},"point_estimate":0.004385718911461334,"standard_error":0.0012446882440660815},"median":{"confidence_interval":{"confidence_level":0.95,"lower_bound":0.002229761579481737,"upper_bound":0.004753091037189742},"point_estimate":0.0036472286614199767,"standard_error":0.0006247550472182447}}