{"mean":{"confidence_interval":{"confidence_level":0.95,"lower_bound":-0.0007971865001299174,"upper_bound":0.001870677258233305},"point_estimate":0.0005893857216645593,"standard_error":0.0006805583431063485},"median":{"confidence_interval":{"confidence_level":0.95,"lower_bound":-0.0006251316172173856,"upper_bound":0.0013339249716290968},"point_estimate":0.00021470900060216458,"standard_error":0.0004974322625658415}}