{"mean":{"confidence_interval":{"confidence_level":0.95,"lower_bound":0.004418569573327852,"upper_bound":0.0076397324805328225},"point_estimate":0.0060417783718456075,"standard_error":0.0008191586351614402},"median":{"confidence_interval":{"confidence_level":0.95,"lower_bound":0.003381656066225869,"upper_bound":0.005520910885099761},"point_estimate":0.004325927376924943,"standard_error":0.0005604097500856997}}