{"mean":{"confidence_interval":{"confidence_level":0.95,"lower_bound":0.005886218713267832,"upper_bound":0.011460278409576086},"point_estimate":0.008526247214976967,"standard_error":0.001394387071992841},"median":{"confidence_interval":{"confidence_level":0.95,"lower_bound":0.003122459829313806,"upper_bound":0.009018062843476326},"point_estimate":0.005486165846647184,"standard_error":0.0014792233357087418}}