{"mean":{"confidence_interval":{"confidence_level":0.95,"lower_bound":-0.010290172703974282,"upper_bound":-0.003789025456322604},"point_estimate":-0.0067732512869427275,"standard_error":0.0016640371565081443},"median":{"confidence_interval":{"confidence_level":0.95,"lower_bound":-0.003279945524744968,"upper_bound":-0.0013842720651913165},"point_estimate":-0.0024101586925985297,"standard_error":0.0004785509392092478}}