{"mean":{"confidence_interval":{"confidence_level":0.95,"lower_bound":0.033300773913178636,"upper_bound":0.04351497996176483},"point_estimate":0.038404040878512236,"standard_error":0.002602208828924101},"median":{"confidence_interval":{"confidence_level":0.95,"lower_bound":0.03165673921003154,"upper_bound":0.04877296832773359},"point_estimate":0.04475938434505733,"standard_error":0.004466644964361141}}