{"mean":{"confidence_interval":{"confidence_level":0.95,"lower_bound":0.0020521826418218436,"upper_bound":0.005306964916585704},"point_estimate":0.003613648310228923,"standard_error":0.0008265584133629306},"median":{"confidence_interval":{"confidence_level":0.95,"lower_bound":0.0013968205676950785,"upper_bound":0.0040317649698087266},"point_estimate":0.002659379893106051,"standard_error":0.0006844855864522573}}