{"mean":{"confidence_interval":{"confidence_level":0.95,"lower_bound":0.3260650762896443,"upper_bound":0.3450839877950187},"point_estimate":0.3348559389103223,"standard_error":0.004996012388304709},"median":{"confidence_interval":{"confidence_level":0.95,"lower_bound":0.32335052251272667,"upper_bound":0.344543218741016},"point_estimate":0.335680827690225,"standard_error":0.00486181179128646}}