{"mean":{"confidence_interval":{"confidence_level":0.95,"lower_bound":0.08810073299572581,"upper_bound":0.12165105481236928},"point_estimate":0.10458065022756213,"standard_error":0.008593070908165003},"median":{"confidence_interval":{"confidence_level":0.95,"lower_bound":0.07080575779012643,"upper_bound":0.10344403710754416},"point_estimate":0.08556288857146521,"standard_error":0.008461968688058909}}