{"mean":{"confidence_interval":{"confidence_level":0.95,"lower_bound":-0.0019980965473625233,"upper_bound":0.0015476606229876122},"point_estimate":-0.00023999984030576016,"standard_error":0.0009047342356330445},"median":{"confidence_interval":{"confidence_level":0.95,"lower_bound":-0.000679731320892496,"upper_bound":0.002068377463178228},"point_estimate":0.000873633987925837,"standard_error":0.0007146540543616802}}