{"mean":{"confidence_interval":{"confidence_level":0.95,"lower_bound":-0.006550507942295941,"upper_bound":-0.0011303596397643115},"point_estimate":-0.0037242457655046746,"standard_error":0.0013781080666609765},"median":{"confidence_interval":{"confidence_level":0.95,"lower_bound":-0.00751133482662982,"upper_bound":-0.004774172290689771},"point_estimate":-0.005994323564778248,"standard_error":0.0007132666522454151}}