{"mean":{"confidence_interval":{"confidence_level":0.95,"lower_bound":-0.0020527242222104112,"upper_bound":0.0013285469169465264},"point_estimate":-0.0002723130760513559,"standard_error":0.0008627400067628156},"median":{"confidence_interval":{"confidence_level":0.95,"lower_bound":-0.00046137555406733366,"upper_bound":0.0019828402588972782},"point_estimate":0.0007990240001938265,"standard_error":0.0006301134930889581}}