{"mean":{"confidence_interval":{"confidence_level":0.95,"lower_bound":0.024740981159010245,"upper_bound":0.030651820998166046},"point_estimate":0.027311713029223084,"standard_error":0.0015069853891914015},"median":{"confidence_interval":{"confidence_level":0.95,"lower_bound":0.024948708329406877,"upper_bound":0.02888210921248513},"point_estimate":0.027392651582417438,"standard_error":0.0010961283744385707}}