{"mean":{"confidence_interval":{"confidence_level":0.95,"lower_bound":-0.00954879242263567,"upper_bound":-0.004726932369062895},"point_estimate":-0.007190842845337664,"standard_error":0.0012269392261671445},"median":{"confidence_interval":{"confidence_level":0.95,"lower_bound":-0.008764221300554728,"upper_bound":-0.004806017322160128},"point_estimate":-0.006679472055373226,"standard_error":0.0009893966848445273}}