{"mean":{"confidence_interval":{"confidence_level":0.95,"lower_bound":-0.0013189694105302653,"upper_bound":0.0020539661955736514},"point_estimate":0.00042621634234940586,"standard_error":0.0008543563927458978},"median":{"confidence_interval":{"confidence_level":0.95,"lower_bound":-0.001002876287185095,"upper_bound":0.0006343065228211486},"point_estimate":0.000010710672848412983,"standard_error":0.00042396127654298837}}