{"mean":{"confidence_interval":{"confidence_level":0.95,"lower_bound":-0.04092828723600861,"upper_bound":-0.03129983487262527},"point_estimate":-0.0361417287975091,"standard_error":0.00237124438376674},"median":{"confidence_interval":{"confidence_level":0.95,"lower_bound":-0.04782964152050884,"upper_bound":-0.031925014702808174},"point_estimate":-0.04404280456566145,"standard_error":0.004121296293732761}}