{"mean":{"confidence_interval":{"confidence_level":0.95,"lower_bound":-0.009398872338190034,"upper_bound":-0.005692030524044093},"point_estimate":-0.007558313709188025,"standard_error":0.0009465944978556077},"median":{"confidence_interval":{"confidence_level":0.95,"lower_bound":-0.009998011722678335,"upper_bound":-0.005833977974827431},"point_estimate":-0.008569563967532945,"standard_error":0.0011050818099976815}}