{"mean":{"confidence_interval":{"confidence_level":0.95,"lower_bound":-0.2856291383203134,"upper_bound":-0.26682926061085344},"point_estimate":-0.2760615337003971,"standard_error":0.004792574881341758},"median":{"confidence_interval":{"confidence_level":0.95,"lower_bound":-0.27967454841153194,"upper_bound":-0.2594512975542178},"point_estimate":-0.2700577298521203,"standard_error":0.006212408320496528}}