{"mean":{"confidence_interval":{"confidence_level":0.95,"lower_bound":-0.009178899349312722,"upper_bound":-0.0037396436872020127},"point_estimate":-0.006307463644351863,"standard_error":0.001384524197060698},"median":{"confidence_interval":{"confidence_level":0.95,"lower_bound":-0.007454972563502804,"upper_bound":-0.00220794571225591},"point_estimate":-0.004676424010546243,"standard_error":0.0014095196042456391}}