{"mean":{"confidence_interval":{"confidence_level":0.95,"lower_bound":-0.02082972853620113,"upper_bound":-0.013595454996437328},"point_estimate":-0.017241081226727184,"standard_error":0.0018412848657765317},"median":{"confidence_interval":{"confidence_level":0.95,"lower_bound":-0.015671912933449494,"upper_bound":-0.008613481201696693},"point_estimate":-0.01204081171673399,"standard_error":0.0017128399241160533}}