{"mean":{"confidence_interval":{"confidence_level":0.95,"lower_bound":0.0017193029947405309,"upper_bound":0.006601747611934621},"point_estimate":0.004282307207552405,"standard_error":0.0012576104800892456},"median":{"confidence_interval":{"confidence_level":0.95,"lower_bound":0.0005632250179865572,"upper_bound":0.004482583103012599},"point_estimate":0.0024891603266539164,"standard_error":0.000980287694477539}}