{"mean":{"confidence_interval":{"confidence_level":0.95,"lower_bound":-0.002338851007248005,"upper_bound":0.0006220405319985467},"point_estimate":-0.0007845914773046969,"standard_error":0.000754941497435174},"median":{"confidence_interval":{"confidence_level":0.95,"lower_bound":-0.00116280260009749,"upper_bound":0.001107577722134101},"point_estimate":-0.0001221922281960941,"standard_error":0.0005943378115687884}}