{"mean":{"confidence_interval":{"confidence_level":0.95,"lower_bound":0.2647124706859237,"upper_bound":0.30266817992623635},"point_estimate":0.2816988331232009,"standard_error":0.009513753537370398},"median":{"confidence_interval":{"confidence_level":0.95,"lower_bound":0.2604917361448904,"upper_bound":0.294024293546742},"point_estimate":0.2732917437080722,"standard_error":0.007952875555910672}}