{"mean":{"confidence_interval":{"confidence_level":0.95,"lower_bound":-0.0036946001315546376,"upper_bound":0.0009915013001187316},"point_estimate":-0.001132810143888996,"standard_error":0.0011873624862059804},"median":{"confidence_interval":{"confidence_level":0.95,"lower_bound":-0.005199700234703397,"upper_bound":-0.00058746145521682},"point_estimate":-0.002765779906283794,"standard_error":0.0011390220644221531}}