{"mean":{"confidence_interval":{"confidence_level":0.95,"lower_bound":0.004225444253481681,"upper_bound":0.0072029866791127545},"point_estimate":0.00575092084762252,"standard_error":0.000757581284292064},"median":{"confidence_interval":{"confidence_level":0.95,"lower_bound":0.004839925383135268,"upper_bound":0.007036038331748477},"point_estimate":0.006161048608302133,"standard_error":0.0005522106112535635}}