{"mean":{"confidence_interval":{"confidence_level":0.95,"lower_bound":0.18442532770697856,"upper_bound":0.1992452632005035},"point_estimate":0.19185555168478619,"standard_error":0.003774180081289061},"median":{"confidence_interval":{"confidence_level":0.95,"lower_bound":0.1760764800999821,"upper_bound":0.19036606214630636},"point_estimate":0.1838128607351246,"standard_error":0.0037018789448625628}}