{"mean":{"confidence_interval":{"confidence_level":0.95,"lower_bound":-0.0044601522764067415,"upper_bound":-0.0007113511891164521},"point_estimate":-0.0025455943513985613,"standard_error":0.0009550189963820737},"median":{"confidence_interval":{"confidence_level":0.95,"lower_bound":-0.003076269533300424,"upper_bound":-0.0009098678243563141},"point_estimate":-0.0020903546309946064,"standard_error":0.000561284224558504}}