{"mean":{"confidence_interval":{"confidence_level":0.95,"lower_bound":7435.152456600352,"upper_bound":7446.227209565604},"point_estimate":7439.907662160122,"standard_error":2.8626595115060565},"median":{"confidence_interval":{"confidence_level":0.95,"lower_bound":7432.661616161616,"upper_bound":7439.243421052632},"point_estimate":7435.306850459482,"standard_error":1.882314825099707},"median_abs_dev":{"confidence_interval":{"confidence_level":0.95,"lower_bound":10.152039960791228,"upper_bound":16.650127204401578},"point_estimate":13.482187593977065,"standard_error":1.680634937300769},"slope":{"confidence_interval":{"confidence_level":0.95,"lower_bound":7433.198264127978,"upper_bound":7439.1132069175965},"point_estimate":7436.087644943599,"standard_error":1.5095755844853467},"std_dev":{"confidence_interval":{"confidence_level":0.95,"lower_bound":11.899112535673343,"upper_bound":44.14436218806198},"point_estimate":28.62334484802221,"standard_error":9.084117276786326}}