{"mean":{"confidence_interval":{"confidence_level":0.95,"lower_bound":7433.154534468064,"upper_bound":7440.110875662112},"point_estimate":7436.534016054851,"standard_error":1.7727414966386845},"median":{"confidence_interval":{"confidence_level":0.95,"lower_bound":7430.27125,"upper_bound":7438.652542372882},"point_estimate":7434.712432950191,"standard_error":2.205815607075229},"median_abs_dev":{"confidence_interval":{"confidence_level":0.95,"lower_bound":10.764803440581254,"upper_bound":19.40569325438645},"point_estimate":13.281373526170192,"standard_error":2.242630866097778},"slope":{"confidence_interval":{"confidence_level":0.95,"lower_bound":7429.690424691806,"upper_bound":7438.784777563154},"point_estimate":7434.087061228511,"standard_error":2.3277095781058823},"std_dev":{"confidence_interval":{"confidence_level":0.95,"lower_bound":14.016832163168568,"upper_bound":21.767473197270306},"point_estimate":17.82815096415759,"standard_error":2.0071247218618047}}