{"mean":{"confidence_interval":{"confidence_level":0.95,"lower_bound":8769.97433325322,"upper_bound":8777.282886647796},"point_estimate":8773.412958889687,"standard_error":1.8703931283346638},"median":{"confidence_interval":{"confidence_level":0.95,"lower_bound":8765.700336700336,"upper_bound":8773.67115600449},"point_estimate":8767.974011451064,"standard_error":2.200093541106126},"median_abs_dev":{"confidence_interval":{"confidence_level":0.95,"lower_bound":10.730786943993635,"upper_bound":18.81358841326831},"point_estimate":13.362391220727996,"standard_error":2.1259721181814673},"slope":{"confidence_interval":{"confidence_level":0.95,"lower_bound":8771.237823661746,"upper_bound":8776.697710816139},"point_estimate":8773.929308572648,"standard_error":1.3959245466179742},"std_dev":{"confidence_interval":{"confidence_level":0.95,"lower_bound":13.271803925481054,"upper_bound":24.969794021665024},"point_estimate":18.73616496555798,"standard_error":3.1877363402553125}}