{"mean":{"confidence_interval":{"confidence_level":0.95,"lower_bound":6912.3947543401855,"upper_bound":6920.533880276008},"point_estimate":6916.349418226069,"standard_error":2.0708507776230647},"median":{"confidence_interval":{"confidence_level":0.95,"lower_bound":6906.15,"upper_bound":6918.164444444445},"point_estimate":6911.339865871833,"standard_error":2.9909583009589484},"median_abs_dev":{"confidence_interval":{"confidence_level":0.95,"lower_bound":13.738973695478649,"upper_bound":22.82982449036988},"point_estimate":18.71238039340766,"standard_error":2.2975888637237323},"slope":{"confidence_interval":{"confidence_level":0.95,"lower_bound":6914.460513060337,"upper_bound":6923.208375135536},"point_estimate":6918.683136988326,"standard_error":2.2296466649008932},"std_dev":{"confidence_interval":{"confidence_level":0.95,"lower_bound":16.765800371331217,"upper_bound":24.803817277489994},"point_estimate":20.8301030221949,"standard_error":2.0741922648422575}}