{"mean":{"confidence_interval":{"confidence_level":0.95,"lower_bound":6362.261900159676,"upper_bound":6385.391408051145},"point_estimate":6372.973973297259,"standard_error":5.930261514698752},"median":{"confidence_interval":{"confidence_level":0.95,"lower_bound":6347.69696969697,"upper_bound":6368.670033670033},"point_estimate":6358.682601293836,"standard_error":5.541457870131815},"median_abs_dev":{"confidence_interval":{"confidence_level":0.95,"lower_bound":29.677258124149137,"upper_bound":51.92582697344516},"point_estimate":43.37246741180305,"standard_error":6.0487208065832885},"slope":{"confidence_interval":{"confidence_level":0.95,"lower_bound":6368.094479497975,"upper_bound":6394.31754023722},"point_estimate":6380.185240404638,"standard_error":6.703928255696159},"std_dev":{"confidence_interval":{"confidence_level":0.95,"lower_bound":37.82864649081206,"upper_bound":81.60664338496053},"point_estimate":59.807105836906324,"standard_error":11.526403474063649}}