{"mean":{"confidence_interval":{"confidence_level":0.95,"lower_bound":4015.928155593748,"upper_bound":4042.981253643362},"point_estimate":4029.704106983408,"standard_error":6.881388142762719},"median":{"confidence_interval":{"confidence_level":0.95,"lower_bound":4034.281914893617,"upper_bound":4054.291666666667},"point_estimate":4042.991776315789,"standard_error":5.382555800598637},"median_abs_dev":{"confidence_interval":{"confidence_level":0.95,"lower_bound":29.667345683825488,"upper_bound":55.46371840446252},"point_estimate":38.394256624172655,"standard_error":6.636487417140371},"slope":{"confidence_interval":{"confidence_level":0.95,"lower_bound":3973.955297444178,"upper_bound":4023.9077290547475},"point_estimate":3997.938105758337,"standard_error":12.706981912156165},"std_dev":{"confidence_interval":{"confidence_level":0.95,"lower_bound":56.83628973815986,"upper_bound":79.15213224572918},"point_estimate":68.98111087162258,"standard_error":5.696908066420624}}