{"mean":{"confidence_interval":{"confidence_level":0.95,"lower_bound":6367.459115194413,"upper_bound":6395.324475341615},"point_estimate":6380.154097564769,"standard_error":7.1387059023646025},"median":{"confidence_interval":{"confidence_level":0.95,"lower_bound":6364.935714285714,"upper_bound":6376.737012987013},"point_estimate":6369.853422619048,"standard_error":3.8085571431910985},"median_abs_dev":{"confidence_interval":{"confidence_level":0.95,"lower_bound":21.114076875150257,"upper_bound":32.93899537459289},"point_estimate":28.505742306421904,"standard_error":2.9742728114009056},"slope":{"confidence_interval":{"confidence_level":0.95,"lower_bound":6362.669858655719,"upper_bound":6376.771406827597},"point_estimate":6369.735611792523,"standard_error":3.602528678260243},"std_dev":{"confidence_interval":{"confidence_level":0.95,"lower_bound":39.19876961368798,"upper_bound":102.33403394497243},"point_estimate":71.79439444964238,"standard_error":16.652468894894763}}