{"mean":{"confidence_interval":{"confidence_level":0.95,"lower_bound":5462.095937682589,"upper_bound":5467.472666071992},"point_estimate":5464.699317240778,"standard_error":1.371992281340903},"median":{"confidence_interval":{"confidence_level":0.95,"lower_bound":5458.559984459985,"upper_bound":5465.154269972451},"point_estimate":5462.631964809384,"standard_error":1.6013061981234165},"median_abs_dev":{"confidence_interval":{"confidence_level":0.95,"lower_bound":8.414541470963114,"upper_bound":13.557191608841135},"point_estimate":11.007985020685656,"standard_error":1.3195722618497765},"slope":{"confidence_interval":{"confidence_level":0.95,"lower_bound":5458.282415347128,"upper_bound":5464.426544808064},"point_estimate":5461.22352271048,"standard_error":1.571663860525127},"std_dev":{"confidence_interval":{"confidence_level":0.95,"lower_bound":11.061165324310387,"upper_bound":16.286844450165464},"point_estimate":13.833231614614144,"standard_error":1.334525280278474}}