{"mean":{"confidence_interval":{"confidence_level":0.95,"lower_bound":8664.974089980138,"upper_bound":8744.550459052385},"point_estimate":8700.71371425169,"standard_error":20.27372412985658},"median":{"confidence_interval":{"confidence_level":0.95,"lower_bound":8673.64705882353,"upper_bound":8736.240489130434},"point_estimate":8705.718368385347,"standard_error":14.798036420303719},"median_abs_dev":{"confidence_interval":{"confidence_level":0.95,"lower_bound":95.48709132286555,"upper_bound":155.05217021372863},"point_estimate":118.80545726578099,"standard_error":15.974232431718125},"slope":{"confidence_interval":{"confidence_level":0.95,"lower_bound":8682.409670244846,"upper_bound":8729.95566684946},"point_estimate":8706.67671863455,"standard_error":12.13574692579739},"std_dev":{"confidence_interval":{"confidence_level":0.95,"lower_bound":113.76682365190867,"upper_bound":305.2543386198285},"point_estimate":203.5641704593162,"standard_error":58.83973693612374}}