{"mean":{"confidence_interval":{"confidence_level":0.95,"lower_bound":9625.150359763189,"upper_bound":9888.756294611761},"point_estimate":9746.247136257427,"standard_error":67.25321827636354},"median":{"confidence_interval":{"confidence_level":0.95,"lower_bound":9542.47417029758,"upper_bound":9766.216640502354},"point_estimate":9642.387142857144,"standard_error":47.27033687772549},"median_abs_dev":{"confidence_interval":{"confidence_level":0.95,"lower_bound":338.6848524141078,"upper_bound":579.8147466506746},"point_estimate":430.86773285057046,"standard_error":66.21406170649472},"slope":{"confidence_interval":{"confidence_level":0.95,"lower_bound":9567.069286190192,"upper_bound":9827.967083387852},"point_estimate":9689.841714623488,"standard_error":66.53099514459343},"std_dev":{"confidence_interval":{"confidence_level":0.95,"lower_bound":443.73122707546185,"upper_bound":939.7181664573196},"point_estimate":677.0073996132239,"standard_error":140.84836756836611}}