{"mean":{"confidence_interval":{"confidence_level":0.95,"lower_bound":7511.979821450747,"upper_bound":7518.995501216205},"point_estimate":7515.359360784653,"standard_error":1.7872385231658692},"median":{"confidence_interval":{"confidence_level":0.95,"lower_bound":7508.795646945648,"upper_bound":7514.788617886179},"point_estimate":7512.059186637618,"standard_error":1.52849482787012},"median_abs_dev":{"confidence_interval":{"confidence_level":0.95,"lower_bound":10.958174806136391,"upper_bound":18.328048492794576},"point_estimate":14.445837086510224,"standard_error":1.9389128390404813},"slope":{"confidence_interval":{"confidence_level":0.95,"lower_bound":7509.851256258097,"upper_bound":7520.367415949792},"point_estimate":7514.605336682922,"standard_error":2.704537544055211},"std_dev":{"confidence_interval":{"confidence_level":0.95,"lower_bound":13.662522874305084,"upper_bound":21.944334894298304},"point_estimate":17.97317481599569,"standard_error":2.131012729489937}}