{"mean":{"confidence_interval":{"confidence_level":0.95,"lower_bound":8849.71451291484,"upper_bound":8857.346407090818},"point_estimate":8853.387023693569,"standard_error":1.9586478025113534},"median":{"confidence_interval":{"confidence_level":0.95,"lower_bound":8844.834710743802,"upper_bound":8854.636363636364},"point_estimate":8850.38802660754,"standard_error":2.340924529273237},"median_abs_dev":{"confidence_interval":{"confidence_level":0.95,"lower_bound":13.724448136463002,"upper_bound":20.591666301091212},"point_estimate":16.834965619448578,"standard_error":1.7468619377124488},"slope":{"confidence_interval":{"confidence_level":0.95,"lower_bound":8851.031754491001,"upper_bound":8858.605757330131},"point_estimate":8854.81291185835,"standard_error":1.9383205983966758},"std_dev":{"confidence_interval":{"confidence_level":0.95,"lower_bound":15.045751541048329,"upper_bound":24.272416494640375},"point_estimate":19.70791529042012,"standard_error":2.3833918336855464}}