{"mean":{"confidence_interval":{"confidence_level":0.95,"lower_bound":3987.6240545253177,"upper_bound":4013.457521787116},"point_estimate":3999.0869928875914,"standard_error":6.652624574324543},"median":{"confidence_interval":{"confidence_level":0.95,"lower_bound":3977.998546511628,"upper_bound":3988.633173076923},"point_estimate":3983.6248938879453,"standard_error":2.59093058466599},"median_abs_dev":{"confidence_interval":{"confidence_level":0.95,"lower_bound":16.84147065395493,"upper_bound":32.91581975500235},"point_estimate":26.58778611900058,"standard_error":3.9315965036493337},"slope":{"confidence_interval":{"confidence_level":0.95,"lower_bound":3972.742589931744,"upper_bound":4025.9866355961767},"point_estimate":3995.0683683685534,"standard_error":13.934154106651835},"std_dev":{"confidence_interval":{"confidence_level":0.95,"lower_bound":30.648849807898305,"upper_bound":97.678461725675},"point_estimate":66.67604663532497,"standard_error":17.776495566498472}}