{"mean":{"confidence_interval":{"confidence_level":0.95,"lower_bound":6364.957104649453,"upper_bound":6378.072288514299},"point_estimate":6371.363152352436,"standard_error":3.353722028023485},"median":{"confidence_interval":{"confidence_level":0.95,"lower_bound":6364.145933014354,"upper_bound":6378.854160289766},"point_estimate":6371.9996512438975,"standard_error":3.7587670162482767},"median_abs_dev":{"confidence_interval":{"confidence_level":0.95,"lower_bound":26.307430309272625,"upper_bound":47.083037700205196},"point_estimate":34.77781767525364,"standard_error":5.2654851488338785},"slope":{"confidence_interval":{"confidence_level":0.95,"lower_bound":6373.5919034116705,"upper_bound":6385.549533264482},"point_estimate":6379.50059889571,"standard_error":3.0625652199577074},"std_dev":{"confidence_interval":{"confidence_level":0.95,"lower_bound":28.776711112459257,"upper_bound":38.40561571362976},"point_estimate":33.697545031414926,"standard_error":2.4640328412794155}}