{"mean":{"confidence_interval":{"confidence_level":0.95,"lower_bound":3936.6031843592355,"upper_bound":3963.6067362210033},"point_estimate":3947.6112543003906,"standard_error":7.087733128939491},"median":{"confidence_interval":{"confidence_level":0.95,"lower_bound":3929.1416666666664,"upper_bound":3942.531914893617},"point_estimate":3938.2660280257937,"standard_error":3.956110788440439},"median_abs_dev":{"confidence_interval":{"confidence_level":0.95,"lower_bound":19.132956736715645,"upper_bound":30.203414616543196},"point_estimate":24.716230612048474,"standard_error":2.6755495419061894},"slope":{"confidence_interval":{"confidence_level":0.95,"lower_bound":3939.085019674775,"upper_bound":3999.3082442475356},"point_estimate":3960.460164523915,"standard_error":17.035666042979635},"std_dev":{"confidence_interval":{"confidence_level":0.95,"lower_bound":24.16140575430534,"upper_bound":113.43603158143887},"point_estimate":70.60306758964627,"standard_error":27.586028114648038}}