{"mean":{"confidence_interval":{"confidence_level":0.95,"lower_bound":8836.71000845357,"upper_bound":9190.90046372123},"point_estimate":8994.299235234006,"standard_error":90.87771935768295},"median":{"confidence_interval":{"confidence_level":0.95,"lower_bound":8685.81831831832,"upper_bound":8857.980116959065},"point_estimate":8750.94966956802,"standard_error":45.917628237463305},"median_abs_dev":{"confidence_interval":{"confidence_level":0.95,"lower_bound":186.50685928907032,"upper_bound":290.69604219676086},"point_estimate":237.5289891163503,"standard_error":28.50456920235802},"slope":{"confidence_interval":{"confidence_level":0.95,"lower_bound":8691.944996626704,"upper_bound":8906.347380320745},"point_estimate":8782.956123343678,"standard_error":55.198047991453876},"std_dev":{"confidence_interval":{"confidence_level":0.95,"lower_bound":409.43639570955077,"upper_bound":1307.2426326225739},"point_estimate":909.3780099153192,"standard_error":230.09815067654714}}