{"mean":{"confidence_interval":{"confidence_level":0.95,"lower_bound":8812.848120982004,"upper_bound":9342.710686344522},"point_estimate":9016.19403074643,"standard_error":142.86828072066427},"median":{"confidence_interval":{"confidence_level":0.95,"lower_bound":8731.947798295456,"upper_bound":8944.025793650795},"point_estimate":8829.798164893617,"standard_error":50.15467379662763},"median_abs_dev":{"confidence_interval":{"confidence_level":0.95,"lower_bound":339.2263333367057,"upper_bound":543.3446552863751},"point_estimate":455.7254672141334,"standard_error":51.37001606513729},"slope":{"confidence_interval":{"confidence_level":0.95,"lower_bound":8699.37652404551,"upper_bound":8842.042699374058},"point_estimate":8767.092245825328,"standard_error":36.42599920649844},"std_dev":{"confidence_interval":{"confidence_level":0.95,"lower_bound":399.9949900223447,"upper_bound":2385.5210170932614},"point_estimate":1435.1526144631528,"standard_error":677.6484573819185}}