{"mean":{"confidence_interval":{"confidence_level":0.95,"lower_bound":9006.426227362554,"upper_bound":9024.461846704899},"point_estimate":9014.558995461452,"standard_error":4.611683456585485},"median":{"confidence_interval":{"confidence_level":0.95,"lower_bound":8995.1,"upper_bound":9012.889482758621},"point_estimate":9001.31928721174,"standard_error":4.962103091076126},"median_abs_dev":{"confidence_interval":{"confidence_level":0.95,"lower_bound":19.20911599066154,"upper_bound":34.58982756772511},"point_estimate":25.591519504915976,"standard_error":4.06113613820093},"slope":{"confidence_interval":{"confidence_level":0.95,"lower_bound":9016.593816292121,"upper_bound":9044.257474329288},"point_estimate":9028.644799172454,"standard_error":7.127801555257387},"std_dev":{"confidence_interval":{"confidence_level":0.95,"lower_bound":27.145176803555753,"upper_bound":66.7087354731929},"point_estimate":46.23759230358355,"standard_error":11.353085401079124}}