{"mean":{"confidence_interval":{"confidence_level":0.95,"lower_bound":3992.6613563407814,"upper_bound":4013.848032596455},"point_estimate":4002.8830960044593,"standard_error":5.421388510580731},"median":{"confidence_interval":{"confidence_level":0.95,"lower_bound":3989.8333333333335,"upper_bound":4008.2414080747412},"point_estimate":3999.4557501341924,"standard_error":4.582007192273636},"median_abs_dev":{"confidence_interval":{"confidence_level":0.95,"lower_bound":37.11096283968256,"upper_bound":60.05849819029666},"point_estimate":48.89083348907505,"standard_error":5.817411558758038},"slope":{"confidence_interval":{"confidence_level":0.95,"lower_bound":4004.248269595603,"upper_bound":4028.2139907213727},"point_estimate":4015.048255504655,"standard_error":6.134751677776716},"std_dev":{"confidence_interval":{"confidence_level":0.95,"lower_bound":40.811322609376504,"upper_bound":69.84217842684464},"point_estimate":54.82106685423135,"standard_error":7.657187548508455}}