{"mean":{"confidence_interval":{"confidence_level":0.95,"lower_bound":3934.9643910649024,"upper_bound":3965.738471301052},"point_estimate":3950.201870585073,"standard_error":7.812267115958751},"median":{"confidence_interval":{"confidence_level":0.95,"lower_bound":3935.3792857142857,"upper_bound":3976.4295454545454},"point_estimate":3953.359090909091,"standard_error":10.741510828478024},"median_abs_dev":{"confidence_interval":{"confidence_level":0.95,"lower_bound":62.64161388788902,"upper_bound":109.62446183155433},"point_estimate":88.795945014466,"standard_error":12.407263355277726},"slope":{"confidence_interval":{"confidence_level":0.95,"lower_bound":3891.7380806092747,"upper_bound":3925.28270752578},"point_estimate":3906.982965765233,"standard_error":8.55802140038024},"std_dev":{"confidence_interval":{"confidence_level":0.95,"lower_bound":67.9048990751424,"upper_bound":89.2878363064103},"point_estimate":79.03112907809493,"standard_error":5.49952038671623}}