{"mean":{"confidence_interval":{"confidence_level":0.95,"lower_bound":194551853.0535,"upper_bound":197481265.25599998},"point_estimate":195975421.6,"standard_error":748561.0814904317},"median":{"confidence_interval":{"confidence_level":0.95,"lower_bound":193399812.5,"upper_bound":196935029.0},"point_estimate":195122313.5,"standard_error":898108.0895589057},"median_abs_dev":{"confidence_interval":{"confidence_level":0.95,"lower_bound":5491640.741103888,"upper_bound":8613412.882581353},"point_estimate":7402118.32588613,"standard_error":806768.6581706954},"slope":null,"std_dev":{"confidence_interval":{"confidence_level":0.95,"lower_bound":6075471.951610818,"upper_bound":8898296.309351537},"point_estimate":7564083.14374781,"standard_error":724106.1774722703}}