{"mean":{"confidence_interval":{"confidence_level":0.95,"lower_bound":42926619.511375,"upper_bound":43028390.835},"point_estimate":42968858.67,"standard_error":26405.619420455034},"median":{"confidence_interval":{"confidence_level":0.95,"lower_bound":42915501.75,"upper_bound":42959469.75},"point_estimate":42936241.25,"standard_error":10631.12692128356},"median_abs_dev":{"confidence_interval":{"confidence_level":0.95,"lower_bound":67138.79850804806,"upper_bound":126440.36969773458},"point_estimate":96051.72189474106,"standard_error":15871.552877060618},"slope":null,"std_dev":{"confidence_interval":{"confidence_level":0.95,"lower_bound":109589.72018882862,"upper_bound":422647.3147697656},"point_estimate":264513.12408352323,"standard_error":102107.24077608131}}