{"mean":{"confidence_interval":{"confidence_level":0.95,"lower_bound":97974078.2415,"upper_bound":98831652.33525},"point_estimate":98388901.75,"standard_error":217598.014547852},"median":{"confidence_interval":{"confidence_level":0.95,"lower_bound":97547524.0,"upper_bound":98461830.0},"point_estimate":98031827.0,"standard_error":200749.4040850131},"median_abs_dev":{"confidence_interval":{"confidence_level":0.95,"lower_bound":1314037.9935711622,"upper_bound":2266319.3696647882},"point_estimate":1785286.101704836,"standard_error":247150.16607952237},"slope":null,"std_dev":{"confidence_interval":{"confidence_level":0.95,"lower_bound":1744680.8698179391,"upper_bound":2598180.544478948},"point_estimate":2180367.5103553482,"standard_error":218743.38732430138}}