{"mean":{"confidence_interval":{"confidence_level":0.95,"lower_bound":45723063.04125,"upper_bound":45989609.19},"point_estimate":45859575.875,"standard_error":67865.76189876885},"median":{"confidence_interval":{"confidence_level":0.95,"lower_bound":45876100.5,"upper_bound":46084531.0},"point_estimate":45991886.0,"standard_error":56698.62403611697},"median_abs_dev":{"confidence_interval":{"confidence_level":0.95,"lower_bound":390507.93746709824,"upper_bound":790907.9209523266},"point_estimate":582358.9686110616,"standard_error":99426.8548978981},"slope":null,"std_dev":{"confidence_interval":{"confidence_level":0.95,"lower_bound":580297.9176409933,"upper_bound":758823.9783965558},"point_estimate":676084.3633815474,"standard_error":45498.091510149934}}