{"mean":{"confidence_interval":{"confidence_level":0.95,"lower_bound":47790612.992,"upper_bound":47947897.999},"point_estimate":47864208.655,"standard_error":40158.26866593373},"median":{"confidence_interval":{"confidence_level":0.95,"lower_bound":47703248.5,"upper_bound":47854935.25},"point_estimate":47770809.75,"standard_error":37471.15228691853},"median_abs_dev":{"confidence_interval":{"confidence_level":0.95,"lower_bound":197140.94785004854,"upper_bound":329187.2319057584},"point_estimate":269459.58001613617,"standard_error":33677.45541811041},"slope":null,"std_dev":{"confidence_interval":{"confidence_level":0.95,"lower_bound":258879.16752550646,"upper_bound":558634.1347654781},"point_estimate":403504.9582930604,"standard_error":79802.50415753011}}