{"mean":{"confidence_interval":{"confidence_level":0.95,"lower_bound":194003395.48275,"upper_bound":194180313.33625},"point_estimate":194088704.16,"standard_error":45084.0974903766},"median":{"confidence_interval":{"confidence_level":0.95,"lower_bound":193942672.0,"upper_bound":194125171.0},"point_estimate":194027760.5,"standard_error":47113.20442801481},"median_abs_dev":{"confidence_interval":{"confidence_level":0.95,"lower_bound":294636.70358665293,"upper_bound":479398.7014889717},"point_estimate":389697.6965814829,"standard_error":47423.07054111584},"slope":null,"std_dev":{"confidence_interval":{"confidence_level":0.95,"lower_bound":354179.2647798983,"upper_bound":543567.6928905785},"point_estimate":454275.3846447945,"standard_error":48430.81608690306}}