{"mean":{"confidence_interval":{"confidence_level":0.95,"lower_bound":43971474.013000004,"upper_bound":44078831.78},"point_estimate":44021733.575,"standard_error":27318.066062633992},"median":{"confidence_interval":{"confidence_level":0.95,"lower_bound":43930450.0,"upper_bound":44016960.25},"point_estimate":43979225.0,"standard_error":21060.855360883477},"median_abs_dev":{"confidence_interval":{"confidence_level":0.95,"lower_bound":122140.29233157635,"upper_bound":213415.077111125},"point_estimate":167319.9319794774,"standard_error":24480.123270167085},"slope":null,"std_dev":{"confidence_interval":{"confidence_level":0.95,"lower_bound":185583.87591618302,"upper_bound":375164.6157582592},"point_estimate":274798.84599072684,"standard_error":52207.307165737366}}