{"mean":{"confidence_interval":{"confidence_level":0.95,"lower_bound":124773656.241,"upper_bound":127293968.16675},"point_estimate":126010804.43,"standard_error":644733.1245571912},"median":{"confidence_interval":{"confidence_level":0.95,"lower_bound":123570249.0,"upper_bound":126392156.5},"point_estimate":125571099.5,"standard_error":635661.4856435151},"median_abs_dev":{"confidence_interval":{"confidence_level":0.95,"lower_bound":5199447.714391351,"upper_bound":8169056.228367755},"point_estimate":6429560.912552476,"standard_error":753898.7742913729},"slope":null,"std_dev":{"confidence_interval":{"confidence_level":0.95,"lower_bound":5374541.2152695,"upper_bound":7483874.896898737},"point_estimate":6463013.944771273,"standard_error":541369.251605936}}