{"mean":{"confidence_interval":{"confidence_level":0.95,"lower_bound":44739804.39,"upper_bound":44920896.468375},"point_estimate":44830402.53,"standard_error":46201.454715216496},"median":{"confidence_interval":{"confidence_level":0.95,"lower_bound":44705323.0,"upper_bound":44981710.0},"point_estimate":44866307.75,"standard_error":71890.51788469047},"median_abs_dev":{"confidence_interval":{"confidence_level":0.95,"lower_bound":401346.11392468214,"upper_bound":654801.3978749514},"point_estimate":533479.5007288456,"standard_error":63118.009894797004},"slope":null,"std_dev":{"confidence_interval":{"confidence_level":0.95,"lower_bound":406727.9875239349,"upper_bound":517438.13727462804},"point_estimate":464989.03788727924,"standard_error":28112.920827494763}}