{"mean":{"confidence_interval":{"confidence_level":0.95,"lower_bound":122357620.433,"upper_bound":123216339.93824999},"point_estimate":122790985.61,"standard_error":219226.16702259495},"median":{"confidence_interval":{"confidence_level":0.95,"lower_bound":122305378.0,"upper_bound":123411506.0},"point_estimate":122800641.5,"standard_error":285711.7035523077},"median_abs_dev":{"confidence_interval":{"confidence_level":0.95,"lower_bound":1680547.0481993267,"upper_bound":2758139.1640057396},"point_estimate":2271755.322468281,"standard_error":273963.33044670196},"slope":null,"std_dev":{"confidence_interval":{"confidence_level":0.95,"lower_bound":1904907.4338172262,"upper_bound":2486757.551071338},"point_estimate":2212304.2644557892,"standard_error":148954.11130740272}}