{"mean":{"confidence_interval":{"confidence_level":0.95,"lower_bound":109063838.6745,"upper_bound":109524594.635},"point_estimate":109298829.73,"standard_error":117258.43849892977},"median":{"confidence_interval":{"confidence_level":0.95,"lower_bound":109173584.0,"upper_bound":109863689.0},"point_estimate":109693687.5,"standard_error":167063.09216174533},"median_abs_dev":{"confidence_interval":{"confidence_level":0.95,"lower_bound":775920.2158896629,"upper_bound":1428867.9375500227},"point_estimate":977484.8343461752,"standard_error":173981.8847869059},"slope":null,"std_dev":{"confidence_interval":{"confidence_level":0.95,"lower_bound":995301.7984961658,"upper_bound":1350531.8994150823},"point_estimate":1179686.2933096339,"standard_error":91378.73705817231}}