{"mean":{"confidence_interval":{"confidence_level":0.95,"lower_bound":43637382.166,"upper_bound":43721698.582},"point_estimate":43678881.175,"standard_error":21508.18457640651},"median":{"confidence_interval":{"confidence_level":0.95,"lower_bound":43617102.75,"upper_bound":43704592.0},"point_estimate":43650648.25,"standard_error":27092.95228630185},"median_abs_dev":{"confidence_interval":{"confidence_level":0.95,"lower_bound":131619.2952632904,"upper_bound":220645.34653276205},"point_estimate":171472.3238557577,"standard_error":22750.894240422167},"slope":null,"std_dev":{"confidence_interval":{"confidence_level":0.95,"lower_bound":178065.18377193483,"upper_bound":248555.44033754402},"point_estimate":215349.7628349109,"standard_error":18086.89864139135}}