{"mean":{"confidence_interval":{"confidence_level":0.95,"lower_bound":191720601.994,"upper_bound":191846136.47575},"point_estimate":191782485.95,"standard_error":31884.83782294321},"median":{"confidence_interval":{"confidence_level":0.95,"lower_bound":191638650.0,"upper_bound":191809380.5},"point_estimate":191720414.0,"standard_error":42928.86922749886},"median_abs_dev":{"confidence_interval":{"confidence_level":0.95,"lower_bound":223238.78453671932,"upper_bound":369331.2207430601},"point_estimate":305916.71336889267,"standard_error":36909.27665766732},"slope":null,"std_dev":{"confidence_interval":{"confidence_level":0.95,"lower_bound":268607.78043647273,"upper_bound":364977.54433961253},"point_estimate":319253.2710623774,"standard_error":24570.836111230354}}