{"mean":{"confidence_interval":{"confidence_level":0.95,"lower_bound":46143796.50225,"upper_bound":46228697.125},"point_estimate":46185609.235,"standard_error":21663.562905550174},"median":{"confidence_interval":{"confidence_level":0.95,"lower_bound":46107163.5,"upper_bound":46201519.5},"point_estimate":46135924.25,"standard_error":22538.36200368704},"median_abs_dev":{"confidence_interval":{"confidence_level":0.95,"lower_bound":155674.4798362255,"upper_bound":261138.11701387167},"point_estimate":206421.6530352831,"standard_error":28470.372235568975},"slope":null,"std_dev":{"confidence_interval":{"confidence_level":0.95,"lower_bound":183294.45404022356,"upper_bound":250111.33211622364},"point_estimate":217649.0065134927,"standard_error":17212.751860709228}}