{"mean":{"confidence_interval":{"confidence_level":0.95,"lower_bound":211467858.30325,"upper_bound":211627992.55525},"point_estimate":211546534.34,"standard_error":40850.29007080553},"median":{"confidence_interval":{"confidence_level":0.95,"lower_bound":211396264.0,"upper_bound":211618868.0},"point_estimate":211507353.0,"standard_error":54735.05714250523},"median_abs_dev":{"confidence_interval":{"confidence_level":0.95,"lower_bound":257080.9451209009,"upper_bound":450665.1726990938},"point_estimate":321158.5823982954,"standard_error":48534.789527468296},"slope":null,"std_dev":{"confidence_interval":{"confidence_level":0.95,"lower_bound":345144.19020706706,"upper_bound":468717.7299936192},"point_estimate":411437.88633263105,"standard_error":31629.621476350967}}