{"mean":{"confidence_interval":{"confidence_level":0.95,"lower_bound":117133202.57450001,"upper_bound":117592144.13225},"point_estimate":117365374.29,"standard_error":117340.85175956169},"median":{"confidence_interval":{"confidence_level":0.95,"lower_bound":117094195.0,"upper_bound":117562475.0},"point_estimate":117338205.0,"standard_error":117411.21627787937},"median_abs_dev":{"confidence_interval":{"confidence_level":0.95,"lower_bound":738349.2051766819,"upper_bound":1178682.5463742018},"point_estimate":915929.5073390007,"standard_error":109914.95020673463},"slope":null,"std_dev":{"confidence_interval":{"confidence_level":0.95,"lower_bound":949341.3362762736,"upper_bound":1389748.8913656007},"point_estimate":1175195.7178832972,"standard_error":112588.17232065363}}