{"mean":{"confidence_interval":{"confidence_level":0.95,"lower_bound":86680120.54725,"upper_bound":87520097.72549999},"point_estimate":87079506.64,"standard_error":214699.71619042594},"median":{"confidence_interval":{"confidence_level":0.95,"lower_bound":86172638.0,"upper_bound":87253343.5},"point_estimate":86837434.0,"standard_error":319337.72851662245},"median_abs_dev":{"confidence_interval":{"confidence_level":0.95,"lower_bound":1420289.2619848251,"upper_bound":2300307.232761383},"point_estimate":1832611.4341646433,"standard_error":233509.53353656013},"slope":null,"std_dev":{"confidence_interval":{"confidence_level":0.95,"lower_bound":1541584.3726149485,"upper_bound":2755593.9400667017},"point_estimate":2155430.8375237826,"standard_error":317400.01887519495}}