{"mean":{"confidence_interval":{"confidence_level":0.95,"lower_bound":87767474.68124999,"upper_bound":88336777.065},"point_estimate":88018371.83,"standard_error":146370.80315741137},"median":{"confidence_interval":{"confidence_level":0.95,"lower_bound":87688004.5,"upper_bound":88137002.0},"point_estimate":87848208.0,"standard_error":122323.63646497735},"median_abs_dev":{"confidence_interval":{"confidence_level":0.95,"lower_bound":622175.3028541803,"upper_bound":1253894.8430389166},"point_estimate":970275.691974163,"standard_error":157984.13252076725},"slope":null,"std_dev":{"confidence_interval":{"confidence_level":0.95,"lower_bound":816157.7379763053,"upper_bound":2213261.267105058},"point_estimate":1470502.6387058983,"standard_error":440940.78988946666}}