{"mean":{"confidence_interval":{"confidence_level":0.95,"lower_bound":113254094.87425001,"upper_bound":113640805.2595},"point_estimate":113447039.29,"standard_error":98578.61984382234},"median":{"confidence_interval":{"confidence_level":0.95,"lower_bound":113208993.0,"upper_bound":113703744.5},"point_estimate":113592572.5,"standard_error":136932.3066552953},"median_abs_dev":{"confidence_interval":{"confidence_level":0.95,"lower_bound":608728.4917429091,"upper_bound":1069823.0510218428},"point_estimate":775385.701534152,"standard_error":121132.12376279854},"slope":null,"std_dev":{"confidence_interval":{"confidence_level":0.95,"lower_bound":828532.89915006,"upper_bound":1132086.8923927313},"point_estimate":988303.435832625,"standard_error":77412.92307777247}}