{"mean":{"confidence_interval":{"confidence_level":0.95,"lower_bound":44530472.92,"upper_bound":44663767.565},"point_estimate":44595132.755,"standard_error":33911.054235984586},"median":{"confidence_interval":{"confidence_level":0.95,"lower_bound":44490792.75,"upper_bound":44635009.0},"point_estimate":44538791.0,"standard_error":40614.76560082948},"median_abs_dev":{"confidence_interval":{"confidence_level":0.95,"lower_bound":211029.57375347614,"upper_bound":333843.7077730894},"point_estimate":260889.04021829367,"standard_error":31975.30973984851},"slope":null,"std_dev":{"confidence_interval":{"confidence_level":0.95,"lower_bound":255624.8141467335,"upper_bound":435949.7624530846},"point_estimate":343538.6656085359,"standard_error":47204.96070666377}}