{"mean":{"confidence_interval":{"confidence_level":0.95,"lower_bound":48187934.925,"upper_bound":48772562.68525},"point_estimate":48441067.565,"standard_error":151209.8632206255},"median":{"confidence_interval":{"confidence_level":0.95,"lower_bound":47980698.0,"upper_bound":48121378.25},"point_estimate":48043310.5,"standard_error":30547.500412676574},"median_abs_dev":{"confidence_interval":{"confidence_level":0.95,"lower_bound":218208.6934760213,"upper_bound":393397.8954657912},"point_estimate":290000.2613514662,"standard_error":41344.789060877825},"slope":null,"std_dev":{"confidence_interval":{"confidence_level":0.95,"lower_bound":628191.163128875,"upper_bound":2336790.803432215},"point_estimate":1524265.006070776,"standard_error":485839.0298997008}}