{"mean":{"confidence_interval":{"confidence_level":0.95,"lower_bound":139094861.4405,"upper_bound":140605839.7575},"point_estimate":139835981.51,"standard_error":384023.88710548164},"median":{"confidence_interval":{"confidence_level":0.95,"lower_bound":138689532.0,"upper_bound":140541194.0},"point_estimate":139880593.0,"standard_error":494125.9558954767},"median_abs_dev":{"confidence_interval":{"confidence_level":0.95,"lower_bound":2787196.029317379,"upper_bound":4583530.89227356},"point_estimate":3704333.8556349277,"standard_error":457168.77840013854},"slope":null,"std_dev":{"confidence_interval":{"confidence_level":0.95,"lower_bound":3209278.2288038544,"upper_bound":4468070.893954125},"point_estimate":3859907.618712337,"standard_error":321639.8124961439}}