{"mean":{"confidence_interval":{"confidence_level":0.95,"lower_bound":191210493.76425,"upper_bound":191466005.75925},"point_estimate":191334874.85,"standard_error":64981.73689814663},"median":{"confidence_interval":{"confidence_level":0.95,"lower_bound":191115644.0,"upper_bound":191417639.0},"point_estimate":191259887.5,"standard_error":70502.42853086167},"median_abs_dev":{"confidence_interval":{"confidence_level":0.95,"lower_bound":407425.8857667446,"upper_bound":757730.1597476006},"point_estimate":539862.8349155188,"standard_error":94200.15532011133},"slope":null,"std_dev":{"confidence_interval":{"confidence_level":0.95,"lower_bound":525946.4205884597,"upper_bound":782103.243754832},"point_estimate":653926.3379271209,"standard_error":66143.68637355295}}