{"mean":{"confidence_interval":{"confidence_level":0.95,"lower_bound":48759157.73,"upper_bound":51744141.90075},"point_estimate":50174239.64,"standard_error":760092.1740740231},"median":{"confidence_interval":{"confidence_level":0.95,"lower_bound":46728698.0,"upper_bound":47211162.0},"point_estimate":46921271.0,"standard_error":128131.16949645818},"median_abs_dev":{"confidence_interval":{"confidence_level":0.95,"lower_bound":597469.9981927872,"upper_bound":1212643.7226712704},"point_estimate":900922.630405426,"standard_error":156561.21758416703},"slope":null,"std_dev":{"confidence_interval":{"confidence_level":0.95,"lower_bound":5535591.887848044,"upper_bound":9468392.494860312},"point_estimate":7690213.750663044,"standard_error":1003899.0108121063}}