{"mean":{"confidence_interval":{"confidence_level":0.95,"lower_bound":241296909.43625,"upper_bound":243294994.102},"point_estimate":242279366.75,"standard_error":509360.9011589015},"median":{"confidence_interval":{"confidence_level":0.95,"lower_bound":240774645.0,"upper_bound":242268249.0},"point_estimate":241474975.5,"standard_error":338284.98431434226},"median_abs_dev":{"confidence_interval":{"confidence_level":0.95,"lower_bound":2785489.556747675,"upper_bound":5532747.3079741},"point_estimate":4308488.155809045,"standard_error":674237.2314793739},"slope":null,"std_dev":{"confidence_interval":{"confidence_level":0.95,"lower_bound":4190712.9164982373,"upper_bound":5965006.463809566},"point_estimate":5121738.964881274,"standard_error":453411.11739896773}}