{"mean":{"confidence_interval":{"confidence_level":0.95,"lower_bound":105324822.42275001,"upper_bound":106929580.55499999},"point_estimate":106113246.85,"standard_error":410027.5240404269},"median":{"confidence_interval":{"confidence_level":0.95,"lower_bound":104073558.0,"upper_bound":106188453.0},"point_estimate":105114257.5,"standard_error":510461.46139185585},"median_abs_dev":{"confidence_interval":{"confidence_level":0.95,"lower_bound":2568632.40140766,"upper_bound":4597525.468477607},"point_estimate":3520742.0182943344,"standard_error":524774.2900084185},"slope":null,"std_dev":{"confidence_interval":{"confidence_level":0.95,"lower_bound":3491910.741264478,"upper_bound":4703856.727082432},"point_estimate":4142577.5415727114,"standard_error":310485.80355162657}}