{"mean":{"confidence_interval":{"confidence_level":0.95,"lower_bound":68800700.15925,"upper_bound":69170360.7},"point_estimate":68979763.4,"standard_error":94321.61011986512},"median":{"confidence_interval":{"confidence_level":0.95,"lower_bound":68653091.0,"upper_bound":68999276.0},"point_estimate":68823091.5,"standard_error":87947.79650286354},"median_abs_dev":{"confidence_interval":{"confidence_level":0.95,"lower_bound":516084.74827766477,"upper_bound":988064.6677583456},"point_estimate":769404.8932403326,"standard_error":117950.39032938366},"slope":null,"std_dev":{"confidence_interval":{"confidence_level":0.95,"lower_bound":759748.3401867995,"upper_bound":1126392.378089649},"point_estimate":949269.4346806761,"standard_error":94208.6010957024}}