{"mean":{"confidence_interval":{"confidence_level":0.95,"lower_bound":100058502.448,"upper_bound":100408939.60949999},"point_estimate":100232053.33,"standard_error":89689.45876894466},"median":{"confidence_interval":{"confidence_level":0.95,"lower_bound":99944738.0,"upper_bound":100186584.5},"point_estimate":100011838.5,"standard_error":69179.75098552428},"median_abs_dev":{"confidence_interval":{"confidence_level":0.95,"lower_bound":575339.2283856869,"upper_bound":1030868.181493431},"point_estimate":843546.7527240515,"standard_error":112835.95952484406},"slope":null,"std_dev":{"confidence_interval":{"confidence_level":0.95,"lower_bound":769501.729698926,"upper_bound":1021315.5329368936},"point_estimate":902727.5647018241,"standard_error":64322.08947220135}}