{"mean":{"confidence_interval":{"confidence_level":0.95,"lower_bound":48466181.72,"upper_bound":48901678.575},"point_estimate":48678202.155,"standard_error":110809.67754976233},"median":{"confidence_interval":{"confidence_level":0.95,"lower_bound":48345797.5,"upper_bound":48816288.0},"point_estimate":48536721.0,"standard_error":121985.16875647467},"median_abs_dev":{"confidence_interval":{"confidence_level":0.95,"lower_bound":803208.5432901978,"upper_bound":1257457.1601256728},"point_estimate":1034968.9418256283,"standard_error":110912.33136226567},"slope":null,"std_dev":{"confidence_interval":{"confidence_level":0.95,"lower_bound":881159.9484273955,"upper_bound":1339752.4604621131},"point_estimate":1114983.3064862376,"standard_error":118498.28795692415}}