{"mean":{"confidence_interval":{"confidence_level":0.95,"lower_bound":176969370.52624997,"upper_bound":177232102.67125},"point_estimate":177100495.83,"standard_error":66621.73699023297},"median":{"confidence_interval":{"confidence_level":0.95,"lower_bound":176953429.0,"upper_bound":177208101.0},"point_estimate":177121553.0,"standard_error":64449.695260147855},"median_abs_dev":{"confidence_interval":{"confidence_level":0.95,"lower_bound":447884.1487334673,"upper_bound":849040.5269265175},"point_estimate":603714.7092819214,"standard_error":98367.07882506281},"slope":null,"std_dev":{"confidence_interval":{"confidence_level":0.95,"lower_bound":569603.9275318531,"upper_bound":759640.166817321},"point_estimate":669072.4765698815,"standard_error":48553.14496167089}}