{"mean":{"confidence_interval":{"confidence_level":0.95,"lower_bound":98695860.137,"upper_bound":99867379.8415},"point_estimate":99275045.34,"standard_error":299299.60442642274},"median":{"confidence_interval":{"confidence_level":0.95,"lower_bound":97296742.0,"upper_bound":100513860.0},"point_estimate":97975306.5,"standard_error":910464.1095892423},"median_abs_dev":{"confidence_interval":{"confidence_level":0.95,"lower_bound":1614566.19733572,"upper_bound":4183639.8946255445},"point_estimate":2948615.584051609,"standard_error":781844.431248839},"slope":null,"std_dev":{"confidence_interval":{"confidence_level":0.95,"lower_bound":2667432.2469042274,"upper_bound":3320894.2823531125},"point_estimate":3005964.9840093125,"standard_error":167144.2259167894}}