{"mean":{"confidence_interval":{"confidence_level":0.95,"lower_bound":123132762.28175,"upper_bound":123461552.67225},"point_estimate":123299077.61,"standard_error":83799.2790286168},"median":{"confidence_interval":{"confidence_level":0.95,"lower_bound":123234259.5,"upper_bound":123500763.0},"point_estimate":123380861.5,"standard_error":84632.15369061515},"median_abs_dev":{"confidence_interval":{"confidence_level":0.95,"lower_bound":561620.7308292389,"upper_bound":1014556.5053880215},"point_estimate":760657.5533956289,"standard_error":117595.21598855674},"slope":null,"std_dev":{"confidence_interval":{"confidence_level":0.95,"lower_bound":714267.6918770332,"upper_bound":959434.8700507922},"point_estimate":843328.4179300505,"standard_error":62224.91860405702}}