{"mean":{"confidence_interval":{"confidence_level":0.95,"lower_bound":15558163.296625,"upper_bound":15692270.0353125},"point_estimate":15625795.255,"standard_error":34259.57244866552},"median":{"confidence_interval":{"confidence_level":0.95,"lower_bound":15587008.75,"upper_bound":15723266.375},"point_estimate":15663370.75,"standard_error":32461.621115047295},"median_abs_dev":{"confidence_interval":{"confidence_level":0.95,"lower_bound":279770.1362080872,"upper_bound":456891.5134479291},"point_estimate":371449.8561054468,"standard_error":44137.03731472656},"slope":null,"std_dev":{"confidence_interval":{"confidence_level":0.95,"lower_bound":299308.43855239544,"upper_bound":384055.55194551335},"point_estimate":343992.9440426285,"standard_error":21604.37682283918}}