{"mean":{"confidence_interval":{"confidence_level":0.95,"lower_bound":13862487.467625,"upper_bound":14068156.915},"point_estimate":13961280.12,"standard_error":52577.29856805059},"median":{"confidence_interval":{"confidence_level":0.95,"lower_bound":13709902.75,"upper_bound":13849979.5},"point_estimate":13752153.25,"standard_error":33088.07748321528},"median_abs_dev":{"confidence_interval":{"confidence_level":0.95,"lower_bound":214571.21783684942,"upper_bound":426771.03554829955},"point_estimate":294725.49279257655,"standard_error":50895.9842613046},"slope":null,"std_dev":{"confidence_interval":{"confidence_level":0.95,"lower_bound":408299.6585152164,"upper_bound":628961.5894046166},"point_estimate":526158.6474935475,"standard_error":56521.82242828851}}