{"mean":{"confidence_interval":{"confidence_level":0.95,"lower_bound":19087380.731083326,"upper_bound":19367909.53658333},"point_estimate":19224255.80666667,"standard_error":71461.4180491648},"median":{"confidence_interval":{"confidence_level":0.95,"lower_bound":18973443.333333332,"upper_bound":19215292.666666664},"point_estimate":19127992.5,"standard_error":82397.43243721644},"median_abs_dev":{"confidence_interval":{"confidence_level":0.95,"lower_bound":441122.4179685116,"upper_bound":722645.9139704704},"point_estimate":544584.9158316851,"standard_error":72134.10545846242},"slope":null,"std_dev":{"confidence_interval":{"confidence_level":0.95,"lower_bound":599357.4272776109,"upper_bound":825319.0281625406},"point_estimate":720428.9481295367,"standard_error":58053.56193457174}}