{"mean":{"confidence_interval":{"confidence_level":0.95,"lower_bound":14693598.705125,"upper_bound":14695888.415749999},"point_estimate":14694739.945,"standard_error":584.0691111738723},"median":{"confidence_interval":{"confidence_level":0.95,"lower_bound":14693762.5,"upper_bound":14696175.0},"point_estimate":14695325.0,"standard_error":606.2712755731119},"median_abs_dev":{"confidence_interval":{"confidence_level":0.95,"lower_bound":3706.499934196472,"upper_bound":6334.037737548351},"point_estimate":5263.4152315557,"standard_error":714.2049756451694},"slope":null,"std_dev":{"confidence_interval":{"confidence_level":0.95,"lower_bound":4661.180621644854,"upper_bound":7086.7007488465},"point_estimate":5872.578058657479,"standard_error":623.6606463723531}}