{"mean":{"confidence_interval":{"confidence_level":0.95,"lower_bound":14683103.477249999,"upper_bound":14687806.505874999},"point_estimate":14685303.6875,"standard_error":1201.0196560404288},"median":{"confidence_interval":{"confidence_level":0.95,"lower_bound":14683344.25,"upper_bound":14687554.0},"point_estimate":14684856.875,"standard_error":1120.1438687309037},"median_abs_dev":{"confidence_interval":{"confidence_level":0.95,"lower_bound":5919.280394911766,"upper_bound":9554.059555381536},"point_estimate":7568.672865629196,"standard_error":942.7867352332709},"slope":null,"std_dev":{"confidence_interval":{"confidence_level":0.95,"lower_bound":7817.530408479377,"upper_bound":16881.11323960574},"point_estimate":12099.620000000532,"standard_error":2531.038719298645}}