{"mean":{"confidence_interval":{"confidence_level":0.95,"lower_bound":18871160.684749994,"upper_bound":19101803.99466667},"point_estimate":18977481.553333327,"standard_error":59018.87438787883},"median":{"confidence_interval":{"confidence_level":0.95,"lower_bound":18818636.0,"upper_bound":18962236.666666668},"point_estimate":18876086.333333336,"standard_error":37375.29615437966},"median_abs_dev":{"confidence_interval":{"confidence_level":0.95,"lower_bound":216979.74164784048,"upper_bound":378287.60718405247},"point_estimate":295286.2244576225,"standard_error":41149.25798096033},"slope":null,"std_dev":{"confidence_interval":{"confidence_level":0.95,"lower_bound":366167.6535742662,"upper_bound":789532.2166098361},"point_estimate":593166.9041377248,"standard_error":107455.37975632826}}