{"mean":{"confidence_interval":{"confidence_level":0.95,"lower_bound":12930678.154125,"upper_bound":12962959.203375},"point_estimate":12946119.025,"standard_error":8275.93294377598},"median":{"confidence_interval":{"confidence_level":0.95,"lower_bound":12953655.0,"upper_bound":12971419.5},"point_estimate":12962155.125,"standard_error":4203.844893869574},"median_abs_dev":{"confidence_interval":{"confidence_level":0.95,"lower_bound":29207.40480646491,"upper_bound":57247.81810864806},"point_estimate":39688.830645382404,"standard_error":6880.674497556478},"slope":null,"std_dev":{"confidence_interval":{"confidence_level":0.95,"lower_bound":53170.321840954486,"upper_bound":117711.8024134457},"point_estimate":83350.31604286257,"standard_error":18010.448411335794}}