{"mean":{"confidence_interval":{"confidence_level":0.95,"lower_bound":6491110.098406251,"upper_bound":6497327.9241875},"point_estimate":6493821.7075,"standard_error":1565.233993105641},"median":{"confidence_interval":{"confidence_level":0.95,"lower_bound":6489990.25,"upper_bound":6491404.1875},"point_estimate":6490967.3125,"standard_error":327.29840419860045},"median_abs_dev":{"confidence_interval":{"confidence_level":0.95,"lower_bound":1714.2562195658684,"upper_bound":2883.2862988114357},"point_estimate":2289.412346854806,"standard_error":289.78759699359534},"slope":null,"std_dev":{"confidence_interval":{"confidence_level":0.95,"lower_bound":2317.9026108465273,"upper_bound":23254.355017982067},"point_estimate":15726.562281017777,"standard_error":4735.917587571496}}