{"mean":{"confidence_interval":{"confidence_level":0.95,"lower_bound":18631916.824666683,"upper_bound":18925188.69975},"point_estimate":18773112.173333332,"standard_error":74714.14160859564},"median":{"confidence_interval":{"confidence_level":0.95,"lower_bound":18488239.333333332,"upper_bound":18747826.666666664},"point_estimate":18645310.5,"standard_error":65474.109162218236},"median_abs_dev":{"confidence_interval":{"confidence_level":0.95,"lower_bound":380569.08144355187,"upper_bound":632048.6773788929},"point_estimate":504418.8115447769,"standard_error":63271.18282513427},"slope":null,"std_dev":{"confidence_interval":{"confidence_level":0.95,"lower_bound":562924.9126267452,"upper_bound":911099.9200943662},"point_estimate":749617.8994003227,"standard_error":89031.34225790302}}