{"mean":{"confidence_interval":{"confidence_level":0.95,"lower_bound":14681849.4496875,"upper_bound":14685867.010625},"point_estimate":14683858.2425,"standard_error":1020.188318935419},"median":{"confidence_interval":{"confidence_level":0.95,"lower_bound":14682079.625,"upper_bound":14684779.75},"point_estimate":14683717.25,"standard_error":721.6522678957489},"median_abs_dev":{"confidence_interval":{"confidence_level":0.95,"lower_bound":5337.73055523634,"upper_bound":9896.54014930129},"point_estimate":6968.219876289368,"standard_error":1226.1080711852853},"slope":null,"std_dev":{"confidence_interval":{"confidence_level":0.95,"lower_bound":8313.951229450577,"upper_bound":12063.328338206833},"point_estimate":10254.780449625385,"standard_error":957.6842588969791}}