{"mean":{"confidence_interval":{"confidence_level":0.95,"lower_bound":6493803.83671875,"upper_bound":6500199.47171875},"point_estimate":6496676.1625,"standard_error":1644.9906639955545},"median":{"confidence_interval":{"confidence_level":0.95,"lower_bound":6491766.0,"upper_bound":6493340.625},"point_estimate":6492563.0625,"standard_error":419.0002854808634},"median_abs_dev":{"confidence_interval":{"confidence_level":0.95,"lower_bound":2648.664852976799,"upper_bound":3995.606929063797},"point_estimate":3432.1262765675783,"standard_error":346.70911688460194},"slope":null,"std_dev":{"confidence_interval":{"confidence_level":0.95,"lower_bound":7646.2638735425035,"upper_bound":23001.85402880291},"point_estimate":16580.55956287625,"standard_error":3820.991559574594}}