{"mean":{"confidence_interval":{"confidence_level":0.95,"lower_bound":14567827.71025,"upper_bound":14686462.014687499},"point_estimate":14626001.5275,"standard_error":30244.31289150739},"median":{"confidence_interval":{"confidence_level":0.95,"lower_bound":14505278.0,"upper_bound":14690077.5},"point_estimate":14600113.875,"standard_error":49108.32750930059},"median_abs_dev":{"confidence_interval":{"confidence_level":0.95,"lower_bound":237251.85154231268,"upper_bound":378496.2831303477},"point_estimate":314254.67029586434,"standard_error":36258.35677134932},"slope":null,"std_dev":{"confidence_interval":{"confidence_level":0.95,"lower_bound":256151.0020534268,"upper_bound":351561.79456983064},"point_estimate":303873.66434276744,"standard_error":24381.8806610497}}