{"mean":{"confidence_interval":{"confidence_level":0.95,"lower_bound":18225893.921499994,"upper_bound":18242990.901333332},"point_estimate":18232361.896666665,"standard_error":4651.713753434226},"median":{"confidence_interval":{"confidence_level":0.95,"lower_bound":18221566.5,"upper_bound":18229083.166666664},"point_estimate":18224616.5,"standard_error":2057.917860149487},"median_abs_dev":{"confidence_interval":{"confidence_level":0.95,"lower_bound":9019.396939876387,"upper_bound":14727.15973854157},"point_estimate":12528.216877578769,"standard_error":1516.217617952942},"slope":null,"std_dev":{"confidence_interval":{"confidence_level":0.95,"lower_bound":11685.804828764545,"upper_bound":78082.68043547205},"point_estimate":46787.6160768684,"standard_error":22691.501853494665}}