{"mean":{"confidence_interval":{"confidence_level":0.95,"lower_bound":13956799.5865,"upper_bound":13958213.2951875},"point_estimate":13957456.7125,"standard_error":362.7615663736505},"median":{"confidence_interval":{"confidence_level":0.95,"lower_bound":13955992.75,"upper_bound":13956941.0},"point_estimate":13956378.625,"standard_error":202.7480931997072},"median_abs_dev":{"confidence_interval":{"confidence_level":0.95,"lower_bound":1482.5999736785889,"upper_bound":2629.029669575391},"point_estimate":2148.8433368504047,"standard_error":295.2205037225305},"slope":null,"std_dev":{"confidence_interval":{"confidence_level":0.95,"lower_bound":2272.0371217028933,"upper_bound":4868.636331411466},"point_estimate":3631.635311686685,"standard_error":679.3470221099212}}