{"mean":{"confidence_interval":{"confidence_level":0.95,"lower_bound":6492056.157375,"upper_bound":6494529.6225000005},"point_estimate":6493192.59,"standard_error":633.4702980788292},"median":{"confidence_interval":{"confidence_level":0.95,"lower_bound":6490995.0,"upper_bound":6492493.375},"point_estimate":6491707.9375,"standard_error":377.3938024933045},"median_abs_dev":{"confidence_interval":{"confidence_level":0.95,"lower_bound":2500.587864043191,"upper_bound":3934.820330142975},"point_estimate":3350.8612655103207,"standard_error":368.06300349813534},"slope":null,"std_dev":{"confidence_interval":{"confidence_level":0.95,"lower_bound":3570.1212477041836,"upper_bound":8834.021510322023},"point_estimate":6354.541331603968,"standard_error":1367.7893505441739}}