{"mean":{"confidence_interval":{"confidence_level":0.95,"lower_bound":6491517.28525,"upper_bound":6495979.48075},"point_estimate":6493468.11625,"standard_error":1150.4108202571254},"median":{"confidence_interval":{"confidence_level":0.95,"lower_bound":6490240.5,"upper_bound":6491372.0},"point_estimate":6490720.4375,"standard_error":335.74747576620854},"median_abs_dev":{"confidence_interval":{"confidence_level":0.95,"lower_bound":1620.7597587257624,"upper_bound":2836.95504963398},"point_estimate":2177.105398848653,"standard_error":307.0610559318625},"slope":null,"std_dev":{"confidence_interval":{"confidence_level":0.95,"lower_bound":4403.902670888546,"upper_bound":17365.050871154897},"point_estimate":11654.05246580398,"standard_error":3359.983587888635}}