{"mean":{"confidence_interval":{"confidence_level":0.95,"lower_bound":14688362.2806875,"upper_bound":14691907.5705625},"point_estimate":14689910.91,"standard_error":905.6609165074098},"median":{"confidence_interval":{"confidence_level":0.95,"lower_bound":14688543.0,"upper_bound":14690717.25},"point_estimate":14689718.0,"standard_error":652.8984246426645},"median_abs_dev":{"confidence_interval":{"confidence_level":0.95,"lower_bound":3780.6299328804016,"upper_bound":6338.5040699690535},"point_estimate":5317.900780588388,"standard_error":675.9381126273245},"slope":null,"std_dev":{"confidence_interval":{"confidence_level":0.95,"lower_bound":4565.484748589251,"upper_bound":13898.351560998984},"point_estimate":9051.76042838791,"standard_error":2866.3537600804098}}