{"mean":{"confidence_interval":{"confidence_level":0.95,"lower_bound":18605353.51,"upper_bound":18757276.01408333},"point_estimate":18684508.003333326,"standard_error":38851.72414067058},"median":{"confidence_interval":{"confidence_level":0.95,"lower_bound":18722311.666666668,"upper_bound":18904630.5},"point_estimate":18838479.666666668,"standard_error":37493.89559213676},"median_abs_dev":{"confidence_interval":{"confidence_level":0.95,"lower_bound":143740.04424810226,"upper_bound":334479.24896180263},"point_estimate":230992.04109906874,"standard_error":44122.90517141584},"slope":null,"std_dev":{"confidence_interval":{"confidence_level":0.95,"lower_bound":307129.8896805882,"upper_bound":466553.84316708485},"point_estimate":390957.08743536967,"standard_error":40827.473794455924}}