{"mean":{"confidence_interval":{"confidence_level":0.95,"lower_bound":18671547.081833337,"upper_bound":18945908.801666673},"point_estimate":18805543.709999997,"standard_error":69982.92251472795},"median":{"confidence_interval":{"confidence_level":0.95,"lower_bound":18636150.833333336,"upper_bound":18865666.666666668},"point_estimate":18752316.666666668,"standard_error":56776.65687524842},"median_abs_dev":{"confidence_interval":{"confidence_level":0.95,"lower_bound":382212.79061436653,"upper_bound":675099.6741145849},"point_estimate":521453.3910423517,"standard_error":74942.21491976253},"slope":null,"std_dev":{"confidence_interval":{"confidence_level":0.95,"lower_bound":543998.3756427623,"upper_bound":871234.9044808808},"point_estimate":703427.6648794506,"standard_error":84964.12354666211}}