{"mean":{"confidence_interval":{"confidence_level":0.95,"lower_bound":17173902.731916666,"upper_bound":17532975.44791667},"point_estimate":17339319.076666668,"standard_error":91606.78900788867},"median":{"confidence_interval":{"confidence_level":0.95,"lower_bound":17007224.5,"upper_bound":17372894.0},"point_estimate":17159359.0,"standard_error":84918.51732971822},"median_abs_dev":{"confidence_interval":{"confidence_level":0.95,"lower_bound":500030.9395501786,"upper_bound":813780.5930525064},"point_estimate":608438.7669980535,"standard_error":78851.55271155895},"slope":null,"std_dev":{"confidence_interval":{"confidence_level":0.95,"lower_bound":584926.1478714603,"upper_bound":1233071.1295788924},"point_estimate":918753.2543632076,"standard_error":169538.4504902534}}