{"mean":{"confidence_interval":{"confidence_level":0.95,"lower_bound":6491066.11725,"upper_bound":6494851.79275},"point_estimate":6492515.61125,"standard_error":1009.8556961427981},"median":{"confidence_interval":{"confidence_level":0.95,"lower_bound":6490450.375,"upper_bound":6491661.9375},"point_estimate":6491189.3125,"standard_error":272.11796036304804},"median_abs_dev":{"confidence_interval":{"confidence_level":0.95,"lower_bound":1874.0063667297363,"upper_bound":3049.893470853567},"point_estimate":2666.9193651527166,"standard_error":304.85995766141065},"slope":null,"std_dev":{"confidence_interval":{"confidence_level":0.95,"lower_bound":2228.997544936516,"upper_bound":16840.42008866362},"point_estimate":10143.15980213992,"standard_error":4691.754285621815}}