{"mean":{"confidence_interval":{"confidence_level":0.95,"lower_bound":6840806.2067812495,"upper_bound":6862637.523875},"point_estimate":6851739.345,"standard_error":5579.831624716072},"median":{"confidence_interval":{"confidence_level":0.95,"lower_bound":6832712.5,"upper_bound":6867830.0},"point_estimate":6854050.1875,"standard_error":8497.975214386664},"median_abs_dev":{"confidence_interval":{"confidence_level":0.95,"lower_bound":44739.02946822345,"upper_bound":71523.9585801959},"point_estimate":59906.49051144719,"standard_error":6837.469673795509},"slope":null,"std_dev":{"confidence_interval":{"confidence_level":0.95,"lower_bound":47789.47141480155,"upper_bound":64109.948964514435},"point_estimate":56210.99449443483,"standard_error":4152.502225381266}}