{"mean":{"confidence_interval":{"confidence_level":0.95,"lower_bound":17610075.074666664,"upper_bound":17641451.556416664},"point_estimate":17624746.006666657,"standard_error":7935.13145200799},"median":{"confidence_interval":{"confidence_level":0.95,"lower_bound":17629964.0,"upper_bound":17639914.333333332},"point_estimate":17634730.833333332,"standard_error":2360.218931265974},"median_abs_dev":{"confidence_interval":{"confidence_level":0.95,"lower_bound":21547.119617460317,"upper_bound":36596.00355029014},"point_estimate":28367.573696373973,"standard_error":3591.9411876561444},"slope":null,"std_dev":{"confidence_interval":{"confidence_level":0.95,"lower_bound":44131.6028666574,"upper_bound":116565.2029917925},"point_estimate":79227.58849268261,"standard_error":19967.962695521474}}