{"mean":{"confidence_interval":{"confidence_level":0.95,"lower_bound":6491785.4576875,"upper_bound":6501974.8485625},"point_estimate":6496026.115,"standard_error":2649.776284994869},"median":{"confidence_interval":{"confidence_level":0.95,"lower_bound":6489058.5625,"upper_bound":6490991.5},"point_estimate":6489890.625,"standard_error":515.9681284385363},"median_abs_dev":{"confidence_interval":{"confidence_level":0.95,"lower_bound":1986.683964729309,"upper_bound":4323.446848243475},"point_estimate":2813.8820875436068,"standard_error":555.5698309922195},"slope":null,"std_dev":{"confidence_interval":{"confidence_level":0.95,"lower_bound":5870.541959179243,"upper_bound":41536.132052229885},"point_estimate":26627.787142973935,"standard_error":9654.468711701878}}