{"mean":{"confidence_interval":{"confidence_level":0.95,"lower_bound":17141010.12833334,"upper_bound":17233244.294749998},"point_estimate":17186660.549999997,"standard_error":23524.808861634883},"median":{"confidence_interval":{"confidence_level":0.95,"lower_bound":17076727.0,"upper_bound":17230402.666666668},"point_estimate":17150381.5,"standard_error":40273.10506026296},"median_abs_dev":{"confidence_interval":{"confidence_level":0.95,"lower_bound":179133.16501974966,"upper_bound":317591.4468616247},"point_estimate":229099.74933266547,"standard_error":35255.88503092723},"slope":null,"std_dev":{"confidence_interval":{"confidence_level":0.95,"lower_bound":208928.89969430392,"upper_bound":259501.20601510385},"point_estimate":236163.93144312288,"standard_error":12874.388084055217}}