{"mean":{"confidence_interval":{"confidence_level":0.95,"lower_bound":6492390.9101875005,"upper_bound":6501031.0075625},"point_estimate":6496228.64375,"standard_error":2215.851626270171},"median":{"confidence_interval":{"confidence_level":0.95,"lower_bound":6490050.625,"upper_bound":6491132.0},"point_estimate":6490527.1875,"standard_error":302.0899553409447},"median_abs_dev":{"confidence_interval":{"confidence_level":0.95,"lower_bound":1937.6655030995607,"upper_bound":3371.8029901385307},"point_estimate":2831.580624729395,"standard_error":354.04542914592645},"slope":null,"std_dev":{"confidence_interval":{"confidence_level":0.95,"lower_bound":10774.222738116663,"upper_bound":32024.415965640634},"point_estimate":22320.289275075163,"standard_error":5494.779280816347}}