{"mean":{"confidence_interval":{"confidence_level":0.95,"lower_bound":14824793.1465,"upper_bound":15074725.465},"point_estimate":14947268.875,"standard_error":64005.96312929403},"median":{"confidence_interval":{"confidence_level":0.95,"lower_bound":14718537.875,"upper_bound":14971005.5},"point_estimate":14891175.0,"standard_error":54788.40362397127},"median_abs_dev":{"confidence_interval":{"confidence_level":0.95,"lower_bound":403406.18658810854,"upper_bound":700762.7383589745},"point_estimate":519705.9616483748,"standard_error":76558.56527097948},"slope":null,"std_dev":{"confidence_interval":{"confidence_level":0.95,"lower_bound":533974.6426337027,"upper_bound":747035.3019622775},"point_estimate":646603.4987491568,"standard_error":54493.34284269248}}