{"mean":{"confidence_interval":{"confidence_level":0.95,"lower_bound":6491351.41234375,"upper_bound":6518751.624000001},"point_estimate":6500975.8375,"standard_error":8270.933017978721},"median":{"confidence_interval":{"confidence_level":0.95,"lower_bound":6489941.0,"upper_bound":6491263.5},"point_estimate":6490815.125,"standard_error":360.03098287616154},"median_abs_dev":{"confidence_interval":{"confidence_level":0.95,"lower_bound":2248.249348523097,"upper_bound":3730.2655484620377},"point_estimate":2946.7601101845503,"standard_error":368.8560482620738},"slope":null,"std_dev":{"confidence_interval":{"confidence_level":0.95,"lower_bound":5074.2999816223,"upper_bound":142495.37644978226},"point_estimate":83426.95709862394,"standard_error":48078.24590827124}}