{"mean":{"confidence_interval":{"confidence_level":0.95,"lower_bound":304465.34299571393,"upper_bound":305053.5314690457},"point_estimate":304764.6801381166,"standard_error":149.996871416923},"median":{"confidence_interval":{"confidence_level":0.95,"lower_bound":304509.5,"upper_bound":305205.22222222225},"point_estimate":304917.6736111111,"standard_error":206.6360483994749},"median_abs_dev":{"confidence_interval":{"confidence_level":0.95,"lower_bound":1109.0453198105085,"upper_bound":1748.9133667283777},"point_estimate":1471.4500986070314,"standard_error":160.9751743323729},"slope":{"confidence_interval":{"confidence_level":0.95,"lower_bound":304997.25784963113,"upper_bound":305460.2366371624},"point_estimate":305233.9227486331,"standard_error":118.33585956095379},"std_dev":{"confidence_interval":{"confidence_level":0.95,"lower_bound":1194.4238900100058,"upper_bound":1832.2045723019546},"point_estimate":1510.5773141897753,"standard_error":164.30776159226843}}