{"mean":{"confidence_interval":{"confidence_level":0.95,"lower_bound":77166.31268491258,"upper_bound":77237.33580609635},"point_estimate":77199.16176418382,"standard_error":18.17310662626284},"median":{"confidence_interval":{"confidence_level":0.95,"lower_bound":77190.66180758018,"upper_bound":77222.2535326087},"point_estimate":77210.9336024336,"standard_error":10.886353419227799},"median_abs_dev":{"confidence_interval":{"confidence_level":0.95,"lower_bound":45.74487696564701,"upper_bound":94.86297568439167},"point_estimate":70.15710846773062,"standard_error":12.807512873377433},"slope":{"confidence_interval":{"confidence_level":0.95,"lower_bound":77208.26685407406,"upper_bound":77238.3590595918},"point_estimate":77223.02300491882,"standard_error":7.649261275462314},"std_dev":{"confidence_interval":{"confidence_level":0.95,"lower_bound":109.04420280563741,"upper_bound":261.3443304212189},"point_estimate":182.93834729929856,"standard_error":41.798814977025174}}