{"mean":{"confidence_interval":{"confidence_level":0.95,"lower_bound":52753.02287514567,"upper_bound":53106.11711813153},"point_estimate":52880.51699724577,"standard_error":102.82162109046577},"median":{"confidence_interval":{"confidence_level":0.95,"lower_bound":52721.17649371069,"upper_bound":52780.09016393442},"point_estimate":52744.78977272727,"standard_error":15.310996086173068},"median_abs_dev":{"confidence_interval":{"confidence_level":0.95,"lower_bound":93.62149291863327,"upper_bound":166.79446858136174},"point_estimate":134.93564877633025,"standard_error":18.5455671334335},"slope":{"confidence_interval":{"confidence_level":0.95,"lower_bound":52818.01901990047,"upper_bound":53569.67308350826},"point_estimate":53070.15927294222,"standard_error":218.89665652944007},"std_dev":{"confidence_interval":{"confidence_level":0.95,"lower_bound":149.1639595003849,"upper_bound":1758.259186093716},"point_estimate":1033.9419564287816,"standard_error":566.5772088103932}}