{"mean":{"confidence_interval":{"confidence_level":0.95,"lower_bound":95813.82618050344,"upper_bound":95920.53091140116},"point_estimate":95867.67380334885,"standard_error":27.117768275594017},"median":{"confidence_interval":{"confidence_level":0.95,"lower_bound":95865.25862068965,"upper_bound":95955.57967032967},"point_estimate":95897.00503177966,"standard_error":22.37481895946985},"median_abs_dev":{"confidence_interval":{"confidence_level":0.95,"lower_bound":146.99891916729666,"upper_bound":256.3105543510983},"point_estimate":224.6051152850406,"standard_error":30.139349321471556},"slope":{"confidence_interval":{"confidence_level":0.95,"lower_bound":95914.38918922632,"upper_bound":95989.9967324699},"point_estimate":95951.49250233978,"standard_error":19.232955086232558},"std_dev":{"confidence_interval":{"confidence_level":0.95,"lower_bound":223.14319155352965,"upper_bound":315.70956437182036},"point_estimate":271.8818176241217,"standard_error":23.663488862495317}}