{"mean":{"confidence_interval":{"confidence_level":0.95,"lower_bound":77345.26007635087,"upper_bound":77421.82831371196},"point_estimate":77381.52156302813,"standard_error":19.449904052170506},"median":{"confidence_interval":{"confidence_level":0.95,"lower_bound":77385.9649122807,"upper_bound":77422.52311103014},"point_estimate":77409.75502407705,"standard_error":9.650515758691004},"median_abs_dev":{"confidence_interval":{"confidence_level":0.95,"lower_bound":56.19656744182021,"upper_bound":153.29848609579076},"point_estimate":81.35821927073047,"standard_error":24.504611631281634},"slope":{"confidence_interval":{"confidence_level":0.95,"lower_bound":77401.74609087287,"upper_bound":77430.10487323787},"point_estimate":77416.4576389622,"standard_error":7.180877495102792},"std_dev":{"confidence_interval":{"confidence_level":0.95,"lower_bound":134.1790393822087,"upper_bound":269.37501524905133},"point_estimate":196.24150392865587,"standard_error":37.6033421750751}}