{"mean":{"confidence_interval":{"confidence_level":0.95,"lower_bound":52722.71464335197,"upper_bound":52806.238526978595},"point_estimate":52763.220103361484,"standard_error":21.22276079274192},"median":{"confidence_interval":{"confidence_level":0.95,"lower_bound":52710.030525030525,"upper_bound":52798.21937321937},"point_estimate":52754.246494709,"standard_error":23.621813153262263},"median_abs_dev":{"confidence_interval":{"confidence_level":0.95,"lower_bound":112.82067624429119,"upper_bound":184.21138850758766},"point_estimate":139.23578476490522,"standard_error":18.08438865810901},"slope":{"confidence_interval":{"confidence_level":0.95,"lower_bound":52776.81797212274,"upper_bound":52870.282065187464},"point_estimate":52819.24647061721,"standard_error":23.93595624562798},"std_dev":{"confidence_interval":{"confidence_level":0.95,"lower_bound":160.35456552647773,"upper_bound":262.59802458431193},"point_estimate":213.74798287222418,"standard_error":26.198365372608485}}