{"mean":{"confidence_interval":{"confidence_level":0.95,"lower_bound":63928.206420664574,"upper_bound":63970.46923270443},"point_estimate":63948.666345458776,"standard_error":10.764888108051183},"median":{"confidence_interval":{"confidence_level":0.95,"lower_bound":63940.304761904765,"upper_bound":63972.03831821855},"point_estimate":63956.29740101169,"standard_error":7.922312090818878},"median_abs_dev":{"confidence_interval":{"confidence_level":0.95,"lower_bound":53.369244609815496,"upper_bound":105.54126690149731},"point_estimate":78.24995924908391,"standard_error":14.020572593188502},"slope":{"confidence_interval":{"confidence_level":0.95,"lower_bound":63970.04700563928,"upper_bound":63998.848619635515},"point_estimate":63983.54766957293,"standard_error":7.338392976622879},"std_dev":{"confidence_interval":{"confidence_level":0.95,"lower_bound":78.52680346729741,"upper_bound":140.42144007521426},"point_estimate":107.92126963948348,"standard_error":16.468704604777816}}