{"mean":{"confidence_interval":{"confidence_level":0.95,"lower_bound":90628.90140504755,"upper_bound":90683.33005652907},"point_estimate":90656.16536557954,"standard_error":13.882310620503427},"median":{"confidence_interval":{"confidence_level":0.95,"lower_bound":90651.93772893773,"upper_bound":90708.60734463276},"point_estimate":90691.63240946046,"standard_error":14.303636522198724},"median_abs_dev":{"confidence_interval":{"confidence_level":0.95,"lower_bound":89.80424756975118,"upper_bound":173.42156635124334},"point_estimate":128.4933359883603,"standard_error":20.867938109857292},"slope":{"confidence_interval":{"confidence_level":0.95,"lower_bound":90695.30381357805,"upper_bound":90736.32280466237},"point_estimate":90715.87370720654,"standard_error":10.441270986527975},"std_dev":{"confidence_interval":{"confidence_level":0.95,"lower_bound":121.35100767877937,"upper_bound":155.69812065581883},"point_estimate":139.55684802459123,"standard_error":8.788777492096582}}