{"mean":{"confidence_interval":{"confidence_level":0.95,"lower_bound":585044.6177557928,"upper_bound":585357.851578045},"point_estimate":585202.4894762087,"standard_error":79.7038481464754},"median":{"confidence_interval":{"confidence_level":0.95,"lower_bound":585052.540060852,"upper_bound":585310.9646464647},"point_estimate":585146.5394199785,"standard_error":74.74212664331549},"median_abs_dev":{"confidence_interval":{"confidence_level":0.95,"lower_bound":400.2839164712489,"upper_bound":699.2988103959361},"point_estimate":535.2630684972223,"standard_error":75.11202522763361},"slope":{"confidence_interval":{"confidence_level":0.95,"lower_bound":585123.8915070888,"upper_bound":585397.2499030766},"point_estimate":585257.4746785873,"standard_error":69.60499688954471},"std_dev":{"confidence_interval":{"confidence_level":0.95,"lower_bound":613.5150612376747,"upper_bound":988.1145112694104},"point_estimate":798.6335761064258,"standard_error":96.70973540480378}}