{"mean":{"confidence_interval":{"confidence_level":0.95,"lower_bound":52680.31005754522,"upper_bound":52859.24015835732},"point_estimate":52757.418316303585,"standard_error":46.1051562764606},"median":{"confidence_interval":{"confidence_level":0.95,"lower_bound":52650.45360922147,"upper_bound":52710.18739130435},"point_estimate":52681.22180590987,"standard_error":14.465618068988089},"median_abs_dev":{"confidence_interval":{"confidence_level":0.95,"lower_bound":108.47362807537428,"upper_bound":169.77053836974537},"point_estimate":139.48144696568093,"standard_error":15.634881852455713},"slope":{"confidence_interval":{"confidence_level":0.95,"lower_bound":52744.4068766421,"upper_bound":52903.75950124685},"point_estimate":52817.47530331018,"standard_error":41.03915757412019},"std_dev":{"confidence_interval":{"confidence_level":0.95,"lower_bound":200.54530149729948,"upper_bound":710.1843256061977},"point_estimate":464.521478121422,"standard_error":145.67225191825528}}