{"mean":{"confidence_interval":{"confidence_level":0.95,"lower_bound":579264.1379500725,"upper_bound":579632.8931327073},"point_estimate":579449.8281060463,"standard_error":94.27367986181208},"median":{"confidence_interval":{"confidence_level":0.95,"lower_bound":579298.2065217391,"upper_bound":579565.5847457626},"point_estimate":579483.5536030062,"standard_error":59.42806574793748},"median_abs_dev":{"confidence_interval":{"confidence_level":0.95,"lower_bound":561.5008295855306,"upper_bound":917.164353555495},"point_estimate":747.6553426736825,"standard_error":94.54555718411176},"slope":{"confidence_interval":{"confidence_level":0.95,"lower_bound":579310.2941281585,"upper_bound":579555.3321805899},"point_estimate":579432.1099231564,"standard_error":62.61242894709613},"std_dev":{"confidence_interval":{"confidence_level":0.95,"lower_bound":723.6575872072732,"upper_bound":1150.6745985167026},"point_estimate":944.4117777212297,"standard_error":109.0861815318916}}