{"mean":{"confidence_interval":{"confidence_level":0.95,"lower_bound":52755.08689051926,"upper_bound":52867.162793908545},"point_estimate":52806.09211857585,"standard_error":28.71854757375216},"median":{"confidence_interval":{"confidence_level":0.95,"lower_bound":52737.96185737977,"upper_bound":52785.512418300656},"point_estimate":52760.20292684975,"standard_error":12.091786696768699},"median_abs_dev":{"confidence_interval":{"confidence_level":0.95,"lower_bound":83.63602039712345,"upper_bound":153.88116926806333},"point_estimate":116.52273338942285,"standard_error":18.166306756530986},"slope":{"confidence_interval":{"confidence_level":0.95,"lower_bound":52807.51939707993,"upper_bound":52932.73825424274},"point_estimate":52862.92265996749,"standard_error":32.21666319150207},"std_dev":{"confidence_interval":{"confidence_level":0.95,"lower_bound":160.46917477211923,"upper_bound":406.284039848772},"point_estimate":288.6135654239969,"standard_error":64.87921270327477}}