{"mean":{"confidence_interval":{"confidence_level":0.95,"lower_bound":53164.728205378,"upper_bound":53296.166274566785},"point_estimate":53223.95385422702,"standard_error":33.54032516573685},"median":{"confidence_interval":{"confidence_level":0.95,"lower_bound":53146.444444444445,"upper_bound":53181.55860465116},"point_estimate":53166.09319384319,"standard_error":9.933919610254279},"median_abs_dev":{"confidence_interval":{"confidence_level":0.95,"lower_bound":96.18149844225628,"upper_bound":189.6391439396257},"point_estimate":139.56082193286818,"standard_error":23.068529550794697},"slope":{"confidence_interval":{"confidence_level":0.95,"lower_bound":53219.418274014744,"upper_bound":53360.67352788974},"point_estimate":53285.22023939707,"standard_error":36.146186845149174},"std_dev":{"confidence_interval":{"confidence_level":0.95,"lower_bound":178.85726207368208,"upper_bound":478.2235217832584},"point_estimate":335.9681202847431,"standard_error":78.69539246124619}}