{"mean":{"confidence_interval":{"confidence_level":0.95,"lower_bound":52704.37069294847,"upper_bound":52849.06186429713},"point_estimate":52765.89356309216,"standard_error":37.532292148617344},"median":{"confidence_interval":{"confidence_level":0.95,"lower_bound":52699.90341880342,"upper_bound":52761.20153379704},"point_estimate":52727.55715574176,"standard_error":16.832004615608778},"median_abs_dev":{"confidence_interval":{"confidence_level":0.95,"lower_bound":111.6640653465156,"upper_bound":185.67477910503362},"point_estimate":148.81417627898878,"standard_error":18.870285874072074},"slope":{"confidence_interval":{"confidence_level":0.95,"lower_bound":52771.59491382669,"upper_bound":52846.699027484254},"point_estimate":52807.31211040507,"standard_error":19.16065142364492},"std_dev":{"confidence_interval":{"confidence_level":0.95,"lower_bound":165.7707611978527,"upper_bound":590.8372778259392},"point_estimate":377.6491414548633,"standard_error":132.74845925559376}}