{"mean":{"confidence_interval":{"confidence_level":0.95,"lower_bound":55772.633059551,"upper_bound":55860.721378021466},"point_estimate":55814.37906127004,"standard_error":22.42556539774472},"median":{"confidence_interval":{"confidence_level":0.95,"lower_bound":55752.3642578125,"upper_bound":55829.05250164582},"point_estimate":55784.35138248848,"standard_error":18.380629854214728},"median_abs_dev":{"confidence_interval":{"confidence_level":0.95,"lower_bound":127.72372966026997,"upper_bound":205.73302626072942},"point_estimate":175.97270312586463,"standard_error":19.346174819325583},"slope":{"confidence_interval":{"confidence_level":0.95,"lower_bound":55836.52754187527,"upper_bound":55920.28912243885},"point_estimate":55876.1088628639,"standard_error":21.402197812376176},"std_dev":{"confidence_interval":{"confidence_level":0.95,"lower_bound":156.0355570524308,"upper_bound":303.6345490515593},"point_estimate":225.33975114193547,"standard_error":40.94023782108976}}