{"mean":{"confidence_interval":{"confidence_level":0.95,"lower_bound":58212.25266525006,"upper_bound":58368.71786315808},"point_estimate":58288.272798204205,"standard_error":39.94516624217104},"median":{"confidence_interval":{"confidence_level":0.95,"lower_bound":58155.996086105675,"upper_bound":58282.078341013825},"point_estimate":58228.21829640947,"standard_error":35.41391311792827},"median_abs_dev":{"confidence_interval":{"confidence_level":0.95,"lower_bound":184.4690586708342,"upper_bound":398.36517820032833},"point_estimate":281.9955787502596,"standard_error":55.395873855579296},"slope":{"confidence_interval":{"confidence_level":0.95,"lower_bound":58129.56651199017,"upper_bound":58335.56175481898},"point_estimate":58226.11704110283,"standard_error":52.53290725501876},"std_dev":{"confidence_interval":{"confidence_level":0.95,"lower_bound":321.70517302002816,"upper_bound":472.9622606923542},"point_estimate":401.971717879329,"standard_error":38.62158405585719}}