{"mean":{"confidence_interval":{"confidence_level":0.95,"lower_bound":49961.001157230196,"upper_bound":50164.10760818151},"point_estimate":50055.91603969694,"standard_error":52.04458027493165},"median":{"confidence_interval":{"confidence_level":0.95,"lower_bound":49906.94410150891,"upper_bound":49969.11829176115},"point_estimate":49927.31766381767,"standard_error":18.83038696282017},"median_abs_dev":{"confidence_interval":{"confidence_level":0.95,"lower_bound":116.0289089020354,"upper_bound":267.3848444661933},"point_estimate":172.93306638010623,"standard_error":36.19587128947379},"slope":{"confidence_interval":{"confidence_level":0.95,"lower_bound":49979.65353968241,"upper_bound":50115.24244484128},"point_estimate":50040.533737582715,"standard_error":34.87769243209343},"std_dev":{"confidence_interval":{"confidence_level":0.95,"lower_bound":340.36004760327666,"upper_bound":670.9440317151063},"point_estimate":522.809984209741,"standard_error":84.36945675235052}}