{"mean":{"confidence_interval":{"confidence_level":0.95,"lower_bound":52804.559252245235,"upper_bound":52897.16333703724},"point_estimate":52849.100812367855,"standard_error":23.649355163397274},"median":{"confidence_interval":{"confidence_level":0.95,"lower_bound":52788.78689925044,"upper_bound":52900.16442307692},"point_estimate":52846.63962697459,"standard_error":28.259314891078997},"median_abs_dev":{"confidence_interval":{"confidence_level":0.95,"lower_bound":148.45297723253117,"upper_bound":256.2722675687914},"point_estimate":190.55453695202812,"standard_error":28.43348037109337},"slope":{"confidence_interval":{"confidence_level":0.95,"lower_bound":52889.50377040105,"upper_bound":52958.04000523114},"point_estimate":52923.9064784986,"standard_error":17.479600397027735},"std_dev":{"confidence_interval":{"confidence_level":0.95,"lower_bound":180.44866761935822,"upper_bound":302.3050703139705},"point_estimate":237.53658780888117,"standard_error":32.316905485609546}}