{"mean":{"confidence_interval":{"confidence_level":0.95,"lower_bound":55806.839515164545,"upper_bound":55921.88817930254},"point_estimate":55859.26697736961,"standard_error":29.454978613502586},"median":{"confidence_interval":{"confidence_level":0.95,"lower_bound":55744.19957002457,"upper_bound":55867.22529213298},"point_estimate":55798.711489899,"standard_error":32.561837013068754},"median_abs_dev":{"confidence_interval":{"confidence_level":0.95,"lower_bound":136.4772931779102,"upper_bound":203.47260466350497},"point_estimate":179.16262233438957,"standard_error":17.17739026368177},"slope":{"confidence_interval":{"confidence_level":0.95,"lower_bound":55870.85786270456,"upper_bound":56001.53313113173},"point_estimate":55929.30284062361,"standard_error":33.7429727474994},"std_dev":{"confidence_interval":{"confidence_level":0.95,"lower_bound":160.08961234960697,"upper_bound":415.376101627944},"point_estimate":295.5603269370486,"standard_error":65.77531315403616}}