{"mean":{"confidence_interval":{"confidence_level":0.95,"lower_bound":55804.17469590879,"upper_bound":55888.57172888265},"point_estimate":55843.98614320714,"standard_error":21.518526789787895},"median":{"confidence_interval":{"confidence_level":0.95,"lower_bound":55760.875,"upper_bound":55860.538162678866},"point_estimate":55815.60410685805,"standard_error":25.86724964012451},"median_abs_dev":{"confidence_interval":{"confidence_level":0.95,"lower_bound":128.76645521394028,"upper_bound":204.4419829088904},"point_estimate":168.4039189005749,"standard_error":19.666517950173997},"slope":{"confidence_interval":{"confidence_level":0.95,"lower_bound":55860.933057165086,"upper_bound":55941.53188053017},"point_estimate":55900.742885325846,"standard_error":20.578250972873853},"std_dev":{"confidence_interval":{"confidence_level":0.95,"lower_bound":150.80932601993504,"upper_bound":285.80825721856866},"point_estimate":217.07991396233697,"standard_error":35.534121685461}}