{"mean":{"confidence_interval":{"confidence_level":0.95,"lower_bound":20998824.495249994,"upper_bound":21098100.472166657},"point_estimate":21049589.76333333,"standard_error":25384.676197582},"median":{"confidence_interval":{"confidence_level":0.95,"lower_bound":21019677.0,"upper_bound":21140177.0},"point_estimate":21101860.333333336,"standard_error":33226.34743790702},"median_abs_dev":{"confidence_interval":{"confidence_level":0.95,"lower_bound":174722.43009805863,"upper_bound":287772.6548910141},"point_estimate":238944.70735788345,"standard_error":29433.821190530583},"slope":null,"std_dev":{"confidence_interval":{"confidence_level":0.95,"lower_bound":209064.77389456687,"upper_bound":296703.18176354456},"point_estimate":255229.22825280737,"standard_error":22512.442125277226}}