{"mean":{"confidence_interval":{"confidence_level":0.95,"lower_bound":16482026.025875,"upper_bound":16484653.934375},"point_estimate":16483185.1525,"standard_error":671.0376350605413},"median":{"confidence_interval":{"confidence_level":0.95,"lower_bound":16481287.0,"upper_bound":16482528.0},"point_estimate":16482140.5,"standard_error":351.499505203847},"median_abs_dev":{"confidence_interval":{"confidence_level":0.95,"lower_bound":2550.0626884773383,"upper_bound":4725.792049225419},"point_estimate":3613.8374358415604,"standard_error":543.5479246206817},"slope":null,"std_dev":{"confidence_interval":{"confidence_level":0.95,"lower_bound":3175.7170777380647,"upper_bound":9919.231564941645},"point_estimate":6747.025125869168,"standard_error":1818.015818422952}}