{"mean":{"confidence_interval":{"confidence_level":0.95,"lower_bound":6494687.29125,"upper_bound":6506426.4075},"point_estimate":6499993.535,"standard_error":3011.3305468896046},"median":{"confidence_interval":{"confidence_level":0.95,"lower_bound":6491619.875,"upper_bound":6493391.375},"point_estimate":6492302.4375,"standard_error":374.11074048899394},"median_abs_dev":{"confidence_interval":{"confidence_level":0.95,"lower_bound":2777.6510506868362,"upper_bound":4462.533258274198},"point_estimate":3602.9032610356808,"standard_error":443.5613926982483},"slope":null,"std_dev":{"confidence_interval":{"confidence_level":0.95,"lower_bound":15243.457156729566,"upper_bound":41398.818789678764},"point_estimate":30267.874415439444,"standard_error":6737.826261321713}}