{"mean":{"confidence_interval":{"confidence_level":0.95,"lower_bound":6495950.883906251,"upper_bound":6508319.318},"point_estimate":6501345.5675,"standard_error":3192.46535880108},"median":{"confidence_interval":{"confidence_level":0.95,"lower_bound":6492981.0,"upper_bound":6494432.0625},"point_estimate":6493750.0625,"standard_error":405.7621993634996},"median_abs_dev":{"confidence_interval":{"confidence_level":0.95,"lower_bound":2550.998579710722,"upper_bound":5161.486483365297},"point_estimate":3791.564107686281,"standard_error":698.364521794269},"slope":null,"std_dev":{"confidence_interval":{"confidence_level":0.95,"lower_bound":11270.256873813963,"upper_bound":47201.74281694012},"point_estimate":32197.165869761822,"standard_error":9220.25499757033}}