{"mean":{"confidence_interval":{"confidence_level":0.95,"lower_bound":6491361.58125,"upper_bound":6496505.36659375},"point_estimate":6493588.3825,"standard_error":1327.7330554504524},"median":{"confidence_interval":{"confidence_level":0.95,"lower_bound":6488463.875,"upper_bound":6490898.75},"point_estimate":6489608.125,"standard_error":690.5418621193779},"median_abs_dev":{"confidence_interval":{"confidence_level":0.95,"lower_bound":2375.588470324874,"upper_bound":5091.9896095991135},"point_estimate":3695.287771895528,"standard_error":730.5825201225557},"slope":null,"std_dev":{"confidence_interval":{"confidence_level":0.95,"lower_bound":5723.455112764931,"upper_bound":20451.908471588984},"point_estimate":13398.053915882623,"standard_error":4115.804262486771}}