{"mean":{"confidence_interval":{"confidence_level":0.95,"lower_bound":6494274.2025625,"upper_bound":6501275.23128125},"point_estimate":6497462.59,"standard_error":1794.6674341163152},"median":{"confidence_interval":{"confidence_level":0.95,"lower_bound":6491788.5625,"upper_bound":6493104.125},"point_estimate":6492311.375,"standard_error":327.553309557344},"median_abs_dev":{"confidence_interval":{"confidence_level":0.95,"lower_bound":2099.9175377190113,"upper_bound":3398.5824521631002},"point_estimate":2757.079976052046,"standard_error":324.23115544175073},"slope":null,"std_dev":{"confidence_interval":{"confidence_level":0.95,"lower_bound":9856.14527312702,"upper_bound":24057.089838491036},"point_estimate":18020.26382401093,"standard_error":3591.593006878078}}