{"mean":{"confidence_interval":{"confidence_level":0.95,"lower_bound":6524677.4906875,"upper_bound":6543067.91040625},"point_estimate":6531321.14125,"standard_error":5356.382973614235},"median":{"confidence_interval":{"confidence_level":0.95,"lower_bound":6522494.5,"upper_bound":6523771.875},"point_estimate":6523245.25,"standard_error":308.52537426807027},"median_abs_dev":{"confidence_interval":{"confidence_level":0.95,"lower_bound":2287.466434389353,"upper_bound":4379.878309741616},"point_estimate":3644.694047793746,"standard_error":540.6144124639567},"slope":null,"std_dev":{"confidence_interval":{"confidence_level":0.95,"lower_bound":6243.413461388157,"upper_bound":91524.07223008583},"point_estimate":53868.69411576831,"standard_error":29525.344831238264}}