{"mean":{"confidence_interval":{"confidence_level":0.95,"lower_bound":6492856.63,"upper_bound":6498872.462},"point_estimate":6495489.4525,"standard_error":1546.1219648962508},"median":{"confidence_interval":{"confidence_level":0.95,"lower_bound":6492138.8125,"upper_bound":6493320.5625},"point_estimate":6492500.0625,"standard_error":310.82408236166094},"median_abs_dev":{"confidence_interval":{"confidence_level":0.95,"lower_bound":2880.5064238607883,"upper_bound":4824.472976848483},"point_estimate":3998.4794665127993,"standard_error":513.9615402515504},"slope":null,"std_dev":{"confidence_interval":{"confidence_level":0.95,"lower_bound":4751.067956641874,"upper_bound":22310.33502163125},"point_estimate":15478.12999228303,"standard_error":4177.138750396133}}