{"mean":{"confidence_interval":{"confidence_level":0.95,"lower_bound":6494365.81375,"upper_bound":6499384.06375},"point_estimate":6496689.75,"standard_error":1291.472691819766},"median":{"confidence_interval":{"confidence_level":0.95,"lower_bound":6492315.375,"upper_bound":6493529.0},"point_estimate":6492931.5625,"standard_error":317.0701140068254},"median_abs_dev":{"confidence_interval":{"confidence_level":0.95,"lower_bound":2222.4173605442047,"upper_bound":4107.172577083111},"point_estimate":3232.5312551110983,"standard_error":495.3391303221523},"slope":null,"std_dev":{"confidence_interval":{"confidence_level":0.95,"lower_bound":7816.792700105742,"upper_bound":17038.838793717703},"point_estimate":12936.144238751469,"standard_error":2357.5560497404877}}