{"mean":{"confidence_interval":{"confidence_level":0.95,"lower_bound":6491500.58475,"upper_bound":6493076.878843751},"point_estimate":6492266.36125,"standard_error":400.96182723367616},"median":{"confidence_interval":{"confidence_level":0.95,"lower_bound":6490274.125,"upper_bound":6492167.25},"point_estimate":6491474.25,"standard_error":478.188757413583},"median_abs_dev":{"confidence_interval":{"confidence_level":0.95,"lower_bound":2651.3520654290915,"upper_bound":4603.3802557736635},"point_estimate":3894.4194808602333,"standard_error":533.8176677315266},"slope":null,"std_dev":{"confidence_interval":{"confidence_level":0.95,"lower_bound":3325.330992552469,"upper_bound":4634.414997835684},"point_estimate":4014.704611356124,"standard_error":332.64766284436405}}