{"mean":{"confidence_interval":{"confidence_level":0.95,"lower_bound":21642555.92758334,"upper_bound":21692067.57908334},"point_estimate":21667293.55333333,"standard_error":12628.491768636179},"median":{"confidence_interval":{"confidence_level":0.95,"lower_bound":21634973.0,"upper_bound":21687640.0},"point_estimate":21668323.0,"standard_error":11536.957334429575},"median_abs_dev":{"confidence_interval":{"confidence_level":0.95,"lower_bound":89870.02130448818,"upper_bound":145888.33778746412},"point_estimate":120238.36366534418,"standard_error":13157.03513718727},"slope":null,"std_dev":{"confidence_interval":{"confidence_level":0.95,"lower_bound":108677.219431933,"upper_bound":142467.00314045948},"point_estimate":126704.06732715436,"standard_error":8659.068690851906}}