{"mean":{"confidence_interval":{"confidence_level":0.95,"lower_bound":16487973.548937501,"upper_bound":16492681.4805625},"point_estimate":16489994.29,"standard_error":1212.7524059891198},"median":{"confidence_interval":{"confidence_level":0.95,"lower_bound":16486737.5,"upper_bound":16490637.5},"point_estimate":16488737.375,"standard_error":897.2513343019788},"median_abs_dev":{"confidence_interval":{"confidence_level":0.95,"lower_bound":5002.477636188269,"upper_bound":7635.760514438152},"point_estimate":6503.61010953784,"standard_error":685.220983931306},"slope":null,"std_dev":{"confidence_interval":{"confidence_level":0.95,"lower_bound":5739.768514964961,"upper_bound":18899.269426966926},"point_estimate":12243.819181164863,"standard_error":4058.7357071523093}}