{"mean":{"confidence_interval":{"confidence_level":0.95,"lower_bound":6528016.62825,"upper_bound":6545897.46421875},"point_estimate":6535154.10375,"standard_error":4720.34721428149},"median":{"confidence_interval":{"confidence_level":0.95,"lower_bound":6526110.375,"upper_bound":6528710.125},"point_estimate":6527080.25,"standard_error":600.4870764879545},"median_abs_dev":{"confidence_interval":{"confidence_level":0.95,"lower_bound":3439.5392764359713,"upper_bound":5277.685256302357},"point_estimate":4662.128279730678,"standard_error":500.37734730158917},"slope":null,"std_dev":{"confidence_interval":{"confidence_level":0.95,"lower_bound":5431.21574474677,"upper_bound":76263.68781486998},"point_estimate":47427.660829837536,"standard_error":19435.48185398986}}