{"mean":{"confidence_interval":{"confidence_level":0.95,"lower_bound":20374504.91916667,"upper_bound":20412550.237666667},"point_estimate":20393534.893333334,"standard_error":9700.842897481742},"median":{"confidence_interval":{"confidence_level":0.95,"lower_bound":20369599.5,"upper_bound":20406616.333333332},"point_estimate":20387349.666666664,"standard_error":9304.177464823975},"median_abs_dev":{"confidence_interval":{"confidence_level":0.95,"lower_bound":60390.74472784996,"upper_bound":110553.77971477949},"point_estimate":84656.70559703936,"standard_error":12736.515930310803},"slope":null,"std_dev":{"confidence_interval":{"confidence_level":0.95,"lower_bound":82236.50143797706,"upper_bound":110611.99656052717},"point_estimate":97183.54735758061,"standard_error":7260.086739812577}}