{"mean":{"confidence_interval":{"confidence_level":0.95,"lower_bound":19728749.98883333,"upper_bound":19769972.626999993},"point_estimate":19749540.88,"standard_error":10510.25339103872},"median":{"confidence_interval":{"confidence_level":0.95,"lower_bound":19727901.0,"upper_bound":19775401.166666664},"point_estimate":19750884.5,"standard_error":14331.998138334502},"median_abs_dev":{"confidence_interval":{"confidence_level":0.95,"lower_bound":68842.05877781006,"upper_bound":115643.29214691938},"point_estimate":88928.81742119697,"standard_error":11470.531872650165},"slope":null,"std_dev":{"confidence_interval":{"confidence_level":0.95,"lower_bound":87901.33873080656,"upper_bound":122505.2687012541},"point_estimate":105597.06298235526,"standard_error":8841.304380721363}}