{"mean":{"confidence_interval":{"confidence_level":0.95,"lower_bound":16477467.212875,"upper_bound":16479473.8151875},"point_estimate":16478363.1225,"standard_error":516.4567963361349},"median":{"confidence_interval":{"confidence_level":0.95,"lower_bound":16476717.75,"upper_bound":16477780.25},"point_estimate":16477234.875,"standard_error":263.42710387175464},"median_abs_dev":{"confidence_interval":{"confidence_level":0.95,"lower_bound":1575.2624720335007,"upper_bound":2613.2677786052227},"point_estimate":2038.5749638080597,"standard_error":258.5489786634647},"slope":null,"std_dev":{"confidence_interval":{"confidence_level":0.95,"lower_bound":2435.5245976614096,"upper_bound":7342.2614674517},"point_estimate":5157.059806870102,"standard_error":1234.592050266441}}