{"mean":{"confidence_interval":{"confidence_level":0.95,"lower_bound":96464.98783158866,"upper_bound":97278.62828231843},"point_estimate":96867.42894226439,"standard_error":207.5552384734192},"median":{"confidence_interval":{"confidence_level":0.95,"lower_bound":96727.81150793651,"upper_bound":97315.22916666667},"point_estimate":96969.14714942727,"standard_error":162.20879099063896},"median_abs_dev":{"confidence_interval":{"confidence_level":0.95,"lower_bound":839.4822630373964,"upper_bound":1499.9437458706777},"point_estimate":1140.860724759215,"standard_error":177.24098559395975},"slope":{"confidence_interval":{"confidence_level":0.95,"lower_bound":97100.34118139403,"upper_bound":98018.20287194522},"point_estimate":97516.52356509531,"standard_error":234.51702973290796},"std_dev":{"confidence_interval":{"confidence_level":0.95,"lower_bound":1601.76575730793,"upper_bound":2513.4145627534103},"point_estimate":2078.0125425138526,"standard_error":232.6187846168544}}