{"mean":{"confidence_interval":{"confidence_level":0.95,"lower_bound":107050.53523053907,"upper_bound":108147.72488269587},"point_estimate":107609.42402591316,"standard_error":279.87209927454467},"median":{"confidence_interval":{"confidence_level":0.95,"lower_bound":107751.06833719756,"upper_bound":108724.53815751654},"point_estimate":108270.31848739495,"standard_error":292.8492869881239},"median_abs_dev":{"confidence_interval":{"confidence_level":0.95,"lower_bound":1452.7055948285556,"upper_bound":2832.7524003056024},"point_estimate":2051.6347527186667,"standard_error":386.9927428750851},"slope":{"confidence_interval":{"confidence_level":0.95,"lower_bound":108037.32861840237,"upper_bound":108926.61173977276},"point_estimate":108510.42766070637,"standard_error":225.70180543481243},"std_dev":{"confidence_interval":{"confidence_level":0.95,"lower_bound":2227.8625591778064,"upper_bound":3366.0599866999432},"point_estimate":2817.19934100499,"standard_error":290.55814374484976}}