{"mean":{"confidence_interval":{"confidence_level":0.95,"lower_bound":152547.4714793938,"upper_bound":154553.11432722182},"point_estimate":153496.68915331416,"standard_error":516.2473396819388},"median":{"confidence_interval":{"confidence_level":0.95,"lower_bound":151628.4085858586,"upper_bound":153058.31889400922},"point_estimate":152196.46469979297,"standard_error":408.99071242770117},"median_abs_dev":{"confidence_interval":{"confidence_level":0.95,"lower_bound":2231.298377435745,"upper_bound":4508.97288582195},"point_estimate":3229.201743635214,"standard_error":581.8426803828867},"slope":{"confidence_interval":{"confidence_level":0.95,"lower_bound":152096.41727896334,"upper_bound":155222.8310095421},"point_estimate":153588.37364977095,"standard_error":801.5188597210969},"std_dev":{"confidence_interval":{"confidence_level":0.95,"lower_bound":3971.7147451481433,"upper_bound":6423.425491072688},"point_estimate":5210.693486438685,"standard_error":631.7336360062162}}