{"mean":{"confidence_interval":{"confidence_level":0.95,"lower_bound":103327.45322461447,"upper_bound":104141.35202014976},"point_estimate":103733.46223106641,"standard_error":206.86695472776574},"median":{"confidence_interval":{"confidence_level":0.95,"lower_bound":103544.50860044212,"upper_bound":104225.21917808219},"point_estimate":103860.56676470587,"standard_error":170.28550175914305},"median_abs_dev":{"confidence_interval":{"confidence_level":0.95,"lower_bound":1026.2262339547458,"upper_bound":1773.1754485198433},"point_estimate":1347.869455230949,"standard_error":184.7347130788711},"slope":{"confidence_interval":{"confidence_level":0.95,"lower_bound":103766.95740793867,"upper_bound":104510.73082966478},"point_estimate":104116.69333530367,"standard_error":189.26900637059478},"std_dev":{"confidence_interval":{"confidence_level":0.95,"lower_bound":1541.9234754266458,"upper_bound":2593.994034889131},"point_estimate":2080.9759780528834,"standard_error":269.69074021001035}}