{"mean":{"confidence_interval":{"confidence_level":0.95,"lower_bound":106842.95170593615,"upper_bound":107371.98176172956},"point_estimate":107106.16490049507,"standard_error":134.10237110432323},"median":{"confidence_interval":{"confidence_level":0.95,"lower_bound":107367.82022471911,"upper_bound":107526.07123686833},"point_estimate":107461.47011077158,"standard_error":41.35714301213441},"median_abs_dev":{"confidence_interval":{"confidence_level":0.95,"lower_bound":286.8966755739696,"upper_bound":562.9406660226687},"point_estimate":416.699133451627,"standard_error":72.60586932773},"slope":{"confidence_interval":{"confidence_level":0.95,"lower_bound":107505.33237137961,"upper_bound":107853.1328318962},"point_estimate":107641.54662965231,"standard_error":92.24709583480575},"std_dev":{"confidence_interval":{"confidence_level":0.95,"lower_bound":918.0092917904997,"upper_bound":1770.5519135883549},"point_estimate":1348.0346975291357,"standard_error":220.42742250570765}}