{"mean":{"confidence_interval":{"confidence_level":0.95,"lower_bound":145322.8239298072,"upper_bound":145452.00682074777},"point_estimate":145385.27912339027,"standard_error":33.095148351462555},"median":{"confidence_interval":{"confidence_level":0.95,"lower_bound":145287.1348051948,"upper_bound":145340.5172413793},"point_estimate":145314.8145021645,"standard_error":12.38552636441601},"median_abs_dev":{"confidence_interval":{"confidence_level":0.95,"lower_bound":75.3314348824872,"upper_bound":153.43272997950606},"point_estimate":104.23486374136964,"standard_error":19.98451406863136},"slope":{"confidence_interval":{"confidence_level":0.95,"lower_bound":145337.29543972647,"upper_bound":145536.21575992779},"point_estimate":145426.09218501553,"standard_error":51.2849196344675},"std_dev":{"confidence_interval":{"confidence_level":0.95,"lower_bound":231.30493735438247,"upper_bound":422.3165426036987},"point_estimate":332.60289175173176,"standard_error":48.88731123219841}}