{"mean":{"confidence_interval":{"confidence_level":0.95,"lower_bound":146457.23634240113,"upper_bound":149562.33414517026},"point_estimate":147951.12101834544,"standard_error":796.3277055611925},"median":{"confidence_interval":{"confidence_level":0.95,"lower_bound":143455.6125,"upper_bound":147609.8148148148},"point_estimate":145475.67212121212,"standard_error":947.0465116979434},"median_abs_dev":{"confidence_interval":{"confidence_level":0.95,"lower_bound":3768.5189443454187,"upper_bound":7973.300720685007},"point_estimate":5467.038200171433,"standard_error":1031.488700140412},"slope":{"confidence_interval":{"confidence_level":0.95,"lower_bound":145522.71872662666,"upper_bound":148915.16785396638},"point_estimate":147100.23797960693,"standard_error":862.184652419628},"std_dev":{"confidence_interval":{"confidence_level":0.95,"lower_bound":6268.66021678035,"upper_bound":9575.928140042228},"point_estimate":8022.865842585663,"standard_error":848.5406633496652}}