{"mean":{"confidence_interval":{"confidence_level":0.95,"lower_bound":94479.06063450099,"upper_bound":95541.16625751041},"point_estimate":95011.39274865428,"standard_error":270.87962917429246},"median":{"confidence_interval":{"confidence_level":0.95,"lower_bound":94284.07665505227,"upper_bound":95674.69458128078},"point_estimate":94822.97857142857,"standard_error":295.0451311383471},"median_abs_dev":{"confidence_interval":{"confidence_level":0.95,"lower_bound":1940.4422102316794,"upper_bound":3031.3580231556098},"point_estimate":2553.0799924181265,"standard_error":271.34621964205513},"slope":{"confidence_interval":{"confidence_level":0.95,"lower_bound":95421.94579683285,"upper_bound":96713.9249588926},"point_estimate":96067.77421815955,"standard_error":330.3373573847583},"std_dev":{"confidence_interval":{"confidence_level":0.95,"lower_bound":2282.739885454298,"upper_bound":3130.0539339617144},"point_estimate":2726.1640690217655,"standard_error":217.02563913407542}}