{"mean":{"confidence_interval":{"confidence_level":0.95,"lower_bound":85220.1575378168,"upper_bound":85952.85984415138},"point_estimate":85572.69259247865,"standard_error":187.00526668286642},"median":{"confidence_interval":{"confidence_level":0.95,"lower_bound":85073.53750828913,"upper_bound":85763.45333333334},"point_estimate":85527.74970089471,"standard_error":173.3837292016254},"median_abs_dev":{"confidence_interval":{"confidence_level":0.95,"lower_bound":1098.2915280014256,"upper_bound":1763.1646232648795},"point_estimate":1364.6324429405795,"standard_error":172.96541046567006},"slope":{"confidence_interval":{"confidence_level":0.95,"lower_bound":85831.0869416612,"upper_bound":86637.14979938322},"point_estimate":86223.89848529629,"standard_error":205.48517187888328},"std_dev":{"confidence_interval":{"confidence_level":0.95,"lower_bound":1405.9439548845628,"upper_bound":2345.788740029446},"point_estimate":1878.5269908445139,"standard_error":242.20731261489092}}