{"mean":{"confidence_interval":{"confidence_level":0.95,"lower_bound":102387.47262018434,"upper_bound":103275.80699097992},"point_estimate":102832.97813789686,"standard_error":226.54618829071322},"median":{"confidence_interval":{"confidence_level":0.95,"lower_bound":102975.69265126667,"upper_bound":103304.96671786995},"point_estimate":103107.96353541416,"standard_error":83.56989219798362},"median_abs_dev":{"confidence_interval":{"confidence_level":0.95,"lower_bound":798.9345600338077,"upper_bound":1323.7751160632297},"point_estimate":1099.1434042053045,"standard_error":132.71714477584024},"slope":{"confidence_interval":{"confidence_level":0.95,"lower_bound":103075.72565833901,"upper_bound":103855.76652403983},"point_estimate":103433.60821465515,"standard_error":199.65709777075105},"std_dev":{"confidence_interval":{"confidence_level":0.95,"lower_bound":1683.7026665637777,"upper_bound":2815.8970912187206},"point_estimate":2271.423469468822,"standard_error":289.75185459325337}}