{"mean":{"confidence_interval":{"confidence_level":0.95,"lower_bound":101585.71896253733,"upper_bound":102217.5536874515},"point_estimate":101864.92508181714,"standard_error":162.49407253598642},"median":{"confidence_interval":{"confidence_level":0.95,"lower_bound":101518.58241758242,"upper_bound":101897.36013761014},"point_estimate":101725.90051712992,"standard_error":102.77775224072967},"median_abs_dev":{"confidence_interval":{"confidence_level":0.95,"lower_bound":538.5911157627713,"upper_bound":923.3715151117281},"point_estimate":674.6900598470854,"standard_error":99.8655278037027},"slope":{"confidence_interval":{"confidence_level":0.95,"lower_bound":101619.87511820327,"upper_bound":102244.97651874277},"point_estimate":101897.85298148578,"standard_error":161.04966698292426},"std_dev":{"confidence_interval":{"confidence_level":0.95,"lower_bound":728.426959526362,"upper_bound":2474.4865709407054},"point_estimate":1632.7753172531518,"standard_error":471.07970945595}}