{"mean":{"confidence_interval":{"confidence_level":0.95,"lower_bound":92834.35096852516,"upper_bound":93121.3774773547},"point_estimate":92973.71804158235,"standard_error":73.22315314690877},"median":{"confidence_interval":{"confidence_level":0.95,"lower_bound":92726.34161490684,"upper_bound":92999.1052631579},"point_estimate":92868.90484515484,"standard_error":77.78979225983011},"median_abs_dev":{"confidence_interval":{"confidence_level":0.95,"lower_bound":522.9627248822321,"upper_bound":847.1850128904988},"point_estimate":674.1345895717991,"standard_error":85.0766497816933},"slope":{"confidence_interval":{"confidence_level":0.95,"lower_bound":92468.09541668592,"upper_bound":92662.23632910014},"point_estimate":92557.00908526673,"standard_error":49.35946418905469},"std_dev":{"confidence_interval":{"confidence_level":0.95,"lower_bound":593.2250859455569,"upper_bound":871.8775253306684},"point_estimate":737.0292509490855,"standard_error":71.4470234259432}}