{"mean":{"confidence_interval":{"confidence_level":0.95,"lower_bound":279920.20075560693,"upper_bound":280087.300837602},"point_estimate":279995.86242740694,"standard_error":42.607886494833174},"median":{"confidence_interval":{"confidence_level":0.95,"lower_bound":279851.83453458303,"upper_bound":279994.103125},"point_estimate":279916.61158886156,"standard_error":35.88346074823734},"median_abs_dev":{"confidence_interval":{"confidence_level":0.95,"lower_bound":187.1501961312383,"upper_bound":301.55837660006324},"point_estimate":244.01025767207048,"standard_error":28.498389213302175},"slope":{"confidence_interval":{"confidence_level":0.95,"lower_bound":279832.8066193265,"upper_bound":279936.917260241},"point_estimate":279882.1460041377,"standard_error":26.573084544938872},"std_dev":{"confidence_interval":{"confidence_level":0.95,"lower_bound":238.53907096432894,"upper_bound":618.2594558645687},"point_estimate":427.48890175272,"standard_error":102.43767364975815}}