{"mean":{"confidence_interval":{"confidence_level":0.95,"lower_bound":142603.84148497455,"upper_bound":142823.59310106677},"point_estimate":142706.5153998081,"standard_error":56.19414422984808},"median":{"confidence_interval":{"confidence_level":0.95,"lower_bound":142508.12083333332,"upper_bound":142605.1992753623},"point_estimate":142544.6885167464,"standard_error":27.892592433621914},"median_abs_dev":{"confidence_interval":{"confidence_level":0.95,"lower_bound":164.35192155622084,"upper_bound":283.4498204789157},"point_estimate":228.22120382288443,"standard_error":29.79008064171899},"slope":{"confidence_interval":{"confidence_level":0.95,"lower_bound":142490.65313566203,"upper_bound":142567.29069344097},"point_estimate":142528.68212501847,"standard_error":19.499400921537593},"std_dev":{"confidence_interval":{"confidence_level":0.95,"lower_bound":380.7890326459616,"upper_bound":727.0153492430071},"point_estimate":564.824008003325,"standard_error":88.47727404723527}}