{"mean":{"confidence_interval":{"confidence_level":0.95,"lower_bound":81985.12352237022,"upper_bound":82463.24741458468},"point_estimate":82222.9457243957,"standard_error":121.88048760903102},"median":{"confidence_interval":{"confidence_level":0.95,"lower_bound":81860.31730769231,"upper_bound":82491.0309841954},"point_estimate":82281.36327030812,"standard_error":181.5711066132668},"median_abs_dev":{"confidence_interval":{"confidence_level":0.95,"lower_bound":737.9411386210538,"upper_bound":1181.134675554732},"point_estimate":898.5536972827758,"standard_error":113.07760329061863},"slope":{"confidence_interval":{"confidence_level":0.95,"lower_bound":82099.61881405431,"upper_bound":82600.61435592936},"point_estimate":82343.64343689966,"standard_error":128.24521336132628},"std_dev":{"confidence_interval":{"confidence_level":0.95,"lower_bound":971.1271924490351,"upper_bound":1465.7662373452192},"point_estimate":1225.2671018309195,"standard_error":126.89539381619265}}