{"mean":{"confidence_interval":{"confidence_level":0.95,"lower_bound":90747.31403264188,"upper_bound":91842.38029167782},"point_estimate":91284.02549093409,"standard_error":280.34993246346},"median":{"confidence_interval":{"confidence_level":0.95,"lower_bound":89640.25563909774,"upper_bound":90269.73396394508},"point_estimate":89814.86094104308,"standard_error":170.05116238610157},"median_abs_dev":{"confidence_interval":{"confidence_level":0.95,"lower_bound":878.441909981463,"upper_bound":2115.094267105712},"point_estimate":1253.9285439014616,"standard_error":326.8053759834213},"slope":{"confidence_interval":{"confidence_level":0.95,"lower_bound":89562.12749197097,"upper_bound":90247.30281946335},"point_estimate":89876.09148092635,"standard_error":174.8012257016042},"std_dev":{"confidence_interval":{"confidence_level":0.95,"lower_bound":2459.831479765758,"upper_bound":3075.188852164501},"point_estimate":2808.504771292846,"standard_error":156.69111950001403}}