{"mean":{"confidence_interval":{"confidence_level":0.95,"lower_bound":105135.58258714662,"upper_bound":105248.58462262551},"point_estimate":105192.74254612537,"standard_error":28.816468077994465},"median":{"confidence_interval":{"confidence_level":0.95,"lower_bound":105188.6180609472,"upper_bound":105277.41558441559},"point_estimate":105243.74289861083,"standard_error":21.61988431141974},"median_abs_dev":{"confidence_interval":{"confidence_level":0.95,"lower_bound":142.14342277206043,"upper_bound":254.99538501673626},"point_estimate":185.11869936054367,"standard_error":28.54005506631801},"slope":{"confidence_interval":{"confidence_level":0.95,"lower_bound":105214.19271536241,"upper_bound":105285.83117135386},"point_estimate":105248.3696214824,"standard_error":18.2963305722015},"std_dev":{"confidence_interval":{"confidence_level":0.95,"lower_bound":227.49306693263182,"upper_bound":349.18826146909015},"point_estimate":290.6045025807081,"standard_error":31.060252763016823}}