{"mean":{"confidence_interval":{"confidence_level":0.95,"lower_bound":165357.18121310772,"upper_bound":165591.57335524287},"point_estimate":165459.21878485463,"standard_error":60.28558538224281},"median":{"confidence_interval":{"confidence_level":0.95,"lower_bound":165315.88175105484,"upper_bound":165404.42857142858},"point_estimate":165344.1842542584,"standard_error":25.93249698683802},"median_abs_dev":{"confidence_interval":{"confidence_level":0.95,"lower_bound":172.39832000706016,"upper_bound":285.3890279976484},"point_estimate":227.2814254709974,"standard_error":28.21881649917058},"slope":{"confidence_interval":{"confidence_level":0.95,"lower_bound":165352.94350825553,"upper_bound":165630.09920089715},"point_estimate":165469.50617762672,"standard_error":71.6157312655089},"std_dev":{"confidence_interval":{"confidence_level":0.95,"lower_bound":278.2887019794727,"upper_bound":924.9800670651604},"point_estimate":605.7889433075201,"standard_error":188.0971186738438}}