{"mean":{"confidence_interval":{"confidence_level":0.95,"lower_bound":100879.33902792586,"upper_bound":103238.27322641115},"point_estimate":101796.85195455141,"standard_error":634.6939309976273},"median":{"confidence_interval":{"confidence_level":0.95,"lower_bound":100840.76075731497,"upper_bound":100932.27829313543},"point_estimate":100882.11361553441,"standard_error":21.848629521526423},"median_abs_dev":{"confidence_interval":{"confidence_level":0.95,"lower_bound":152.56236129148093,"upper_bound":282.9064608642815},"point_estimate":200.30026501538893,"standard_error":32.84346807683137},"slope":{"confidence_interval":{"confidence_level":0.95,"lower_bound":100862.58377586081,"upper_bound":105746.40919198224},"point_estimate":102753.99101310984,"standard_error":1310.348091378458},"std_dev":{"confidence_interval":{"confidence_level":0.95,"lower_bound":331.19395649643116,"upper_bound":10494.82915382852},"point_estimate":6375.066386902622,"standard_error":2877.397580425291}}