{"mean":{"confidence_interval":{"confidence_level":0.95,"lower_bound":86354.99087453619,"upper_bound":87256.82429420753},"point_estimate":86805.74190133443,"standard_error":229.8961240442629},"median":{"confidence_interval":{"confidence_level":0.95,"lower_bound":85740.41525423729,"upper_bound":87129.06863275613},"point_estimate":86097.21486928104,"standard_error":356.27228025572435},"median_abs_dev":{"confidence_interval":{"confidence_level":0.95,"lower_bound":1535.9149828796694,"upper_bound":3236.847203067887},"point_estimate":2238.861130917099,"standard_error":451.6417549506324},"slope":{"confidence_interval":{"confidence_level":0.95,"lower_bound":87965.70957717861,"upper_bound":88751.68513790621},"point_estimate":88383.7263757943,"standard_error":201.05986371868667},"std_dev":{"confidence_interval":{"confidence_level":0.95,"lower_bound":2046.598388131035,"upper_bound":2532.4385367505815},"point_estimate":2302.6952654465654,"standard_error":123.88358093838679}}