{"mean":{"confidence_interval":{"confidence_level":0.95,"lower_bound":96894.49032465999,"upper_bound":97342.23654044858},"point_estimate":97122.55165241497,"standard_error":114.5072763747825},"median":{"confidence_interval":{"confidence_level":0.95,"lower_bound":97102.39830508475,"upper_bound":97462.72641509434},"point_estimate":97286.57453819012,"standard_error":105.29003321281795},"median_abs_dev":{"confidence_interval":{"confidence_level":0.95,"lower_bound":594.2658673454664,"upper_bound":1037.2905469547725},"point_estimate":822.7547353931794,"standard_error":116.1056863471844},"slope":{"confidence_interval":{"confidence_level":0.95,"lower_bound":96974.36835438658,"upper_bound":97449.99036854919},"point_estimate":97198.81393822965,"standard_error":121.19555316119623},"std_dev":{"confidence_interval":{"confidence_level":0.95,"lower_bound":911.069570826253,"upper_bound":1368.9614683242598},"point_estimate":1152.2332378017177,"standard_error":116.5155830915177}}