{"mean":{"confidence_interval":{"confidence_level":0.95,"lower_bound":89517.64392711283,"upper_bound":90043.41675044523},"point_estimate":89780.89411166153,"standard_error":134.08462690281314},"median":{"confidence_interval":{"confidence_level":0.95,"lower_bound":89809.3007518797,"upper_bound":90141.2917293233},"point_estimate":90000.28640375068,"standard_error":84.51367556992697},"median_abs_dev":{"confidence_interval":{"confidence_level":0.95,"lower_bound":469.7123174791224,"upper_bound":935.0082066894455},"point_estimate":680.8989725270166,"standard_error":113.27526821053378},"slope":{"confidence_interval":{"confidence_level":0.95,"lower_bound":90028.69519360921,"upper_bound":90504.81815308037},"point_estimate":90253.4284755853,"standard_error":121.76045233983332},"std_dev":{"confidence_interval":{"confidence_level":0.95,"lower_bound":1046.2322052737904,"upper_bound":1609.670549800959},"point_estimate":1343.0269004177428,"standard_error":143.66751375572653}}