{"mean":{"confidence_interval":{"confidence_level":0.95,"lower_bound":130602.19400739802,"upper_bound":130950.93709257123},"point_estimate":130768.00549644287,"standard_error":89.14652528902884},"median":{"confidence_interval":{"confidence_level":0.95,"lower_bound":130417.52380952382,"upper_bound":130512.95336021506},"point_estimate":130470.91471760222,"standard_error":29.463847792282543},"median_abs_dev":{"confidence_interval":{"confidence_level":0.95,"lower_bound":211.7277732525686,"upper_bound":396.8852903803562},"point_estimate":290.6241445513869,"standard_error":48.227810552058976},"slope":{"confidence_interval":{"confidence_level":0.95,"lower_bound":130567.3209782665,"upper_bound":130869.25961013144},"point_estimate":130707.59101423575,"standard_error":77.18399765617825},"std_dev":{"confidence_interval":{"confidence_level":0.95,"lower_bound":645.0624671252475,"upper_bound":1129.590194682159},"point_estimate":899.4542713410583,"standard_error":124.2181378295042}}