{"mean":{"confidence_interval":{"confidence_level":0.95,"lower_bound":102811.29083313092,"upper_bound":102996.68498109502},"point_estimate":102905.48625139242,"standard_error":47.3761042628842},"median":{"confidence_interval":{"confidence_level":0.95,"lower_bound":102861.53401360544,"upper_bound":103039.61344537816},"point_estimate":102985.4395869191,"standard_error":43.900757048513796},"median_abs_dev":{"confidence_interval":{"confidence_level":0.95,"lower_bound":258.318240008551,"upper_bound":483.3431498389019},"point_estimate":357.45130348772057,"standard_error":57.674947290343766},"slope":{"confidence_interval":{"confidence_level":0.95,"lower_bound":102956.11338497332,"upper_bound":103152.49942235889},"point_estimate":103053.23383520868,"standard_error":50.0505172141589},"std_dev":{"confidence_interval":{"confidence_level":0.95,"lower_bound":397.4719035530496,"upper_bound":544.2340478535992},"point_estimate":475.9501666808459,"standard_error":37.55176945750087}}