{"mean":{"confidence_interval":{"confidence_level":0.95,"lower_bound":138802.17275723568,"upper_bound":138975.09371551903},"point_estimate":138881.9679045959,"standard_error":44.13306277981352},"median":{"confidence_interval":{"confidence_level":0.95,"lower_bound":138731.9105853051,"upper_bound":138868.65069444443},"point_estimate":138794.05789526086,"standard_error":31.964498054323002},"median_abs_dev":{"confidence_interval":{"confidence_level":0.95,"lower_bound":171.18150579255067,"upper_bound":284.8636882222322},"point_estimate":235.6676998493597,"standard_error":29.907392391111223},"slope":{"confidence_interval":{"confidence_level":0.95,"lower_bound":138741.94363576852,"upper_bound":138902.15087837467},"point_estimate":138815.86466085413,"standard_error":40.89189962043179},"std_dev":{"confidence_interval":{"confidence_level":0.95,"lower_bound":262.5773566683518,"upper_bound":612.6208953062566},"point_estimate":442.3069851755173,"standard_error":91.39084458967952}}