{"mean":{"confidence_interval":{"confidence_level":0.95,"lower_bound":3549004.245803571,"upper_bound":3637942.4740357148},"point_estimate":3590013.9128571437,"standard_error":22871.508158732526},"median":{"confidence_interval":{"confidence_level":0.95,"lower_bound":3511953.7142857146,"upper_bound":3539158.5714285714},"point_estimate":3521297.0357142854,"standard_error":6492.465268096262},"median_abs_dev":{"confidence_interval":{"confidence_level":0.95,"lower_bound":50314.94235673126,"upper_bound":112178.91490842664},"point_estimate":67990.44629292839,"standard_error":16205.612589173164},"slope":null,"std_dev":{"confidence_interval":{"confidence_level":0.95,"lower_bound":139828.0076413427,"upper_bound":308521.5017322246},"point_estimate":229661.40613796748,"standard_error":43346.265623157095}}