{"mean":{"confidence_interval":{"confidence_level":0.95,"lower_bound":2751643.0039736847,"upper_bound":2754233.4479210535},"point_estimate":2752948.41,"standard_error":663.144806480567},"median":{"confidence_interval":{"confidence_level":0.95,"lower_bound":2750729.736842105,"upper_bound":2755087.5789473685},"point_estimate":2752450.7894736845,"standard_error":1069.5902486184536},"median_abs_dev":{"confidence_interval":{"confidence_level":0.95,"lower_bound":6308.814030101969,"upper_bound":9792.806920880128},"point_estimate":8103.5012982395565,"standard_error":860.1659712634031},"slope":null,"std_dev":{"confidence_interval":{"confidence_level":0.95,"lower_bound":5983.961189464581,"upper_bound":7292.274732589762},"point_estimate":6684.683424125626,"standard_error":335.01723854200736}}