{"mean":{"confidence_interval":{"confidence_level":0.95,"lower_bound":1789315.1870240443,"upper_bound":1804858.1268336347},"point_estimate":1795057.2846757404,"standard_error":4306.216011411596},"median":{"confidence_interval":{"confidence_level":0.95,"lower_bound":1787747.3387096773,"upper_bound":1788523.2710453286},"point_estimate":1788276.1053101295,"standard_error":197.1397578320486},"median_abs_dev":{"confidence_interval":{"confidence_level":0.95,"lower_bound":1167.9044153738064,"upper_bound":2348.64300779066},"point_estimate":1552.6796510004306,"standard_error":298.72805062114037},"slope":{"confidence_interval":{"confidence_level":0.95,"lower_bound":1788627.1312962507,"upper_bound":1798429.2720730023},"point_estimate":1792029.7895522388,"standard_error":2718.6389821285725},"std_dev":{"confidence_interval":{"confidence_level":0.95,"lower_bound":4762.098603770218,"upper_bound":72853.74979604683},"point_estimate":43252.19678902296,"standard_error":21956.39780258026}}