{"mean":{"confidence_interval":{"confidence_level":0.95,"lower_bound":2930769.530617648,"upper_bound":2944674.4812352946},"point_estimate":2937304.803529413,"standard_error":3548.7029050098736},"median":{"confidence_interval":{"confidence_level":0.95,"lower_bound":2923246.7352941176,"upper_bound":2933511.294117647},"point_estimate":2927681.970588235,"standard_error":2713.707742515545},"median_abs_dev":{"confidence_interval":{"confidence_level":0.95,"lower_bound":13243.017933565463,"upper_bound":22404.397804154512},"point_estimate":17071.44100280351,"standard_error":2318.5035553630837},"slope":null,"std_dev":{"confidence_interval":{"confidence_level":0.95,"lower_bound":24498.38115069412,"upper_bound":46177.171131320974},"point_estimate":35724.55183404741,"standard_error":5595.617321447576}}