{"mean":{"confidence_interval":{"confidence_level":0.95,"lower_bound":2811483.019763889,"upper_bound":2824449.411499999},"point_estimate":2818052.7944444446,"standard_error":3299.581827414328},"median":{"confidence_interval":{"confidence_level":0.95,"lower_bound":2812346.888888889,"upper_bound":2826930.333333333},"point_estimate":2819344.194444444,"standard_error":4228.1673981555705},"median_abs_dev":{"confidence_interval":{"confidence_level":0.95,"lower_bound":22300.73445033313,"upper_bound":37905.46879371023},"point_estimate":29158.00539900886,"standard_error":4143.954737573241},"slope":null,"std_dev":{"confidence_interval":{"confidence_level":0.95,"lower_bound":27333.465035557387,"upper_bound":38530.46313000572},"point_estimate":33129.52697074667,"standard_error":2870.2895870293514}}