{"mean":{"confidence_interval":{"confidence_level":0.95,"lower_bound":3418384.90035,"upper_bound":3502622.7180166678},"point_estimate":3458201.5260000015,"standard_error":21479.31450696564},"median":{"confidence_interval":{"confidence_level":0.95,"lower_bound":3390188.0666666664,"upper_bound":3476831.8},"point_estimate":3441174.9333333336,"standard_error":23289.257791983186},"median_abs_dev":{"confidence_interval":{"confidence_level":0.95,"lower_bound":106391.96715116488,"upper_bound":196895.35516440848},"point_estimate":138549.5605802538,"standard_error":23308.96873307628},"slope":null,"std_dev":{"confidence_interval":{"confidence_level":0.95,"lower_bound":146878.40849339962,"upper_bound":288026.87212909025},"point_estimate":216343.330871616,"standard_error":37270.85718933693}}