{"mean":{"confidence_interval":{"confidence_level":0.95,"lower_bound":1791590.7972340097,"upper_bound":1796893.486651101},"point_estimate":1793618.0408142626,"standard_error":1411.7278755503635},"median":{"confidence_interval":{"confidence_level":0.95,"lower_bound":1790918.9130434783,"upper_bound":1791539.5},"point_estimate":1791162.4033333333,"standard_error":146.54557376514728},"median_abs_dev":{"confidence_interval":{"confidence_level":0.95,"lower_bound":937.0938093247465,"upper_bound":1879.397193433062},"point_estimate":1367.9406642770434,"standard_error":238.3530558256381},"slope":{"confidence_interval":{"confidence_level":0.95,"lower_bound":1791168.4939421983,"upper_bound":1792329.2682481075},"point_estimate":1791688.4855829761,"standard_error":296.6519958147371},"std_dev":{"confidence_interval":{"confidence_level":0.95,"lower_bound":2725.79024080907,"upper_bound":23518.69718637899},"point_estimate":14158.005476075788,"standard_error":6553.634584386059}}