{"mean":{"confidence_interval":{"confidence_level":0.95,"lower_bound":2964922.321823531,"upper_bound":2968553.432029411},"point_estimate":2966781.775882352,"standard_error":929.1388109771796},"median":{"confidence_interval":{"confidence_level":0.95,"lower_bound":2965682.9411764704,"upper_bound":2969906.8235294116},"point_estimate":2967471.294117647,"standard_error":1186.2055859444363},"median_abs_dev":{"confidence_interval":{"confidence_level":0.95,"lower_bound":4923.302437005917,"upper_bound":7845.221366601304},"point_estimate":6327.649475897425,"standard_error":742.9997981667153},"slope":null,"std_dev":{"confidence_interval":{"confidence_level":0.95,"lower_bound":7085.61900404641,"upper_bound":11304.550193338453},"point_estimate":9265.362747268315,"standard_error":1078.9908112179683}}