{"mean":{"confidence_interval":{"confidence_level":0.95,"lower_bound":5367930.459975006,"upper_bound":5373629.776000006},"point_estimate":5370397.5620000055,"standard_error":1462.4969805313178},"median":{"confidence_interval":{"confidence_level":0.95,"lower_bound":5365645.55,"upper_bound":5368325.5},"point_estimate":5366750.6,"standard_error":693.6473020101876},"median_abs_dev":{"confidence_interval":{"confidence_level":0.95,"lower_bound":3550.7528069618124,"upper_bound":6264.059018790445},"point_estimate":4462.6259207725525,"standard_error":706.5352241676392},"slope":null,"std_dev":{"confidence_interval":{"confidence_level":0.95,"lower_bound":6764.49402536732,"upper_bound":22473.86620086117},"point_estimate":14764.446578940237,"standard_error":4552.310261434992}}