{"mean":{"confidence_interval":{"confidence_level":0.95,"lower_bound":1804090.4598930322,"upper_bound":1812142.1012199807},"point_estimate":1807511.5925953684,"standard_error":2094.293028364328},"median":{"confidence_interval":{"confidence_level":0.95,"lower_bound":1802412.7464788733,"upper_bound":1803717.1506849315},"point_estimate":1803000.8416776462,"standard_error":279.4799849763044},"median_abs_dev":{"confidence_interval":{"confidence_level":0.95,"lower_bound":1651.7719329788088,"upper_bound":2874.2048994545485},"point_estimate":2120.455193092069,"standard_error":305.1563219498489},"slope":{"confidence_interval":{"confidence_level":0.95,"lower_bound":1803294.5326761762,"upper_bound":1814792.831255572},"point_estimate":1807368.3018797103,"standard_error":3248.5231015755794},"std_dev":{"confidence_interval":{"confidence_level":0.95,"lower_bound":5202.702916440777,"upper_bound":32302.98560049328},"point_estimate":21078.967798328373,"standard_error":7178.080652772175}}