{"mean":{"confidence_interval":{"confidence_level":0.95,"lower_bound":2914649.497944443,"upper_bound":2915503.4508888875},"point_estimate":2915070.7005555546,"standard_error":217.8129922590735},"median":{"confidence_interval":{"confidence_level":0.95,"lower_bound":2914504.722222222,"upper_bound":2915501.9166666665},"point_estimate":2914970.5,"standard_error":293.60146585723373},"median_abs_dev":{"confidence_interval":{"confidence_level":0.95,"lower_bound":1785.4210183024406,"upper_bound":2771.679467459558},"point_estimate":2346.8322083355147,"standard_error":248.7212580413798},"slope":null,"std_dev":{"confidence_interval":{"confidence_level":0.95,"lower_bound":1885.8587320541135,"upper_bound":2477.56405228422},"point_estimate":2197.212808240777,"standard_error":151.027880937922}}