{"mean":{"confidence_interval":{"confidence_level":0.95,"lower_bound":1970859.6534200003,"upper_bound":2017634.8504000015},"point_estimate":1990550.9568000003,"standard_error":12214.768984401928},"median":{"confidence_interval":{"confidence_level":0.95,"lower_bound":1968956.88,"upper_bound":1969723.1},"point_estimate":1969405.52,"standard_error":213.6583145942097},"median_abs_dev":{"confidence_interval":{"confidence_level":0.95,"lower_bound":2200.7417489290306,"upper_bound":4251.474032521013},"point_estimate":2825.746593832887,"standard_error":533.7655513477049},"slope":null,"std_dev":{"confidence_interval":{"confidence_level":0.95,"lower_bound":6016.66456066182,"upper_bound":196489.0529336281},"point_estimate":122890.16469957828,"standard_error":47382.21864885573}}