{"mean":{"confidence_interval":{"confidence_level":0.95,"lower_bound":3149883.8929375,"upper_bound":3225574.567421875},"point_estimate":3186837.166875,"standard_error":19261.39791118649},"median":{"confidence_interval":{"confidence_level":0.95,"lower_bound":3122047.65625,"upper_bound":3196489.8125},"point_estimate":3165845.4375,"standard_error":19831.763196431402},"median_abs_dev":{"confidence_interval":{"confidence_level":0.95,"lower_bound":118943.99211332202,"upper_bound":215046.26140091568},"point_estimate":173231.70671202242,"standard_error":23732.566132450167},"slope":null,"std_dev":{"confidence_interval":{"confidence_level":0.95,"lower_bound":157025.22387075907,"upper_bound":229529.6056827899},"point_estimate":193413.79473215246,"standard_error":18652.283629921596}}