{"mean":{"confidence_interval":{"confidence_level":0.95,"lower_bound":1843521.2101119312,"upper_bound":1850605.9220761817},"point_estimate":1846370.884387511,"standard_error":1867.8597236964033},"median":{"confidence_interval":{"confidence_level":0.95,"lower_bound":1841301.3589655173,"upper_bound":1843518.9411764706},"point_estimate":1842200.505263158,"standard_error":554.6341193923681},"median_abs_dev":{"confidence_interval":{"confidence_level":0.95,"lower_bound":2583.5086418168885,"upper_bound":4353.699938482298},"point_estimate":3257.594705478995,"standard_error":431.3349552345053},"slope":{"confidence_interval":{"confidence_level":0.95,"lower_bound":1843121.4409075247,"upper_bound":1846171.8213697055},"point_estimate":1844527.9779074923,"standard_error":783.6830593239691},"std_dev":{"confidence_interval":{"confidence_level":0.95,"lower_bound":5558.469168350374,"upper_bound":30559.767610657444},"point_estimate":18801.633698281308,"standard_error":7836.588822328657}}