{"mean":{"confidence_interval":{"confidence_level":0.95,"lower_bound":2792746.83573611,"upper_bound":2843529.693541667},"point_estimate":2818558.9083333337,"standard_error":13011.663360710234},"median":{"confidence_interval":{"confidence_level":0.95,"lower_bound":2827427.3055555555,"upper_bound":2883508.111111111},"point_estimate":2854649.888888889,"standard_error":14575.984142243198},"median_abs_dev":{"confidence_interval":{"confidence_level":0.95,"lower_bound":77466.42519136285,"upper_bound":151666.88855737424},"point_estimate":115392.32091804338,"standard_error":18554.720043888923},"slope":null,"std_dev":{"confidence_interval":{"confidence_level":0.95,"lower_bound":111479.50218052731,"upper_bound":147672.74961392605},"point_estimate":130939.41536693637,"standard_error":9222.5864343137}}