{"mean":{"confidence_interval":{"confidence_level":0.95,"lower_bound":3384060.6539,"upper_bound":3414905.248666667},"point_estimate":3398844.1580000008,"standard_error":7871.276062945367},"median":{"confidence_interval":{"confidence_level":0.95,"lower_bound":3366451.066666667,"upper_bound":3387728.8666666667},"point_estimate":3375858.5,"standard_error":5736.866877582355},"median_abs_dev":{"confidence_interval":{"confidence_level":0.95,"lower_bound":35401.02797150658,"upper_bound":58634.67671802655},"point_estimate":45241.04399681103,"standard_error":5906.39636617845},"slope":null,"std_dev":{"confidence_interval":{"confidence_level":0.95,"lower_bound":61900.94784640271,"upper_bound":93957.64110997948},"point_estimate":79235.009734225,"standard_error":8194.469700511952}}