{"mean":{"confidence_interval":{"confidence_level":0.95,"lower_bound":1923958.898359997,"upper_bound":1926526.9256164911},"point_estimate":1925113.1893146583,"standard_error":652.4772617220834},"median":{"confidence_interval":{"confidence_level":0.95,"lower_bound":1923285.76,"upper_bound":1924309.6944444445},"point_estimate":1923739.1429824561,"standard_error":245.351316316118},"median_abs_dev":{"confidence_interval":{"confidence_level":0.95,"lower_bound":1541.006242399449,"upper_bound":2798.822223341144},"point_estimate":2133.94834166019,"standard_error":347.264666998783},"slope":{"confidence_interval":{"confidence_level":0.95,"lower_bound":1924328.2126643457,"upper_bound":1926047.0310185766},"point_estimate":1925123.5064784987,"standard_error":437.6036803021947},"std_dev":{"confidence_interval":{"confidence_level":0.95,"lower_bound":3319.4916127452966,"upper_bound":9664.472604144787},"point_estimate":6606.8705310374535,"standard_error":1671.9624114930562}}