{"mean":{"confidence_interval":{"confidence_level":0.95,"lower_bound":5976853.359305554,"upper_bound":6071010.768749995},"point_estimate":6021976.525555554,"standard_error":23994.907982126475},"median":{"confidence_interval":{"confidence_level":0.95,"lower_bound":5939326.777777778,"upper_bound":6007791.444444444},"point_estimate":5968272.777777778,"standard_error":16426.32529843241},"median_abs_dev":{"confidence_interval":{"confidence_level":0.95,"lower_bound":113391.7993535602,"upper_bound":194790.738608439},"point_estimate":144660.07989843702,"standard_error":20761.18819754058},"slope":null,"std_dev":{"confidence_interval":{"confidence_level":0.95,"lower_bound":180624.06066152573,"upper_bound":297185.04794646474},"point_estimate":241513.28815827405,"standard_error":29737.13525456694}}