{"mean":{"confidence_interval":{"confidence_level":0.95,"lower_bound":5682334.859777778,"upper_bound":5711177.541944447},"point_estimate":5696983.183333333,"standard_error":7369.623748993015},"median":{"confidence_interval":{"confidence_level":0.95,"lower_bound":5682459.444444444,"upper_bound":5729217.555555556},"point_estimate":5711288.611111111,"standard_error":12235.735126260084},"median_abs_dev":{"confidence_interval":{"confidence_level":0.95,"lower_bound":57765.883841117145,"upper_bound":90384.10049036177},"point_estimate":68869.15741066122,"standard_error":7936.369882242752},"slope":null,"std_dev":{"confidence_interval":{"confidence_level":0.95,"lower_bound":62330.14915430242,"upper_bound":85693.38965310177},"point_estimate":74414.67300965855,"standard_error":5967.668914361946}}