{"mean":{"confidence_interval":{"confidence_level":0.95,"lower_bound":5415322.637175001,"upper_bound":5418316.570374999},"point_estimate":5416778.544999999,"standard_error":767.6645813603856},"median":{"confidence_interval":{"confidence_level":0.95,"lower_bound":5413595.25,"upper_bound":5417505.2},"point_estimate":5415015.25,"standard_error":874.2381687036278},"median_abs_dev":{"confidence_interval":{"confidence_level":0.95,"lower_bound":5174.348038136683,"upper_bound":8080.318116545125},"point_estimate":6641.973752081671,"standard_error":707.5421651068423},"slope":null,"std_dev":{"confidence_interval":{"confidence_level":0.95,"lower_bound":6268.474209455686,"upper_bound":8995.681544609994},"point_estimate":7698.2751521792925,"standard_error":696.2412854487818}}