{"mean":{"confidence_interval":{"confidence_level":0.95,"lower_bound":3265966.86684375,"upper_bound":3356877.259265625},"point_estimate":3309137.9675,"standard_error":23193.053394989172},"median":{"confidence_interval":{"confidence_level":0.95,"lower_bound":3217879.5625,"upper_bound":3293114.0625},"point_estimate":3256632.78125,"standard_error":15651.527588060864},"median_abs_dev":{"confidence_interval":{"confidence_level":0.95,"lower_bound":102044.71530709416,"upper_bound":192673.31815436482},"point_estimate":147352.13654022664,"standard_error":23975.022679970112},"slope":null,"std_dev":{"confidence_interval":{"confidence_level":0.95,"lower_bound":174419.5835933069,"upper_bound":290769.6687321934},"point_estimate":233309.74935098298,"standard_error":29980.320419264655}}