{"mean":{"confidence_interval":{"confidence_level":0.95,"lower_bound":5420447.346800008,"upper_bound":5427060.027475008},"point_estimate":5423407.928000006,"standard_error":1685.7429445297182},"median":{"confidence_interval":{"confidence_level":0.95,"lower_bound":5421425.6,"upper_bound":5424430.55},"point_estimate":5422705.55,"standard_error":807.4570966800418},"median_abs_dev":{"confidence_interval":{"confidence_level":0.95,"lower_bound":4106.876057088099,"upper_bound":7086.902004182062},"point_estimate":5418.902903795242,"standard_error":758.8987882785696},"slope":null,"std_dev":{"confidence_interval":{"confidence_level":0.95,"lower_bound":9178.207588302248,"upper_bound":25392.546601881822},"point_estimate":16976.438504497517,"standard_error":4810.603936108866}}