{"mean":{"confidence_interval":{"confidence_level":0.95,"lower_bound":2683638.392039473,"upper_bound":2684693.9488684214},"point_estimate":2684145.105263158,"standard_error":270.530332252931},"median":{"confidence_interval":{"confidence_level":0.95,"lower_bound":2683411.6315789474,"upper_bound":2684398.5263157897},"point_estimate":2683787.9736842103,"standard_error":222.3591944185237},"median_abs_dev":{"confidence_interval":{"confidence_level":0.95,"lower_bound":1638.7021445911776,"upper_bound":2436.9261672621915},"point_estimate":2138.065225199431,"standard_error":204.0829332982443},"slope":null,"std_dev":{"confidence_interval":{"confidence_level":0.95,"lower_bound":1950.0887722606003,"upper_bound":3485.4297776581884},"point_estimate":2725.362853940267,"standard_error":401.84665377964916}}