{"mean":{"confidence_interval":{"confidence_level":0.95,"lower_bound":1839863.9453521199,"upper_bound":1852077.5788231376},"point_estimate":1844857.4902419057,"standard_error":3279.818007153611},"median":{"confidence_interval":{"confidence_level":0.95,"lower_bound":1838953.0489510489,"upper_bound":1839932.9857142856},"point_estimate":1839510.8277777778,"standard_error":227.7651204521902},"median_abs_dev":{"confidence_interval":{"confidence_level":0.95,"lower_bound":1582.7976755007724,"upper_bound":2836.1090387014533},"point_estimate":2216.0492406572894,"standard_error":303.6534850924786},"slope":{"confidence_interval":{"confidence_level":0.95,"lower_bound":1839780.3948912683,"upper_bound":1841961.143894932},"point_estimate":1840743.1093512634,"standard_error":561.4008479369721},"std_dev":{"confidence_interval":{"confidence_level":0.95,"lower_bound":3585.080195646729,"upper_bound":51041.91915769811},"point_estimate":32847.89262050779,"standard_error":12999.715811481017}}