{"mean":{"confidence_interval":{"confidence_level":0.95,"lower_bound":2639317.8551625004,"upper_bound":2640873.8884625006},"point_estimate":2640064.4200000004,"standard_error":395.6538522306176},"median":{"confidence_interval":{"confidence_level":0.95,"lower_bound":2638798.6,"upper_bound":2640448.625},"point_estimate":2639618.65,"standard_error":413.54960341276063},"median_abs_dev":{"confidence_interval":{"confidence_level":0.95,"lower_bound":2490.805020779233,"upper_bound":4147.610491365402},"point_estimate":3202.4530081449557,"standard_error":407.8542169239961},"slope":null,"std_dev":{"confidence_interval":{"confidence_level":0.95,"lower_bound":2982.921319677104,"upper_bound":5040.157526195432},"point_estimate":3974.5582783347313,"standard_error":539.820042773164}}