{"mean":{"confidence_interval":{"confidence_level":0.95,"lower_bound":3006363.076750001,"upper_bound":3062839.9737352966},"point_estimate":3028849.4699999993,"standard_error":14805.198280663426},"median":{"confidence_interval":{"confidence_level":0.95,"lower_bound":2999688.5588235296,"upper_bound":3003367.8235294116},"point_estimate":3001665.1764705884,"standard_error":868.5981328987318},"median_abs_dev":{"confidence_interval":{"confidence_level":0.95,"lower_bound":7478.452296642473,"upper_bound":12270.65147038805},"point_estimate":10116.782555685262,"standard_error":1227.462907857528},"slope":null,"std_dev":{"confidence_interval":{"confidence_level":0.95,"lower_bound":37092.16016693986,"upper_bound":241139.32988121035},"point_estimate":148237.87655557072,"standard_error":61238.84400825375}}