{"mean":{"confidence_interval":{"confidence_level":0.95,"lower_bound":3473020.3427999998,"upper_bound":3543996.4477666635},"point_estimate":3507628.5766666653,"standard_error":18076.850468771467},"median":{"confidence_interval":{"confidence_level":0.95,"lower_bound":3479486.8,"upper_bound":3538440.066666667},"point_estimate":3498076.8,"standard_error":15343.780311551918},"median_abs_dev":{"confidence_interval":{"confidence_level":0.95,"lower_bound":71727.59368658107,"upper_bound":145418.3968383071},"point_estimate":109104.58148300629,"standard_error":19012.310461986952},"slope":null,"std_dev":{"confidence_interval":{"confidence_level":0.95,"lower_bound":136374.5818846365,"upper_bound":222930.81884555146},"point_estimate":181509.29952484687,"standard_error":22166.625360942922}}