{"mean":{"confidence_interval":{"confidence_level":0.95,"lower_bound":2715241.2621447374,"upper_bound":2718335.136302632},"point_estimate":2716731.8784210533,"standard_error":789.5935486777936},"median":{"confidence_interval":{"confidence_level":0.95,"lower_bound":2713942.736842105,"upper_bound":2717503.3157894737},"point_estimate":2715187.5,"standard_error":1043.7961799333696},"median_abs_dev":{"confidence_interval":{"confidence_level":0.95,"lower_bound":5462.288460919877,"upper_bound":8829.468080087585},"point_estimate":7623.8411909654615,"standard_error":931.5935247753785},"slope":null,"std_dev":{"confidence_interval":{"confidence_level":0.95,"lower_bound":6082.986450794351,"upper_bound":9861.376467913506},"point_estimate":7920.672985247262,"standard_error":986.2395361635599}}