{"mean":{"confidence_interval":{"confidence_level":0.95,"lower_bound":2568307.7115499997,"upper_bound":2571948.0267375},"point_estimate":2569986.2675000005,"standard_error":932.0156603706861},"median":{"confidence_interval":{"confidence_level":0.95,"lower_bound":2567979.95,"upper_bound":2571549.95},"point_estimate":2570217.2,"standard_error":937.0597770677315},"median_abs_dev":{"confidence_interval":{"confidence_level":0.95,"lower_bound":4262.469364576045,"upper_bound":7576.159995495997},"point_estimate":5941.445264518192,"standard_error":892.1429471868429},"slope":null,"std_dev":{"confidence_interval":{"confidence_level":0.95,"lower_bound":5516.149378244523,"upper_bound":12833.860591979634},"point_estimate":9340.74524565689,"standard_error":1945.5954169790032}}