{"mean":{"confidence_interval":{"confidence_level":0.95,"lower_bound":3267966.871609375,"upper_bound":3313763.03046875},"point_estimate":3290313.091875,"standard_error":11714.67509303777},"median":{"confidence_interval":{"confidence_level":0.95,"lower_bound":3239095.78125,"upper_bound":3287325.1875},"point_estimate":3259788.9375,"standard_error":12444.192140204203},"median_abs_dev":{"confidence_interval":{"confidence_level":0.95,"lower_bound":60828.38854929899,"upper_bound":125390.35533137618},"point_estimate":83360.5271263048,"standard_error":17662.467977722314},"slope":null,"std_dev":{"confidence_interval":{"confidence_level":0.95,"lower_bound":97289.91972715373,"upper_bound":137155.95627289874},"point_estimate":117998.83201077023,"standard_error":10186.813317344793}}