{"mean":{"confidence_interval":{"confidence_level":0.95,"lower_bound":2799092.272986111,"upper_bound":2802283.387694444},"point_estimate":2800683.0505555565,"standard_error":813.5231038147534},"median":{"confidence_interval":{"confidence_level":0.95,"lower_bound":2796776.6666666665,"upper_bound":2804676.6666666665},"point_estimate":2802323.861111111,"standard_error":1612.7865709336734},"median_abs_dev":{"confidence_interval":{"confidence_level":0.95,"lower_bound":6960.023363518258,"upper_bound":12272.674298783066},"point_estimate":10814.701958000429,"standard_error":1290.8042663322237},"slope":null,"std_dev":{"confidence_interval":{"confidence_level":0.95,"lower_bound":7394.419042253863,"upper_bound":8859.767745072375},"point_estimate":8178.617452382555,"standard_error":373.386392699742}}