{"mean":{"confidence_interval":{"confidence_level":0.95,"lower_bound":1935123.0315656804,"upper_bound":1944634.8829949712},"point_estimate":1939161.2614212097,"standard_error":2464.8179809590615},"median":{"confidence_interval":{"confidence_level":0.95,"lower_bound":1934338.283882784,"upper_bound":1935961.75},"point_estimate":1935211.0428571429,"standard_error":455.748593295012},"median_abs_dev":{"confidence_interval":{"confidence_level":0.95,"lower_bound":2108.6233683886126,"upper_bound":3884.984326774454},"point_estimate":3153.97221725814,"standard_error":449.8949100237975},"slope":{"confidence_interval":{"confidence_level":0.95,"lower_bound":1935662.740849034,"upper_bound":1938218.0082164588},"point_estimate":1936756.1444746563,"standard_error":655.8850858421952},"std_dev":{"confidence_interval":{"confidence_level":0.95,"lower_bound":4649.952831809674,"upper_bound":39202.408353815335},"point_estimate":24894.383777541192,"standard_error":8665.594527363839}}