{"mean":{"confidence_interval":{"confidence_level":0.95,"lower_bound":1854335.5672373553,"upper_bound":1859893.5054236052},"point_estimate":1856564.7972870204,"standard_error":1442.3529519354038},"median":{"confidence_interval":{"confidence_level":0.95,"lower_bound":1853116.5714285714,"upper_bound":1855009.175420168},"point_estimate":1853889.5779569892,"standard_error":472.92044945617243},"median_abs_dev":{"confidence_interval":{"confidence_level":0.95,"lower_bound":3719.4100698084762,"upper_bound":6245.904117303254},"point_estimate":4711.331026665891,"standard_error":635.6178622993705},"slope":{"confidence_interval":{"confidence_level":0.95,"lower_bound":1854597.8331404752,"upper_bound":1857887.2435244075},"point_estimate":1856181.8844628343,"standard_error":839.7023625730254},"std_dev":{"confidence_interval":{"confidence_level":0.95,"lower_bound":5393.233972093067,"upper_bound":23302.048611852584},"point_estimate":14441.32255561463,"standard_error":5908.554775562981}}