{"mean":{"confidence_interval":{"confidence_level":0.95,"lower_bound":1935947.3700734267,"upper_bound":1959084.4408550465},"point_estimate":1944569.8052440668,"standard_error":6229.050606650719},"median":{"confidence_interval":{"confidence_level":0.95,"lower_bound":1933885.121212121,"upper_bound":1934895.6923076923},"point_estimate":1934333.927013197,"standard_error":272.83249869928125},"median_abs_dev":{"confidence_interval":{"confidence_level":0.95,"lower_bound":2060.0768994262785,"upper_bound":3934.399024141964},"point_estimate":3001.9203159047875,"standard_error":459.937977683542},"slope":{"confidence_interval":{"confidence_level":0.95,"lower_bound":1935615.5025426347,"upper_bound":1945451.7533540295},"point_estimate":1939471.480215753,"standard_error":2586.8740511534843},"std_dev":{"confidence_interval":{"confidence_level":0.95,"lower_bound":6615.450084973179,"upper_bound":104816.70416068948},"point_estimate":62735.40974604565,"standard_error":30150.518261242152}}