{"mean":{"confidence_interval":{"confidence_level":0.95,"lower_bound":1809584.7116585982,"upper_bound":1813912.4922993886},"point_estimate":1811414.6867796509,"standard_error":1121.8969963968168},"median":{"confidence_interval":{"confidence_level":0.95,"lower_bound":1808012.3125,"upper_bound":1808974.0547974412},"point_estimate":1808450.8295454546,"standard_error":262.1732059640478},"median_abs_dev":{"confidence_interval":{"confidence_level":0.95,"lower_bound":1621.9723137042795,"upper_bound":2801.553145271495},"point_estimate":2179.94338805765,"standard_error":292.5765782494234},"slope":{"confidence_interval":{"confidence_level":0.95,"lower_bound":1808062.0176338803,"upper_bound":1809604.9334139994},"point_estimate":1808709.6792552092,"standard_error":400.103882675578},"std_dev":{"confidence_interval":{"confidence_level":0.95,"lower_bound":4266.662995115937,"upper_bound":17589.679896846766},"point_estimate":11242.894280431727,"standard_error":3884.800378965367}}