{"mean":{"confidence_interval":{"confidence_level":0.95,"lower_bound":1843657.9431851632,"upper_bound":1850308.6398965286},"point_estimate":1846532.9859776911,"standard_error":1711.0959791622229},"median":{"confidence_interval":{"confidence_level":0.95,"lower_bound":1842074.163265306,"upper_bound":1843356.0},"point_estimate":1842864.6964157706,"standard_error":305.2143759146054},"median_abs_dev":{"confidence_interval":{"confidence_level":0.95,"lower_bound":1932.4733255124913,"upper_bound":3635.4929693721488},"point_estimate":2828.840095831646,"standard_error":445.9372819122599},"slope":{"confidence_interval":{"confidence_level":0.95,"lower_bound":1843572.603950964,"upper_bound":1849063.5614881401},"point_estimate":1845957.0951204374,"standard_error":1419.4864408116064},"std_dev":{"confidence_interval":{"confidence_level":0.95,"lower_bound":5771.269526242169,"upper_bound":25527.893343248208},"point_estimate":17145.619430541527,"standard_error":5048.886432847278}}