{"mean":{"confidence_interval":{"confidence_level":0.95,"lower_bound":2705632.1981315794,"upper_bound":2707283.7744736844},"point_estimate":2706448.249473684,"standard_error":421.57625722795683},"median":{"confidence_interval":{"confidence_level":0.95,"lower_bound":2705988.8947368423,"upper_bound":2707415.263157895},"point_estimate":2706399.4210526315,"standard_error":369.64714924330644},"median_abs_dev":{"confidence_interval":{"confidence_level":0.95,"lower_bound":3097.9297100003564,"upper_bound":5399.902214658851},"point_estimate":4303.51953412319,"standard_error":578.0385250027559},"slope":null,"std_dev":{"confidence_interval":{"confidence_level":0.95,"lower_bound":3557.403976860118,"upper_bound":4884.8199673232575},"point_estimate":4236.928301708509,"standard_error":337.581318197935}}