{"mean":{"confidence_interval":{"confidence_level":0.95,"lower_bound":18957.11138870095,"upper_bound":19537.686041319506},"point_estimate":19239.150688616453,"standard_error":148.71412017842033},"median":{"confidence_interval":{"confidence_level":0.95,"lower_bound":18254.629711751662,"upper_bound":18782.540672684292},"point_estimate":18301.448740500986,"standard_error":151.4836983157396},"median_abs_dev":{"confidence_interval":{"confidence_level":0.95,"lower_bound":329.10089384022075,"upper_bound":1163.1504565279831},"point_estimate":489.81116829220315,"standard_error":199.49159105199465},"slope":{"confidence_interval":{"confidence_level":0.95,"lower_bound":18399.00935943356,"upper_bound":18584.398904203048},"point_estimate":18489.35148837272,"standard_error":47.311692754230826},"std_dev":{"confidence_interval":{"confidence_level":0.95,"lower_bound":1256.435142054132,"upper_bound":1743.0720173722286},"point_estimate":1491.885293220268,"standard_error":127.21046823135002}}