{"mean":{"confidence_interval":{"confidence_level":0.95,"lower_bound":38833.35998096524,"upper_bound":39469.30774203511},"point_estimate":39149.58505602255,"standard_error":163.31833152683217},"median":{"confidence_interval":{"confidence_level":0.95,"lower_bound":38134.21430583501,"upper_bound":39502.203296703294},"point_estimate":38480.99209271338,"standard_error":328.5533869945953},"median_abs_dev":{"confidence_interval":{"confidence_level":0.95,"lower_bound":937.4164571110863,"upper_bound":2322.687982952355},"point_estimate":1711.791434429746,"standard_error":376.49565694003024},"slope":{"confidence_interval":{"confidence_level":0.95,"lower_bound":38032.2502383418,"upper_bound":38380.06506072474},"point_estimate":38198.981118453,"standard_error":88.91595274004156},"std_dev":{"confidence_interval":{"confidence_level":0.95,"lower_bound":1476.0224127515874,"upper_bound":1788.8481098715486},"point_estimate":1640.6975070753158,"standard_error":79.88557801559314}}