{"mean":{"confidence_interval":{"confidence_level":0.95,"lower_bound":22044.328500000003,"upper_bound":22319.69575000001},"point_estimate":22177.13571428572,"standard_error":70.27280786417698},"median":{"confidence_interval":{"confidence_level":0.95,"lower_bound":21883.214285714283,"upper_bound":22026.928571428572},"point_estimate":21959.642857142855,"standard_error":38.908304223747905},"median_abs_dev":{"confidence_interval":{"confidence_level":0.95,"lower_bound":265.1735952922253,"upper_bound":486.824938857132},"point_estimate":403.0553928443368,"standard_error":56.07716966024947},"slope":null,"std_dev":{"confidence_interval":{"confidence_level":0.95,"lower_bound":548.6319760532101,"upper_bound":844.0542993741992},"point_estimate":704.6544499148404,"standard_error":75.45486556851225}}