{"mean":{"confidence_interval":{"confidence_level":0.95,"lower_bound":17466.4448014553,"upper_bound":17968.54502521841},"point_estimate":17713.47203651575,"standard_error":128.40126490560388},"median":{"confidence_interval":{"confidence_level":0.95,"lower_bound":16816.47034418422,"upper_bound":17324.705694444445},"point_estimate":16890.349781458477,"standard_error":158.734404639054},"median_abs_dev":{"confidence_interval":{"confidence_level":0.95,"lower_bound":340.9336379782288,"upper_bound":1223.1655475539114},"point_estimate":536.2323737875,"standard_error":251.1879741562503},"slope":{"confidence_interval":{"confidence_level":0.95,"lower_bound":16882.998842231682,"upper_bound":17215.895262218808},"point_estimate":17020.030952169844,"standard_error":86.35223204581342},"std_dev":{"confidence_interval":{"confidence_level":0.95,"lower_bound":1158.2422166974793,"upper_bound":1392.3315088761574},"point_estimate":1292.060023680236,"standard_error":59.76474694426166}}