{"mean":{"confidence_interval":{"confidence_level":0.95,"lower_bound":42933.09157848616,"upper_bound":43578.03761736134},"point_estimate":43253.791729238204,"standard_error":164.46448661079225},"median":{"confidence_interval":{"confidence_level":0.95,"lower_bound":41786.92391304348,"upper_bound":44517.86257309941},"point_estimate":43085.86415816327,"standard_error":952.2170734973799},"median_abs_dev":{"confidence_interval":{"confidence_level":0.95,"lower_bound":576.5499498716417,"upper_bound":2649.876819621953},"point_estimate":2391.865688293163,"standard_error":666.3567735123789},"slope":{"confidence_interval":{"confidence_level":0.95,"lower_bound":41886.66945745658,"upper_bound":42226.81640612313},"point_estimate":42034.0429712822,"standard_error":86.7065402437862},"std_dev":{"confidence_interval":{"confidence_level":0.95,"lower_bound":1569.5184265503553,"upper_bound":1727.6651382597786},"point_estimate":1657.6591697562515,"standard_error":40.35834839409405}}