{"mean":{"confidence_interval":{"confidence_level":0.95,"lower_bound":40957.3715891694,"upper_bound":41553.848458598186},"point_estimate":41246.010515475755,"standard_error":152.23054344483168},"median":{"confidence_interval":{"confidence_level":0.95,"lower_bound":40293.06648936171,"upper_bound":41493.27519379845},"point_estimate":40536.96794088911,"standard_error":299.680029953831},"median_abs_dev":{"confidence_interval":{"confidence_level":0.95,"lower_bound":691.241430694178,"upper_bound":1941.2360980361693},"point_estimate":1131.7545301555049,"standard_error":320.8270084604597},"slope":{"confidence_interval":{"confidence_level":0.95,"lower_bound":40235.05389440911,"upper_bound":40455.97253046948},"point_estimate":40339.20080636422,"standard_error":56.27151718905436},"std_dev":{"confidence_interval":{"confidence_level":0.95,"lower_bound":1270.8483140114708,"upper_bound":1807.3002634088562},"point_estimate":1529.2016323478128,"standard_error":139.32327473027078}}