{"mean":{"confidence_interval":{"confidence_level":0.95,"lower_bound":20672.972499999996,"upper_bound":20829.165821428567},"point_estimate":20744.944285714282,"standard_error":39.97107709238119},"median":{"confidence_interval":{"confidence_level":0.95,"lower_bound":20624.642857142855,"upper_bound":20745.0},"point_estimate":20696.928571428572,"standard_error":30.15447546166266},"median_abs_dev":{"confidence_interval":{"confidence_level":0.95,"lower_bound":226.8377959728214,"upper_bound":366.9461409854057},"point_estimate":286.4594949143281,"standard_error":35.78813404981429},"slope":null,"std_dev":{"confidence_interval":{"confidence_level":0.95,"lower_bound":263.312736641076,"upper_bound":562.8835348963235},"point_estimate":402.67951980319793,"standard_error":87.42216618621961}}