{"mean":{"confidence_interval":{"confidence_level":0.95,"lower_bound":39413.11201619817,"upper_bound":40066.176249161384},"point_estimate":39737.21031833496,"standard_error":166.37828430237707},"median":{"confidence_interval":{"confidence_level":0.95,"lower_bound":38612.11553030303,"upper_bound":40266.34126984127},"point_estimate":38868.6781926407,"standard_error":319.842717426043},"median_abs_dev":{"confidence_interval":{"confidence_level":0.95,"lower_bound":702.4788673016213,"upper_bound":2374.8571183389877},"point_estimate":1287.6588395288934,"standard_error":440.88079440479385},"slope":{"confidence_interval":{"confidence_level":0.95,"lower_bound":38528.153726147575,"upper_bound":38812.207746321255},"point_estimate":38659.68610216246,"standard_error":72.39558058415736},"std_dev":{"confidence_interval":{"confidence_level":0.95,"lower_bound":1525.2894142454588,"upper_bound":1805.7316820204062},"point_estimate":1681.5369191402506,"standard_error":71.19753533098904}}