{"mean":{"confidence_interval":{"confidence_level":0.95,"lower_bound":40236.99329708871,"upper_bound":41086.525764770595},"point_estimate":40654.80727642442,"standard_error":216.45913755487436},"median":{"confidence_interval":{"confidence_level":0.95,"lower_bound":38953.19047619047,"upper_bound":42046.259259259255},"point_estimate":39142.235243055555,"standard_error":766.7036900030074},"median_abs_dev":{"confidence_interval":{"confidence_level":0.95,"lower_bound":419.2712880326397,"upper_bound":3855.5063326506875},"point_estimate":934.5232431105189,"standard_error":800.5797495263652},"slope":{"confidence_interval":{"confidence_level":0.95,"lower_bound":39046.40533306101,"upper_bound":39330.75797913948},"point_estimate":39170.833417565635,"standard_error":72.47176253916041},"std_dev":{"confidence_interval":{"confidence_level":0.95,"lower_bound":1998.9662865338262,"upper_bound":2326.596423284286},"point_estimate":2177.7031315458257,"standard_error":83.17010893454258}}