{"mean":{"confidence_interval":{"confidence_level":0.95,"lower_bound":18783.636762601676,"upper_bound":19307.218672701147},"point_estimate":19040.559254001837,"standard_error":133.338211090913},"median":{"confidence_interval":{"confidence_level":0.95,"lower_bound":18175.614379084967,"upper_bound":18291.63888888889},"point_estimate":18212.392034622128,"standard_error":39.05712363915138},"median_abs_dev":{"confidence_interval":{"confidence_level":0.95,"lower_bound":150.87155882020153,"upper_bound":512.0287305877042},"point_estimate":264.9326599534682,"standard_error":98.79664179989996},"slope":{"confidence_interval":{"confidence_level":0.95,"lower_bound":18206.42958593057,"upper_bound":18307.19845365034},"point_estimate":18251.241079749765,"standard_error":25.74798290178475},"std_dev":{"confidence_interval":{"confidence_level":0.95,"lower_bound":1185.3563664579126,"upper_bound":1453.381712523283},"point_estimate":1341.7658243519807,"standard_error":68.49245813469102}}