{"mean":{"confidence_interval":{"confidence_level":0.95,"lower_bound":18641.605432089684,"upper_bound":19066.106664509047},"point_estimate":18850.208321794144,"standard_error":108.42277047157425},"median":{"confidence_interval":{"confidence_level":0.95,"lower_bound":18145.95290798611,"upper_bound":18252.811140350877},"point_estimate":18182.114078443876,"standard_error":57.70525438737252},"median_abs_dev":{"confidence_interval":{"confidence_level":0.95,"lower_bound":241.15997627043618,"upper_bound":635.6868436201471},"point_estimate":444.386860946124,"standard_error":102.20136055483484},"slope":{"confidence_interval":{"confidence_level":0.95,"lower_bound":18176.223464185885,"upper_bound":18281.64087494067},"point_estimate":18224.414502733856,"standard_error":26.832831257044752},"std_dev":{"confidence_interval":{"confidence_level":0.95,"lower_bound":987.7074579650233,"upper_bound":1152.8779861448534},"point_estimate":1087.8741390715884,"standard_error":42.19826239507152}}