{"mean":{"confidence_interval":{"confidence_level":0.95,"lower_bound":42595.46372428603,"upper_bound":44148.524315499},"point_estimate":43348.55429730906,"standard_error":396.4109832980111},"median":{"confidence_interval":{"confidence_level":0.95,"lower_bound":41310.073096695225,"upper_bound":42674.76726964256},"point_estimate":41718.59235275979,"standard_error":361.59966461898233},"median_abs_dev":{"confidence_interval":{"confidence_level":0.95,"lower_bound":1861.3557818620782,"upper_bound":3711.9113144678977},"point_estimate":2666.625534187341,"standard_error":457.70412670120567},"slope":{"confidence_interval":{"confidence_level":0.95,"lower_bound":40948.46061984073,"upper_bound":41752.74510218855},"point_estimate":41332.00845987882,"standard_error":204.81757711846905},"std_dev":{"confidence_interval":{"confidence_level":0.95,"lower_bound":3350.760131827566,"upper_bound":4524.311236132834},"point_estimate":3993.790717362179,"standard_error":298.2289480681751}}