{"mean":{"confidence_interval":{"confidence_level":0.95,"lower_bound":40835.65235934734,"upper_bound":42361.75628731879},"point_estimate":41553.666337977214,"standard_error":389.75540603472245},"median":{"confidence_interval":{"confidence_level":0.95,"lower_bound":39901.27311827957,"upper_bound":41303.66857142857},"point_estimate":40151.92732589049,"standard_error":388.86311865623264},"median_abs_dev":{"confidence_interval":{"confidence_level":0.95,"lower_bound":1912.9777897271156,"upper_bound":3546.3861552991148},"point_estimate":2444.228102828656,"standard_error":439.6405577705999},"slope":{"confidence_interval":{"confidence_level":0.95,"lower_bound":39553.956107617916,"upper_bound":40586.09864919242},"point_estimate":40029.54700221664,"standard_error":263.6190953188859},"std_dev":{"confidence_interval":{"confidence_level":0.95,"lower_bound":2730.2856416288278,"upper_bound":5232.109207551116},"point_estimate":3909.902074900224,"standard_error":691.0923986369678}}