{"mean":{"confidence_interval":{"confidence_level":0.95,"lower_bound":28564.64116450626,"upper_bound":29231.57806832879},"point_estimate":28894.068467383422,"standard_error":170.03528676669296},"median":{"confidence_interval":{"confidence_level":0.95,"lower_bound":27611.268041237112,"upper_bound":28406.76341991342},"point_estimate":27666.21479400749,"standard_error":302.36894435267084},"median_abs_dev":{"confidence_interval":{"confidence_level":0.95,"lower_bound":228.42740149405117,"upper_bound":1686.2752174114878},"point_estimate":388.3139372600651,"standard_error":334.1507277539398},"slope":{"confidence_interval":{"confidence_level":0.95,"lower_bound":27696.187987132384,"upper_bound":27876.209763013187},"point_estimate":27774.488302476304,"standard_error":45.89244439732029},"std_dev":{"confidence_interval":{"confidence_level":0.95,"lower_bound":1566.989660427987,"upper_bound":1800.4126790464768},"point_estimate":1704.989691729154,"standard_error":59.20971373587936}}