{"mean":{"confidence_interval":{"confidence_level":0.95,"lower_bound":18970.67764384367,"upper_bound":19557.158143158835},"point_estimate":19259.41657399019,"standard_error":149.63135171570727},"median":{"confidence_interval":{"confidence_level":0.95,"lower_bound":18202.63068181818,"upper_bound":18374.0125},"point_estimate":18258.009024003622,"standard_error":100.71511224676419},"median_abs_dev":{"confidence_interval":{"confidence_level":0.95,"lower_bound":195.79333325841117,"upper_bound":593.9042574881524},"point_estimate":367.9114163816218,"standard_error":145.67713112117255},"slope":{"confidence_interval":{"confidence_level":0.95,"lower_bound":18272.101518783453,"upper_bound":18401.996610353664},"point_estimate":18329.480287424263,"standard_error":33.21011806375545},"std_dev":{"confidence_interval":{"confidence_level":0.95,"lower_bound":1354.8584769026663,"upper_bound":1608.42147836438},"point_estimate":1504.5700632795313,"standard_error":64.74116462350025}}