{"mean":{"confidence_interval":{"confidence_level":0.95,"lower_bound":35026.747872460306,"upper_bound":35682.508039208966},"point_estimate":35350.53294725205,"standard_error":167.42694753230555},"median":{"confidence_interval":{"confidence_level":0.95,"lower_bound":34059.48210314519,"upper_bound":35226.9018907563},"point_estimate":34186.790972222225,"standard_error":363.1866045251108},"median_abs_dev":{"confidence_interval":{"confidence_level":0.95,"lower_bound":348.4598927013621,"upper_bound":2125.281710450525},"point_estimate":607.6917647810734,"standard_error":431.57440984984106},"slope":{"confidence_interval":{"confidence_level":0.95,"lower_bound":34129.974869433965,"upper_bound":34354.94384498076},"point_estimate":34230.94718191222,"standard_error":57.501294334398395},"std_dev":{"confidence_interval":{"confidence_level":0.95,"lower_bound":1528.0116995420176,"upper_bound":1804.4667732957032},"point_estimate":1682.0535799373506,"standard_error":70.31643191215773}}