{"mean":{"confidence_interval":{"confidence_level":0.95,"lower_bound":41280.28701170247,"upper_bound":44703.53547208142},"point_estimate":42596.374755135934,"standard_error":914.6080554952606},"median":{"confidence_interval":{"confidence_level":0.95,"lower_bound":40391.01234567902,"upper_bound":42344.05535714286},"point_estimate":41348.920316461226,"standard_error":524.9105535612633},"median_abs_dev":{"confidence_interval":{"confidence_level":0.95,"lower_bound":2353.265289110909,"upper_bound":3650.997244906317},"point_estimate":3063.1735955771564,"standard_error":317.6395212475918},"slope":{"confidence_interval":{"confidence_level":0.95,"lower_bound":40042.53540121276,"upper_bound":41423.14360173608},"point_estimate":40652.25316880942,"standard_error":353.30760886368904},"std_dev":{"confidence_interval":{"confidence_level":0.95,"lower_bound":2537.762007821323,"upper_bound":15179.28212938781},"point_estimate":9162.103759081667,"standard_error":4233.858233370294}}