{"mean":{"confidence_interval":{"confidence_level":0.95,"lower_bound":34127.15654918391,"upper_bound":34731.86012743294},"point_estimate":34426.59420522453,"standard_error":153.26562439592567},"median":{"confidence_interval":{"confidence_level":0.95,"lower_bound":33315.8955882353,"upper_bound":33595.08664772727},"point_estimate":33389.66101819249,"standard_error":187.14370048724922},"median_abs_dev":{"confidence_interval":{"confidence_level":0.95,"lower_bound":307.4098759320784,"upper_bound":946.0852793261392},"point_estimate":508.38167466064584,"standard_error":221.66746020096045},"slope":{"confidence_interval":{"confidence_level":0.95,"lower_bound":33361.69157806575,"upper_bound":33526.736934318855},"point_estimate":33433.87670200975,"standard_error":42.075807531212426},"std_dev":{"confidence_interval":{"confidence_level":0.95,"lower_bound":1412.9719589281399,"upper_bound":1618.5201596186462},"point_estimate":1538.8475997924604,"standard_error":52.11501490705761}}