{"mean":{"confidence_interval":{"confidence_level":0.95,"lower_bound":18894.82624836841,"upper_bound":19332.815449302507},"point_estimate":19111.055220863254,"standard_error":111.95550903062725},"median":{"confidence_interval":{"confidence_level":0.95,"lower_bound":18272.34166165464,"upper_bound":18927.32638888889},"point_estimate":18319.518099250938,"standard_error":199.02772804134298},"median_abs_dev":{"confidence_interval":{"confidence_level":0.95,"lower_bound":251.18632302155706,"upper_bound":1286.7972685941777},"point_estimate":404.4402064199685,"standard_error":242.39797072093447},"slope":{"confidence_interval":{"confidence_level":0.95,"lower_bound":18346.89597603965,"upper_bound":18520.458687533242},"point_estimate":18425.64026969115,"standard_error":44.36161658309251},"std_dev":{"confidence_interval":{"confidence_level":0.95,"lower_bound":1040.9700571773637,"upper_bound":1177.9939017128636},"point_estimate":1124.6752757302202,"standard_error":34.918200599600354}}