{"mean":{"confidence_interval":{"confidence_level":0.95,"lower_bound":38647.79412807088,"upper_bound":39315.00184432093},"point_estimate":38975.3200778634,"standard_error":169.1740251834915},"median":{"confidence_interval":{"confidence_level":0.95,"lower_bound":37842.6740981241,"upper_bound":38639.7408371104},"point_estimate":37966.1455026455,"standard_error":245.8520908612545},"median_abs_dev":{"confidence_interval":{"confidence_level":0.95,"lower_bound":539.406851375995,"upper_bound":2042.459553829182},"point_estimate":1004.5766346233511,"standard_error":377.2825743384496},"slope":{"confidence_interval":{"confidence_level":0.95,"lower_bound":37781.138065998915,"upper_bound":38024.97255632017},"point_estimate":37892.64816272246,"standard_error":62.62234869889224},"std_dev":{"confidence_interval":{"confidence_level":0.95,"lower_bound":1538.3160948400225,"upper_bound":1818.1149962736406},"point_estimate":1698.675662736561,"standard_error":71.32157165034648}}