{"mean":{"confidence_interval":{"confidence_level":0.95,"lower_bound":21492.891968750002,"upper_bound":21681.940124999997},"point_estimate":21581.7475,"standard_error":48.34081393718876},"median":{"confidence_interval":{"confidence_level":0.95,"lower_bound":21386.125,"upper_bound":21500.125},"point_estimate":21428.75,"standard_error":33.05896122806221},"median_abs_dev":{"confidence_interval":{"confidence_level":0.95,"lower_bound":182.823109254241,"upper_bound":338.03279399871826},"point_estimate":245.83360813558102,"standard_error":40.388120604854564},"slope":null,"std_dev":{"confidence_interval":{"confidence_level":0.95,"lower_bound":333.23580012525645,"upper_bound":645.3065100784365},"point_estimate":487.7125808780384,"standard_error":82.0118456135497}}