{"mean":{"confidence_interval":{"confidence_level":0.95,"lower_bound":22667.296374999998,"upper_bound":22977.927125},"point_estimate":22813.121666666655,"standard_error":79.49042217551288},"median":{"confidence_interval":{"confidence_level":0.95,"lower_bound":22478.666666666664,"upper_bound":22723.083333333336},"point_estimate":22620.75,"standard_error":66.08868865482248},"median_abs_dev":{"confidence_interval":{"confidence_level":0.95,"lower_bound":334.20274406671706,"upper_bound":633.5643887519819},"point_estimate":476.6558915376663,"standard_error":77.00807874654832},"slope":null,"std_dev":{"confidence_interval":{"confidence_level":0.95,"lower_bound":557.1450228897683,"upper_bound":1020.4079633335288},"point_estimate":795.5199733363028,"standard_error":119.01088052336101}}