{"mean":{"confidence_interval":{"confidence_level":0.95,"lower_bound":22172.756208333336,"upper_bound":22473.859208333324},"point_estimate":22313.763333333336,"standard_error":77.35821763412899},"median":{"confidence_interval":{"confidence_level":0.95,"lower_bound":22052.833333333332,"upper_bound":22231.25},"point_estimate":22133.083333333336,"standard_error":43.514463916843205},"median_abs_dev":{"confidence_interval":{"confidence_level":0.95,"lower_bound":300.96779465674814,"upper_bound":523.6048907041541},"point_estimate":412.4098926782626,"standard_error":57.97320949041367},"slope":null,"std_dev":{"confidence_interval":{"confidence_level":0.95,"lower_bound":515.5221258061895,"upper_bound":1014.1836173139011},"point_estimate":777.8913889534045,"standard_error":128.35982962179946}}