{"mean":{"confidence_interval":{"confidence_level":0.95,"lower_bound":135245.22932792653,"upper_bound":135633.48661337805},"point_estimate":135439.92060601476,"standard_error":99.41247230989116},"median":{"confidence_interval":{"confidence_level":0.95,"lower_bound":135237.7863425926,"upper_bound":135715.92894736843},"point_estimate":135476.13068181818,"standard_error":114.19184560819004},"median_abs_dev":{"confidence_interval":{"confidence_level":0.95,"lower_bound":812.2513810341839,"upper_bound":1279.3118993411097},"point_estimate":1123.343865292385,"standard_error":118.17786875174632},"slope":{"confidence_interval":{"confidence_level":0.95,"lower_bound":135103.16059806244,"upper_bound":135499.32065009713},"point_estimate":135304.38582458993,"standard_error":100.97071829821843},"std_dev":{"confidence_interval":{"confidence_level":0.95,"lower_bound":857.2413183737735,"upper_bound":1131.0030482951604},"point_estimate":999.884115723097,"standard_error":69.81868714891336}}