{"mean":{"confidence_interval":{"confidence_level":0.95,"lower_bound":7672774.699964285,"upper_bound":7906226.531964287},"point_estimate":7788637.448571428,"standard_error":59284.017593206416},"median":{"confidence_interval":{"confidence_level":0.95,"lower_bound":7561560.571428572,"upper_bound":7936333.642857143},"point_estimate":7816154.642857143,"standard_error":86887.28899127158},"median_abs_dev":{"confidence_interval":{"confidence_level":0.95,"lower_bound":557872.9298957762,"upper_bound":817826.6083806753},"point_estimate":751448.4895591224,"standard_error":66032.13101090404},"slope":null,"std_dev":{"confidence_interval":{"confidence_level":0.95,"lower_bound":510697.3471474344,"upper_bound":676716.7904045061},"point_estimate":595560.7104897301,"standard_error":42427.27164438717}}