{"mean":{"confidence_interval":{"confidence_level":0.95,"lower_bound":6428164.077625,"upper_bound":6436002.45528125},"point_estimate":6431702.23625,"standard_error":2014.57393887063},"median":{"confidence_interval":{"confidence_level":0.95,"lower_bound":6424589.25,"upper_bound":6427787.625},"point_estimate":6426498.3125,"standard_error":801.1537522416953},"median_abs_dev":{"confidence_interval":{"confidence_level":0.95,"lower_bound":4439.4602961838245,"upper_bound":7924.126209318638},"point_estimate":6267.5987262278795,"standard_error":888.6181048088944},"slope":null,"std_dev":{"confidence_interval":{"confidence_level":0.95,"lower_bound":10325.450263475748,"upper_bound":28107.79895978437},"point_estimate":20193.11228211017,"standard_error":4525.620236205618}}