{"mean":{"confidence_interval":{"confidence_level":0.95,"lower_bound":8469710.752416668,"upper_bound":8576019.353208335},"point_estimate":8519378.328333333,"standard_error":27117.0443706009},"median":{"confidence_interval":{"confidence_level":0.95,"lower_bound":8436981.666666668,"upper_bound":8520086.0},"point_estimate":8473883.583333334,"standard_error":17989.828211724725},"median_abs_dev":{"confidence_interval":{"confidence_level":0.95,"lower_bound":105813.90142142773,"upper_bound":170668.7546700253},"point_estimate":140842.17904955285,"standard_error":16452.46664097518},"slope":null,"std_dev":{"confidence_interval":{"confidence_level":0.95,"lower_bound":175320.89383422316,"upper_bound":366298.9445532345},"point_estimate":271085.2284850092,"standard_error":49972.815702663676}}