{"mean":{"confidence_interval":{"confidence_level":0.95,"lower_bound":6487353.39403125,"upper_bound":6502265.67496875},"point_estimate":6493768.425,"standard_error":3851.4979861493707},"median":{"confidence_interval":{"confidence_level":0.95,"lower_bound":6483076.375,"upper_bound":6486136.5},"point_estimate":6484177.8125,"standard_error":742.8973591657414},"median_abs_dev":{"confidence_interval":{"confidence_level":0.95,"lower_bound":4571.226368844509,"upper_bound":8744.281982257962},"point_estimate":6144.820915907621,"standard_error":1095.77886697412},"slope":null,"std_dev":{"confidence_interval":{"confidence_level":0.95,"lower_bound":15872.007086529375,"upper_bound":59438.04287500103},"point_estimate":38768.675987647905,"standard_error":12315.184230348781}}