{"mean":{"confidence_interval":{"confidence_level":0.95,"lower_bound":6493882.2063125,"upper_bound":6501941.262343749},"point_estimate":6497639.025,"standard_error":2061.2473606222866},"median":{"confidence_interval":{"confidence_level":0.95,"lower_bound":6489330.625,"upper_bound":6494659.125},"point_estimate":6493215.875,"standard_error":1347.7782065380484},"median_abs_dev":{"confidence_interval":{"confidence_level":0.95,"lower_bound":8145.033605396748,"upper_bound":14283.64613391459},"point_estimate":10452.237151935697,"standard_error":1434.4841518678313},"slope":null,"std_dev":{"confidence_interval":{"confidence_level":0.95,"lower_bound":13293.274708133535,"upper_bound":26929.47467825428},"point_estimate":20744.57598495218,"standard_error":3463.655457939608}}