{"mean":{"confidence_interval":{"confidence_level":0.95,"lower_bound":6501829.7675,"upper_bound":6504806.02},"point_estimate":6503269.59875,"standard_error":761.9691280833442},"median":{"confidence_interval":{"confidence_level":0.95,"lower_bound":6500039.875,"upper_bound":6504042.5},"point_estimate":6502201.5,"standard_error":1034.1734109007552},"median_abs_dev":{"confidence_interval":{"confidence_level":0.95,"lower_bound":5388.138954341412,"upper_bound":8460.086099803448},"point_estimate":6468.583685159683,"standard_error":792.1021118092684},"slope":null,"std_dev":{"confidence_interval":{"confidence_level":0.95,"lower_bound":5905.986049154517,"upper_bound":9358.404528709632},"point_estimate":7665.328468402526,"standard_error":883.0087084501383}}