{"mean":{"confidence_interval":{"confidence_level":0.95,"lower_bound":6435334.21840625,"upper_bound":6466813.00046875},"point_estimate":6447144.52,"standard_error":8546.686363118917},"median":{"confidence_interval":{"confidence_level":0.95,"lower_bound":6430482.1875,"upper_bound":6435583.5},"point_estimate":6433975.0,"standard_error":1366.240686151212},"median_abs_dev":{"confidence_interval":{"confidence_level":0.95,"lower_bound":6004.529893398285,"upper_bound":10046.468071639538},"point_estimate":8353.246239200234,"standard_error":1137.1690703321174},"slope":null,"std_dev":{"confidence_interval":{"confidence_level":0.95,"lower_bound":14388.93313342186,"upper_bound":143601.17060195617},"point_estimate":85843.26178000904,"standard_error":41678.95313479961}}