{"mean":{"confidence_interval":{"confidence_level":0.95,"lower_bound":7407711.731571431,"upper_bound":7411778.879857144},"point_estimate":7409307.517142857,"standard_error":1070.0294765161564},"median":{"confidence_interval":{"confidence_level":0.95,"lower_bound":7407067.214285715,"upper_bound":7408776.142857143},"point_estimate":7407883.285714285,"standard_error":437.464818506856},"median_abs_dev":{"confidence_interval":{"confidence_level":0.95,"lower_bound":3050.131745848252,"upper_bound":4903.455842945862},"point_estimate":3950.2817298678883,"standard_error":483.82021908231866},"slope":null,"std_dev":{"confidence_interval":{"confidence_level":0.95,"lower_bound":3616.132116643422,"upper_bound":17670.11593694367},"point_estimate":10784.155862485015,"standard_error":4734.76756030807}}