{"mean":{"confidence_interval":{"confidence_level":0.95,"lower_bound":4896729.817454547,"upper_bound":4914068.194500001},"point_estimate":4905121.450909089,"standard_error":4444.552868649594},"median":{"confidence_interval":{"confidence_level":0.95,"lower_bound":4881656.181818182,"upper_bound":4900077.318181818},"point_estimate":4892582.636363637,"standard_error":4606.134224015893},"median_abs_dev":{"confidence_interval":{"confidence_level":0.95,"lower_bound":22162.052666544056,"upper_bound":42490.91090018136},"point_estimate":34093.06030381816,"standard_error":5193.527506616658},"slope":null,"std_dev":{"confidence_interval":{"confidence_level":0.95,"lower_bound":34373.261238397536,"upper_bound":54498.49980185362},"point_estimate":44929.44599524357,"standard_error":5151.083105101699}}