{"mean":{"confidence_interval":{"confidence_level":0.95,"lower_bound":8101201.386392861,"upper_bound":8163444.883499997},"point_estimate":8130836.371428571,"standard_error":15859.438849931106},"median":{"confidence_interval":{"confidence_level":0.95,"lower_bound":8056989.714285715,"upper_bound":8108213.285714285},"point_estimate":8079226.357142856,"standard_error":15237.477748596048},"median_abs_dev":{"confidence_interval":{"confidence_level":0.95,"lower_bound":68911.98807656765,"upper_bound":130229.25188796801},"point_estimate":90463.48489395101,"standard_error":16399.866457717406},"slope":null,"std_dev":{"confidence_interval":{"confidence_level":0.95,"lower_bound":121355.47774713233,"upper_bound":190849.0476997769},"point_estimate":158545.02888919605,"standard_error":17689.242222497123}}