{"mean":{"confidence_interval":{"confidence_level":0.95,"lower_bound":6454055.49503125,"upper_bound":6463659.699},"point_estimate":6458282.94125,"standard_error":2472.3482693038113},"median":{"confidence_interval":{"confidence_level":0.95,"lower_bound":6450698.125,"upper_bound":6456858.375},"point_estimate":6452423.8125,"standard_error":1617.243025781123},"median_abs_dev":{"confidence_interval":{"confidence_level":0.95,"lower_bound":7757.519037276506,"upper_bound":12438.087154179811},"point_estimate":9849.096950143576,"standard_error":1201.0062685740847},"slope":null,"std_dev":{"confidence_interval":{"confidence_level":0.95,"lower_bound":12066.715635596496,"upper_bound":37486.731269614385},"point_estimate":24879.367966751437,"standard_error":7313.466233427189}}