{"mean":{"confidence_interval":{"confidence_level":0.95,"lower_bound":7415445.110392856,"upper_bound":7420635.501642855},"point_estimate":7417634.445714289,"standard_error":1352.0316480605818},"median":{"confidence_interval":{"confidence_level":0.95,"lower_bound":7413942.357142856,"upper_bound":7416006.714285715},"point_estimate":7415056.714285715,"standard_error":517.7366050702009},"median_abs_dev":{"confidence_interval":{"confidence_level":0.95,"lower_bound":3590.115836262703,"upper_bound":6099.839891707181},"point_estimate":5146.73990862789,"standard_error":672.1422767063627},"slope":null,"std_dev":{"confidence_interval":{"confidence_level":0.95,"lower_bound":5224.968526195143,"upper_bound":21466.51879468101},"point_estimate":13610.190791115128,"standard_error":4920.165642546424}}