{"mean":{"confidence_interval":{"confidence_level":0.95,"lower_bound":8297537.928541664,"upper_bound":8469710.487041669},"point_estimate":8380973.87833333,"standard_error":43776.14713705854},"median":{"confidence_interval":{"confidence_level":0.95,"lower_bound":8202592.833333334,"upper_bound":8397201.416666668},"point_estimate":8292859.666666666,"standard_error":56921.99853953729},"median_abs_dev":{"confidence_interval":{"confidence_level":0.95,"lower_bound":271378.06438207487,"upper_bound":450815.90369641635},"point_estimate":343284.0395554898,"standard_error":43584.621259769934},"slope":null,"std_dev":{"confidence_interval":{"confidence_level":0.95,"lower_bound":349349.3302860354,"upper_bound":525523.1968765585},"point_estimate":440000.83091260615,"standard_error":45093.02026851503}}