{"mean":{"confidence_interval":{"confidence_level":0.95,"lower_bound":8639295.404583335,"upper_bound":8732804.696541669},"point_estimate":8687841.098333336,"standard_error":23884.76561996865},"median":{"confidence_interval":{"confidence_level":0.95,"lower_bound":8716153.166666666,"upper_bound":8803151.333333334},"point_estimate":8771747.083333334,"standard_error":22531.35705681492},"median_abs_dev":{"confidence_interval":{"confidence_level":0.95,"lower_bound":117714.85496014448,"upper_bound":213223.20396453096},"point_estimate":155805.31928390265,"standard_error":25823.763863676297},"slope":null,"std_dev":{"confidence_interval":{"confidence_level":0.95,"lower_bound":191440.92190013538,"upper_bound":281086.083916107},"point_estimate":239919.4794043875,"standard_error":22906.552882131444}}