{"mean":{"confidence_interval":{"confidence_level":0.95,"lower_bound":6423867.437593751,"upper_bound":6456450.0911875},"point_estimate":6435429.92625,"standard_error":9618.431756669812},"median":{"confidence_interval":{"confidence_level":0.95,"lower_bound":6421387.6875,"upper_bound":6424277.4375},"point_estimate":6423207.375,"standard_error":786.1158919700833},"median_abs_dev":{"confidence_interval":{"confidence_level":0.95,"lower_bound":5151.015621051192,"upper_bound":7876.312360167503},"point_estimate":6713.027355819941,"standard_error":685.6860578071622},"slope":null,"std_dev":{"confidence_interval":{"confidence_level":0.95,"lower_bound":7501.737743601075,"upper_bound":164711.36180743817},"point_estimate":96658.08878473664,"standard_error":54200.802011941465}}