{"mean":{"confidence_interval":{"confidence_level":0.95,"lower_bound":6432214.051312501,"upper_bound":6438304.95},"point_estimate":6435033.71625,"standard_error":1559.6500009011354},"median":{"confidence_interval":{"confidence_level":0.95,"lower_bound":6428604.625,"upper_bound":6433082.875},"point_estimate":6430228.875,"standard_error":999.9656298389848},"median_abs_dev":{"confidence_interval":{"confidence_level":0.95,"lower_bound":5998.97014349699,"upper_bound":10084.658920336511},"point_estimate":7735.3727001696825,"standard_error":1020.9284458281542},"slope":null,"std_dev":{"confidence_interval":{"confidence_level":0.95,"lower_bound":10132.058717750291,"upper_bound":20774.278731044928},"point_estimate":15669.245479557347,"standard_error":2736.8382713673}}