{"mean":{"confidence_interval":{"confidence_level":0.95,"lower_bound":6510377.41209375,"upper_bound":6518238.845},"point_estimate":6513973.9125,"standard_error":2013.2483164428313},"median":{"confidence_interval":{"confidence_level":0.95,"lower_bound":6506094.9375,"upper_bound":6511562.625},"point_estimate":6509686.125,"standard_error":1441.1053505331345},"median_abs_dev":{"confidence_interval":{"confidence_level":0.95,"lower_bound":5913.720645010471,"upper_bound":10379.960403218865},"point_estimate":8171.535079926252,"standard_error":1171.0662247660605},"slope":null,"std_dev":{"confidence_interval":{"confidence_level":0.95,"lower_bound":11685.107515977516,"upper_bound":27093.67295095902},"point_estimate":20248.248855536895,"standard_error":3952.830801571282}}