{"mean":{"confidence_interval":{"confidence_level":0.95,"lower_bound":7339352.819107146,"upper_bound":7488787.493},"point_estimate":7410418.577142857,"standard_error":38252.56037510912},"median":{"confidence_interval":{"confidence_level":0.95,"lower_bound":7225593.714285715,"upper_bound":7369659.142857143},"point_estimate":7264715.428571429,"standard_error":38950.25261369034},"median_abs_dev":{"confidence_interval":{"confidence_level":0.95,"lower_bound":181556.43937672867,"upper_bound":340460.55145561695},"point_estimate":243593.0818753593,"standard_error":42425.24191307409},"slope":null,"std_dev":{"confidence_interval":{"confidence_level":0.95,"lower_bound":287650.8653340991,"upper_bound":480330.6968173514},"point_estimate":383976.5449224107,"standard_error":49945.08740030316}}