{"mean":{"confidence_interval":{"confidence_level":0.95,"lower_bound":6262096.945218749,"upper_bound":6314278.5961875},"point_estimate":6288112.45375,"standard_error":13286.60865080619},"median":{"confidence_interval":{"confidence_level":0.95,"lower_bound":6223040.6875,"upper_bound":6329821.875},"point_estimate":6254867.8125,"standard_error":25647.86529994871},"median_abs_dev":{"confidence_interval":{"confidence_level":0.95,"lower_bound":117475.56950189173,"upper_bound":196808.19681845605},"point_estimate":158511.06423586607,"standard_error":19625.78673200248},"slope":null,"std_dev":{"confidence_interval":{"confidence_level":0.95,"lower_bound":120829.04861074025,"upper_bound":144793.61134547796},"point_estimate":133855.412334846,"standard_error":6112.854869334419}}