{"mean":{"confidence_interval":{"confidence_level":0.95,"lower_bound":7409595.878714283,"upper_bound":7421759.975678573},"point_estimate":7414048.262857142,"standard_error":3419.929456686383},"median":{"confidence_interval":{"confidence_level":0.95,"lower_bound":7409176.857142857,"upper_bound":7410768.928571429},"point_estimate":7409933.928571429,"standard_error":465.65729332134174},"median_abs_dev":{"confidence_interval":{"confidence_level":0.95,"lower_bound":2753.5058511158936,"upper_bound":4511.339919907903},"point_estimate":3706.499934196472,"standard_error":437.86111501367776},"slope":null,"std_dev":{"confidence_interval":{"confidence_level":0.95,"lower_bound":3544.3408838318837,"upper_bound":58402.68367081561},"point_estimate":34514.5355987457,"standard_error":18060.958440087757}}