{"mean":{"confidence_interval":{"confidence_level":0.95,"lower_bound":7713244.362642855,"upper_bound":7746852.516642857},"point_estimate":7730251.104285714,"standard_error":8557.911519381576},"median":{"confidence_interval":{"confidence_level":0.95,"lower_bound":7716111.214285715,"upper_bound":7757485.428571429},"point_estimate":7734942.642857144,"standard_error":11651.681846372398},"median_abs_dev":{"confidence_interval":{"confidence_level":0.95,"lower_bound":57762.412674511885,"upper_bound":103264.88846668215},"point_estimate":81571.37975181833,"standard_error":11779.800126022745},"slope":null,"std_dev":{"confidence_interval":{"confidence_level":0.95,"lower_bound":69081.60846148235,"upper_bound":103615.0527986973},"point_estimate":85810.89021859369,"standard_error":8949.0459369643}}