{"mean":{"confidence_interval":{"confidence_level":0.95,"lower_bound":6474405.1969375005,"upper_bound":6482735.11853125},"point_estimate":6478083.93625,"standard_error":2142.589241515076},"median":{"confidence_interval":{"confidence_level":0.95,"lower_bound":6471242.625,"upper_bound":6474906.875},"point_estimate":6472611.9375,"standard_error":960.9334572689891},"median_abs_dev":{"confidence_interval":{"confidence_level":0.95,"lower_bound":4250.892112031579,"upper_bound":7365.649331733584},"point_estimate":5831.806996464729,"standard_error":795.1115710069031},"slope":null,"std_dev":{"confidence_interval":{"confidence_level":0.95,"lower_bound":7523.838966169128,"upper_bound":31106.079658450588},"point_estimate":21633.712528124368,"standard_error":5764.413095546056}}