{"mean":{"confidence_interval":{"confidence_level":0.95,"lower_bound":1787047.4384019293,"upper_bound":1793582.4836041012},"point_estimate":1789534.7338903213,"standard_error":1780.0129139921928},"median":{"confidence_interval":{"confidence_level":0.95,"lower_bound":1787269.4864864864,"upper_bound":1788216.1063829786},"point_estimate":1787651.02014652,"standard_error":201.02647865270052},"median_abs_dev":{"confidence_interval":{"confidence_level":0.95,"lower_bound":1576.4835578452091,"upper_bound":3291.159689006012},"point_estimate":2431.1046209418455,"standard_error":449.48551462099095},"slope":{"confidence_interval":{"confidence_level":0.95,"lower_bound":1784710.8739420795,"upper_bound":1797294.1388544706},"point_estimate":1789005.1878705483,"standard_error":3546.1117594107973},"std_dev":{"confidence_interval":{"confidence_level":0.95,"lower_bound":3740.889666840375,"upper_bound":29985.31512396108},"point_estimate":17943.757584260853,"standard_error":8667.415850208972}}