{"mean":{"confidence_interval":{"confidence_level":0.95,"lower_bound":2690765.6078289486,"upper_bound":2691530.3008421054},"point_estimate":2691119.3236842114,"standard_error":195.91386747846394},"median":{"confidence_interval":{"confidence_level":0.95,"lower_bound":2690510.3157894737,"upper_bound":2690911.8947368423},"point_estimate":2690682.947368421,"standard_error":87.51066470007993},"median_abs_dev":{"confidence_interval":{"confidence_level":0.95,"lower_bound":706.1857769364168,"upper_bound":1355.4085022520596},"point_estimate":975.3947195252603,"standard_error":170.3467099577352},"slope":null,"std_dev":{"confidence_interval":{"confidence_level":0.95,"lower_bound":1214.7608478379248,"upper_bound":2727.818558426542},"point_estimate":1967.8360718980894,"standard_error":401.17550107102085}}