{"mean":{"confidence_interval":{"confidence_level":0.95,"lower_bound":1786139.4794172703,"upper_bound":1790476.9501861883},"point_estimate":1787896.4966499836,"standard_error":1137.84931893744},"median":{"confidence_interval":{"confidence_level":0.95,"lower_bound":1785205.0823129253,"upper_bound":1786506.5},"point_estimate":1785946.3849902535,"standard_error":345.1739623228043},"median_abs_dev":{"confidence_interval":{"confidence_level":0.95,"lower_bound":2159.864272196263,"upper_bound":3673.4150114914432},"point_estimate":2835.2401612143008,"standard_error":383.0599767382012},"slope":{"confidence_interval":{"confidence_level":0.95,"lower_bound":1785829.3930800017,"upper_bound":1788152.1443251271},"point_estimate":1786906.7152445691,"standard_error":592.4221814916917},"std_dev":{"confidence_interval":{"confidence_level":0.95,"lower_bound":3879.608370588156,"upper_bound":18388.40073467594},"point_estimate":11412.306546155534,"standard_error":4588.798089376938}}