{"mean":{"confidence_interval":{"confidence_level":0.95,"lower_bound":1784430.807969669,"upper_bound":1790462.3627394699},"point_estimate":1786946.9944610184,"standard_error":1567.4025340378885},"median":{"confidence_interval":{"confidence_level":0.95,"lower_bound":1783311.827962578,"upper_bound":1784441.3692307693},"point_estimate":1783705.9779153767,"standard_error":267.29593397714456},"median_abs_dev":{"confidence_interval":{"confidence_level":0.95,"lower_bound":1446.5978844715542,"upper_bound":2463.057110124501},"point_estimate":1886.3733379484665,"standard_error":267.16221075867605},"slope":{"confidence_interval":{"confidence_level":0.95,"lower_bound":1784556.1701040834,"upper_bound":1787347.1835735084},"point_estimate":1785851.3564149549,"standard_error":715.9109777054839},"std_dev":{"confidence_interval":{"confidence_level":0.95,"lower_bound":4076.0630109750637,"upper_bound":24897.856600388383},"point_estimate":15738.381521587056,"standard_error":5705.678164560964}}