{"mean":{"confidence_interval":{"confidence_level":0.95,"lower_bound":2690269.6959605254,"upper_bound":2691418.1964736828},"point_estimate":2690823.131052631,"standard_error":291.51275994462435},"median":{"confidence_interval":{"confidence_level":0.95,"lower_bound":2689708.6315789474,"upper_bound":2690879.6842105263},"point_estimate":2690134.9736842103,"standard_error":289.0444248091311},"median_abs_dev":{"confidence_interval":{"confidence_level":0.95,"lower_bound":1807.0552731814955,"upper_bound":2754.514687939222},"point_estimate":2322.258764034805,"standard_error":238.8276487263433},"slope":null,"std_dev":{"confidence_interval":{"confidence_level":0.95,"lower_bound":2236.3195360190016,"upper_bound":3559.537320627162},"point_estimate":2933.897722764917,"standard_error":338.6259060479207}}