{"mean":{"confidence_interval":{"confidence_level":0.95,"lower_bound":1780988.056371135,"upper_bound":1787452.2829510842},"point_estimate":1783703.9170341825,"standard_error":1676.5125765149069},"median":{"confidence_interval":{"confidence_level":0.95,"lower_bound":1780066.9677419355,"upper_bound":1781030.1752507715},"point_estimate":1780495.917287014,"standard_error":218.40880726179245},"median_abs_dev":{"confidence_interval":{"confidence_level":0.95,"lower_bound":1759.581267911,"upper_bound":2889.6071166991796},"point_estimate":2199.8676158331455,"standard_error":274.0667655719106},"slope":{"confidence_interval":{"confidence_level":0.95,"lower_bound":1780844.5266711581,"upper_bound":1783426.582741155},"point_estimate":1782018.8467947391,"standard_error":660.8276678734379},"std_dev":{"confidence_interval":{"confidence_level":0.95,"lower_bound":4016.1901403796705,"upper_bound":26308.88810383285},"point_estimate":16850.988700303766,"standard_error":5979.911889757636}}