{"mean":{"confidence_interval":{"confidence_level":0.95,"lower_bound":1802926.151050936,"upper_bound":1821193.721681348},"point_estimate":1811931.3987435976,"standard_error":4683.787368241411},"median":{"confidence_interval":{"confidence_level":0.95,"lower_bound":1798012.75,"upper_bound":1819240.3265306123},"point_estimate":1810168.7808544305,"standard_error":4874.775793702929},"median_abs_dev":{"confidence_interval":{"confidence_level":0.95,"lower_bound":39296.785451731696,"upper_bound":64466.823028947},"point_estimate":52059.44656471353,"standard_error":6202.693970943883},"slope":{"confidence_interval":{"confidence_level":0.95,"lower_bound":1802057.1185943026,"upper_bound":1821710.4587346104},"point_estimate":1811829.8521353628,"standard_error":5016.798230414372},"std_dev":{"confidence_interval":{"confidence_level":0.95,"lower_bound":40107.583515103375,"upper_bound":54318.082481626894},"point_estimate":47100.644894814825,"standard_error":3659.6358023872276}}