{"mean":{"confidence_interval":{"confidence_level":0.95,"lower_bound":2966764.5073676473,"upper_bound":2967612.063794118},"point_estimate":2967175.561176471,"standard_error":216.57160573532573},"median":{"confidence_interval":{"confidence_level":0.95,"lower_bound":2966501.088235294,"upper_bound":2967209.882352941},"point_estimate":2966842.2352941176,"standard_error":205.71710853913495},"median_abs_dev":{"confidence_interval":{"confidence_level":0.95,"lower_bound":1080.2048984693852,"upper_bound":2059.3313634395686},"point_estimate":1498.821361625916,"standard_error":256.2499909133394},"slope":null,"std_dev":{"confidence_interval":{"confidence_level":0.95,"lower_bound":1678.1114475030347,"upper_bound":2655.0002569049807},"point_estimate":2173.7780522091994,"standard_error":252.0066936783948}}