{"mean":{"confidence_interval":{"confidence_level":0.95,"lower_bound":1892580.5088692855,"upper_bound":1899990.2232480573},"point_estimate":1895921.4817999608,"standard_error":1897.49188864979},"median":{"confidence_interval":{"confidence_level":0.95,"lower_bound":1888474.0812499998,"upper_bound":1891517.0886075948},"point_estimate":1889982.755,"standard_error":726.2169149469319},"median_abs_dev":{"confidence_interval":{"confidence_level":0.95,"lower_bound":4042.2923982809884,"upper_bound":7769.442562449495},"point_estimate":5653.221090544291,"standard_error":913.4552312965245},"slope":{"confidence_interval":{"confidence_level":0.95,"lower_bound":1891198.7762691374,"upper_bound":1895900.284950977},"point_estimate":1893405.1373961873,"standard_error":1198.626887179933},"std_dev":{"confidence_interval":{"confidence_level":0.95,"lower_bound":10610.109441196812,"upper_bound":27221.988987974575},"point_estimate":19025.298080263372,"standard_error":4425.724967328311}}