{"mean":{"confidence_interval":{"confidence_level":0.95,"lower_bound":4653084.402704546,"upper_bound":4655783.163045455},"point_estimate":4654411.418181818,"standard_error":688.812792771216},"median":{"confidence_interval":{"confidence_level":0.95,"lower_bound":4652848.636363637,"upper_bound":4655471.409090908},"point_estimate":4654171.409090909,"standard_error":651.3641722572467},"median_abs_dev":{"confidence_interval":{"confidence_level":0.95,"lower_bound":5431.774567202837,"upper_bound":8909.145414558136},"point_estimate":7183.938172459602,"standard_error":899.708398749748},"slope":null,"std_dev":{"confidence_interval":{"confidence_level":0.95,"lower_bound":5760.187745467537,"upper_bound":8164.374325315659},"point_estimate":6930.942216250891,"standard_error":622.1116204147891}}