{"mean":{"confidence_interval":{"confidence_level":0.95,"lower_bound":1897016.2986049727,"upper_bound":1901558.9966020682},"point_estimate":1899032.8152534547,"standard_error":1172.222843532659},"median":{"confidence_interval":{"confidence_level":0.95,"lower_bound":1895861.4556962026,"upper_bound":1896929.5263157894},"point_estimate":1896314.328125,"standard_error":268.05661038606985},"median_abs_dev":{"confidence_interval":{"confidence_level":0.95,"lower_bound":1651.5776736788973,"upper_bound":2871.7592525013306},"point_estimate":2313.657449950047,"standard_error":317.74931587244026},"slope":{"confidence_interval":{"confidence_level":0.95,"lower_bound":1896758.444946073,"upper_bound":1898804.6404354025},"point_estimate":1897677.3607891237,"standard_error":525.897424241791},"std_dev":{"confidence_interval":{"confidence_level":0.95,"lower_bound":5128.115998773961,"upper_bound":17186.492898917113},"point_estimate":11786.44038035599,"standard_error":3107.4641103294553}}