{"mean":{"confidence_interval":{"confidence_level":0.95,"lower_bound":1771204.279300426,"upper_bound":1787861.5686918246},"point_estimate":1779263.1646553387,"standard_error":4253.73831272201},"median":{"confidence_interval":{"confidence_level":0.95,"lower_bound":1762263.652173913,"upper_bound":1776283.9024390243},"point_estimate":1769333.705128205,"standard_error":2924.821198327323},"median_abs_dev":{"confidence_interval":{"confidence_level":0.95,"lower_bound":25784.43993477201,"upper_bound":45898.455924878865},"point_estimate":34670.46044001672,"standard_error":5615.116837267694},"slope":{"confidence_interval":{"confidence_level":0.95,"lower_bound":1755256.998831338,"upper_bound":1773777.7419859176},"point_estimate":1763699.5461593026,"standard_error":4741.929870796477},"std_dev":{"confidence_interval":{"confidence_level":0.95,"lower_bound":34925.025864781215,"upper_bound":49430.05867983585},"point_estimate":42751.18664969987,"standard_error":3709.5591555413325}}