{"mean":{"confidence_interval":{"confidence_level":0.95,"lower_bound":2001458.90713,"upper_bound":2019268.0330999997},"point_estimate":2007895.3772,"standard_error":5115.593072946365},"median":{"confidence_interval":{"confidence_level":0.95,"lower_bound":1999816.12,"upper_bound":2000639.08},"point_estimate":2000205.22,"standard_error":211.9660000647616},"median_abs_dev":{"confidence_interval":{"confidence_level":0.95,"lower_bound":1514.89100110535,"upper_bound":2986.5197349786827},"point_estimate":2117.4492824076915,"standard_error":396.2783718575084},"slope":null,"std_dev":{"confidence_interval":{"confidence_level":0.95,"lower_bound":5773.561346384412,"upper_bound":87593.84099075358},"point_estimate":51611.089059804275,"standard_error":27925.559069855757}}