{"mean":{"confidence_interval":{"confidence_level":0.95,"lower_bound":1831704.4460100816,"upper_bound":1837991.9442206249},"point_estimate":1834048.7415268063,"standard_error":1767.7892610149725},"median":{"confidence_interval":{"confidence_level":0.95,"lower_bound":1831005.723731884,"upper_bound":1832010.1965884531},"point_estimate":1831584.465851714,"standard_error":260.08469709708277},"median_abs_dev":{"confidence_interval":{"confidence_level":0.95,"lower_bound":2265.648672575401,"upper_bound":3838.667838516557},"point_estimate":3078.1810552768634,"standard_error":391.3019203260962},"slope":{"confidence_interval":{"confidence_level":0.95,"lower_bound":1831442.146147463,"upper_bound":1833047.9191253316},"point_estimate":1832218.8830914733,"standard_error":410.1297898946913},"std_dev":{"confidence_interval":{"confidence_level":0.95,"lower_bound":3335.5204611835584,"upper_bound":30096.802953838356},"point_estimate":17837.16030248872,"standard_error":9230.708338495337}}