{"mean":{"confidence_interval":{"confidence_level":0.95,"lower_bound":1942094.9844264062,"upper_bound":1958308.814803896},"point_estimate":1950144.401052873,"standard_error":4123.639282836083},"median":{"confidence_interval":{"confidence_level":0.95,"lower_bound":1954635.3,"upper_bound":1972873.8648648649},"point_estimate":1966739.875,"standard_error":3999.466409678262},"median_abs_dev":{"confidence_interval":{"confidence_level":0.95,"lower_bound":8030.739523513977,"upper_bound":30336.141535903014},"point_estimate":17124.99273570734,"standard_error":5382.881429862142},"slope":{"confidence_interval":{"confidence_level":0.95,"lower_bound":1948022.4082923844,"upper_bound":1961002.3606066608},"point_estimate":1954897.5410728536,"standard_error":3310.641894033959},"std_dev":{"confidence_interval":{"confidence_level":0.95,"lower_bound":32027.074035671707,"upper_bound":51314.2021916775},"point_estimate":41322.06895994429,"standard_error":5003.95573189945}}