{"mean":{"confidence_interval":{"confidence_level":0.95,"lower_bound":2231136.688443182,"upper_bound":2256734.168352273},"point_estimate":2242861.1368181817,"standard_error":6560.01381391053},"median":{"confidence_interval":{"confidence_level":0.95,"lower_bound":2218122.9545454546,"upper_bound":2237622.8863636367},"point_estimate":2230584.272727273,"standard_error":4375.816509079947},"median_abs_dev":{"confidence_interval":{"confidence_level":0.95,"lower_bound":28125.407557606177,"upper_bound":47524.06824718795},"point_estimate":37176.025862721035,"standard_error":4877.533581741181},"slope":null,"std_dev":{"confidence_interval":{"confidence_level":0.95,"lower_bound":37883.530938624484,"upper_bound":91313.36726560039},"point_estimate":66085.92566241196,"standard_error":13925.901255275498}}