{"mean":{"confidence_interval":{"confidence_level":0.95,"lower_bound":2753933.55056579,"upper_bound":2798440.9056578954},"point_estimate":2776165.576842105,"standard_error":11350.552113637925},"median":{"confidence_interval":{"confidence_level":0.95,"lower_bound":2733068.5263157897,"upper_bound":2818407.6315789474},"point_estimate":2776603.921052632,"standard_error":25452.066978980645},"median_abs_dev":{"confidence_interval":{"confidence_level":0.95,"lower_bound":104342.57701070698,"upper_bound":153093.97556624885},"point_estimate":128895.79812743225,"standard_error":12187.923272185264},"slope":null,"std_dev":{"confidence_interval":{"confidence_level":0.95,"lower_bound":101323.98640321287,"upper_bound":126392.60876776962},"point_estimate":114642.49079300197,"standard_error":6409.302816107616}}