{"mean":{"confidence_interval":{"confidence_level":0.95,"lower_bound":1786517.4761738384,"upper_bound":1797681.207876382},"point_estimate":1791226.7544418627,"standard_error":2878.094364509795},"median":{"confidence_interval":{"confidence_level":0.95,"lower_bound":1784538.652173913,"upper_bound":1786566.4},"point_estimate":1785668.6193193828,"standard_error":464.0147351176782},"median_abs_dev":{"confidence_interval":{"confidence_level":0.95,"lower_bound":2020.4569544522585,"upper_bound":3730.448666094433},"point_estimate":2808.6345692567033,"standard_error":465.2943979989076},"slope":{"confidence_interval":{"confidence_level":0.95,"lower_bound":1785309.5138590657,"upper_bound":1799414.3675201957},"point_estimate":1790933.3714349046,"standard_error":3748.9804431257353},"std_dev":{"confidence_interval":{"confidence_level":0.95,"lower_bound":3902.1070905213,"upper_bound":45280.87831157112},"point_estimate":28936.61185768635,"standard_error":10326.685689733133}}