{"mean":{"confidence_interval":{"confidence_level":0.95,"lower_bound":2359037.584068183,"upper_bound":2359978.8146931813},"point_estimate":2359504.041818182,"standard_error":239.46202581139332},"median":{"confidence_interval":{"confidence_level":0.95,"lower_bound":2358796.1363636362,"upper_bound":2360118.8636363638},"point_estimate":2359527.9545454546,"standard_error":293.5349417439597},"median_abs_dev":{"confidence_interval":{"confidence_level":0.95,"lower_bound":2001.509964466095,"upper_bound":3335.849940776825},"point_estimate":2621.5400125489878,"standard_error":356.69129345547606},"slope":null,"std_dev":{"confidence_interval":{"confidence_level":0.95,"lower_bound":2080.1084684692014,"upper_bound":2688.393717991948},"point_estimate":2399.2106601175874,"standard_error":155.09890713400645}}