{"mean":{"confidence_interval":{"confidence_level":0.95,"lower_bound":5175168.527000002,"upper_bound":5176790.343225},"point_estimate":5175932.727999999,"standard_error":412.976689697951},"median":{"confidence_interval":{"confidence_level":0.95,"lower_bound":5175215.0,"upper_bound":5176425.2},"point_estimate":5176040.05,"standard_error":372.64772641600683},"median_abs_dev":{"confidence_interval":{"confidence_level":0.95,"lower_bound":2253.551959991455,"upper_bound":4017.845928668976},"point_estimate":3106.1210748550516,"standard_error":435.06176859996765},"slope":null,"std_dev":{"confidence_interval":{"confidence_level":0.95,"lower_bound":2804.871094881892,"upper_bound":5699.645049499423},"point_estimate":4130.9558495492965,"standard_error":831.8612362239893}}