{"mean":{"confidence_interval":{"confidence_level":0.95,"lower_bound":2575081.6737999986,"upper_bound":2577130.0516875},"point_estimate":2576024.577999999,"standard_error":524.7163622909857},"median":{"confidence_interval":{"confidence_level":0.95,"lower_bound":2573939.85,"upper_bound":2574934.85},"point_estimate":2574476.0,"standard_error":260.88870542247304},"median_abs_dev":{"confidence_interval":{"confidence_level":0.95,"lower_bound":1358.2469008862972,"upper_bound":2409.6326722203303},"point_estimate":1886.6455315052083,"standard_error":279.9442787702595},"slope":null,"std_dev":{"confidence_interval":{"confidence_level":0.95,"lower_bound":3323.4841806943155,"upper_bound":6921.513283041468},"point_estimate":5267.538993634547,"standard_error":919.3425559854027}}