{"mean":{"confidence_interval":{"confidence_level":0.95,"lower_bound":2961494.6265735305,"upper_bound":2963258.1533529414},"point_estimate":2962350.832941176,"standard_error":450.03655263300783},"median":{"confidence_interval":{"confidence_level":0.95,"lower_bound":2961102.470588235,"upper_bound":2963590.705882353},"point_estimate":2962017.411764706,"standard_error":668.7535401569637},"median_abs_dev":{"confidence_interval":{"confidence_level":0.95,"lower_bound":3309.2939588951435,"upper_bound":4850.979902113206},"point_estimate":4172.777625918388,"standard_error":398.4211534706961},"slope":null,"std_dev":{"confidence_interval":{"confidence_level":0.95,"lower_bound":3431.0612500455677,"upper_bound":5740.903891764809},"point_estimate":4535.537742224621,"standard_error":606.8096598001513}}