{"mean":{"confidence_interval":{"confidence_level":0.95,"lower_bound":3094740.408859375,"upper_bound":3122076.622578125},"point_estimate":3108115.41,"standard_error":6963.743447033731},"median":{"confidence_interval":{"confidence_level":0.95,"lower_bound":3082431.625,"upper_bound":3127400.5},"point_estimate":3103659.8125,"standard_error":12089.02477782953},"median_abs_dev":{"confidence_interval":{"confidence_level":0.95,"lower_bound":52437.40434936253,"upper_bound":81561.99436448514},"point_estimate":65521.79158050567,"standard_error":7174.2207092779045},"slope":null,"std_dev":{"confidence_interval":{"confidence_level":0.95,"lower_bound":58488.21136704786,"upper_bound":80970.91486730333},"point_estimate":70156.72657608277,"standard_error":5750.860382079069}}