{"mean":{"confidence_interval":{"confidence_level":0.95,"lower_bound":2793274.393763889,"upper_bound":2799444.1320000016},"point_estimate":2796324.195,"standard_error":1577.7260189850006},"median":{"confidence_interval":{"confidence_level":0.95,"lower_bound":2788618.5,"upper_bound":2795282.611111111},"point_estimate":2790395.833333333,"standard_error":1803.9884824005753},"median_abs_dev":{"confidence_interval":{"confidence_level":0.95,"lower_bound":9592.405356367091,"upper_bound":20493.238136172295},"point_estimate":13884.425203502638,"standard_error":2547.292894269885},"slope":null,"std_dev":{"confidence_interval":{"confidence_level":0.95,"lower_bound":13913.117998118378,"upper_bound":17659.12341110075},"point_estimate":15883.04597796432,"standard_error":954.4742143940921}}