{"mean":{"confidence_interval":{"confidence_level":0.95,"lower_bound":1982893.4269230766,"upper_bound":1987571.2823942315},"point_estimate":1984905.4707692296,"standard_error":1204.2229559937737},"median":{"confidence_interval":{"confidence_level":0.95,"lower_bound":1981555.4807692308,"upper_bound":1982943.5},"point_estimate":1982042.346153846,"standard_error":363.1920424668076},"median_abs_dev":{"confidence_interval":{"confidence_level":0.95,"lower_bound":2028.7384832136206,"upper_bound":3728.083168428585},"point_estimate":2691.1185329919945,"standard_error":438.0345128802474},"slope":null,"std_dev":{"confidence_interval":{"confidence_level":0.95,"lower_bound":4618.213477161418,"upper_bound":18617.722597469554},"point_estimate":12131.660407401581,"standard_error":3762.0056985045394}}