{"mean":{"confidence_interval":{"confidence_level":0.95,"lower_bound":2711145.861513159,"upper_bound":2733966.4258026322},"point_estimate":2722165.433157895,"standard_error":5789.737192822397},"median":{"confidence_interval":{"confidence_level":0.95,"lower_bound":2714484.3684210526,"upper_bound":2735500.210526316},"point_estimate":2728600.1842105263,"standard_error":5246.774912457371},"median_abs_dev":{"confidence_interval":{"confidence_level":0.95,"lower_bound":34962.20438982308,"upper_bound":60053.375202260286},"point_estimate":46308.03478313118,"standard_error":6361.675485612201},"slope":null,"std_dev":{"confidence_interval":{"confidence_level":0.95,"lower_bound":43718.88107053389,"upper_bound":75357.93814579085},"point_estimate":58102.20751864543,"standard_error":8620.10891343762}}