{"mean":{"confidence_interval":{"confidence_level":0.95,"lower_bound":2519158.1440874995,"upper_bound":2520017.40815},"point_estimate":2519549.2490000017,"standard_error":220.3767763823768},"median":{"confidence_interval":{"confidence_level":0.95,"lower_bound":2519175.95,"upper_bound":2519618.5},"point_estimate":2519408.525,"standard_error":105.41041838051181},"median_abs_dev":{"confidence_interval":{"confidence_level":0.95,"lower_bound":956.3140480218937,"upper_bound":1708.7335346637776},"point_estimate":1271.32947742939,"standard_error":188.95914458312885},"slope":null,"std_dev":{"confidence_interval":{"confidence_level":0.95,"lower_bound":1375.1028052969616,"upper_bound":3176.297217049955},"point_estimate":2217.3693990326724,"standard_error":531.9195769442957}}