{"mean":{"confidence_interval":{"confidence_level":0.95,"lower_bound":1842548.3529640015,"upper_bound":1858440.9368625863},"point_estimate":1850311.0885148428,"standard_error":4049.2534908177554},"median":{"confidence_interval":{"confidence_level":0.95,"lower_bound":1829341.0526315789,"upper_bound":1858380.235334477},"point_estimate":1843136.1660079053,"standard_error":7279.831578744746},"median_abs_dev":{"confidence_interval":{"confidence_level":0.95,"lower_bound":32699.763859024482,"upper_bound":55751.95112133541},"point_estimate":44705.81279917034,"standard_error":5272.309485624249},"slope":{"confidence_interval":{"confidence_level":0.95,"lower_bound":1850108.9852334603,"upper_bound":1874134.2480075452},"point_estimate":1861932.0423998819,"standard_error":6133.067723242867},"std_dev":{"confidence_interval":{"confidence_level":0.95,"lower_bound":34830.55641682764,"upper_bound":45955.70452147649},"point_estimate":40645.46533827953,"standard_error":2845.6672293377064}}