{"mean":{"confidence_interval":{"confidence_level":0.95,"lower_bound":3190227.64915625,"upper_bound":3195726.5226093754},"point_estimate":3193063.1225,"standard_error":1404.8828275384974},"median":{"confidence_interval":{"confidence_level":0.95,"lower_bound":3192729.34375,"upper_bound":3198527.5625},"point_estimate":3195951.4375,"standard_error":1666.0372440542908},"median_abs_dev":{"confidence_interval":{"confidence_level":0.95,"lower_bound":7635.945839434862,"upper_bound":13349.085765662585},"point_estimate":10269.182386435568,"standard_error":1473.5890857401598},"slope":null,"std_dev":{"confidence_interval":{"confidence_level":0.95,"lower_bound":11037.851854251134,"upper_bound":17217.730910473038},"point_estimate":14117.554237614333,"standard_error":1596.9947356130283}}