{"mean":{"confidence_interval":{"confidence_level":0.95,"lower_bound":5195378.572950005,"upper_bound":5198693.888025002},"point_estimate":5196703.0840000035,"standard_error":868.1492735507534},"median":{"confidence_interval":{"confidence_level":0.95,"lower_bound":5194610.8,"upper_bound":5195751.1},"point_estimate":5195068.5,"standard_error":298.0553637462398},"median_abs_dev":{"confidence_interval":{"confidence_level":0.95,"lower_bound":1699.3560898306748,"upper_bound":3187.1451634171385},"point_estimate":2198.1027209753233,"standard_error":394.38395414996626},"slope":null,"std_dev":{"confidence_interval":{"confidence_level":0.95,"lower_bound":3040.729261586727,"upper_bound":14156.421085437343},"point_estimate":8723.850176438953,"standard_error":3668.633456507414}}