{"mean":{"confidence_interval":{"confidence_level":0.95,"lower_bound":3446124.717,"upper_bound":3499941.693016667},"point_estimate":3471882.679333333,"standard_error":13667.62713613335},"median":{"confidence_interval":{"confidence_level":0.95,"lower_bound":3435836.533333333,"upper_bound":3478616.7},"point_estimate":3460596.2,"standard_error":12496.9108234168},"median_abs_dev":{"confidence_interval":{"confidence_level":0.95,"lower_bound":63099.010099768915,"upper_bound":115322.01273262496},"point_estimate":87864.11296009998,"standard_error":12975.641100747296},"slope":null,"std_dev":{"confidence_interval":{"confidence_level":0.95,"lower_bound":98267.79321092146,"upper_bound":180295.56429327355},"point_estimate":137055.90021921188,"standard_error":21951.940185261665}}