{"mean":{"confidence_interval":{"confidence_level":0.95,"lower_bound":3065847.829264707,"upper_bound":3103679.0637500016},"point_estimate":3083809.3652941193,"standard_error":9683.465321165062},"median":{"confidence_interval":{"confidence_level":0.95,"lower_bound":3062980.911764706,"upper_bound":3093351.7352941176},"point_estimate":3076883.9411764704,"standard_error":8460.24965917868},"median_abs_dev":{"confidence_interval":{"confidence_level":0.95,"lower_bound":65531.4857130535,"upper_bound":101414.98369364161},"point_estimate":84439.17038914002,"standard_error":9251.891528178896},"slope":null,"std_dev":{"confidence_interval":{"confidence_level":0.95,"lower_bound":70827.39353906122,"upper_bound":127901.64523771006},"point_estimate":97470.52877596003,"standard_error":15475.139583518867}}