{"mean":{"confidence_interval":{"confidence_level":0.95,"lower_bound":2699882.561342106,"upper_bound":2703658.841921053},"point_estimate":2701664.305263159,"standard_error":967.4787380686486},"median":{"confidence_interval":{"confidence_level":0.95,"lower_bound":2696384.9473684207,"upper_bound":2700621.9210526315},"point_estimate":2697924.4736842103,"standard_error":1326.4514869717198},"median_abs_dev":{"confidence_interval":{"confidence_level":0.95,"lower_bound":3862.6021051090606,"upper_bound":8755.455128770525},"point_estimate":5782.295960501748,"standard_error":1388.133516250028},"slope":null,"std_dev":{"confidence_interval":{"confidence_level":0.95,"lower_bound":7046.318865646562,"upper_bound":12634.006615007234},"point_estimate":9704.419280170707,"standard_error":1498.5742956122697}}