{"mean":{"confidence_interval":{"confidence_level":0.95,"lower_bound":2990543.836705883,"upper_bound":2996825.5544705875},"point_estimate":2993023.311176472,"standard_error":1647.1111776585224},"median":{"confidence_interval":{"confidence_level":0.95,"lower_bound":2989274.0588235296,"upper_bound":2991144.6470588236},"point_estimate":2990035.852941177,"standard_error":440.3351512871949},"median_abs_dev":{"confidence_interval":{"confidence_level":0.95,"lower_bound":3061.1328868309447,"upper_bound":5258.956530164247},"point_estimate":4351.86698156269,"standard_error":589.1848630384966},"slope":null,"std_dev":{"confidence_interval":{"confidence_level":0.95,"lower_bound":4159.023577086038,"upper_bound":27123.727450887163},"point_estimate":16568.82023744918,"standard_error":7009.6085230638555}}