{"mean":{"confidence_interval":{"confidence_level":0.95,"lower_bound":3060168.938941175,"upper_bound":3064138.770088234},"point_estimate":3062061.7358823526,"standard_error":1014.5475025218517},"median":{"confidence_interval":{"confidence_level":0.95,"lower_bound":3056970.3529411764,"upper_bound":3060685.205882353},"point_estimate":3058532.205882353,"standard_error":942.1582902363241},"median_abs_dev":{"confidence_interval":{"confidence_level":0.95,"lower_bound":4927.2901948762565,"upper_bound":9346.397445832961},"point_estimate":7596.318994549921,"standard_error":1156.578414378698},"slope":null,"std_dev":{"confidence_interval":{"confidence_level":0.95,"lower_bound":7725.7724757667465,"upper_bound":12416.138235777173},"point_estimate":10168.918720536663,"standard_error":1201.318707745259}}