{"mean":{"confidence_interval":{"confidence_level":0.95,"lower_bound":3551936.212875,"upper_bound":3620797.2371785725},"point_estimate":3584724.8828571425,"standard_error":17582.403726221488},"median":{"confidence_interval":{"confidence_level":0.95,"lower_bound":3505899.214285714,"upper_bound":3579034.785714286},"point_estimate":3533014.75,"standard_error":17150.745367927055},"median_abs_dev":{"confidence_interval":{"confidence_level":0.95,"lower_bound":91163.06028153229,"upper_bound":153610.59477286707},"point_estimate":122685.57142189566,"standard_error":14639.623915774762},"slope":null,"std_dev":{"confidence_interval":{"confidence_level":0.95,"lower_bound":126709.51535795047,"upper_bound":228624.6464148691},"point_estimate":177384.1764532437,"standard_error":26758.10587875058}}