{"mean":{"confidence_interval":{"confidence_level":0.95,"lower_bound":2646291.1880375,"upper_bound":2694956.432925001},"point_estimate":2669267.794000001,"standard_error":12427.657372218675},"median":{"confidence_interval":{"confidence_level":0.95,"lower_bound":2611911.9,"upper_bound":2666472.35},"point_estimate":2633822.125,"standard_error":14410.913880045407},"median_abs_dev":{"confidence_interval":{"confidence_level":0.95,"lower_bound":64901.14743277446,"upper_bound":110654.73859548548},"point_estimate":84709.05373111347,"standard_error":11416.329466702395},"slope":null,"std_dev":{"confidence_interval":{"confidence_level":0.95,"lower_bound":91404.28966286733,"upper_bound":157919.62858239203},"point_estimate":125071.15919306269,"standard_error":17133.48253974724}}