{"mean":{"confidence_interval":{"confidence_level":0.95,"lower_bound":1788310.47287063,"upper_bound":1796788.978404304},"point_estimate":1791692.5976669684,"standard_error":2235.3522275049163},"median":{"confidence_interval":{"confidence_level":0.95,"lower_bound":1786948.4971264368,"upper_bound":1787697.7285714287},"point_estimate":1787418.9567736185,"standard_error":194.14871520327753},"median_abs_dev":{"confidence_interval":{"confidence_level":0.95,"lower_bound":1190.2543360899572,"upper_bound":2712.5407764938204},"point_estimate":1823.079675383829,"standard_error":408.5460835877633},"slope":{"confidence_interval":{"confidence_level":0.95,"lower_bound":1787958.4420883998,"upper_bound":1790856.2606647224},"point_estimate":1789283.843930841,"standard_error":743.3319063565817},"std_dev":{"confidence_interval":{"confidence_level":0.95,"lower_bound":4583.180506924967,"upper_bound":36630.0221595638},"point_estimate":22476.408962741953,"standard_error":9370.441323319807}}