{"mean":{"confidence_interval":{"confidence_level":0.95,"lower_bound":-0.003440990599121085,"upper_bound":0.005199741627206478},"point_estimate":0.0005158439351100608,"standard_error":0.00216900524838892},"median":{"confidence_interval":{"confidence_level":0.95,"lower_bound":-0.0019118900554164764,"upper_bound":-0.00037725971987077834},"point_estimate":-0.0009911931027616339,"standard_error":0.0004117989722203886}}