{"mean":{"confidence_interval":{"confidence_level":0.95,"lower_bound":-0.038575831352378284,"upper_bound":-0.029516227782872512},"point_estimate":-0.03419984547513211,"standard_error":0.0023116962367119073},"median":{"confidence_interval":{"confidence_level":0.95,"lower_bound":-0.04160936427657114,"upper_bound":-0.02860478340559859},"point_estimate":-0.03745465141571702,"standard_error":0.002903473337859855}}