{"mean":{"confidence_interval":{"confidence_level":0.95,"lower_bound":-0.0033470249589543366,"upper_bound":0.003708205524671848},"point_estimate":0.0010239070436679487,"standard_error":0.0019112958012560005},"median":{"confidence_interval":{"confidence_level":0.95,"lower_bound":0.0024121003837731525,"upper_bound":0.0032867611849730243},"point_estimate":0.0028244569508075745,"standard_error":0.00022656284502135503}}