{"mean":{"confidence_interval":{"confidence_level":0.95,"lower_bound":0.11594033295446902,"upper_bound":0.1408856908020146},"point_estimate":0.1287432417175185,"standard_error":0.006383093735979507},"median":{"confidence_interval":{"confidence_level":0.95,"lower_bound":0.10744522164958763,"upper_bound":0.13720353215641734},"point_estimate":0.12424565061262616,"standard_error":0.005575665668706337}}