{"mean":{"confidence_interval":{"confidence_level":0.95,"lower_bound":0.0020585930554102294,"upper_bound":0.00806851905281425},"point_estimate":0.0054625477340439765,"standard_error":0.0015481641360453637},"median":{"confidence_interval":{"confidence_level":0.95,"lower_bound":0.006315724451304572,"upper_bound":0.007069071384350423},"point_estimate":0.006692097759958493,"standard_error":0.00019441849927421506}}