{"mean":{"confidence_interval":{"confidence_level":0.95,"lower_bound":0.05523673177045607,"upper_bound":0.05766823122093996},"point_estimate":0.056400053290928565,"standard_error":0.0006286565976325043},"median":{"confidence_interval":{"confidence_level":0.95,"lower_bound":0.05522044779765434,"upper_bound":0.05589175728065565},"point_estimate":0.05552564499182311,"standard_error":0.00017563971424705847}}