{"mean":{"confidence_interval":{"confidence_level":0.95,"lower_bound":-0.010421438989495045,"upper_bound":0.011188839060509468},"point_estimate":0.0011339155662726252,"standard_error":0.00550094015029363},"median":{"confidence_interval":{"confidence_level":0.95,"lower_bound":0.004593804978311633,"upper_bound":0.005917972327545318},"point_estimate":0.005251851786303829,"standard_error":0.00034160801520227805}}