{"mean":{"confidence_interval":{"confidence_level":0.95,"lower_bound":-0.017223289895018534,"upper_bound":-0.012850115152291904},"point_estimate":-0.014942252032142722,"standard_error":0.0011094601678703143},"median":{"confidence_interval":{"confidence_level":0.95,"lower_bound":-0.01509424196353637,"upper_bound":-0.010186761326280158},"point_estimate":-0.012626322109180799,"standard_error":0.0013445124663748697}}