{"mean":{"confidence_interval":{"confidence_level":0.95,"lower_bound":-0.006232809144968625,"upper_bound":0.010997454473595139},"point_estimate":0.00019265927442191355,"standard_error":0.004528005158605522},"median":{"confidence_interval":{"confidence_level":0.95,"lower_bound":-0.002631568682486707,"upper_bound":-0.001283598903885225},"point_estimate":-0.0019134994108624959,"standard_error":0.00032675690820910264}}