{"mean":{"confidence_interval":{"confidence_level":0.95,"lower_bound":-0.003021058578385083,"upper_bound":0.0036560360214610175},"point_estimate":0.000199733968317517,"standard_error":0.0016678724350029928},"median":{"confidence_interval":{"confidence_level":0.95,"lower_bound":-0.00188977843201988,"upper_bound":-0.0009744405331549855},"point_estimate":-0.0014684868721553945,"standard_error":0.00023242386341639092}}