{"mean":{"confidence_interval":{"confidence_level":0.95,"lower_bound":-0.08912306186430452,"upper_bound":-0.08866144811384448},"point_estimate":-0.0889062102972712,"standard_error":0.00011749038957882921},"median":{"confidence_interval":{"confidence_level":0.95,"lower_bound":-0.0892641339381407,"upper_bound":-0.08884748842365686},"point_estimate":-0.08904511561360784,"standard_error":0.00010529238853884997}}