{"mean":{"confidence_interval":{"confidence_level":0.95,"lower_bound":-0.14157632569410894,"upper_bound":-0.1243712336657824},"point_estimate":-0.13265301928636608,"standard_error":0.004393461074221455},"median":{"confidence_interval":{"confidence_level":0.95,"lower_bound":-0.13693156380663354,"upper_bound":-0.12416441091224562},"point_estimate":-0.13005729617938777,"standard_error":0.0031763695355382544}}