{"mean":{"confidence_interval":{"confidence_level":0.95,"lower_bound":-0.12927296084637302,"upper_bound":-0.11295489394422548},"point_estimate":-0.11961984155132377,"standard_error":0.004291666012150504},"median":{"confidence_interval":{"confidence_level":0.95,"lower_bound":-0.11348990441986939,"upper_bound":-0.11145978053273853},"point_estimate":-0.11239530439704803,"standard_error":0.0005278918176874068}}