{"mean":{"confidence_interval":{"confidence_level":0.95,"lower_bound":-0.09171443445701728,"upper_bound":-0.08147587482592279},"point_estimate":-0.0860999407452745,"standard_error":0.002631523424650961},"median":{"confidence_interval":{"confidence_level":0.95,"lower_bound":-0.08090616937421014,"upper_bound":-0.0772994915383487},"point_estimate":-0.07877744242640772,"standard_error":0.0008876427777834698}}