{"mean":{"confidence_interval":{"confidence_level":0.95,"lower_bound":-0.09666336269043285,"upper_bound":-0.0717572248497052},"point_estimate":-0.08374706640487639,"standard_error":0.006378685736182462},"median":{"confidence_interval":{"confidence_level":0.95,"lower_bound":-0.09059471704306432,"upper_bound":-0.06130076477993529},"point_estimate":-0.07679575025512475,"standard_error":0.0070313400998101095}}