{"mean":{"confidence_interval":{"confidence_level":0.95,"lower_bound":0.1510317448465204,"upper_bound":0.17080248349003924},"point_estimate":0.16103517405935341,"standard_error":0.005066794542492372},"median":{"confidence_interval":{"confidence_level":0.95,"lower_bound":0.16115403358684777,"upper_bound":0.18822144497006987},"point_estimate":0.17513048197900027,"standard_error":0.007684032952647535}}