{"mean":{"confidence_interval":{"confidence_level":0.95,"lower_bound":-0.234527726126136,"upper_bound":-0.2277047959872023},"point_estimate":-0.23102673575870392,"standard_error":0.0017438849532077033},"median":{"confidence_interval":{"confidence_level":0.95,"lower_bound":-0.233368538941728,"upper_bound":-0.22687026572194222},"point_estimate":-0.23091969433033943,"standard_error":0.0015205772219192113}}