{"mean":{"confidence_interval":{"confidence_level":0.95,"lower_bound":0.0413138030141785,"upper_bound":0.07520135831284984},"point_estimate":0.05823123138074493,"standard_error":0.008608341124297073},"median":{"confidence_interval":{"confidence_level":0.95,"lower_bound":0.04924069473628312,"upper_bound":0.0829580695589216},"point_estimate":0.06469333445407899,"standard_error":0.008602736278412982}}