{"mean":{"confidence_interval":{"confidence_level":0.95,"lower_bound":-0.006871127890645123,"upper_bound":-0.004542545245999236},"point_estimate":-0.005675016211827311,"standard_error":0.0005902959785899957},"median":{"confidence_interval":{"confidence_level":0.95,"lower_bound":-0.005913165508240256,"upper_bound":-0.004877207343386147},"point_estimate":-0.005384228060782537,"standard_error":0.00027123254413424265}}