{"mean":{"confidence_interval":{"confidence_level":0.95,"lower_bound":-0.059765704075323015,"upper_bound":-0.02176925174713001},"point_estimate":-0.04092530939494632,"standard_error":0.009603914009156266},"median":{"confidence_interval":{"confidence_level":0.95,"lower_bound":-0.0690468553032556,"upper_bound":-0.03919969393204026},"point_estimate":-0.05301196646204276,"standard_error":0.007814459687115074}}