{"mean":{"confidence_interval":{"confidence_level":0.95,"lower_bound":-0.0014402029042130974,"upper_bound":0.006358006999921617},"point_estimate":0.0025290285057950612,"standard_error":0.001987926455861102},"median":{"confidence_interval":{"confidence_level":0.95,"lower_bound":-0.0021534180914027923,"upper_bound":0.005870434116006296},"point_estimate":0.002218690461162298,"standard_error":0.0020141401774465962}}