{"mean":{"confidence_interval":{"confidence_level":0.95,"lower_bound":-0.19026103445060538,"upper_bound":-0.1769090088919107},"point_estimate":-0.18341036870438165,"standard_error":0.003404888407961251},"median":{"confidence_interval":{"confidence_level":0.95,"lower_bound":-0.18237457274422997,"upper_bound":-0.17033501178932853},"point_estimate":-0.17745882772453414,"standard_error":0.0027733996059280197}}