{"mean":{"confidence_interval":{"confidence_level":0.95,"lower_bound":0.0006504581694161629,"upper_bound":0.005400174864272249},"point_estimate":0.0029160168444246626,"standard_error":0.0012282448903759569},"median":{"confidence_interval":{"confidence_level":0.95,"lower_bound":0.001386427649745725,"upper_bound":0.0028978989559871327},"point_estimate":0.0020141014040269134,"standard_error":0.0003829955370553765}}