{"mean":{"confidence_interval":{"confidence_level":0.95,"lower_bound":0.021536108554223273,"upper_bound":0.02896871575457305},"point_estimate":0.025554767417444113,"standard_error":0.0019118553678294614},"median":{"confidence_interval":{"confidence_level":0.95,"lower_bound":0.025633275203854833,"upper_bound":0.031243711100462646},"point_estimate":0.02850300470571443,"standard_error":0.001445867394387038}}