{"mean":{"confidence_interval":{"confidence_level":0.95,"lower_bound":0.20599428170682899,"upper_bound":0.2339010545132178},"point_estimate":0.21998036139775223,"standard_error":0.006941301099046145},"median":{"confidence_interval":{"confidence_level":0.95,"lower_bound":0.192149873671686,"upper_bound":0.20984498048783595},"point_estimate":0.20026435438494494,"standard_error":0.004717265738840157}}