{"mean":{"confidence_interval":{"confidence_level":0.95,"lower_bound":0.11281691854215371,"upper_bound":0.11650668159437291},"point_estimate":0.11476897383246953,"standard_error":0.0009245910746808971},"median":{"confidence_interval":{"confidence_level":0.95,"lower_bound":0.11423142958276689,"upper_bound":0.11573649566691026},"point_estimate":0.11500536719215537,"standard_error":0.0003745011487757358}}