{"mean":{"confidence_interval":{"confidence_level":0.95,"lower_bound":0.10237231901594258,"upper_bound":0.11763291567814708},"point_estimate":0.11035869925418695,"standard_error":0.003910815050922887},"median":{"confidence_interval":{"confidence_level":0.95,"lower_bound":0.093198046613445,"upper_bound":0.10976617257931864},"point_estimate":0.10022563804090412,"standard_error":0.004297805799579506}}