{"mean":{"confidence_interval":{"confidence_level":0.95,"lower_bound":-0.11173501379731787,"upper_bound":-0.0980610074841257},"point_estimate":-0.10476139791813621,"standard_error":0.003506713596631638},"median":{"confidence_interval":{"confidence_level":0.95,"lower_bound":-0.1065806670197218,"upper_bound":-0.08966747102136763},"point_estimate":-0.09682106170399463,"standard_error":0.004993919819689947}}