{"mean":{"confidence_interval":{"confidence_level":0.95,"lower_bound":-0.16985635801889415,"upper_bound":-0.15761698388713669},"point_estimate":-0.16366954162782454,"standard_error":0.0031247860195145736},"median":{"confidence_interval":{"confidence_level":0.95,"lower_bound":-0.16432040326107655,"upper_bound":-0.15146601799155535},"point_estimate":-0.1573577711764127,"standard_error":0.003297553895063914}}