{"mean":{"confidence_interval":{"confidence_level":0.95,"lower_bound":-0.016988263625893087,"upper_bound":-0.0018438103901755997},"point_estimate":-0.008423992116547208,"standard_error":0.003921657749181604},"median":{"confidence_interval":{"confidence_level":0.95,"lower_bound":-0.0019952368185209846,"upper_bound":-0.0009912829764981957},"point_estimate":-0.0014345100685777545,"standard_error":0.0002593440606487039}}