{"mean":{"confidence_interval":{"confidence_level":0.95,"lower_bound":-0.07745040834447015,"upper_bound":-0.07481336159705033},"point_estimate":-0.07591850924680177,"standard_error":0.0006817167939817609},"median":{"confidence_interval":{"confidence_level":0.95,"lower_bound":-0.07494245880341732,"upper_bound":-0.07438961799005529},"point_estimate":-0.07466657940764365,"standard_error":0.0001443988934380131}}