{"mean":{"confidence_interval":{"confidence_level":0.95,"lower_bound":-0.005536418487837336,"upper_bound":-0.004991805186262045},"point_estimate":-0.005264576516910591,"standard_error":0.00013760622246273104},"median":{"confidence_interval":{"confidence_level":0.95,"lower_bound":-0.005501566071058561,"upper_bound":-0.004785524800224417},"point_estimate":-0.005211789696893621,"standard_error":0.00018454481516405288}}