{"mean":{"confidence_interval":{"confidence_level":0.95,"lower_bound":-0.2028057854977918,"upper_bound":-0.19156713567165634},"point_estimate":-0.19696787036771568,"standard_error":0.0028762463309946387},"median":{"confidence_interval":{"confidence_level":0.95,"lower_bound":-0.1875619328730834,"upper_bound":-0.1837443964991983},"point_estimate":-0.18588478922569007,"standard_error":0.0011397735542804657}}