{"mean":{"confidence_interval":{"confidence_level":0.95,"lower_bound":-0.015117246800924713,"upper_bound":-0.005333631298520565},"point_estimate":-0.009573638221417435,"standard_error":0.00249521183473212},"median":{"confidence_interval":{"confidence_level":0.95,"lower_bound":-0.006216611019077889,"upper_bound":-0.004369323856403318},"point_estimate":-0.005196535053459073,"standard_error":0.0004739065253810589}}