{"mean":{"confidence_interval":{"confidence_level":0.95,"lower_bound":0.021135252466148956,"upper_bound":0.021914175260430813},"point_estimate":0.021530329165356132,"standard_error":0.00019551096842123982},"median":{"confidence_interval":{"confidence_level":0.95,"lower_bound":0.020860242411615548,"upper_bound":0.021361694013684263},"point_estimate":0.02114579946461248,"standard_error":0.00012521486589096308}}