{"mean":{"confidence_interval":{"confidence_level":0.95,"lower_bound":0.06386581810983491,"upper_bound":0.06485240730826952},"point_estimate":0.06429281222612615,"standard_error":0.00025271201533768266},"median":{"confidence_interval":{"confidence_level":0.95,"lower_bound":0.06381065731793534,"upper_bound":0.06451724234307354},"point_estimate":0.06413528137367641,"standard_error":0.00018408238165147322}}