{"mean":{"confidence_interval":{"confidence_level":0.95,"lower_bound":-0.00911241026692855,"upper_bound":-0.007272235279401573},"point_estimate":-0.00816213283658318,"standard_error":0.0004691894304372321},"median":{"confidence_interval":{"confidence_level":0.95,"lower_bound":-0.006695084783698291,"upper_bound":-0.005561807782758943},"point_estimate":-0.005929641666916341,"standard_error":0.0002881089502501643}}