{"mean":{"confidence_interval":{"confidence_level":0.95,"lower_bound":-0.0035192031711449353,"upper_bound":0.0036601676895224467},"point_estimate":0.0002381762294265677,"standard_error":0.0018148452444951546},"median":{"confidence_interval":{"confidence_level":0.95,"lower_bound":0.0000517332165230755,"upper_bound":0.001107073601774644},"point_estimate":0.00037835511623729445,"standard_error":0.00026150953382160985}}