{"mean":{"confidence_interval":{"confidence_level":0.95,"lower_bound":0.21718267367309413,"upper_bound":0.24555493385097174},"point_estimate":0.23157085644195896,"standard_error":0.00711102512339402},"median":{"confidence_interval":{"confidence_level":0.95,"lower_bound":0.2032302298945594,"upper_bound":0.23303823848295702},"point_estimate":0.2163528099866192,"standard_error":0.00772383757952336}}