{"mean":{"confidence_interval":{"confidence_level":0.95,"lower_bound":-0.09491332202594176,"upper_bound":-0.09411795232601916},"point_estimate":-0.09452014572450218,"standard_error":0.00020105347402440236},"median":{"confidence_interval":{"confidence_level":0.95,"lower_bound":-0.09538701787000714,"upper_bound":-0.09463151643497514},"point_estimate":-0.09492833476333074,"standard_error":0.00019314996074445463}}