{"mean":{"confidence_interval":{"confidence_level":0.95,"lower_bound":-0.012596464907157344,"upper_bound":0.005563291128951306},"point_estimate":-0.0037909379050210523,"standard_error":0.004551745446474957},"median":{"confidence_interval":{"confidence_level":0.95,"lower_bound":-0.004186920195584198,"upper_bound":-0.0031330525328698844},"point_estimate":-0.0037722774378686763,"standard_error":0.0002843582709020878}}