{"mean":{"confidence_interval":{"confidence_level":0.95,"lower_bound":0.08314234965544309,"upper_bound":0.10137975183331352},"point_estimate":0.09187177666014357,"standard_error":0.004648907499774919},"median":{"confidence_interval":{"confidence_level":0.95,"lower_bound":0.07216466597638904,"upper_bound":0.09301738683036453},"point_estimate":0.08384601828067306,"standard_error":0.005632678212600538}}