{"mean":{"confidence_interval":{"confidence_level":0.95,"lower_bound":0.018183155920846145,"upper_bound":0.030390629992705254},"point_estimate":0.024170834416378906,"standard_error":0.0031077732304393263},"median":{"confidence_interval":{"confidence_level":0.95,"lower_bound":0.011933173583578593,"upper_bound":0.03125200981634135},"point_estimate":0.02313086417626975,"standard_error":0.0042377189220547005}}