{"mean":{"confidence_interval":{"confidence_level":0.95,"lower_bound":-0.20160214488950362,"upper_bound":-0.17724648984108285},"point_estimate":-0.1892963082793112,"standard_error":0.006192814653018054},"median":{"confidence_interval":{"confidence_level":0.95,"lower_bound":-0.20071145766145349,"upper_bound":-0.1695894147995498},"point_estimate":-0.1809004002800073,"standard_error":0.0084410535584409}}