{"mean":{"confidence_interval":{"confidence_level":0.95,"lower_bound":-0.14925834838539223,"upper_bound":-0.14028368648496659},"point_estimate":-0.14515800437145399,"standard_error":0.0022508500090024255},"median":{"confidence_interval":{"confidence_level":0.95,"lower_bound":-0.15006493775058127,"upper_bound":-0.14537167039222962},"point_estimate":-0.14787669136420167,"standard_error":0.001212990785354791}}