{"mean":{"confidence_interval":{"confidence_level":0.95,"lower_bound":-0.0039004759013120853,"upper_bound":0.003953840407839084},"point_estimate":-0.0005354451946067984,"standard_error":0.002035289367649808},"median":{"confidence_interval":{"confidence_level":0.95,"lower_bound":-0.004406435048094348,"upper_bound":-0.0034591144192663847},"point_estimate":-0.004080990792266093,"standard_error":0.0002532582593967471}}