{"mean":{"confidence_interval":{"confidence_level":0.95,"lower_bound":-0.004747056830390375,"upper_bound":-0.002049076008061127},"point_estimate":-0.0033081161121358837,"standard_error":0.0006880820816176251},"median":{"confidence_interval":{"confidence_level":0.95,"lower_bound":-0.003233760939685526,"upper_bound":-0.0017612016216448367},"point_estimate":-0.0022193888641136583,"standard_error":0.0003386230134357188}}