{"mean":{"confidence_interval":{"confidence_level":0.95,"lower_bound":-0.19535682439326188,"upper_bound":-0.18487527838787263},"point_estimate":-0.18973607460703767,"standard_error":0.0026866990404788957},"median":{"confidence_interval":{"confidence_level":0.95,"lower_bound":-0.17937535681404404,"upper_bound":-0.17837002365332177},"point_estimate":-0.17890390013176494,"standard_error":0.0002454534801691158}}