{"mean":{"confidence_interval":{"confidence_level":0.95,"lower_bound":-0.01412368149088652,"upper_bound":-0.00813723965930892},"point_estimate":-0.011609750107326122,"standard_error":0.0015440161473969948},"median":{"confidence_interval":{"confidence_level":0.95,"lower_bound":-0.01490858627201308,"upper_bound":-0.013410446248690922},"point_estimate":-0.014254534595519952,"standard_error":0.0003543688995668605}}