{"mean":{"confidence_interval":{"confidence_level":0.95,"lower_bound":-0.008863106925142663,"upper_bound":-0.006271237184025426},"point_estimate":-0.007580175549439794,"standard_error":0.0006642501249429648},"median":{"confidence_interval":{"confidence_level":0.95,"lower_bound":-0.008843955480371868,"upper_bound":-0.006960682351243434},"point_estimate":-0.008070072255944138,"standard_error":0.0005313429919544859}}