{"mean":{"confidence_interval":{"confidence_level":0.95,"lower_bound":0.0966691508449548,"upper_bound":0.11334573805034354},"point_estimate":0.10499568357215483,"standard_error":0.004397970866956109},"median":{"confidence_interval":{"confidence_level":0.95,"lower_bound":0.10239764342760171,"upper_bound":0.12955433044220177},"point_estimate":0.1189286452719327,"standard_error":0.0073500905199579015}}