{"mean":{"confidence_interval":{"confidence_level":0.95,"lower_bound":-0.0281724675024293,"upper_bound":-0.01217920593621358},"point_estimate":-0.018981476668048947,"standard_error":0.0041650910629035},"median":{"confidence_interval":{"confidence_level":0.95,"lower_bound":-0.013599929451606485,"upper_bound":-0.01197430813704814},"point_estimate":-0.012437885975796648,"standard_error":0.0004005061641896898}}