{"mean":{"confidence_interval":{"confidence_level":0.95,"lower_bound":-0.0002919928647766522,"upper_bound":0.017545401004827123},"point_estimate":0.006867989027822263,"standard_error":0.004772147911949518},"median":{"confidence_interval":{"confidence_level":0.95,"lower_bound":0.00010104085766071691,"upper_bound":0.0011886723988210805},"point_estimate":0.0006827399803830403,"standard_error":0.0002870605256823008}}