{"mean":{"confidence_interval":{"confidence_level":0.95,"lower_bound":-0.007538186779926945,"upper_bound":-0.002517796947600596},"point_estimate":-0.004930665324271222,"standard_error":0.0012758563333819747},"median":{"confidence_interval":{"confidence_level":0.95,"lower_bound":-0.0038311237428297895,"upper_bound":-0.0024141841366236427},"point_estimate":-0.0032226161367884254,"standard_error":0.00035690164321083937}}