{"mean":{"confidence_interval":{"confidence_level":0.95,"lower_bound":0.008876862953545738,"upper_bound":0.010844256781909367},"point_estimate":0.009892777691419719,"standard_error":0.0005015208309312594},"median":{"confidence_interval":{"confidence_level":0.95,"lower_bound":0.008094575624991718,"upper_bound":0.010177608265232951},"point_estimate":0.00937304849200049,"standard_error":0.0005094470003105049}}