{"mean":{"confidence_interval":{"confidence_level":0.95,"lower_bound":-0.019742327458760082,"upper_bound":-0.00303446492201509},"point_estimate":-0.009794407483487921,"standard_error":0.004405259499281869},"median":{"confidence_interval":{"confidence_level":0.95,"lower_bound":-0.005084678249502428,"upper_bound":-0.004217037519933076},"point_estimate":-0.004765703542024546,"standard_error":0.00022207847808516118}}