{"mean":{"confidence_interval":{"confidence_level":0.95,"lower_bound":0.008354171537326538,"upper_bound":0.010617996588733941},"point_estimate":0.009574563112010104,"standard_error":0.0005814285477913971},"median":{"confidence_interval":{"confidence_level":0.95,"lower_bound":0.008925938923586169,"upper_bound":0.011778196053056933},"point_estimate":0.011068617712972628,"standard_error":0.0007616311977382802}}