{"mean":{"confidence_interval":{"confidence_level":0.95,"lower_bound":-0.00732443639464142,"upper_bound":0.007275969784798513},"point_estimate":-0.0019593451003521167,"standard_error":0.0036394671078779236},"median":{"confidence_interval":{"confidence_level":0.95,"lower_bound":-0.006741297890083042,"upper_bound":-0.00487859559469217},"point_estimate":-0.005569368398314456,"standard_error":0.00047131214982655935}}