{"mean":{"confidence_interval":{"confidence_level":0.95,"lower_bound":-0.005577457802318015,"upper_bound":0.0014673612051790735},"point_estimate":-0.001801603458481349,"standard_error":0.0017945673424022291},"median":{"confidence_interval":{"confidence_level":0.95,"lower_bound":-0.0025587204039720923,"upper_bound":-0.001540849559300006},"point_estimate":-0.0020265705209951967,"standard_error":0.0002544797169997835}}