{"mean":{"confidence_interval":{"confidence_level":0.95,"lower_bound":0.0005744759864543704,"upper_bound":0.003739517899923172},"point_estimate":0.002079660482386503,"standard_error":0.0007978003203166398},"median":{"confidence_interval":{"confidence_level":0.95,"lower_bound":0.0016288328720106549,"upper_bound":0.003516374513810039},"point_estimate":0.0024317501907555883,"standard_error":0.0004970966044295924}}