{"mean":{"confidence_interval":{"confidence_level":0.95,"lower_bound":-0.06841238350691808,"upper_bound":-0.06498213590156596},"point_estimate":-0.06670746107274905,"standard_error":0.0008754445756178322},"median":{"confidence_interval":{"confidence_level":0.95,"lower_bound":-0.06738001556701478,"upper_bound":-0.06451914501886248},"point_estimate":-0.0658505458096843,"standard_error":0.0007102162667980821}}