{"mean":{"confidence_interval":{"confidence_level":0.95,"lower_bound":0.13097802945152603,"upper_bound":0.14991541150628063},"point_estimate":0.14081115732943794,"standard_error":0.005080537186525062},"median":{"confidence_interval":{"confidence_level":0.95,"lower_bound":0.12439712077343867,"upper_bound":0.15294872176481888},"point_estimate":0.13954809097433607,"standard_error":0.005815140408879695}}