{"mean":{"confidence_interval":{"confidence_level":0.95,"lower_bound":0.002333891873194433,"upper_bound":0.009833509897516296},"point_estimate":0.005391124743569842,"standard_error":0.001950475345371138},"median":{"confidence_interval":{"confidence_level":0.95,"lower_bound":0.003167081238036662,"upper_bound":0.004004284962775495},"point_estimate":0.0034556104451810565,"standard_error":0.00021427791048781583}}