{"mean":{"confidence_interval":{"confidence_level":0.95,"lower_bound":-0.0032664568915306497,"upper_bound":0.0013516088328329179},"point_estimate":-0.0009670556781444795,"standard_error":0.0011703201395483738},"median":{"confidence_interval":{"confidence_level":0.95,"lower_bound":-0.0005827233001060028,"upper_bound":0.0010740340932895442},"point_estimate":0.0002585415527334156,"standard_error":0.0004219948568272367}}