{"mean":{"confidence_interval":{"confidence_level":0.95,"lower_bound":0.000010088679606229454,"upper_bound":0.006311268735995443},"point_estimate":0.0029906638612813286,"standard_error":0.0016012077281130107},"median":{"confidence_interval":{"confidence_level":0.95,"lower_bound":0.0020968714897457996,"upper_bound":0.003428811880799021},"point_estimate":0.0027641428764713094,"standard_error":0.000336427203408137}}