{"mean":{"confidence_interval":{"confidence_level":0.95,"lower_bound":-0.07325763026580226,"upper_bound":-0.07206699569771896},"point_estimate":-0.0726729888424752,"standard_error":0.0003077191704931353},"median":{"confidence_interval":{"confidence_level":0.95,"lower_bound":-0.07306722954459832,"upper_bound":-0.07241892654970283},"point_estimate":-0.07269836326987389,"standard_error":0.00016355112178635797}}