{"mean":{"confidence_interval":{"confidence_level":0.95,"lower_bound":-0.16454986547253925,"upper_bound":-0.16270121756754086},"point_estimate":-0.16351038285636865,"standard_error":0.0004748974961085114},"median":{"confidence_interval":{"confidence_level":0.95,"lower_bound":-0.1628732272611575,"upper_bound":-0.16244990237301027},"point_estimate":-0.1626778362242257,"standard_error":0.00011586537600118311}}