{"mean":{"confidence_interval":{"confidence_level":0.95,"lower_bound":0.0012681361680957088,"upper_bound":0.00788676663063778},"point_estimate":0.00487681752940361,"standard_error":0.00170363745187856},"median":{"confidence_interval":{"confidence_level":0.95,"lower_bound":0.007564148526874925,"upper_bound":0.009440307206171113},"point_estimate":0.008837571323637938,"standard_error":0.0005098767366948693}}