{"mean":{"confidence_interval":{"confidence_level":0.95,"lower_bound":0.011619960125662626,"upper_bound":0.01573418718370671},"point_estimate":0.013649794019053196,"standard_error":0.0010371647350788358},"median":{"confidence_interval":{"confidence_level":0.95,"lower_bound":0.017806981749811213,"upper_bound":0.0187368415288216},"point_estimate":0.018256145929109957,"standard_error":0.00023918628124820315}}