{"mean":{"confidence_interval":{"confidence_level":0.95,"lower_bound":-0.0011905054321868715,"upper_bound":0.005212172814886617},"point_estimate":0.0019548559796040976,"standard_error":0.0016327517882355803},"median":{"confidence_interval":{"confidence_level":0.95,"lower_bound":0.00090625807508804,"upper_bound":0.00273047592203457},"point_estimate":0.001923126505591899,"standard_error":0.00046360939646337615}}