{"mean":{"confidence_interval":{"confidence_level":0.95,"lower_bound":0.006337961170058565,"upper_bound":0.007225406578042642},"point_estimate":0.006784652894859189,"standard_error":0.00022580337548262127},"median":{"confidence_interval":{"confidence_level":0.95,"lower_bound":0.006511539150662271,"upper_bound":0.007580453803557985},"point_estimate":0.0069723254304505655,"standard_error":0.0002682626482916156}}