{"mean":{"confidence_interval":{"confidence_level":0.95,"lower_bound":-0.00026405437151722476,"upper_bound":0.004497485224555419},"point_estimate":0.0021932251579841466,"standard_error":0.001213231622715935},"median":{"confidence_interval":{"confidence_level":0.95,"lower_bound":0.0010694106781934387,"upper_bound":0.0024988571242032798},"point_estimate":0.0018059078710648269,"standard_error":0.0003554018936273285}}