{"mean":{"confidence_interval":{"confidence_level":0.95,"lower_bound":-0.08398040405085938,"upper_bound":-0.0797005913280371},"point_estimate":-0.08186851542303508,"standard_error":0.0010933881012919193},"median":{"confidence_interval":{"confidence_level":0.95,"lower_bound":-0.08596379576236701,"upper_bound":-0.08037330864876889},"point_estimate":-0.08368858251114442,"standard_error":0.001510915475103744}}