{"mean":{"confidence_interval":{"confidence_level":0.95,"lower_bound":-0.3200174363926376,"upper_bound":-0.30546311327920367},"point_estimate":-0.31439240359438336,"standard_error":0.003664282556711645},"median":{"confidence_interval":{"confidence_level":0.95,"lower_bound":-0.32808093990712184,"upper_bound":-0.32042713285487145},"point_estimate":-0.32519570178937507,"standard_error":0.002024495350665599}}