{"mean":{"confidence_interval":{"confidence_level":0.95,"lower_bound":-0.002097407765778997,"upper_bound":-0.0015493513099085728},"point_estimate":-0.0018118770913260196,"standard_error":0.0001387672492570316},"median":{"confidence_interval":{"confidence_level":0.95,"lower_bound":-0.0021138854428973675,"upper_bound":-0.0013980356789389248},"point_estimate":-0.0017579520506411095,"standard_error":0.00017788355115486675}}