{"mean":{"confidence_interval":{"confidence_level":0.95,"lower_bound":-0.0008213819074406868,"upper_bound":0.008415496873477644},"point_estimate":0.004018645296881562,"standard_error":0.0023705444347338336},"median":{"confidence_interval":{"confidence_level":0.95,"lower_bound":0.0043964826251875816,"upper_bound":0.006243545022044161},"point_estimate":0.005414528497836857,"standard_error":0.00048824611612248463}}