{"mean":{"confidence_interval":{"confidence_level":0.95,"lower_bound":-0.09154596051123068,"upper_bound":-0.08896546070172569},"point_estimate":-0.09047165900910203,"standard_error":0.0006950296103858251},"median":{"confidence_interval":{"confidence_level":0.95,"lower_bound":-0.09267215105679527,"upper_bound":-0.09216059192694293},"point_estimate":-0.09242429857985446,"standard_error":0.0001277037332863393}}