{"mean":{"confidence_interval":{"confidence_level":0.95,"lower_bound":-0.004149755851198969,"upper_bound":-0.003465659593477491},"point_estimate":-0.003812193319582602,"standard_error":0.00017816739718971134},"median":{"confidence_interval":{"confidence_level":0.95,"lower_bound":-0.004223264631016965,"upper_bound":-0.0037032801148643157},"point_estimate":-0.003988945991679205,"standard_error":0.00013289947724743904}}