{"mean":{"confidence_interval":{"confidence_level":0.95,"lower_bound":-0.04066344213309133,"upper_bound":-0.030389639667196686},"point_estimate":-0.03566613697385557,"standard_error":0.0026267427621090313},"median":{"confidence_interval":{"confidence_level":0.95,"lower_bound":-0.04902701154595346,"upper_bound":-0.034931459207436455},"point_estimate":-0.04271854417643339,"standard_error":0.003693784494254213}}