{"mean":{"confidence_interval":{"confidence_level":0.95,"lower_bound":-0.0039845243980662325,"upper_bound":-0.00029302262764339997},"point_estimate":-0.0018971945675959612,"standard_error":0.0009488032417732474},"median":{"confidence_interval":{"confidence_level":0.95,"lower_bound":-0.001739921887759066,"upper_bound":-0.0008476862051762736},"point_estimate":-0.0012264965766687341,"standard_error":0.00022770429363563432}}