{"mean":{"confidence_interval":{"confidence_level":0.95,"lower_bound":-0.003784756101832351,"upper_bound":-0.0004486565422232062},"point_estimate":-0.0019088797379356315,"standard_error":0.000854211005308245},"median":{"confidence_interval":{"confidence_level":0.95,"lower_bound":-0.0015168272086257817,"upper_bound":-0.00041200188910472946},"point_estimate":-0.0008862289300766157,"standard_error":0.00027794537323797}}