{"mean":{"confidence_interval":{"confidence_level":0.95,"lower_bound":-0.09247358092862736,"upper_bound":-0.09073997215359593},"point_estimate":-0.09165994553354462,"standard_error":0.00044403680302423833},"median":{"confidence_interval":{"confidence_level":0.95,"lower_bound":-0.09333188298563866,"upper_bound":-0.09259400005368112},"point_estimate":-0.09287265640826459,"standard_error":0.00019138038037489055}}