{"mean":{"confidence_interval":{"confidence_level":0.95,"lower_bound":0.05606675713329229,"upper_bound":0.10667574360193272},"point_estimate":0.07958956106700055,"standard_error":0.012808123775786547},"median":{"confidence_interval":{"confidence_level":0.95,"lower_bound":0.045082286928256554,"upper_bound":0.06966543415177617},"point_estimate":0.05648808185820475,"standard_error":0.006331589739333064}}