{"mean":{"confidence_interval":{"confidence_level":0.95,"lower_bound":-0.08378334197242487,"upper_bound":-0.08309985952835808},"point_estimate":-0.08343856174936692,"standard_error":0.00017481432238442658},"median":{"confidence_interval":{"confidence_level":0.95,"lower_bound":-0.08393170293379049,"upper_bound":-0.08300987370314028},"point_estimate":-0.0834258034227916,"standard_error":0.00022963213486454907}}