{"mean":{"confidence_interval":{"confidence_level":0.95,"lower_bound":0.12056059137027984,"upper_bound":0.12151086384166784},"point_estimate":0.12101492755260801,"standard_error":0.0002443495125601802},"median":{"confidence_interval":{"confidence_level":0.95,"lower_bound":0.12026468475752039,"upper_bound":0.1209676082581399},"point_estimate":0.12052859422315887,"standard_error":0.00017874848680918468}}