{"mean":{"confidence_interval":{"confidence_level":0.95,"lower_bound":0.012575850376160914,"upper_bound":0.022997808998391895},"point_estimate":0.017496178370338455,"standard_error":0.0026533192234239568},"median":{"confidence_interval":{"confidence_level":0.95,"lower_bound":0.0076984139691620435,"upper_bound":0.015610037589610881},"point_estimate":0.01250575199786419,"standard_error":0.0019502683775037657}}