{"mean":{"confidence_interval":{"confidence_level":0.95,"lower_bound":0.00591931373020112,"upper_bound":0.006465039512541931},"point_estimate":0.00620415008716968,"standard_error":0.00014047547335306973},"median":{"confidence_interval":{"confidence_level":0.95,"lower_bound":0.005951878721322629,"upper_bound":0.006497215657166332},"point_estimate":0.006302509251807864,"standard_error":0.0001402482179442824}}