{"mean":{"confidence_interval":{"confidence_level":0.95,"lower_bound":-0.13443264913892747,"upper_bound":-0.12325739634771948},"point_estimate":-0.12971113794276845,"standard_error":0.0026751167758371926},"median":{"confidence_interval":{"confidence_level":0.95,"lower_bound":-0.1390598962108438,"upper_bound":-0.13149910651604202},"point_estimate":-0.13427236061684866,"standard_error":0.0016765685306839551}}