{"mean":{"confidence_interval":{"confidence_level":0.95,"lower_bound":0.026214634318363024,"upper_bound":0.059143533271666916},"point_estimate":0.04222404278962011,"standard_error":0.00839012686744853},"median":{"confidence_interval":{"confidence_level":0.95,"lower_bound":0.016492939236566473,"upper_bound":0.03414554724895558},"point_estimate":0.0256457013616902,"standard_error":0.004381487160876307}}