{"mean":{"confidence_interval":{"confidence_level":0.95,"lower_bound":0.03283971231247052,"upper_bound":0.03940234426820512},"point_estimate":0.036201226259065855,"standard_error":0.0017466739628781884},"median":{"confidence_interval":{"confidence_level":0.95,"lower_bound":0.027051067665121886,"upper_bound":0.039828759329801455},"point_estimate":0.032595699962628455,"standard_error":0.0029381556626370342}}