{"mean":{"confidence_interval":{"confidence_level":0.95,"lower_bound":-0.010980230389306248,"upper_bound":0.01729678511421784},"point_estimate":0.003152932852714896,"standard_error":0.007143533227012657},"median":{"confidence_interval":{"confidence_level":0.95,"lower_bound":-0.014248276843467411,"upper_bound":0.026561531875845867},"point_estimate":0.004406273194903498,"standard_error":0.010027540338586369}}