{"mean":{"confidence_interval":{"confidence_level":0.95,"lower_bound":-0.004122180599829644,"upper_bound":-0.000014602035855820547},"point_estimate":-0.0023014664738820745,"standard_error":0.0010276269519353966},"median":{"confidence_interval":{"confidence_level":0.95,"lower_bound":-0.003715920889395319,"upper_bound":-0.0024221982590423297},"point_estimate":-0.0031773842249540607,"standard_error":0.0003163882848322835}}