{"mean":{"confidence_interval":{"confidence_level":0.95,"lower_bound":0.1804240228844901,"upper_bound":0.19087206187554961},"point_estimate":0.18457180692167552,"standard_error":0.0027048664049553884},"median":{"confidence_interval":{"confidence_level":0.95,"lower_bound":0.18112716399214968,"upper_bound":0.1843951370943684},"point_estimate":0.18334849680963172,"standard_error":0.000887386508986004}}