{"mean":{"confidence_interval":{"confidence_level":0.95,"lower_bound":-0.07092973324703934,"upper_bound":-0.06740681508497978},"point_estimate":-0.06931848545556929,"standard_error":0.0009036424539545915},"median":{"confidence_interval":{"confidence_level":0.95,"lower_bound":-0.07011101893511429,"upper_bound":-0.06912918908413022},"point_estimate":-0.06969935058607768,"standard_error":0.0002291739314260338}}