{"mean":{"confidence_interval":{"confidence_level":0.95,"lower_bound":-0.08301664220648941,"upper_bound":-0.08253212144220655},"point_estimate":-0.08276325634872583,"standard_error":0.00012515022942602313},"median":{"confidence_interval":{"confidence_level":0.95,"lower_bound":-0.0831611861205529,"upper_bound":-0.08279425204253132},"point_estimate":-0.08293959440261,"standard_error":0.00009831165625907637}}