{"mean":{"confidence_interval":{"confidence_level":0.95,"lower_bound":0.29795539343695376,"upper_bound":0.3192826192152505},"point_estimate":0.3085997380293113,"standard_error":0.005484645581602197},"median":{"confidence_interval":{"confidence_level":0.95,"lower_bound":0.2857360497695638,"upper_bound":0.32765681072089925},"point_estimate":0.3018695850477189,"standard_error":0.010206913322989153}}