{"mean":{"confidence_interval":{"confidence_level":0.95,"lower_bound":-0.19934946580272703,"upper_bound":-0.17678073284377974},"point_estimate":-0.1879651931940678,"standard_error":0.005756924590920537},"median":{"confidence_interval":{"confidence_level":0.95,"lower_bound":-0.18746567072032128,"upper_bound":-0.16679226931866953},"point_estimate":-0.17778846290727868,"standard_error":0.00533258796806411}}