{"mean":{"confidence_interval":{"confidence_level":0.95,"lower_bound":-0.10956263709575587,"upper_bound":-0.0845035588589102},"point_estimate":-0.09672213856093137,"standard_error":0.006395500341696411},"median":{"confidence_interval":{"confidence_level":0.95,"lower_bound":-0.08695730045246697,"upper_bound":-0.06480495127182395},"point_estimate":-0.07213582264216867,"standard_error":0.0065761101316640725}}