{"mean":{"confidence_interval":{"confidence_level":0.95,"lower_bound":-0.004543084962452051,"upper_bound":-0.001221494131130485},"point_estimate":-0.0029673702669120727,"standard_error":0.0008459130746647169},"median":{"confidence_interval":{"confidence_level":0.95,"lower_bound":-0.004548922447088155,"upper_bound":-0.003287458040704835},"point_estimate":-0.003985920353557493,"standard_error":0.0003232420104328289}}