{"mean":{"confidence_interval":{"confidence_level":0.95,"lower_bound":-0.15928692448400383,"upper_bound":-0.15872755021554627},"point_estimate":-0.1590137129447058,"standard_error":0.00014588704884266183},"median":{"confidence_interval":{"confidence_level":0.95,"lower_bound":-0.15955678855032313,"upper_bound":-0.15895177622133383},"point_estimate":-0.15932903775058793,"standard_error":0.00014790993629344812}}