{"mean":{"confidence_interval":{"confidence_level":0.95,"lower_bound":-0.1056765632044952,"upper_bound":-0.09354520637280916},"point_estimate":-0.09937488878294776,"standard_error":0.0031129605736922627},"median":{"confidence_interval":{"confidence_level":0.95,"lower_bound":-0.10219744063790581,"upper_bound":-0.09140691971213862},"point_estimate":-0.09684075158787575,"standard_error":0.002785244087108194}}