{"mean":{"confidence_interval":{"confidence_level":0.95,"lower_bound":-0.0148020842741001,"upper_bound":-0.004298744104794483},"point_estimate":-0.00923481175300278,"standard_error":0.0026290432181441266},"median":{"confidence_interval":{"confidence_level":0.95,"lower_bound":-0.00745384943906735,"upper_bound":-0.006146032934400969},"point_estimate":-0.006651386824284233,"standard_error":0.00033824858540652364}}