{"mean":{"confidence_interval":{"confidence_level":0.95,"lower_bound":0.14237807517056944,"upper_bound":0.14925451181684246},"point_estimate":0.14580618080015095,"standard_error":0.0017559789671839421},"median":{"confidence_interval":{"confidence_level":0.95,"lower_bound":0.1455397995304637,"upper_bound":0.1535500394355036},"point_estimate":0.1478765634296204,"standard_error":0.0021303834003777336}}