{"mean":{"confidence_interval":{"confidence_level":0.95,"lower_bound":-0.2944702577530788,"upper_bound":-0.2823132579280765},"point_estimate":-0.2879849104089056,"standard_error":0.0031102340876206502},"median":{"confidence_interval":{"confidence_level":0.95,"lower_bound":-0.2839388955249217,"upper_bound":-0.2770693149835217},"point_estimate":-0.2803440808550598,"standard_error":0.0016070328548300388}}