{"mean":{"confidence_interval":{"confidence_level":0.95,"lower_bound":-0.003987546767664104,"upper_bound":-0.0034664713500075495},"point_estimate":-0.0037042287851692945,"standard_error":0.0001334496352540611},"median":{"confidence_interval":{"confidence_level":0.95,"lower_bound":-0.003943880864315355,"upper_bound":-0.003560546241828111},"point_estimate":-0.0036906892556503035,"standard_error":0.00009502807822411933}}