{"mean":{"confidence_interval":{"confidence_level":0.95,"lower_bound":-0.17099597323613663,"upper_bound":-0.1563942349479585},"point_estimate":-0.1635773767496953,"standard_error":0.003727792610160827},"median":{"confidence_interval":{"confidence_level":0.95,"lower_bound":-0.16593056613440949,"upper_bound":-0.14930527770349367},"point_estimate":-0.15775428370701527,"standard_error":0.004511132902896932}}