{"mean":{"confidence_interval":{"confidence_level":0.95,"lower_bound":-0.0034226078553736884,"upper_bound":-0.002852213255987862},"point_estimate":-0.0031238505307554787,"standard_error":0.00014530175904393304},"median":{"confidence_interval":{"confidence_level":0.95,"lower_bound":-0.003174767335060613,"upper_bound":-0.002699455464402978},"point_estimate":-0.0028883266757929738,"standard_error":0.00012439482037731315}}