{"mean":{"confidence_interval":{"confidence_level":0.95,"lower_bound":-0.006513498509976079,"upper_bound":0.0039568186428972935},"point_estimate":-0.00041601241982669457,"standard_error":0.0026655900742017812},"median":{"confidence_interval":{"confidence_level":0.95,"lower_bound":-0.013467857209339185,"upper_bound":-0.01241042057940911},"point_estimate":-0.012944283961395242,"standard_error":0.0003246969701777398}}