{"mean":{"confidence_interval":{"confidence_level":0.95,"lower_bound":-0.006372925842428428,"upper_bound":0.004280732487537168},"point_estimate":-0.0002696961374833995,"standard_error":0.0027271230298584787},"median":{"confidence_interval":{"confidence_level":0.95,"lower_bound":0.0004445263404021741,"upper_bound":0.0031085065458200667},"point_estimate":0.0020144453366244264,"standard_error":0.0006440121026905559}}