{"mean":{"confidence_interval":{"confidence_level":0.95,"lower_bound":0.0007325089666891551,"upper_bound":0.010910878291892023},"point_estimate":0.004753831229847849,"standard_error":0.002671233927456986},"median":{"confidence_interval":{"confidence_level":0.95,"lower_bound":-0.00006621816295104832,"upper_bound":0.0024580644062979218},"point_estimate":0.0014924045739199698,"standard_error":0.0006317529442703597}}