{"mean":{"confidence_interval":{"confidence_level":0.95,"lower_bound":0.018797602359151,"upper_bound":0.019963485380892914},"point_estimate":0.019314754315702398,"standard_error":0.0002929173670715523},"median":{"confidence_interval":{"confidence_level":0.95,"lower_bound":0.018117141665329628,"upper_bound":0.018703584440350474},"point_estimate":0.018397248143671607,"standard_error":0.00015304369633784595}}