{"mean":{"confidence_interval":{"confidence_level":0.95,"lower_bound":-0.05760641399021143,"upper_bound":-0.03604877749676645},"point_estimate":-0.046667760379313306,"standard_error":0.005507382460104579},"median":{"confidence_interval":{"confidence_level":0.95,"lower_bound":-0.0544521065099427,"upper_bound":-0.017892365189994614},"point_estimate":-0.034913256079199484,"standard_error":0.010416422392544134}}