{"mean":{"confidence_interval":{"confidence_level":0.95,"lower_bound":-0.0017164699668926779,"upper_bound":0.0011793608047279242},"point_estimate":-0.00024044245457433,"standard_error":0.0007354293635978851},"median":{"confidence_interval":{"confidence_level":0.95,"lower_bound":-0.0016019235298291301,"upper_bound":-0.0008006425191964179},"point_estimate":-0.0012329301165678874,"standard_error":0.00020640100244216278}}