{"mean":{"confidence_interval":{"confidence_level":0.95,"lower_bound":-0.01618024064637024,"upper_bound":-0.01305940058908065},"point_estimate":-0.014430020202225724,"standard_error":0.0007941447479386115},"median":{"confidence_interval":{"confidence_level":0.95,"lower_bound":-0.01387269260228663,"upper_bound":-0.01287165940525814},"point_estimate":-0.013353192766310862,"standard_error":0.0002574360577870956}}