{"mean":{"confidence_interval":{"confidence_level":0.95,"lower_bound":0.0029771376882190173,"upper_bound":0.006051425556017642},"point_estimate":0.004627315118931108,"standard_error":0.0007827149921041704},"median":{"confidence_interval":{"confidence_level":0.95,"lower_bound":0.005161555872633672,"upper_bound":0.005898478057426715},"point_estimate":0.0055795543577059625,"standard_error":0.00020166225798561287}}