{"mean":{"confidence_interval":{"confidence_level":0.95,"lower_bound":-0.0024635491487578817,"upper_bound":0.0011393275765554378},"point_estimate":-0.0005934540017996648,"standard_error":0.0009067837779179291},"median":{"confidence_interval":{"confidence_level":0.95,"lower_bound":-0.00014986670534478108,"upper_bound":0.0006158738133337227},"point_estimate":0.0003068497504754575,"standard_error":0.00019948210290447266}}