{"mean":{"confidence_interval":{"confidence_level":0.95,"lower_bound":-0.33061765572580465,"upper_bound":-0.30258784727849164},"point_estimate":-0.3146337514802868,"standard_error":0.007234580484101703},"median":{"confidence_interval":{"confidence_level":0.95,"lower_bound":-0.2991978253508324,"upper_bound":-0.29378944106000715},"point_estimate":-0.29572197562044944,"standard_error":0.0016009856514159577}}