{"mean":{"confidence_interval":{"confidence_level":0.95,"lower_bound":0.036997226254514286,"upper_bound":0.050680351440721264},"point_estimate":0.0428584446056981,"standard_error":0.003638953008920025},"median":{"confidence_interval":{"confidence_level":0.95,"lower_bound":0.03296538496954593,"upper_bound":0.053498257047841724},"point_estimate":0.043496164478836974,"standard_error":0.004641138397354282}}