{"mean":{"confidence_interval":{"confidence_level":0.95,"lower_bound":0.12402408125308478,"upper_bound":0.14442422228986596},"point_estimate":0.13461437326279446,"standard_error":0.0052977019929298244},"median":{"confidence_interval":{"confidence_level":0.95,"lower_bound":0.11076947954652838,"upper_bound":0.12572110747894194},"point_estimate":0.11874464483996294,"standard_error":0.0035414260126962983}}