{"mean":{"confidence_interval":{"confidence_level":0.95,"lower_bound":-0.086486035463662,"upper_bound":-0.08307712433074589},"point_estimate":-0.0853053098483525,"standard_error":0.0010103812057703713},"median":{"confidence_interval":{"confidence_level":0.95,"lower_bound":-0.0865360118656856,"upper_bound":-0.08615336486078518},"point_estimate":-0.08632922807315258,"standard_error":0.00009622105702368978}}