{"mean":{"confidence_interval":{"confidence_level":0.95,"lower_bound":0.012226086107830936,"upper_bound":0.021668712783490474},"point_estimate":0.01698209494756875,"standard_error":0.0024092448603382725},"median":{"confidence_interval":{"confidence_level":0.95,"lower_bound":0.005833204960373169,"upper_bound":0.01989363009555345},"point_estimate":0.012478094879507795,"standard_error":0.0030977856301095744}}