{"mean":{"confidence_interval":{"confidence_level":0.95,"lower_bound":0.0920240345313302,"upper_bound":0.10473457485873226},"point_estimate":0.09872344450703552,"standard_error":0.0032454349791082066},"median":{"confidence_interval":{"confidence_level":0.95,"lower_bound":0.10034937093101615,"upper_bound":0.10723978156637437},"point_estimate":0.10440140652638807,"standard_error":0.0017715940541863998}}