{"mean":{"confidence_interval":{"confidence_level":0.95,"lower_bound":-0.10050342476210034,"upper_bound":-0.07988946580783408},"point_estimate":-0.09018856777704809,"standard_error":0.0053034928315988245},"median":{"confidence_interval":{"confidence_level":0.95,"lower_bound":-0.10809959503378086,"upper_bound":-0.08613933214555491},"point_estimate":-0.09632540929054967,"standard_error":0.005633477147536655}}