{"mean":{"confidence_interval":{"confidence_level":0.95,"lower_bound":0.0008700495016488129,"upper_bound":0.0038831333373034785},"point_estimate":0.002688241339535935,"standard_error":0.0007889145833536883},"median":{"confidence_interval":{"confidence_level":0.95,"lower_bound":0.0030305530570842176,"upper_bound":0.004103228289019656},"point_estimate":0.0036889157963273522,"standard_error":0.00028273811474759797}}