{"mean":{"confidence_interval":{"confidence_level":0.95,"lower_bound":-0.0013890715720934477,"upper_bound":0.019494838269489428},"point_estimate":0.008693298458172238,"standard_error":0.006129193207896353},"median":{"confidence_interval":{"confidence_level":0.95,"lower_bound":-0.003377416377311704,"upper_bound":-0.002218658448149613},"point_estimate":-0.0027172466688667463,"standard_error":0.000298115811249838}}