{"mean":{"confidence_interval":{"confidence_level":0.95,"lower_bound":-0.09989388432913486,"upper_bound":-0.09816681208634458},"point_estimate":-0.09896630614707724,"standard_error":0.00044272340569938843},"median":{"confidence_interval":{"confidence_level":0.95,"lower_bound":-0.0981803027940088,"upper_bound":-0.09774246950477894},"point_estimate":-0.09797467269624671,"standard_error":0.00011422587266005802}}