{"mean":{"confidence_interval":{"confidence_level":0.95,"lower_bound":-0.0029547957613644954,"upper_bound":0.0037897769790492027},"point_estimate":0.0012556280402133968,"standard_error":0.001813779815895842},"median":{"confidence_interval":{"confidence_level":0.95,"lower_bound":0.0024471293790271713,"upper_bound":0.0034526861840857848},"point_estimate":0.00283787211673725,"standard_error":0.0002550485449260145}}