{"mean":{"confidence_interval":{"confidence_level":0.95,"lower_bound":-0.13624492233640662,"upper_bound":-0.11030032237627638},"point_estimate":-0.12226541726652873,"standard_error":0.006625514239958294},"median":{"confidence_interval":{"confidence_level":0.95,"lower_bound":-0.13358747142025762,"upper_bound":-0.10544029761425577},"point_estimate":-0.12056922381897184,"standard_error":0.007777056861346365}}