{"mean":{"confidence_interval":{"confidence_level":0.95,"lower_bound":0.21075649398473664,"upper_bound":0.22539408361050475},"point_estimate":0.21834281649911902,"standard_error":0.0035687729093828576},"median":{"confidence_interval":{"confidence_level":0.95,"lower_bound":0.208357650431495,"upper_bound":0.21689909433009502},"point_estimate":0.21167866831295368,"standard_error":0.002446265721721011}}