{"mean":{"confidence_interval":{"confidence_level":0.95,"lower_bound":0.002477062348224085,"upper_bound":0.0029513485462508648},"point_estimate":0.0027174687407882647,"standard_error":0.00012131129104794931},"median":{"confidence_interval":{"confidence_level":0.95,"lower_bound":0.0024873665491615795,"upper_bound":0.002948741941952049},"point_estimate":0.0027119632916214886,"standard_error":0.00011174132922767073}}