{"mean":{"confidence_interval":{"confidence_level":0.95,"lower_bound":-0.05030093938981017,"upper_bound":-0.04407525044817062},"point_estimate":-0.04724771598236677,"standard_error":0.0015847460325452876},"median":{"confidence_interval":{"confidence_level":0.95,"lower_bound":-0.05512505475700469,"upper_bound":-0.04857090798466224},"point_estimate":-0.05171010209651972,"standard_error":0.001609587144114206}}