{"mean":{"confidence_interval":{"confidence_level":0.95,"lower_bound":-0.0043675468102998966,"upper_bound":0.0017204955826233103},"point_estimate":-0.0010938172855164963,"standard_error":0.0015432689388521078},"median":{"confidence_interval":{"confidence_level":0.95,"lower_bound":-0.0010779311632753696,"upper_bound":-0.00022073367418484757},"point_estimate":-0.0006676876050516478,"standard_error":0.00021176046281038137}}