{"mean":{"confidence_interval":{"confidence_level":0.95,"lower_bound":0.005062938102495674,"upper_bound":0.020365967460087203},"point_estimate":0.012950912661247926,"standard_error":0.003905521108059324},"median":{"confidence_interval":{"confidence_level":0.95,"lower_bound":0.008978846953081758,"upper_bound":0.025021259035516552},"point_estimate":0.01666142146186811,"standard_error":0.0041194888710097514}}