{"mean":{"confidence_interval":{"confidence_level":0.95,"lower_bound":-0.005364743338202604,"upper_bound":-0.0017476248236551696},"point_estimate":-0.0038993179580915083,"standard_error":0.0009236374537416498},"median":{"confidence_interval":{"confidence_level":0.95,"lower_bound":-0.005863424731806566,"upper_bound":-0.005181792417205867},"point_estimate":-0.005562187670994256,"standard_error":0.0001758771103572344}}