{"mean":{"confidence_interval":{"confidence_level":0.95,"lower_bound":-0.004958228427137959,"upper_bound":-0.004287688176287827},"point_estimate":-0.004618985861690961,"standard_error":0.00017142335463085328},"median":{"confidence_interval":{"confidence_level":0.95,"lower_bound":-0.004670351563513475,"upper_bound":-0.00415056138245995},"point_estimate":-0.004424784563687223,"standard_error":0.00012382077319661225}}