{"mean":{"confidence_interval":{"confidence_level":0.95,"lower_bound":0.0008820160287707825,"upper_bound":0.0037890306704762822},"point_estimate":0.0023936800279913406,"standard_error":0.0007350946921709398},"median":{"confidence_interval":{"confidence_level":0.95,"lower_bound":0.002179325740530702,"upper_bound":0.003162850283661367},"point_estimate":0.0025376880430714177,"standard_error":0.0002458696827667574}}