{"mean":{"confidence_interval":{"confidence_level":0.95,"lower_bound":-0.018180035141277445,"upper_bound":-0.00434656447071198},"point_estimate":-0.011096233013829115,"standard_error":0.0035443619158044923},"median":{"confidence_interval":{"confidence_level":0.95,"lower_bound":-0.013169108785691774,"upper_bound":0.0027319146680826467},"point_estimate":-0.00665966563713416,"standard_error":0.004024899774464427}}