{"mean":{"confidence_interval":{"confidence_level":0.95,"lower_bound":-0.01232529483910156,"upper_bound":0.003426645433749067},"point_estimate":-0.0031440362328449822,"standard_error":0.0041386017826147165},"median":{"confidence_interval":{"confidence_level":0.95,"lower_bound":0.0017482986742440865,"upper_bound":0.0034520225951470973},"point_estimate":0.0027956216547597723,"standard_error":0.000445902827653279}}