{"mean":{"confidence_interval":{"confidence_level":0.95,"lower_bound":9048.97560188685,"upper_bound":9149.491298401796},"point_estimate":9098.019812181954,"standard_error":25.667788329770843},"median":{"confidence_interval":{"confidence_level":0.95,"lower_bound":8924.341558441558,"upper_bound":9212.02534562212},"point_estimate":9160.91116764514,"standard_error":92.55221440543883},"median_abs_dev":{"confidence_interval":{"confidence_level":0.95,"lower_bound":121.30326106787116,"upper_bound":358.29066038806883},"point_estimate":322.54702046412126,"standard_error":60.553085352402604},"slope":{"confidence_interval":{"confidence_level":0.95,"lower_bound":9086.714107942733,"upper_bound":9197.640970760782},"point_estimate":9142.189220376194,"standard_error":28.21499657825784},"std_dev":{"confidence_interval":{"confidence_level":0.95,"lower_bound":206.43319971822316,"upper_bound":309.8223510212046},"point_estimate":257.0255464955141,"standard_error":26.774169330608785}}