{"mean":{"confidence_interval":{"confidence_level":0.95,"lower_bound":9107.617747362225,"upper_bound":9191.330643818688},"point_estimate":9149.450164306872,"standard_error":21.34853762631798},"median":{"confidence_interval":{"confidence_level":0.95,"lower_bound":9035.564285714287,"upper_bound":9242.00072150072},"point_estimate":9169.688873626374,"standard_error":62.548785076319724},"median_abs_dev":{"confidence_interval":{"confidence_level":0.95,"lower_bound":157.96308469559503,"upper_bound":281.65392545295293},"point_estimate":249.5516940483312,"standard_error":32.99879901827062},"slope":{"confidence_interval":{"confidence_level":0.95,"lower_bound":9158.522286074844,"upper_bound":9240.489678820088},"point_estimate":9201.873655977539,"standard_error":20.853041916985955},"std_dev":{"confidence_interval":{"confidence_level":0.95,"lower_bound":183.74380417194433,"upper_bound":241.58211385283286},"point_estimate":213.7699562225243,"standard_error":14.80796467996256}}