{"mean":{"confidence_interval":{"confidence_level":0.95,"lower_bound":9094.385126325207,"upper_bound":9412.49270288627},"point_estimate":9216.027595651844,"standard_error":86.52905399827213},"median":{"confidence_interval":{"confidence_level":0.95,"lower_bound":8988.977272727272,"upper_bound":9217.545072511537},"point_estimate":9184.500671550672,"standard_error":55.19994597496964},"median_abs_dev":{"confidence_interval":{"confidence_level":0.95,"lower_bound":211.06767262768906,"upper_bound":378.9379247125439},"point_estimate":340.5415079722444,"standard_error":44.49736792149515},"slope":{"confidence_interval":{"confidence_level":0.95,"lower_bound":9110.931042855016,"upper_bound":9244.132495396982},"point_estimate":9172.031438071312,"standard_error":33.927270403827194},"std_dev":{"confidence_interval":{"confidence_level":0.95,"lower_bound":225.39705078540456,"upper_bound":1458.4505356241361},"point_estimate":873.1246235016728,"standard_error":422.76067886926074}}