{"mean":{"confidence_interval":{"confidence_level":0.95,"lower_bound":8787.11398619551,"upper_bound":8876.92450700388},"point_estimate":8832.38184280003,"standard_error":22.835190874875728},"median":{"confidence_interval":{"confidence_level":0.95,"lower_bound":8875.70321310116,"upper_bound":8918.870187793427},"point_estimate":8904.591002747253,"standard_error":15.075131344152524},"median_abs_dev":{"confidence_interval":{"confidence_level":0.95,"lower_bound":118.81995427581562,"upper_bound":378.8290968729238},"point_estimate":272.61510669857586,"standard_error":69.69239710583359},"slope":{"confidence_interval":{"confidence_level":0.95,"lower_bound":8810.073641276167,"upper_bound":8870.21593229573},"point_estimate":8843.17495031033,"standard_error":15.311385873259784},"std_dev":{"confidence_interval":{"confidence_level":0.95,"lower_bound":204.38144435084232,"upper_bound":252.0476342390606},"point_estimate":229.85568161829437,"standard_error":12.179452005896662}}