{"mean":{"confidence_interval":{"confidence_level":0.95,"lower_bound":12465.50886248646,"upper_bound":12605.363782016202},"point_estimate":12534.030413712158,"standard_error":35.67195823616798},"median":{"confidence_interval":{"confidence_level":0.95,"lower_bound":12300.011235955057,"upper_bound":12607.46725317693},"point_estimate":12318.079413011232,"standard_error":57.61156419658979},"median_abs_dev":{"confidence_interval":{"confidence_level":0.95,"lower_bound":101.2510607655906,"upper_bound":470.22694198690766},"point_estimate":188.94115535612033,"standard_error":89.44938696297709},"slope":{"confidence_interval":{"confidence_level":0.95,"lower_bound":12343.086774184661,"upper_bound":12487.197809421628},"point_estimate":12411.449140346871,"standard_error":36.90967023694771},"std_dev":{"confidence_interval":{"confidence_level":0.95,"lower_bound":313.12189411201865,"upper_bound":400.54888240223556},"point_estimate":358.36426657877126,"standard_error":22.3365499275877}}