{"mean":{"confidence_interval":{"confidence_level":0.95,"lower_bound":8787.584857842387,"upper_bound":8952.277881873892},"point_estimate":8862.741935605285,"standard_error":42.298514466714884},"median":{"confidence_interval":{"confidence_level":0.95,"lower_bound":8719.52943548387,"upper_bound":8946.48768115942},"point_estimate":8917.620573152337,"standard_error":52.306840378163606},"median_abs_dev":{"confidence_interval":{"confidence_level":0.95,"lower_bound":97.09753893071915,"upper_bound":398.8231368588671},"point_estimate":219.7442388082881,"standard_error":93.7738316684018},"slope":{"confidence_interval":{"confidence_level":0.95,"lower_bound":8847.198703750057,"upper_bound":9114.68792954684},"point_estimate":8967.978992758977,"standard_error":69.00718622046097},"std_dev":{"confidence_interval":{"confidence_level":0.95,"lower_bound":219.4831107226364,"upper_bound":605.6502045830305},"point_estimate":425.59454072248764,"standard_error":99.54236282791503}}