{"mean":{"confidence_interval":{"confidence_level":0.95,"lower_bound":9148.817469043504,"upper_bound":9237.713334622442},"point_estimate":9192.850729613898,"standard_error":22.61542099336196},"median":{"confidence_interval":{"confidence_level":0.95,"lower_bound":9026.064039408868,"upper_bound":9249.940353460972},"point_estimate":9198.900882012724,"standard_error":67.85844989740755},"median_abs_dev":{"confidence_interval":{"confidence_level":0.95,"lower_bound":128.31025945786465,"upper_bound":337.4688070417904},"point_estimate":279.8588775087706,"standard_error":55.437743464990184},"slope":{"confidence_interval":{"confidence_level":0.95,"lower_bound":9161.23923814441,"upper_bound":9238.21623566632},"point_estimate":9201.79034199582,"standard_error":19.573287914430896},"std_dev":{"confidence_interval":{"confidence_level":0.95,"lower_bound":200.06603659847593,"upper_bound":250.50403431434214},"point_estimate":226.9323359131239,"standard_error":12.872209334333803}}