{"mean":{"confidence_interval":{"confidence_level":0.95,"lower_bound":8773.716699001638,"upper_bound":8886.929392463511},"point_estimate":8828.651740045918,"standard_error":28.88086121808379},"median":{"confidence_interval":{"confidence_level":0.95,"lower_bound":8691.406560701203,"upper_bound":8908.576367508209},"point_estimate":8871.879453879454,"standard_error":54.344914824110404},"median_abs_dev":{"confidence_interval":{"confidence_level":0.95,"lower_bound":257.73981682888495,"upper_bound":383.0899338237941},"point_estimate":353.70930309540404,"standard_error":31.873804548353284},"slope":{"confidence_interval":{"confidence_level":0.95,"lower_bound":8768.793160339588,"upper_bound":8921.760990165054},"point_estimate":8835.850500960543,"standard_error":39.7302052152036},"std_dev":{"confidence_interval":{"confidence_level":0.95,"lower_bound":225.34916783842482,"upper_bound":366.78742015386126},"point_estimate":290.5114071502781,"standard_error":37.72703093963222}}