{"mean":{"confidence_interval":{"confidence_level":0.95,"lower_bound":8860.733024318408,"upper_bound":8997.220567291328},"point_estimate":8925.259309172212,"standard_error":34.93109353265747},"median":{"confidence_interval":{"confidence_level":0.95,"lower_bound":8935.744899054982,"upper_bound":8978.838068181818},"point_estimate":8954.942332732371,"standard_error":13.185611832904371},"median_abs_dev":{"confidence_interval":{"confidence_level":0.95,"lower_bound":95.14697174040144,"upper_bound":419.1420805795733},"point_estimate":300.9310629954312,"standard_error":81.92169758789144},"slope":{"confidence_interval":{"confidence_level":0.95,"lower_bound":8866.870813096479,"upper_bound":8958.000481292564},"point_estimate":8911.16396224324,"standard_error":23.241001201841826},"std_dev":{"confidence_interval":{"confidence_level":0.95,"lower_bound":244.7551610084909,"upper_bound":456.03147236441464},"point_estimate":351.1994497823066,"standard_error":54.79770393980725}}