{"mean":{"confidence_interval":{"confidence_level":0.95,"lower_bound":12890.285666905898,"upper_bound":13042.267069133326},"point_estimate":12964.007803896087,"standard_error":38.94060721411733},"median":{"confidence_interval":{"confidence_level":0.95,"lower_bound":12802.599173553719,"upper_bound":12929.132756132756},"point_estimate":12865.321140819964,"standard_error":34.25362329325209},"median_abs_dev":{"confidence_interval":{"confidence_level":0.95,"lower_bound":197.38674393370408,"upper_bound":394.96393461953954},"point_estimate":270.1539759310813,"standard_error":50.37688682541442},"slope":{"confidence_interval":{"confidence_level":0.95,"lower_bound":12864.426187295849,"upper_bound":13058.862276333832},"point_estimate":12963.473480930183,"standard_error":49.67379213932456},"std_dev":{"confidence_interval":{"confidence_level":0.95,"lower_bound":329.82346797841643,"upper_bound":447.65777622834486},"point_estimate":391.8032833540115,"standard_error":30.154193466602095}}