{"mean":{"confidence_interval":{"confidence_level":0.95,"lower_bound":11414.184552753479,"upper_bound":11546.902281759258},"point_estimate":11480.004947997182,"standard_error":33.94559809157326},"median":{"confidence_interval":{"confidence_level":0.95,"lower_bound":11209.983568075117,"upper_bound":11692.093992248061},"point_estimate":11247.549953095684,"standard_error":178.95379881725617},"median_abs_dev":{"confidence_interval":{"confidence_level":0.95,"lower_bound":68.24962230933774,"upper_bound":594.2124461233248},"point_estimate":322.18015261349234,"standard_error":173.60231035082847},"slope":{"confidence_interval":{"confidence_level":0.95,"lower_bound":11355.221339002981,"upper_bound":11497.816739215932},"point_estimate":11429.944825870647,"standard_error":36.46653813963861},"std_dev":{"confidence_interval":{"confidence_level":0.95,"lower_bound":311.2994676899066,"upper_bound":369.1413858857338},"point_estimate":341.7999837100418,"standard_error":14.720749436884052}}