{"mean":{"confidence_interval":{"confidence_level":0.95,"lower_bound":11482.346165637196,"upper_bound":11614.55217857077},"point_estimate":11547.624403921513,"standard_error":33.68750132371605},"median":{"confidence_interval":{"confidence_level":0.95,"lower_bound":11290.807359307359,"upper_bound":11772.233974358975},"point_estimate":11315.633653846155,"standard_error":181.7639717034304},"median_abs_dev":{"confidence_interval":{"confidence_level":0.95,"lower_bound":80.03294302357338,"upper_bound":598.7547708603613},"point_estimate":390.98679825090653,"standard_error":161.06011324780619},"slope":{"confidence_interval":{"confidence_level":0.95,"lower_bound":11458.563345736484,"upper_bound":11621.452338440438},"point_estimate":11542.16718856214,"standard_error":41.4980516802118},"std_dev":{"confidence_interval":{"confidence_level":0.95,"lower_bound":296.940222030229,"upper_bound":387.81689732992373},"point_estimate":338.69435737569995,"standard_error":23.84179060365273}}