{"mean":{"confidence_interval":{"confidence_level":0.95,"lower_bound":11201.741017105982,"upper_bound":11334.013775146443},"point_estimate":11267.594382627693,"standard_error":33.74956417209716},"median":{"confidence_interval":{"confidence_level":0.95,"lower_bound":10995.353333333333,"upper_bound":11500.192307692309},"point_estimate":11059.566666666666,"standard_error":187.7991044815661},"median_abs_dev":{"confidence_interval":{"confidence_level":0.95,"lower_bound":114.0741752531443,"upper_bound":598.7135697540039},"point_estimate":394.2164060251552,"standard_error":154.1857414770314},"slope":{"confidence_interval":{"confidence_level":0.95,"lower_bound":11180.29400618065,"upper_bound":11349.687766527975},"point_estimate":11269.02088370031,"standard_error":43.34427540838999},"std_dev":{"confidence_interval":{"confidence_level":0.95,"lower_bound":314.3354174336171,"upper_bound":360.5150282381186},"point_estimate":339.1398777135831,"standard_error":11.787963480526564}}