{"mean":{"confidence_interval":{"confidence_level":0.95,"lower_bound":8845.577879356762,"upper_bound":9052.664283786617},"point_estimate":8926.93490348789,"standard_error":55.19374566804371},"median":{"confidence_interval":{"confidence_level":0.95,"lower_bound":8815.407318913482,"upper_bound":8977.588850174216},"point_estimate":8940.222755505365,"standard_error":41.200945386110696},"median_abs_dev":{"confidence_interval":{"confidence_level":0.95,"lower_bound":150.12343002708388,"upper_bound":285.84086242530924},"point_estimate":210.82419470539898,"standard_error":34.58821783983104},"slope":{"confidence_interval":{"confidence_level":0.95,"lower_bound":8865.06558052906,"upper_bound":9086.683075909543},"point_estimate":8951.380699402564,"standard_error":60.66220714528403},"std_dev":{"confidence_interval":{"confidence_level":0.95,"lower_bound":181.1325099932297,"upper_bound":915.0915415184726},"point_estimate":554.8816375603424,"standard_error":250.12577855839166}}