{"mean":{"confidence_interval":{"confidence_level":0.95,"lower_bound":16132.472886900008,"upper_bound":16670.089150910655},"point_estimate":16379.890222310967,"standard_error":137.71758401873703},"median":{"confidence_interval":{"confidence_level":0.95,"lower_bound":15806.337226970561,"upper_bound":16212.126705653021},"point_estimate":15984.040201396683,"standard_error":102.17800102240022},"median_abs_dev":{"confidence_interval":{"confidence_level":0.95,"lower_bound":499.3379422287276,"upper_bound":889.3897820004054},"point_estimate":659.4895694000544,"standard_error":99.03917554953748},"slope":{"confidence_interval":{"confidence_level":0.95,"lower_bound":15969.167048153244,"upper_bound":16512.652411420186},"point_estimate":16222.437726220383,"standard_error":138.7502465567786},"std_dev":{"confidence_interval":{"confidence_level":0.95,"lower_bound":832.6550150552903,"upper_bound":1867.8752278418212},"point_estimate":1385.480373632239,"standard_error":265.41906464804543}}