{"mean":{"confidence_interval":{"confidence_level":0.95,"lower_bound":12720.150899859962,"upper_bound":12984.149264364285},"point_estimate":12852.51910580534,"standard_error":67.38585382406946},"median":{"confidence_interval":{"confidence_level":0.95,"lower_bound":12717.796276595745,"upper_bound":12934.985649867374},"point_estimate":12815.614911994784,"standard_error":58.999956421105225},"median_abs_dev":{"confidence_interval":{"confidence_level":0.95,"lower_bound":396.1015907156173,"upper_bound":729.3539375513793},"point_estimate":551.5495013979354,"standard_error":85.43624370262384},"slope":{"confidence_interval":{"confidence_level":0.95,"lower_bound":12471.649029504322,"upper_bound":12666.439456943437},"point_estimate":12570.161164179104,"standard_error":49.70573872353199},"std_dev":{"confidence_interval":{"confidence_level":0.95,"lower_bound":557.636220876299,"upper_bound":808.2741592156739},"point_estimate":680.9599090401008,"standard_error":64.47879504130051}}