{"mean":{"confidence_interval":{"confidence_level":0.95,"lower_bound":11342.442877655474,"upper_bound":11476.710931808744},"point_estimate":11408.46826553134,"standard_error":34.27312105083023},"median":{"confidence_interval":{"confidence_level":0.95,"lower_bound":11138.874342105264,"upper_bound":11631.933333333332},"point_estimate":11164.496005378896,"standard_error":187.73838077077986},"median_abs_dev":{"confidence_interval":{"confidence_level":0.95,"lower_bound":80.77087063373192,"upper_bound":631.1807473801599},"point_estimate":314.13383758125286,"standard_error":180.21271863404743},"slope":{"confidence_interval":{"confidence_level":0.95,"lower_bound":11290.055319754498,"upper_bound":11442.035024856568},"point_estimate":11369.682689276391,"standard_error":38.80142627319292},"std_dev":{"confidence_interval":{"confidence_level":0.95,"lower_bound":314.21829415777887,"upper_bound":370.3007184068343},"point_estimate":344.06102832467894,"standard_error":14.335868509327584}}