{"mean":{"confidence_interval":{"confidence_level":0.95,"lower_bound":9123.530327172322,"upper_bound":9353.462295566993},"point_estimate":9219.752162974934,"standard_error":59.47400517313593},"median":{"confidence_interval":{"confidence_level":0.95,"lower_bound":8999.461180124224,"upper_bound":9234.644817927172},"point_estimate":9211.719096849265,"standard_error":81.6100094962178},"median_abs_dev":{"confidence_interval":{"confidence_level":0.95,"lower_bound":140.0297066768704,"upper_bound":364.24096706284183},"point_estimate":319.4201344410412,"standard_error":58.4901865523569},"slope":{"confidence_interval":{"confidence_level":0.95,"lower_bound":9137.847815756893,"upper_bound":9273.818820698289},"point_estimate":9200.034626865672,"standard_error":34.77060048864705},"std_dev":{"confidence_interval":{"confidence_level":0.95,"lower_bound":212.64681052628583,"upper_bound":944.2714027419926},"point_estimate":595.1670309868613,"standard_error":216.58819105350165}}