{"mean":{"confidence_interval":{"confidence_level":0.95,"lower_bound":12373.282844287733,"upper_bound":12492.808178818159},"point_estimate":12432.375523138755,"standard_error":30.576847429627907},"median":{"confidence_interval":{"confidence_level":0.95,"lower_bound":12202.854700854701,"upper_bound":12641.853125},"point_estimate":12237.336996888487,"standard_error":158.25414258264513},"median_abs_dev":{"confidence_interval":{"confidence_level":0.95,"lower_bound":93.89545856051875,"upper_bound":581.2852506369761},"point_estimate":287.21648555025973,"standard_error":150.14684200716576},"slope":{"confidence_interval":{"confidence_level":0.95,"lower_bound":12335.381598895814,"upper_bound":12465.179194047203},"point_estimate":12403.458396138121,"standard_error":33.17397528632848},"std_dev":{"confidence_interval":{"confidence_level":0.95,"lower_bound":280.57965528433783,"upper_bound":329.281474152483},"point_estimate":306.7156579531485,"standard_error":12.455400864775523}}