{"mean":{"confidence_interval":{"confidence_level":0.95,"lower_bound":9162.660170510184,"upper_bound":9480.512177198347},"point_estimate":9290.094650584057,"standard_error":83.44195955253304},"median":{"confidence_interval":{"confidence_level":0.95,"lower_bound":9041.836038961039,"upper_bound":9251.973275075987},"point_estimate":9212.628417634996,"standard_error":55.92597126459955},"median_abs_dev":{"confidence_interval":{"confidence_level":0.95,"lower_bound":168.31346657705606,"upper_bound":329.34672203131475},"point_estimate":288.1255554481294,"standard_error":43.63226072962418},"slope":{"confidence_interval":{"confidence_level":0.95,"lower_bound":9179.174477834671,"upper_bound":9415.692773157185},"point_estimate":9278.788342586924,"standard_error":61.58644957467091},"std_dev":{"confidence_interval":{"confidence_level":0.95,"lower_bound":210.44411059092474,"upper_bound":1366.0215777493056},"point_estimate":838.5877226163295,"standard_error":346.3724386126273}}