{"mean":{"confidence_interval":{"confidence_level":0.95,"lower_bound":8808.201340392057,"upper_bound":8903.654780345523},"point_estimate":8855.666404666497,"standard_error":24.254477010083917},"median":{"confidence_interval":{"confidence_level":0.95,"lower_bound":8881.167964975846,"upper_bound":8940.568511904763},"point_estimate":8914.177699242173,"standard_error":16.517058067444164},"median_abs_dev":{"confidence_interval":{"confidence_level":0.95,"lower_bound":121.16510204409478,"upper_bound":368.68068921361424},"point_estimate":262.79156566163,"standard_error":61.66275664096566},"slope":{"confidence_interval":{"confidence_level":0.95,"lower_bound":8836.816150494165,"upper_bound":8915.285702950077},"point_estimate":8877.727443845131,"standard_error":19.956402591037552},"std_dev":{"confidence_interval":{"confidence_level":0.95,"lower_bound":212.24811086511772,"upper_bound":272.7070647567056},"point_estimate":243.3921558642578,"standard_error":15.489003089999901}}