{"mean":{"confidence_interval":{"confidence_level":0.95,"lower_bound":8782.08085780005,"upper_bound":8946.9842550744},"point_estimate":8855.79550191778,"standard_error":42.19414278053363},"median":{"confidence_interval":{"confidence_level":0.95,"lower_bound":8827.32536764706,"upper_bound":8925.358578202737},"point_estimate":8911.287732498062,"standard_error":24.441607382665932},"median_abs_dev":{"confidence_interval":{"confidence_level":0.95,"lower_bound":161.46192135222884,"upper_bound":371.70323437021085},"point_estimate":227.33584667679298,"standard_error":60.99919654453157},"slope":{"confidence_interval":{"confidence_level":0.95,"lower_bound":8820.778630439694,"upper_bound":9045.749174208044},"point_estimate":8917.503166284912,"standard_error":58.54860326802168},"std_dev":{"confidence_interval":{"confidence_level":0.95,"lower_bound":228.0038292490904,"upper_bound":632.6014554236194},"point_estimate":425.51916542760915,"standard_error":115.37133174649341}}