{"mean":{"confidence_interval":{"confidence_level":0.95,"lower_bound":8880.049344594805,"upper_bound":9038.034048488986},"point_estimate":8954.365561330713,"standard_error":40.396351573684555},"median":{"confidence_interval":{"confidence_level":0.95,"lower_bound":9013.645,"upper_bound":9085.043910256409},"point_estimate":9070.031845238096,"standard_error":19.42887960062791},"median_abs_dev":{"confidence_interval":{"confidence_level":0.95,"lower_bound":103.3586990172895,"upper_bound":382.62806918355636},"point_estimate":162.05832587288768,"standard_error":72.84798788033962},"slope":{"confidence_interval":{"confidence_level":0.95,"lower_bound":8944.677824733093,"upper_bound":9089.306629273327},"point_estimate":9016.502069417762,"standard_error":36.75540737912665},"std_dev":{"confidence_interval":{"confidence_level":0.95,"lower_bound":282.1852241668127,"upper_bound":556.8692408704435},"point_estimate":405.643856055268,"standard_error":79.38996982254662}}