{"mean":{"confidence_interval":{"confidence_level":0.95,"lower_bound":17866.0189330885,"upper_bound":18367.682430744993},"point_estimate":18106.16887519015,"standard_error":127.84471316657184},"median":{"confidence_interval":{"confidence_level":0.95,"lower_bound":17563.073923319327,"upper_bound":18109.895568502827},"point_estimate":17767.85305813626,"standard_error":148.93462845133055},"median_abs_dev":{"confidence_interval":{"confidence_level":0.95,"lower_bound":803.6315223235978,"upper_bound":1308.5626948452916},"point_estimate":1046.021567401133,"standard_error":131.49671048807173},"slope":{"confidence_interval":{"confidence_level":0.95,"lower_bound":17370.90455164386,"upper_bound":17752.37122145123},"point_estimate":17545.614026525785,"standard_error":97.30829354673425},"std_dev":{"confidence_interval":{"confidence_level":0.95,"lower_bound":946.4082678156865,"upper_bound":1642.5220849151506},"point_estimate":1282.7933069057299,"standard_error":183.64563823468927}}