{"mean":{"confidence_interval":{"confidence_level":0.95,"lower_bound":61875451.22175,"upper_bound":62384698.95925},"point_estimate":62112305.39,"standard_error":130494.58450883342},"median":{"confidence_interval":{"confidence_level":0.95,"lower_bound":61689496.0,"upper_bound":62208753.0},"point_estimate":61978099.5,"standard_error":149677.63495115162},"median_abs_dev":{"confidence_interval":{"confidence_level":0.95,"lower_bound":739159.1124773026,"upper_bound":1140948.894444108},"point_estimate":951397.0052093267,"standard_error":102357.32807174533},"slope":null,"std_dev":{"confidence_interval":{"confidence_level":0.95,"lower_bound":822138.0260165436,"upper_bound":1788252.2585729035},"point_estimate":1313332.2560576638,"standard_error":252205.59279995254}}