{"mean":{"confidence_interval":{"confidence_level":0.95,"lower_bound":16235498.310250001,"upper_bound":16264180.096312499},"point_estimate":16249258.26,"standard_error":7340.444587873133},"median":{"confidence_interval":{"confidence_level":0.95,"lower_bound":16220234.75,"upper_bound":16251422.375},"point_estimate":16233347.25,"standard_error":6986.320083199102},"median_abs_dev":{"confidence_interval":{"confidence_level":0.95,"lower_bound":46313.08732777834,"upper_bound":70238.54903614148},"point_estimate":56728.352142870426,"standard_error":5860.4264017063515},"slope":null,"std_dev":{"confidence_interval":{"confidence_level":0.95,"lower_bound":55558.23387576653,"upper_bound":90412.00115907083},"point_estimate":73613.59052046228,"standard_error":8953.358588421765}}