{"mean":{"confidence_interval":{"confidence_level":0.95,"lower_bound":106748860.922,"upper_bound":108729810.98349999},"point_estimate":107701786.67,"standard_error":503857.0117219293},"median":{"confidence_interval":{"confidence_level":0.95,"lower_bound":105487144.0,"upper_bound":107780853.0},"point_estimate":106488048.0,"standard_error":548025.1919931261},"median_abs_dev":{"confidence_interval":{"confidence_level":0.95,"lower_bound":3163979.5388281345,"upper_bound":4942032.517106382},"point_estimate":4245019.533535838,"standard_error":460244.01910089055},"slope":null,"std_dev":{"confidence_interval":{"confidence_level":0.95,"lower_bound":3914614.630054324,"upper_bound":6208203.335316165},"point_estimate":5079842.57528261,"standard_error":590021.2047668041}}