{"mean":{"confidence_interval":{"confidence_level":0.95,"lower_bound":16635847.543375,"upper_bound":16962967.365624998},"point_estimate":16791035.1425,"standard_error":83284.93931146145},"median":{"confidence_interval":{"confidence_level":0.95,"lower_bound":16415297.5,"upper_bound":16678638.25},"point_estimate":16469322.875,"standard_error":61312.92602295232},"median_abs_dev":{"confidence_interval":{"confidence_level":0.95,"lower_bound":282897.31020256877,"upper_bound":544196.2476154598},"point_estimate":436056.55918344855,"standard_error":65497.078070104515},"slope":null,"std_dev":{"confidence_interval":{"confidence_level":0.95,"lower_bound":602348.0944865281,"upper_bound":1043922.3791137476},"point_estimate":839332.7402494755,"standard_error":112743.84199099126}}