{"mean":{"confidence_interval":{"confidence_level":0.95,"lower_bound":15650890.616,"upper_bound":15698713.1154375},"point_estimate":15673322.9625,"standard_error":12199.228716835592},"median":{"confidence_interval":{"confidence_level":0.95,"lower_bound":15631962.25,"upper_bound":15677737.75},"point_estimate":15654649.875,"standard_error":11095.698687088452},"median_abs_dev":{"confidence_interval":{"confidence_level":0.95,"lower_bound":66717.92544052005,"upper_bound":114161.68983947486},"point_estimate":83768.01046282053,"standard_error":12464.99109485454},"slope":null,"std_dev":{"confidence_interval":{"confidence_level":0.95,"lower_bound":84662.73200706631,"upper_bound":158065.16031025987},"point_estimate":122234.36059183978,"standard_error":19094.958985565812}}