{"mean":{"confidence_interval":{"confidence_level":0.95,"lower_bound":59809762.291999996,"upper_bound":59936173.271},"point_estimate":59870833.32,"standard_error":32231.577174729457},"median":{"confidence_interval":{"confidence_level":0.95,"lower_bound":59741025.0,"upper_bound":59848395.0},"point_estimate":59783495.0,"standard_error":29934.89154245877},"median_abs_dev":{"confidence_interval":{"confidence_level":0.95,"lower_bound":167756.18702173233,"upper_bound":308532.76102244854},"point_estimate":238205.63127100468,"standard_error":37252.42179080702},"slope":null,"std_dev":{"confidence_interval":{"confidence_level":0.95,"lower_bound":263855.4349185602,"upper_bound":376011.236439989},"point_estimate":323766.0024846439,"standard_error":28750.489452278824}}