{"mean":{"confidence_interval":{"confidence_level":0.95,"lower_bound":8052134.903249999,"upper_bound":8119727.404035712},"point_estimate":8085455.967142855,"standard_error":17213.385391123225},"median":{"confidence_interval":{"confidence_level":0.95,"lower_bound":7996622.285714285,"upper_bound":8103544.5},"point_estimate":8022968.642857144,"standard_error":26346.72904844346},"median_abs_dev":{"confidence_interval":{"confidence_level":0.95,"lower_bound":122911.35021788655,"upper_bound":219566.38440191746},"point_estimate":158799.37698074928,"standard_error":25480.523557308996},"slope":null,"std_dev":{"confidence_interval":{"confidence_level":0.95,"lower_bound":145428.7041074026,"upper_bound":197898.79610848468},"point_estimate":172679.22027246226,"standard_error":13458.963700655204}}