{"mean":{"confidence_interval":{"confidence_level":0.95,"lower_bound":47115296.021875,"upper_bound":47236422.561875},"point_estimate":47174800.52,"standard_error":30898.89703757834},"median":{"confidence_interval":{"confidence_level":0.95,"lower_bound":47074981.5,"upper_bound":47224042.0},"point_estimate":47164537.75,"standard_error":35305.60199603026},"median_abs_dev":{"confidence_interval":{"confidence_level":0.95,"lower_bound":229781.12757056952,"upper_bound":410783.04808214284},"point_estimate":320856.5026536584,"standard_error":46383.7462283995},"slope":null,"std_dev":{"confidence_interval":{"confidence_level":0.95,"lower_bound":266000.9707707466,"upper_bound":349078.89859356906},"point_estimate":310364.1568314577,"standard_error":21260.45080780884}}