{"mean":{"confidence_interval":{"confidence_level":0.95,"lower_bound":7747366.928571428,"upper_bound":7781444.900000003},"point_estimate":7762697.877142859,"standard_error":8663.521649587603},"median":{"confidence_interval":{"confidence_level":0.95,"lower_bound":7733533.928571429,"upper_bound":7753525.428571428},"point_estimate":7740323.071428571,"standard_error":4936.385575985326},"median_abs_dev":{"confidence_interval":{"confidence_level":0.95,"lower_bound":25571.672546012258,"upper_bound":49960.394458025396},"point_estimate":36716.164748156785,"standard_error":6355.094794600444},"slope":null,"std_dev":{"confidence_interval":{"confidence_level":0.95,"lower_bound":50932.25290659608,"upper_bound":124010.69749988116},"point_estimate":87038.58891456787,"standard_error":20123.603123022916}}