{"mean":{"confidence_interval":{"confidence_level":0.95,"lower_bound":7119918.91396875,"upper_bound":7143275.1029687505},"point_estimate":7131086.7375,"standard_error":5971.8508965872425},"median":{"confidence_interval":{"confidence_level":0.95,"lower_bound":7100353.75,"upper_bound":7136294.375},"point_estimate":7113709.875,"standard_error":7841.31632656876},"median_abs_dev":{"confidence_interval":{"confidence_level":0.95,"lower_bound":34078.00285843201,"upper_bound":62162.35903389752},"point_estimate":46348.855052143335,"standard_error":7194.205163417186},"slope":null,"std_dev":{"confidence_interval":{"confidence_level":0.95,"lower_bound":44548.16137652609,"upper_bound":75419.62067320691},"point_estimate":60358.22570365694,"standard_error":7964.405625452558}}