{"mean":{"confidence_interval":{"confidence_level":0.95,"lower_bound":6586008.362857142,"upper_bound":6594307.425714289},"point_estimate":6589459.481428576,"standard_error":2167.6938928087316},"median":{"confidence_interval":{"confidence_level":0.95,"lower_bound":6584343.214285715,"upper_bound":6587449.142857143},"point_estimate":6586041.571428571,"standard_error":752.033010397259},"median_abs_dev":{"confidence_interval":{"confidence_level":0.95,"lower_bound":7286.978870630264,"upper_bound":11404.47669752977},"point_estimate":9940.30332352345,"standard_error":1041.3876076183194},"slope":null,"std_dev":{"confidence_interval":{"confidence_level":0.95,"lower_bound":8297.295369363592,"upper_bound":34674.80591439407},"point_estimate":21761.87419492254,"standard_error":8250.041047471623}}