{"mean":{"confidence_interval":{"confidence_level":0.95,"lower_bound":7769648.191678573,"upper_bound":7814109.179321432},"point_estimate":7787144.110000005,"standard_error":11766.886090168593},"median":{"confidence_interval":{"confidence_level":0.95,"lower_bound":7762359.142857143,"upper_bound":7774354.428571428},"point_estimate":7765923.0,"standard_error":2798.374559742202},"median_abs_dev":{"confidence_interval":{"confidence_level":0.95,"lower_bound":22057.381108403206,"upper_bound":44145.47056876166},"point_estimate":30680.39435531392,"standard_error":5590.876249934556},"slope":null,"std_dev":{"confidence_interval":{"confidence_level":0.95,"lower_bound":33549.570078070494,"upper_bound":192458.90264746782},"point_estimate":117505.13331524841,"standard_error":50834.63964692651}}