{"mean":{"confidence_interval":{"confidence_level":0.95,"lower_bound":52712859.75425,"upper_bound":53980197.58925},"point_estimate":53334881.88,"standard_error":325002.8960386324},"median":{"confidence_interval":{"confidence_level":0.95,"lower_bound":51869048.0,"upper_bound":53389638.0},"point_estimate":52634093.0,"standard_error":359164.84094482113},"median_abs_dev":{"confidence_interval":{"confidence_level":0.95,"lower_bound":1999568.4998005629,"upper_bound":3519383.215418455},"point_estimate":2624258.292210102,"standard_error":394820.0177908972},"slope":null,"std_dev":{"confidence_interval":{"confidence_level":0.95,"lower_bound":2606423.770976222,"upper_bound":3877780.4729209123},"point_estimate":3265323.2389501603,"standard_error":326851.8614499304}}