{"mean":{"confidence_interval":{"confidence_level":0.95,"lower_bound":15505991.910812499,"upper_bound":15519094.16325},"point_estimate":15512197.9475,"standard_error":3351.0886283988193},"median":{"confidence_interval":{"confidence_level":0.95,"lower_bound":15495434.75,"upper_bound":15503384.625},"point_estimate":15498234.5,"standard_error":1989.4879910168022},"median_abs_dev":{"confidence_interval":{"confidence_level":0.95,"lower_bound":9229.370161145926,"upper_bound":19403.341830521822},"point_estimate":12583.567276597023,"standard_error":2559.429728669712},"slope":null,"std_dev":{"confidence_interval":{"confidence_level":0.95,"lower_bound":24898.43928299752,"upper_bound":40892.70747352714},"point_estimate":33506.06557961367,"standard_error":4097.299983522018}}