{"mean":{"confidence_interval":{"confidence_level":0.95,"lower_bound":99678826.24825,"upper_bound":99784191.20925},"point_estimate":99724420.19,"standard_error":27148.50168347163},"median":{"confidence_interval":{"confidence_level":0.95,"lower_bound":99641202.0,"upper_bound":99672402.0},"point_estimate":99652502.0,"standard_error":7318.342122374689},"median_abs_dev":{"confidence_interval":{"confidence_level":0.95,"lower_bound":51444.736486673355,"upper_bound":93996.83833122253},"point_estimate":69609.55136418343,"standard_error":11183.719006150057},"slope":null,"std_dev":{"confidence_interval":{"confidence_level":0.95,"lower_bound":123230.3316691399,"upper_bound":417148.4522627045},"point_estimate":273426.77260440786,"standard_error":85409.74699937596}}