{"mean":{"confidence_interval":{"confidence_level":0.95,"lower_bound":59065564.6915,"upper_bound":59173274.44100001},"point_estimate":59117906.01,"standard_error":27460.87906691091},"median":{"confidence_interval":{"confidence_level":0.95,"lower_bound":59007370.0,"upper_bound":59116920.5},"point_estimate":59054170.5,"standard_error":32526.611727015654},"median_abs_dev":{"confidence_interval":{"confidence_level":0.95,"lower_bound":165089.7309690714,"upper_bound":295188.6199593544},"point_estimate":213475.12241005898,"standard_error":32205.276157327025},"slope":null,"std_dev":{"confidence_interval":{"confidence_level":0.95,"lower_bound":225077.74529545216,"upper_bound":321359.2862979351},"point_estimate":276478.4489224349,"standard_error":24595.01171477882}}