{"mean":{"confidence_interval":{"confidence_level":0.95,"lower_bound":72316877.329,"upper_bound":72633093.5505},"point_estimate":72473118.08,"standard_error":80736.24378962768},"median":{"confidence_interval":{"confidence_level":0.95,"lower_bound":72247496.0,"upper_bound":72663103.0},"point_estimate":72471100.0,"standard_error":109148.29911205036},"median_abs_dev":{"confidence_interval":{"confidence_level":0.95,"lower_bound":647610.0467026234,"upper_bound":1032352.5049895789},"point_estimate":894911.4288121462,"standard_error":97856.98698037912},"slope":null,"std_dev":{"confidence_interval":{"confidence_level":0.95,"lower_bound":679677.5896563141,"upper_bound":940992.7565501804},"point_estimate":812636.6140059181,"standard_error":67107.26970288936}}