{"mean":{"confidence_interval":{"confidence_level":0.95,"lower_bound":65741805.484000005,"upper_bound":67128083.32024999},"point_estimate":66409143.19,"standard_error":353246.24743325554},"median":{"confidence_interval":{"confidence_level":0.95,"lower_bound":64569100.0,"upper_bound":65591812.0},"point_estimate":64975754.5,"standard_error":277197.5076202832},"median_abs_dev":{"confidence_interval":{"confidence_level":0.95,"lower_bound":1353630.084568262,"upper_bound":2884360.442492366},"point_estimate":1958094.248136878,"standard_error":411425.8322402809},"slope":null,"std_dev":{"confidence_interval":{"confidence_level":0.95,"lower_bound":2723326.0656284904,"upper_bound":4277754.324252704},"point_estimate":3543186.544072496,"standard_error":397909.3012822147}}