{"mean":{"confidence_interval":{"confidence_level":0.95,"lower_bound":19603764.66008334,"upper_bound":19776519.9095},"point_estimate":19688274.97,"standard_error":44298.41237853043},"median":{"confidence_interval":{"confidence_level":0.95,"lower_bound":19534209.333333332,"upper_bound":19713871.5},"point_estimate":19649300.5,"standard_error":49448.28550027789},"median_abs_dev":{"confidence_interval":{"confidence_level":0.95,"lower_bound":343912.04419434624,"upper_bound":554974.4822472325},"point_estimate":473697.85749018285,"standard_error":55568.71582208944},"slope":null,"std_dev":{"confidence_interval":{"confidence_level":0.95,"lower_bound":364232.1647923042,"upper_bound":520041.42620959244},"point_estimate":444682.97628265276,"standard_error":39805.778021353166}}