{"mean":{"confidence_interval":{"confidence_level":0.95,"lower_bound":58181268.328499995,"upper_bound":58389525.38375},"point_estimate":58276595.77,"standard_error":53264.58635356947},"median":{"confidence_interval":{"confidence_level":0.95,"lower_bound":58090502.0,"upper_bound":58193202.0},"point_estimate":58141202.0,"standard_error":25366.842950895523},"median_abs_dev":{"confidence_interval":{"confidence_level":0.95,"lower_bound":163159.38580334187,"upper_bound":296665.2895331383},"point_estimate":221942.99215972424,"standard_error":33498.326262776},"slope":null,"std_dev":{"confidence_interval":{"confidence_level":0.95,"lower_bound":303045.19581328955,"upper_bound":746082.865996028},"point_estimate":534459.0776659448,"standard_error":116031.11553222296}}