{"mean":{"confidence_interval":{"confidence_level":0.95,"lower_bound":18295473.112666667,"upper_bound":18344825.12408333},"point_estimate":18320436.093333326,"standard_error":12595.513510088897},"median":{"confidence_interval":{"confidence_level":0.95,"lower_bound":18318363.833333336,"upper_bound":18367781.333333332},"point_estimate":18339130.833333336,"standard_error":11608.289320305348},"median_abs_dev":{"confidence_interval":{"confidence_level":0.95,"lower_bound":85078.01108956705,"upper_bound":155848.43823313806},"point_estimate":123971.79749906431,"standard_error":17793.896339513227},"slope":null,"std_dev":{"confidence_interval":{"confidence_level":0.95,"lower_bound":108403.52963405423,"upper_bound":142166.5763535119},"point_estimate":126371.9841157327,"standard_error":8616.453825425202}}