{"mean":{"confidence_interval":{"confidence_level":0.95,"lower_bound":18348151.930666674,"upper_bound":18636031.606166665},"point_estimate":18491439.51,"standard_error":73351.11265670467},"median":{"confidence_interval":{"confidence_level":0.95,"lower_bound":18470849.0,"upper_bound":18798820.0},"point_estimate":18654318.333333336,"standard_error":95203.21310467338},"median_abs_dev":{"confidence_interval":{"confidence_level":0.95,"lower_bound":430536.1599564543,"upper_bound":872793.7553048115},"point_estimate":590700.4467129707,"standard_error":113823.6405681094},"slope":null,"std_dev":{"confidence_interval":{"confidence_level":0.95,"lower_bound":618222.7252722362,"upper_bound":851743.0495073452},"point_estimate":737035.4624963775,"standard_error":59663.42332145946}}