{"mean":{"confidence_interval":{"confidence_level":0.95,"lower_bound":8515386.890750002,"upper_bound":8553038.62425},"point_estimate":8535925.763333336,"standard_error":9639.175780076792},"median":{"confidence_interval":{"confidence_level":0.95,"lower_bound":8525705.333333332,"upper_bound":8561495.833333334},"point_estimate":8548939.333333334,"standard_error":9500.771640780407},"median_abs_dev":{"confidence_interval":{"confidence_level":0.95,"lower_bound":51096.20194285878,"upper_bound":78763.3707016725},"point_estimate":65150.1377433543,"standard_error":7117.665715986138},"slope":null,"std_dev":{"confidence_interval":{"confidence_level":0.95,"lower_bound":57894.456054633476,"upper_bound":140453.39977434327},"point_estimate":97102.54835564038,"standard_error":24097.121390402946}}