{"mean":{"confidence_interval":{"confidence_level":0.95,"lower_bound":8099390.888464287,"upper_bound":8193278.552857142},"point_estimate":8143231.2214285685,"standard_error":23907.253473134813},"median":{"confidence_interval":{"confidence_level":0.95,"lower_bound":8025995.642857143,"upper_bound":8154281.428571429},"point_estimate":8083673.357142857,"standard_error":37401.456257505444},"median_abs_dev":{"confidence_interval":{"confidence_level":0.95,"lower_bound":119596.6802767333,"upper_bound":248962.3176800356},"point_estimate":181169.58668359727,"standard_error":35762.22355651557},"slope":null,"std_dev":{"confidence_interval":{"confidence_level":0.95,"lower_bound":160280.0669178012,"upper_bound":333737.41313007724},"point_estimate":240919.46345732774,"standard_error":47821.29733570539}}