{"mean":{"confidence_interval":{"confidence_level":0.95,"lower_bound":14839276.567125,"upper_bound":14861879.872125},"point_estimate":14849119.235,"standard_error":5820.309105296705},"median":{"confidence_interval":{"confidence_level":0.95,"lower_bound":14834892.5,"upper_bound":14841117.5},"point_estimate":14837967.5,"standard_error":1402.9304988376584},"median_abs_dev":{"confidence_interval":{"confidence_level":0.95,"lower_bound":10663.22966068983,"upper_bound":20274.925290048122},"point_estimate":13454.594761133194,"standard_error":2443.4434940021642},"slope":null,"std_dev":{"confidence_interval":{"confidence_level":0.95,"lower_bound":20704.551003201443,"upper_bound":86255.07843112042},"point_estimate":58495.62594120658,"standard_error":17068.05006986111}}