{"mean":{"confidence_interval":{"confidence_level":0.95,"lower_bound":14946188.01925,"upper_bound":14954141.629375},"point_estimate":14950135.07,"standard_error":2025.2795452743196},"median":{"confidence_interval":{"confidence_level":0.95,"lower_bound":14943233.25,"upper_bound":14954708.75},"point_estimate":14948621.25,"standard_error":2708.894683183912},"median_abs_dev":{"confidence_interval":{"confidence_level":0.95,"lower_bound":14677.55441442132,"upper_bound":23277.931536734104},"point_estimate":19941.71094596386,"standard_error":2183.6981438659172},"slope":null,"std_dev":{"confidence_interval":{"confidence_level":0.95,"lower_bound":16567.713768864,"upper_bound":23915.46296312859},"point_estimate":20295.775012858612,"standard_error":1875.9192606322654}}