{"mean":{"confidence_interval":{"confidence_level":0.95,"lower_bound":14747219.075375,"upper_bound":14752912.750375},"point_estimate":14750017.8125,"standard_error":1456.2060244114243},"median":{"confidence_interval":{"confidence_level":0.95,"lower_bound":14743985.0,"upper_bound":14751869.75},"point_estimate":14748082.125,"standard_error":2158.3712078251956},"median_abs_dev":{"confidence_interval":{"confidence_level":0.95,"lower_bound":10656.557960808277,"upper_bound":18532.87032097578},"point_estimate":13049.47431832552,"standard_error":2005.236029043346},"slope":null,"std_dev":{"confidence_interval":{"confidence_level":0.95,"lower_bound":12480.760380978389,"upper_bound":16645.023313633807},"point_estimate":14677.567621314209,"standard_error":1061.44878561524}}