{"mean":{"confidence_interval":{"confidence_level":0.95,"lower_bound":6612951.1275,"upper_bound":6618699.43953125},"point_estimate":6615428.32125,"standard_error":1481.034448460858},"median":{"confidence_interval":{"confidence_level":0.95,"lower_bound":6610779.375,"upper_bound":6614020.375},"point_estimate":6612081.6875,"standard_error":821.0656467948463},"median_abs_dev":{"confidence_interval":{"confidence_level":0.95,"lower_bound":4836.6117641329765,"upper_bound":7627.42088958621},"point_estimate":6108.775204047561,"standard_error":703.3091065846269},"slope":null,"std_dev":{"confidence_interval":{"confidence_level":0.95,"lower_bound":6219.959374739771,"upper_bound":22709.402048522097},"point_estimate":14847.188763523187,"standard_error":4550.173576548553}}