{"mean":{"confidence_interval":{"confidence_level":0.95,"lower_bound":18939285.915083326,"upper_bound":18944140.586749993},"point_estimate":18941349.576666668,"standard_error":1256.516922605711},"median":{"confidence_interval":{"confidence_level":0.95,"lower_bound":18937917.333333332,"upper_bound":18941117.333333332},"point_estimate":18939200.5,"standard_error":835.1755970478958},"median_abs_dev":{"confidence_interval":{"confidence_level":0.95,"lower_bound":3706.499934196472,"upper_bound":6375.179886817932},"point_estimate":5040.839910507202,"standard_error":690.7726064806851},"slope":null,"std_dev":{"confidence_interval":{"confidence_level":0.95,"lower_bound":5223.053276232562,"upper_bound":19636.971985513745},"point_estimate":12565.77571695924,"standard_error":4305.35454370859}}