{"mean":{"confidence_interval":{"confidence_level":0.95,"lower_bound":18932656.275000002,"upper_bound":18935661.216999996},"point_estimate":18933957.899999995,"standard_error":775.6949456911133},"median":{"confidence_interval":{"confidence_level":0.95,"lower_bound":18931567.666666668,"upper_bound":18933285.0},"point_estimate":18932418.166666664,"standard_error":415.8766093322538},"median_abs_dev":{"confidence_interval":{"confidence_level":0.95,"lower_bound":2644.4641530476943,"upper_bound":4521.929919719696},"point_estimate":3384.7757399026955,"standard_error":497.7354810623412},"slope":null,"std_dev":{"confidence_interval":{"confidence_level":0.95,"lower_bound":3865.5907189913437,"upper_bound":11815.204958607621},"point_estimate":7768.243577650168,"standard_error":2422.814206030285}}