{"mean":{"confidence_interval":{"confidence_level":0.95,"lower_bound":14952846.5135625,"upper_bound":14960714.93825},"point_estimate":14956736.85,"standard_error":2002.080435392684},"median":{"confidence_interval":{"confidence_level":0.95,"lower_bound":14950519.75,"upper_bound":14961070.0},"point_estimate":14956019.875,"standard_error":3034.666398275354},"median_abs_dev":{"confidence_interval":{"confidence_level":0.95,"lower_bound":14121.950074285269,"upper_bound":22572.955249249935},"point_estimate":18291.7625002563,"standard_error":2107.7648309515225},"slope":null,"std_dev":{"confidence_interval":{"confidence_level":0.95,"lower_bound":16769.411943816973,"upper_bound":23200.611151502988},"point_estimate":20137.517422103076,"standard_error":1643.7623729567179}}