{"mean":{"confidence_interval":{"confidence_level":0.95,"lower_bound":6624186.29340625,"upper_bound":6631203.66009375},"point_estimate":6627293.68,"standard_error":1804.4227091132868},"median":{"confidence_interval":{"confidence_level":0.95,"lower_bound":6621627.875,"upper_bound":6624727.25},"point_estimate":6623289.0,"standard_error":849.2304934989854},"median_abs_dev":{"confidence_interval":{"confidence_level":0.95,"lower_bound":3986.248016729951,"upper_bound":6878.0592653900385},"point_estimate":5339.8617926985025,"standard_error":734.4370615596333},"slope":null,"std_dev":{"confidence_interval":{"confidence_level":0.95,"lower_bound":6237.908173159999,"upper_bound":25961.809894414477},"point_estimate":18189.56678554344,"standard_error":4710.557167577156}}