{"mean":{"confidence_interval":{"confidence_level":0.95,"lower_bound":6628548.6975,"upper_bound":6632521.504500001},"point_estimate":6630397.155,"standard_error":1016.0382646475475},"median":{"confidence_interval":{"confidence_level":0.95,"lower_bound":6626737.5,"upper_bound":6629471.375},"point_estimate":6628223.4375,"standard_error":634.826334990247},"median_abs_dev":{"confidence_interval":{"confidence_level":0.95,"lower_bound":4303.802398592234,"upper_bound":7338.684544712305},"point_estimate":5456.894528120756,"standard_error":776.606305578523},"slope":null,"std_dev":{"confidence_interval":{"confidence_level":0.95,"lower_bound":6801.907053598267,"upper_bound":13480.22468502952},"point_estimate":10171.699785681114,"standard_error":1736.9500745374771}}