{"mean":{"confidence_interval":{"confidence_level":0.95,"lower_bound":6610246.469062501,"upper_bound":6617011.510218751},"point_estimate":6612918.97875,"standard_error":1777.2634803550186},"median":{"confidence_interval":{"confidence_level":0.95,"lower_bound":6608438.125,"upper_bound":6611080.625},"point_estimate":6609677.4375,"standard_error":656.1626307362828},"median_abs_dev":{"confidence_interval":{"confidence_level":0.95,"lower_bound":4067.235040292144,"upper_bound":7314.406970143318},"point_estimate":5797.521872073412,"standard_error":855.153054086728},"slope":null,"std_dev":{"confidence_interval":{"confidence_level":0.95,"lower_bound":5836.47149174379,"upper_bound":29035.611658778405},"point_estimate":17796.437820470444,"standard_error":7605.000535253187}}