{"mean":{"confidence_interval":{"confidence_level":0.95,"lower_bound":6610423.83440625,"upper_bound":6615585.01753125},"point_estimate":6612787.105,"standard_error":1319.4986188183666},"median":{"confidence_interval":{"confidence_level":0.95,"lower_bound":6607495.9375,"upper_bound":6612263.5625},"point_estimate":6610250.5625,"standard_error":1192.5376613500403},"median_abs_dev":{"confidence_interval":{"confidence_level":0.95,"lower_bound":5816.795671731234,"upper_bound":9965.94436056912},"point_estimate":7788.9316242188215,"standard_error":1020.8962701146313},"slope":null,"std_dev":{"confidence_interval":{"confidence_level":0.95,"lower_bound":7827.097418696227,"upper_bound":17862.07585243081},"point_estimate":13255.52626447577,"standard_error":2574.255461949097}}