{"mean":{"confidence_interval":{"confidence_level":0.95,"lower_bound":19527825.719666667,"upper_bound":19531171.23066667},"point_estimate":19529350.089999996,"standard_error":851.983305122712},"median":{"confidence_interval":{"confidence_level":0.95,"lower_bound":19527009.666666668,"upper_bound":19529900.0},"point_estimate":19528008.833333336,"standard_error":830.0841693356894},"median_abs_dev":{"confidence_interval":{"confidence_level":0.95,"lower_bound":4535.273319480042,"upper_bound":7240.029871464696},"point_estimate":5830.324396493812,"standard_error":717.951008963486},"slope":null,"std_dev":{"confidence_interval":{"confidence_level":0.95,"lower_bound":5211.553073767505,"upper_bound":12224.059250632521},"point_estimate":8574.908755798413,"standard_error":1974.0574525521424}}