{"mean":{"confidence_interval":{"confidence_level":0.95,"lower_bound":6631858.638843751,"upper_bound":6639709.12178125},"point_estimate":6635393.255,"standard_error":2015.110787432294},"median":{"confidence_interval":{"confidence_level":0.95,"lower_bound":6628868.75,"upper_bound":6631602.75},"point_estimate":6629598.375,"standard_error":668.7074137288225},"median_abs_dev":{"confidence_interval":{"confidence_level":0.95,"lower_bound":3634.9644854664803,"upper_bound":6806.894466653466},"point_estimate":4620.522817969322,"standard_error":859.2675383960132},"slope":null,"std_dev":{"confidence_interval":{"confidence_level":0.95,"lower_bound":10459.713810955704,"upper_bound":27745.714168141953},"point_estimate":20241.130325748283,"standard_error":4389.467894527088}}