{"mean":{"confidence_interval":{"confidence_level":0.95,"lower_bound":6635460.83675,"upper_bound":6639542.9643125},"point_estimate":6637322.64875,"standard_error":1043.255065296026},"median":{"confidence_interval":{"confidence_level":0.95,"lower_bound":6633719.5,"upper_bound":6637526.0},"point_estimate":6635790.9375,"standard_error":998.223784482962},"median_abs_dev":{"confidence_interval":{"confidence_level":0.95,"lower_bound":5027.21852324903,"upper_bound":8354.728839173913},"point_estimate":6155.013790726662,"standard_error":806.4089537214707},"slope":null,"std_dev":{"confidence_interval":{"confidence_level":0.95,"lower_bound":6276.979356815158,"upper_bound":14947.561629443268},"point_estimate":10496.60011784743,"standard_error":2407.0841838338947}}