{"mean":{"confidence_interval":{"confidence_level":0.95,"lower_bound":6635249.29890625,"upper_bound":6640262.6369687505},"point_estimate":6637513.65375,"standard_error":1283.643703793231},"median":{"confidence_interval":{"confidence_level":0.95,"lower_bound":6633279.5,"upper_bound":6636333.8125},"point_estimate":6635110.5625,"standard_error":794.7523889779336},"median_abs_dev":{"confidence_interval":{"confidence_level":0.95,"lower_bound":5435.860140994191,"upper_bound":9152.460287511349},"point_estimate":6908.915877342224,"standard_error":991.953282060359},"slope":null,"std_dev":{"confidence_interval":{"confidence_level":0.95,"lower_bound":7298.241411604995,"upper_bound":18831.116642491495},"point_estimate":12982.929070184107,"standard_error":3257.2753088392838}}