{"mean":{"confidence_interval":{"confidence_level":0.95,"lower_bound":20789373.091500003,"upper_bound":21090068.72975},"point_estimate":20934618.106666666,"standard_error":76908.09546254759},"median":{"confidence_interval":{"confidence_level":0.95,"lower_bound":20621974.5,"upper_bound":20953091.833333336},"point_estimate":20816791.333333336,"standard_error":92538.89446323203},"median_abs_dev":{"confidence_interval":{"confidence_level":0.95,"lower_bound":505019.0174341205,"upper_bound":825611.9879424535},"point_estimate":721212.2397959232,"standard_error":81697.28985058806},"slope":null,"std_dev":{"confidence_interval":{"confidence_level":0.95,"lower_bound":620231.0583353541,"upper_bound":911395.8522704762},"point_estimate":773622.6109120919,"standard_error":74212.0028265842}}