{"mean":{"confidence_interval":{"confidence_level":0.95,"lower_bound":18606168.09041667,"upper_bound":18793511.392166656},"point_estimate":18702214.94,"standard_error":47851.18471914181},"median":{"confidence_interval":{"confidence_level":0.95,"lower_bound":18682241.666666668,"upper_bound":18948518.666666668},"point_estimate":18805033.833333332,"standard_error":66632.0775833738},"median_abs_dev":{"confidence_interval":{"confidence_level":0.95,"lower_bound":342465.76792001724,"upper_bound":583713.9414370023},"point_estimate":442510.6257438669,"standard_error":62995.1564907187},"slope":null,"std_dev":{"confidence_interval":{"confidence_level":0.95,"lower_bound":404158.3973735321,"upper_bound":550407.2390527531},"point_estimate":481927.17237180995,"standard_error":37320.41442839934}}