{"mean":{"confidence_interval":{"confidence_level":0.95,"lower_bound":6589544.5985624995,"upper_bound":6626112.0231875},"point_estimate":6607902.23625,"standard_error":9286.094209087702},"median":{"confidence_interval":{"confidence_level":0.95,"lower_bound":6619478.5,"upper_bound":6644060.125},"point_estimate":6633427.1875,"standard_error":5908.881969821825},"median_abs_dev":{"confidence_interval":{"confidence_level":0.95,"lower_bound":31445.57479172945,"upper_bound":60380.1812030375},"point_estimate":44246.25030197203,"standard_error":7507.77740772418},"slope":null,"std_dev":{"confidence_interval":{"confidence_level":0.95,"lower_bound":69222.74747579155,"upper_bound":116659.93182930085},"point_estimate":93096.26113709454,"standard_error":12179.311157104072}}