{"mean":{"confidence_interval":{"confidence_level":0.95,"lower_bound":6610726.971125,"upper_bound":6616499.87803125},"point_estimate":6613370.3625,"standard_error":1475.512436409529},"median":{"confidence_interval":{"confidence_level":0.95,"lower_bound":6608376.3125,"upper_bound":6610822.6875},"point_estimate":6609254.875,"standard_error":722.6985643046899},"median_abs_dev":{"confidence_interval":{"confidence_level":0.95,"lower_bound":5196.9762202352285,"upper_bound":9224.18106123805},"point_estimate":7192.092472314835,"standard_error":1040.9035803613606},"slope":null,"std_dev":{"confidence_interval":{"confidence_level":0.95,"lower_bound":8474.798565140874,"upper_bound":20082.349236013953},"point_estimate":14786.585934637871,"standard_error":2943.877333995011}}