{"mean":{"confidence_interval":{"confidence_level":0.95,"lower_bound":19058602.883083336,"upper_bound":19295318.855750002},"point_estimate":19171227.24666666,"standard_error":60438.63131663595},"median":{"confidence_interval":{"confidence_level":0.95,"lower_bound":18946210.333333332,"upper_bound":19191977.666666668},"point_estimate":19041877.0,"standard_error":73765.34563614248},"median_abs_dev":{"confidence_interval":{"confidence_level":0.95,"lower_bound":373443.0882200634,"upper_bound":603173.0660915393},"point_estimate":502035.0378870964,"standard_error":58475.190997524645},"slope":null,"std_dev":{"confidence_interval":{"confidence_level":0.95,"lower_bound":448162.36486556503,"upper_bound":784584.6454717593},"point_estimate":609452.5862857021,"standard_error":88540.11006811507}}