{"mean":{"confidence_interval":{"confidence_level":0.95,"lower_bound":17989611.851333335,"upper_bound":18282453.693166673},"point_estimate":18131463.699999996,"standard_error":74764.03529168392},"median":{"confidence_interval":{"confidence_level":0.95,"lower_bound":17777712.333333332,"upper_bound":18053616.333333336},"point_estimate":17953331.5,"standard_error":67725.9654274953},"median_abs_dev":{"confidence_interval":{"confidence_level":0.95,"lower_bound":387211.12932563195,"upper_bound":673755.0856659526},"point_estimate":568066.0871148119,"standard_error":69993.07620115152},"slope":null,"std_dev":{"confidence_interval":{"confidence_level":0.95,"lower_bound":606954.4893017542,"upper_bound":887747.2610449158},"point_estimate":757684.0263007281,"standard_error":71493.15228425339}}