{"mean":{"confidence_interval":{"confidence_level":0.95,"lower_bound":19541737.065166667,"upper_bound":19548389.419500005},"point_estimate":19544809.083333336,"standard_error":1700.745534628422},"median":{"confidence_interval":{"confidence_level":0.95,"lower_bound":19538966.666666668,"upper_bound":19543999.666666668},"point_estimate":19541966.5,"standard_error":1187.0279456525245},"median_abs_dev":{"confidence_interval":{"confidence_level":0.95,"lower_bound":7907.694059612208,"upper_bound":12750.853973630772},"point_estimate":10600.58981180191,"standard_error":1241.2941417414472},"slope":null,"std_dev":{"confidence_interval":{"confidence_level":0.95,"lower_bound":10447.28611793659,"upper_bound":23297.386558703733},"point_estimate":17100.05940560928,"standard_error":3364.623929490373}}