{"mean":{"confidence_interval":{"confidence_level":0.95,"lower_bound":6610020.28475,"upper_bound":6616561.226625},"point_estimate":6612870.43625,"standard_error":1683.1875854789062},"median":{"confidence_interval":{"confidence_level":0.95,"lower_bound":6606481.3125,"upper_bound":6611958.5},"point_estimate":6609717.9375,"standard_error":1471.479400614717},"median_abs_dev":{"confidence_interval":{"confidence_level":0.95,"lower_bound":6195.970614999533,"upper_bound":11370.615173131227},"point_estimate":8588.23833502829,"standard_error":1385.1750704696115},"slope":null,"std_dev":{"confidence_interval":{"confidence_level":0.95,"lower_bound":8027.4585083449165,"upper_bound":25578.39500492807},"point_estimate":16884.389414927893,"standard_error":5083.8656092592055}}