{"mean":{"confidence_interval":{"confidence_level":0.95,"lower_bound":14959576.185687501,"upper_bound":14965928.760625001},"point_estimate":14962767.795,"standard_error":1617.0393448576226},"median":{"confidence_interval":{"confidence_level":0.95,"lower_bound":14958165.625,"upper_bound":14967565.75},"point_estimate":14962303.25,"standard_error":2402.316594293127},"median_abs_dev":{"confidence_interval":{"confidence_level":0.95,"lower_bound":15005.394333600998,"upper_bound":22869.660568982363},"point_estimate":18254.882825911045,"standard_error":1980.7124813716678},"slope":null,"std_dev":{"confidence_interval":{"confidence_level":0.95,"lower_bound":14384.001936022814,"upper_bound":17923.307118422075},"point_estimate":16266.401572347018,"standard_error":901.2755039859594}}