{"mean":{"confidence_interval":{"confidence_level":0.95,"lower_bound":18371844.62466667,"upper_bound":18376123.25366666},"point_estimate":18373890.943333328,"standard_error":1088.5012913005235},"median":{"confidence_interval":{"confidence_level":0.95,"lower_bound":18369880.666666668,"upper_bound":18374014.0},"point_estimate":18371464.0,"standard_error":1034.7130408406904},"median_abs_dev":{"confidence_interval":{"confidence_level":0.95,"lower_bound":5757.429897783346,"upper_bound":10600.342711804456},"point_estimate":8475.529849531107,"standard_error":1275.4487442120958},"slope":null,"std_dev":{"confidence_interval":{"confidence_level":0.95,"lower_bound":8286.71733306676,"upper_bound":13584.104204630596},"point_estimate":10935.090109440593,"standard_error":1376.7575641518674}}