{"mean":{"confidence_interval":{"confidence_level":0.95,"lower_bound":6612517.647375,"upper_bound":6617245.581937499},"point_estimate":6614717.64875,"standard_error":1211.1698169004626},"median":{"confidence_interval":{"confidence_level":0.95,"lower_bound":6609851.375,"upper_bound":6612675.0},"point_estimate":6611128.0,"standard_error":768.6815677831556},"median_abs_dev":{"confidence_interval":{"confidence_level":0.95,"lower_bound":4362.179772555828,"upper_bound":8135.026055574417},"point_estimate":6130.64355365932,"standard_error":1010.9940058200624},"slope":null,"std_dev":{"confidence_interval":{"confidence_level":0.95,"lower_bound":8024.587706430421,"upper_bound":15687.056263101262},"point_estimate":12152.808514547354,"standard_error":1965.4328504186983}}