{"mean":{"confidence_interval":{"confidence_level":0.95,"lower_bound":14951558.114125,"upper_bound":14958166.0694375},"point_estimate":14954886.3775,"standard_error":1679.81138010624},"median":{"confidence_interval":{"confidence_level":0.95,"lower_bound":14951646.0,"upper_bound":14957721.0},"point_estimate":14954388.875,"standard_error":1611.3461381729571},"median_abs_dev":{"confidence_interval":{"confidence_level":0.95,"lower_bound":11066.682178527117,"upper_bound":21294.212771952152},"point_estimate":17309.725342690945,"standard_error":2766.3939732704443},"slope":null,"std_dev":{"confidence_interval":{"confidence_level":0.95,"lower_bound":14231.977911941894,"upper_bound":19253.374025099532},"point_estimate":16873.469738940123,"standard_error":1286.6366436024514}}