{"mean":{"confidence_interval":{"confidence_level":0.95,"lower_bound":31065045.950875,"upper_bound":31806041.629},"point_estimate":31448124.12,"standard_error":189033.64150736594},"median":{"confidence_interval":{"confidence_level":0.95,"lower_bound":31705205.0,"upper_bound":32341405.5},"point_estimate":31983668.5,"standard_error":143507.15516833714},"median_abs_dev":{"confidence_interval":{"confidence_level":0.95,"lower_bound":1011869.3855982274,"upper_bound":1758654.1583776474},"point_estimate":1473582.4299886823,"standard_error":197335.78580431972},"slope":null,"std_dev":{"confidence_interval":{"confidence_level":0.95,"lower_bound":1530183.6253800616,"upper_bound":2227436.7537389672},"point_estimate":1909831.3147274042,"standard_error":179000.8423514753}}