{"mean":{"confidence_interval":{"confidence_level":0.95,"lower_bound":31955862.51,"upper_bound":32230379.136125002},"point_estimate":32097868.785,"standard_error":70267.89396435807},"median":{"confidence_interval":{"confidence_level":0.95,"lower_bound":32205487.0,"upper_bound":32343194.5},"point_estimate":32277180.5,"standard_error":30772.973602067257},"median_abs_dev":{"confidence_interval":{"confidence_level":0.95,"lower_bound":195147.9628354311,"upper_bound":397475.04539340734},"point_estimate":267229.7496557236,"standard_error":53056.30885452243},"slope":null,"std_dev":{"confidence_interval":{"confidence_level":0.95,"lower_bound":558120.4439910536,"upper_bound":821391.5684617854},"point_estimate":703688.172686966,"standard_error":67304.45439326543}}