{"mean":{"confidence_interval":{"confidence_level":0.95,"lower_bound":30542120.619125,"upper_bound":31310470.639374997},"point_estimate":30935348.445,"standard_error":196158.33279189147},"median":{"confidence_interval":{"confidence_level":0.95,"lower_bound":30497503.5,"upper_bound":31943523.5},"point_estimate":31176588.75,"standard_error":376452.1605349606},"median_abs_dev":{"confidence_interval":{"confidence_level":0.95,"lower_bound":1477526.5165686607,"upper_bound":2611523.8703861833},"point_estimate":2040683.591620624,"standard_error":281226.6755016534},"slope":null,"std_dev":{"confidence_interval":{"confidence_level":0.95,"lower_bound":1647056.825368098,"upper_bound":2264286.6043682112},"point_estimate":1977361.7474153498,"standard_error":157550.32500768936}}