{"mean":{"confidence_interval":{"confidence_level":0.95,"lower_bound":30044849.776750002,"upper_bound":30767824.74775},"point_estimate":30415261.765,"standard_error":184997.53418327737},"median":{"confidence_interval":{"confidence_level":0.95,"lower_bound":30290966.75,"upper_bound":31518961.5},"point_estimate":31076999.75,"standard_error":278257.83034083626},"median_abs_dev":{"confidence_interval":{"confidence_level":0.95,"lower_bound":879055.3927436471,"upper_bound":2277999.6629074216},"point_estimate":1389899.2983743548,"standard_error":304523.03767602524},"slope":null,"std_dev":{"confidence_interval":{"confidence_level":0.95,"lower_bound":1559423.9380874254,"upper_bound":2125751.97684648},"point_estimate":1858379.8220876043,"standard_error":144352.43982898135}}