{"mean":{"confidence_interval":{"confidence_level":0.95,"lower_bound":29529846.737,"upper_bound":30256181.93775},"point_estimate":29904785.885,"standard_error":185685.05141786757},"median":{"confidence_interval":{"confidence_level":0.95,"lower_bound":30527852.5,"upper_bound":30994611.0},"point_estimate":30794065.25,"standard_error":140685.07880330455},"median_abs_dev":{"confidence_interval":{"confidence_level":0.95,"lower_bound":540437.3424053192,"upper_bound":1388145.7532554865},"point_estimate":900542.3435121775,"standard_error":240808.149770034},"slope":null,"std_dev":{"confidence_interval":{"confidence_level":0.95,"lower_bound":1529736.921916329,"upper_bound":2133198.667067859},"point_estimate":1859267.6791770214,"standard_error":154828.4710508623}}