{"mean":{"confidence_interval":{"confidence_level":0.95,"lower_bound":29999443.189375002,"upper_bound":31176372.036500003},"point_estimate":30597544.595,"standard_error":299998.2780871736},"median":{"confidence_interval":{"confidence_level":0.95,"lower_bound":31415094.5,"upper_bound":32600394.5},"point_estimate":32370207.25,"standard_error":274876.58105519996},"median_abs_dev":{"confidence_interval":{"confidence_level":0.95,"lower_bound":692410.6781997541,"upper_bound":2416975.2485901117},"point_estimate":1225987.493084371,"standard_error":399093.0809255287},"slope":null,"std_dev":{"confidence_interval":{"confidence_level":0.95,"lower_bound":2657335.735815287,"upper_bound":3269799.501157664},"point_estimate":3013102.3709254973,"standard_error":156346.6943930404}}