{"mean":{"confidence_interval":{"confidence_level":0.95,"lower_bound":30369977.630875003,"upper_bound":31165526.903125},"point_estimate":30782163.575,"standard_error":202726.5476506601},"median":{"confidence_interval":{"confidence_level":0.95,"lower_bound":30711322.0,"upper_bound":31919947.75},"point_estimate":31599035.75,"standard_error":279149.5681538768},"median_abs_dev":{"confidence_interval":{"confidence_level":0.95,"lower_bound":868959.2575728893,"upper_bound":2005277.992299199},"point_estimate":1402810.8908951283,"standard_error":244762.02644749833},"slope":null,"std_dev":{"confidence_interval":{"confidence_level":0.95,"lower_bound":1634367.9120884736,"upper_bound":2378233.721727422},"point_estimate":2044092.1056426081,"standard_error":189596.64545429393}}