{"mean":{"confidence_interval":{"confidence_level":0.95,"lower_bound":31547847.061625,"upper_bound":32165116.64725},"point_estimate":31868878.25,"standard_error":157880.55883497748},"median":{"confidence_interval":{"confidence_level":0.95,"lower_bound":32311714.5,"upper_bound":32668432.0},"point_estimate":32547861.25,"standard_error":101986.91652817627},"median_abs_dev":{"confidence_interval":{"confidence_level":0.95,"lower_bound":500841.91555827856,"upper_bound":1095516.7216894375},"point_estimate":684146.4991539717,"standard_error":161126.86176160036},"slope":null,"std_dev":{"confidence_interval":{"confidence_level":0.95,"lower_bound":1243235.0724466643,"upper_bound":1871129.8786655858},"point_estimate":1586487.3736370103,"standard_error":160877.62960811477}}