{"mean":{"confidence_interval":{"confidence_level":0.95,"lower_bound":30462555.540749997,"upper_bound":31283230.896124996},"point_estimate":30883395.275,"standard_error":209262.72829167312},"median":{"confidence_interval":{"confidence_level":0.95,"lower_bound":30700342.0,"upper_bound":31740549.75},"point_estimate":31432773.0,"standard_error":287660.99582434597},"median_abs_dev":{"confidence_interval":{"confidence_level":0.95,"lower_bound":1495159.0780556202,"upper_bound":2337413.744902611},"point_estimate":1935020.5447465181,"standard_error":220388.04100928153},"slope":null,"std_dev":{"confidence_interval":{"confidence_level":0.95,"lower_bound":1766959.0480814993,"upper_bound":2394773.4161278605},"point_estimate":2103944.127371756,"standard_error":160505.64609632306}}