{"mean":{"confidence_interval":{"confidence_level":0.95,"lower_bound":29413543.602375,"upper_bound":29777079.0185},"point_estimate":29591004.085,"standard_error":92700.9474404686},"median":{"confidence_interval":{"confidence_level":0.95,"lower_bound":29139629.25,"upper_bound":29805294.25},"point_estimate":29554588.5,"standard_error":176158.33886068707},"median_abs_dev":{"confidence_interval":{"confidence_level":0.95,"lower_bound":747053.1975046545,"upper_bound":1123142.8687602282},"point_estimate":976821.7415079474,"standard_error":96003.0732758872},"slope":null,"std_dev":{"confidence_interval":{"confidence_level":0.95,"lower_bound":781438.2582215588,"upper_bound":1061361.5448087647},"point_estimate":930202.7820387074,"standard_error":71514.87599670768}}