{"mean":{"confidence_interval":{"confidence_level":0.95,"lower_bound":32563923.687875003,"upper_bound":33305151.3745},"point_estimate":32946961.665,"standard_error":189703.16290114092},"median":{"confidence_interval":{"confidence_level":0.95,"lower_bound":33140564.0,"upper_bound":34073477.25},"point_estimate":33912797.25,"standard_error":223282.4705795695},"median_abs_dev":{"confidence_interval":{"confidence_level":0.95,"lower_bound":476963.90168219805,"upper_bound":1649746.9418386284},"point_estimate":877542.7701205015,"standard_error":291870.1931650316},"slope":null,"std_dev":{"confidence_interval":{"confidence_level":0.95,"lower_bound":1482368.9849953596,"upper_bound":2297163.962058963},"point_estimate":1908363.7176123285,"standard_error":208715.8919148084}}