{"mean":{"confidence_interval":{"confidence_level":0.95,"lower_bound":30849962.07975,"upper_bound":31648037.623},"point_estimate":31259923.645,"standard_error":204085.7540904333},"median":{"confidence_interval":{"confidence_level":0.95,"lower_bound":31312302.5,"upper_bound":32083212.44999993},"point_estimate":31695197.75,"standard_error":205641.56687911495},"median_abs_dev":{"confidence_interval":{"confidence_level":0.95,"lower_bound":1213350.922858715,"upper_bound":2051480.0884864454},"point_estimate":1713284.375283122,"standard_error":217909.75943340146},"slope":null,"std_dev":{"confidence_interval":{"confidence_level":0.95,"lower_bound":1668861.0979350759,"upper_bound":2368954.442129001},"point_estimate":2048315.4277528182,"standard_error":178969.39068366704}}