{"mean":{"confidence_interval":{"confidence_level":0.95,"lower_bound":31055488.085,"upper_bound":31952493.1795},"point_estimate":31515020.74,"standard_error":228900.98929362802},"median":{"confidence_interval":{"confidence_level":0.95,"lower_bound":31691561.5,"upper_bound":32759833.5},"point_estimate":32164731.75,"standard_error":243166.27834902512},"median_abs_dev":{"confidence_interval":{"confidence_level":0.95,"lower_bound":1183909.4525814056,"upper_bound":2183536.250364478},"point_estimate":1673346.4678421617,"standard_error":237161.00620372067},"slope":null,"std_dev":{"confidence_interval":{"confidence_level":0.95,"lower_bound":1909288.2387506305,"upper_bound":2620994.4214935484},"point_estimate":2303154.929809547,"standard_error":181750.15038448453}}