{"mean":{"confidence_interval":{"confidence_level":0.95,"lower_bound":32386371.595000003,"upper_bound":32656111.6045},"point_estimate":32525761.97,"standard_error":68613.66446081978},"median":{"confidence_interval":{"confidence_level":0.95,"lower_bound":32547516.5,"upper_bound":32747660.5},"point_estimate":32639155.0,"standard_error":49027.31635045107},"median_abs_dev":{"confidence_interval":{"confidence_level":0.95,"lower_bound":304797.26699251693,"upper_bound":531197.0380693674},"point_estimate":415842.23516732454,"standard_error":56659.34522068431},"slope":null,"std_dev":{"confidence_interval":{"confidence_level":0.95,"lower_bound":553458.2776844683,"upper_bound":806264.4901104042},"point_estimate":692303.7777548819,"standard_error":64678.3216136334}}