{"mean":{"confidence_interval":{"confidence_level":0.95,"lower_bound":31881632.9635,"upper_bound":32731041.123749997},"point_estimate":32314140.275,"standard_error":216800.92639174624},"median":{"confidence_interval":{"confidence_level":0.95,"lower_bound":32043452.5,"upper_bound":33155492.5},"point_estimate":32629056.75,"standard_error":291145.8574129059},"median_abs_dev":{"confidence_interval":{"confidence_level":0.95,"lower_bound":1812888.7773647904,"upper_bound":2734846.5361967683},"point_estimate":2265930.1871716976,"standard_error":235702.53999522177},"slope":null,"std_dev":{"confidence_interval":{"confidence_level":0.95,"lower_bound":1869669.686916275,"upper_bound":2460663.6020496995},"point_estimate":2185270.6520973975,"standard_error":150486.89761308496}}