{"mean":{"confidence_interval":{"confidence_level":0.95,"lower_bound":3999.660626400337,"upper_bound":4015.204244473301},"point_estimate":4007.3837754446895,"standard_error":3.9715257005898215},"median":{"confidence_interval":{"confidence_level":0.95,"lower_bound":3993.898886827458,"upper_bound":4017.8904958677685},"point_estimate":4005.004140333819,"standard_error":6.134708975318535},"median_abs_dev":{"confidence_interval":{"confidence_level":0.95,"lower_bound":28.82380305536307,"upper_bound":43.501637432819805},"point_estimate":33.32761662756794,"standard_error":3.955412259911254},"slope":{"confidence_interval":{"confidence_level":0.95,"lower_bound":3982.5337744106546,"upper_bound":4003.192809982017},"point_estimate":3992.755367088948,"standard_error":5.292959632749594},"std_dev":{"confidence_interval":{"confidence_level":0.95,"lower_bound":32.95246694401175,"upper_bound":46.51348948601541},"point_estimate":39.914967295426095,"standard_error":3.4536941710343556}}