{"mean":{"confidence_interval":{"confidence_level":0.95,"lower_bound":8408.39595883607,"upper_bound":8629.670417987036},"point_estimate":8515.903330661005,"standard_error":56.721084925303366},"median":{"confidence_interval":{"confidence_level":0.95,"lower_bound":8325.950892857143,"upper_bound":8542.525},"point_estimate":8414.333892246463,"standard_error":52.00855501994743},"median_abs_dev":{"confidence_interval":{"confidence_level":0.95,"lower_bound":298.8079438297137,"upper_bound":526.6810781050735},"point_estimate":409.6227557763317,"standard_error":56.03091350412956},"slope":{"confidence_interval":{"confidence_level":0.95,"lower_bound":8458.55476529167,"upper_bound":8656.350076235123},"point_estimate":8558.182076252402,"standard_error":50.11522357334099},"std_dev":{"confidence_interval":{"confidence_level":0.95,"lower_bound":446.0889312204705,"upper_bound":684.5734846216175},"point_estimate":570.9194272338307,"standard_error":61.23580881641832}}