{"mean":{"confidence_interval":{"confidence_level":0.95,"lower_bound":7433.369478280709,"upper_bound":7468.295082337697},"point_estimate":7446.4945932258115,"standard_error":9.66407287457688},"median":{"confidence_interval":{"confidence_level":0.95,"lower_bound":7427.800840271353,"upper_bound":7435.483974358975},"point_estimate":7432.261024423338,"standard_error":2.2033693711145586},"median_abs_dev":{"confidence_interval":{"confidence_level":0.95,"lower_bound":9.730085844206572,"upper_bound":15.150138095811402},"point_estimate":12.242799461002118,"standard_error":1.3520854817732735},"slope":{"confidence_interval":{"confidence_level":0.95,"lower_bound":7428.248378364145,"upper_bound":7435.315830953462},"point_estimate":7431.525658341953,"standard_error":1.8065261735343436},"std_dev":{"confidence_interval":{"confidence_level":0.95,"lower_bound":17.171637308237464,"upper_bound":163.48213950070462},"point_estimate":97.38546538644934,"standard_error":48.795341182313194}}