{"mean":{"confidence_interval":{"confidence_level":0.95,"lower_bound":8840.957928876605,"upper_bound":8850.616744456402},"point_estimate":8845.477620323833,"standard_error":2.471928015866977},"median":{"confidence_interval":{"confidence_level":0.95,"lower_bound":8837.543166144202,"upper_bound":8843.816936488169},"point_estimate":8840.142418032787,"standard_error":1.6855780505009168},"median_abs_dev":{"confidence_interval":{"confidence_level":0.95,"lower_bound":11.443997483328507,"upper_bound":18.464706973859997},"point_estimate":14.349263615690598,"standard_error":1.7960289577929736},"slope":{"confidence_interval":{"confidence_level":0.95,"lower_bound":8839.697863986212,"upper_bound":8845.2317042418},"point_estimate":8842.429576420329,"standard_error":1.4141555389183502},"std_dev":{"confidence_interval":{"confidence_level":0.95,"lower_bound":16.623206474243712,"upper_bound":32.196321681698784},"point_estimate":24.776527254937548,"standard_error":3.987209819046211}}