{"mean":{"confidence_interval":{"confidence_level":0.95,"lower_bound":3944.490265498382,"upper_bound":3984.9462871784217},"point_estimate":3961.9290763744516,"standard_error":10.481808071701344},"median":{"confidence_interval":{"confidence_level":0.95,"lower_bound":3940.9609375,"upper_bound":3964.1140625},"point_estimate":3953.990696022727,"standard_error":6.330613860655222},"median_abs_dev":{"confidence_interval":{"confidence_level":0.95,"lower_bound":37.664319526336975,"upper_bound":66.85011960020358},"point_estimate":51.977093331740285,"standard_error":7.6477220890614355},"slope":{"confidence_interval":{"confidence_level":0.95,"lower_bound":3918.699388464916,"upper_bound":3977.1985544743666},"point_estimate":3942.2199754322446,"standard_error":15.181947598511396},"std_dev":{"confidence_interval":{"confidence_level":0.95,"lower_bound":48.53863416942438,"upper_bound":161.9052817495204},"point_estimate":104.71502033314505,"standard_error":34.605825078319164}}