{"mean":{"confidence_interval":{"confidence_level":0.95,"lower_bound":4013.1051757861173,"upper_bound":4038.575168391253},"point_estimate":4024.766672235951,"standard_error":6.474344263187434},"median":{"confidence_interval":{"confidence_level":0.95,"lower_bound":4003.438787878788,"upper_bound":4028.266666666667},"point_estimate":4014.2105392156864,"standard_error":6.589295886220845},"median_abs_dev":{"confidence_interval":{"confidence_level":0.95,"lower_bound":32.04604891567409,"upper_bound":50.1118791103359},"point_estimate":40.55666552635208,"standard_error":4.543829614254063},"slope":{"confidence_interval":{"confidence_level":0.95,"lower_bound":3988.515192052171,"upper_bound":4003.480707651264},"point_estimate":3995.540444313088,"standard_error":3.8170725762631834},"std_dev":{"confidence_interval":{"confidence_level":0.95,"lower_bound":37.27929875812718,"upper_bound":94.1380475902605},"point_estimate":65.52722989322014,"standard_error":15.49994462791232}}