{"mean":{"confidence_interval":{"confidence_level":0.95,"lower_bound":7971.423998474555,"upper_bound":8194.49545407247},"point_estimate":8071.60801760756,"standard_error":57.15621887799188},"median":{"confidence_interval":{"confidence_level":0.95,"lower_bound":7937.249587713874,"upper_bound":8056.283950617284},"point_estimate":7999.8982767489715,"standard_error":28.70591269761759},"median_abs_dev":{"confidence_interval":{"confidence_level":0.95,"lower_bound":183.40749311732196,"upper_bound":325.6005506482354},"point_estimate":246.16679329582522,"standard_error":36.80550409204704},"slope":{"confidence_interval":{"confidence_level":0.95,"lower_bound":7975.241938577013,"upper_bound":8176.123752843321},"point_estimate":8067.155539136003,"standard_error":51.30812012084288},"std_dev":{"confidence_interval":{"confidence_level":0.95,"lower_bound":289.7965731549062,"upper_bound":821.7236705579568},"point_estimate":573.5759152688405,"standard_error":140.13811721585728}}