{"mean":{"confidence_interval":{"confidence_level":0.95,"lower_bound":8783.510910407156,"upper_bound":8796.412710298207},"point_estimate":8789.260280570988,"standard_error":3.313540788305123},"median":{"confidence_interval":{"confidence_level":0.95,"lower_bound":8779.225589225589,"upper_bound":8785.942239858907},"point_estimate":8782.572099673202,"standard_error":1.9160445102092472},"median_abs_dev":{"confidence_interval":{"confidence_level":0.95,"lower_bound":13.825698983788861,"upper_bound":22.41771030907738},"point_estimate":18.077136835625797,"standard_error":2.1960828963789143},"slope":{"confidence_interval":{"confidence_level":0.95,"lower_bound":8787.413050861416,"upper_bound":8815.242722884988},"point_estimate":8799.187242007783,"standard_error":7.276554954658421},"std_dev":{"confidence_interval":{"confidence_level":0.95,"lower_bound":18.065050286005594,"upper_bound":48.98025888729588},"point_estimate":33.18331403853968,"standard_error":9.02493142252172}}