{"mean":{"confidence_interval":{"confidence_level":0.95,"lower_bound":8829.524448170116,"upper_bound":8838.802024332263},"point_estimate":8834.060056943843,"standard_error":2.3646489240683444},"median":{"confidence_interval":{"confidence_level":0.95,"lower_bound":8828.316017316018,"upper_bound":8836.826388888889},"point_estimate":8831.848319202738,"standard_error":1.9662462726423002},"median_abs_dev":{"confidence_interval":{"confidence_level":0.95,"lower_bound":12.517019116158547,"upper_bound":21.936489218637643},"point_estimate":16.38411807956134,"standard_error":2.5549642498828167},"slope":{"confidence_interval":{"confidence_level":0.95,"lower_bound":8834.445919033438,"upper_bound":8841.250163275423},"point_estimate":8837.851740308359,"standard_error":1.7419417205603671},"std_dev":{"confidence_interval":{"confidence_level":0.95,"lower_bound":18.282566172613905,"upper_bound":28.903095563800502},"point_estimate":23.806330391362316,"standard_error":2.7150558932407}}