{"mean":{"confidence_interval":{"confidence_level":0.95,"lower_bound":3929.029161693908,"upper_bound":3951.6544470178615},"point_estimate":3940.0750669061317,"standard_error":5.759371673308441},"median":{"confidence_interval":{"confidence_level":0.95,"lower_bound":3925.108496732026,"upper_bound":3954.798639455782},"point_estimate":3940.7492862057106,"standard_error":7.135808655341516},"median_abs_dev":{"confidence_interval":{"confidence_level":0.95,"lower_bound":34.86529813963804,"upper_bound":61.96098019052535},"point_estimate":47.66311815381047,"standard_error":6.680956386927251},"slope":{"confidence_interval":{"confidence_level":0.95,"lower_bound":3896.319084843068,"upper_bound":3922.104303899267},"point_estimate":3908.045386138614,"standard_error":6.55117481699596},"std_dev":{"confidence_interval":{"confidence_level":0.95,"lower_bound":47.31701511345308,"upper_bound":67.70501206362624},"point_estimate":57.89696633559344,"standard_error":5.21919555694544}}