{"mean":{"confidence_interval":{"confidence_level":0.95,"lower_bound":3975.923675452189,"upper_bound":3996.796737241564},"point_estimate":3985.8749231126985,"standard_error":5.315050750919859},"median":{"confidence_interval":{"confidence_level":0.95,"lower_bound":3978.0666666666666,"upper_bound":3992.352161159004},"point_estimate":3986.722531488979,"standard_error":3.693429076378238},"median_abs_dev":{"confidence_interval":{"confidence_level":0.95,"lower_bound":23.15514490399008,"upper_bound":37.00774224770726},"point_estimate":27.31177510147285,"standard_error":3.659618075330427},"slope":{"confidence_interval":{"confidence_level":0.95,"lower_bound":3954.5699628708776,"upper_bound":3986.186781752168},"point_estimate":3969.1285747007537,"standard_error":8.10787436989213},"std_dev":{"confidence_interval":{"confidence_level":0.95,"lower_bound":36.16447346721134,"upper_bound":68.81945085999388},"point_estimate":53.54273717223422,"standard_error":8.349423848412215}}