{"mean":{"confidence_interval":{"confidence_level":0.95,"lower_bound":3920.0295481873613,"upper_bound":3941.5397643636534},"point_estimate":3929.929178586097,"standard_error":5.494250121487762},"median":{"confidence_interval":{"confidence_level":0.95,"lower_bound":3911.1666666666665,"upper_bound":3938.0712154974126},"point_estimate":3920.3433894230766,"standard_error":8.290430130511634},"median_abs_dev":{"confidence_interval":{"confidence_level":0.95,"lower_bound":35.39217660951551,"upper_bound":53.201762365074075},"point_estimate":44.80557512507683,"standard_error":4.619184872062432},"slope":{"confidence_interval":{"confidence_level":0.95,"lower_bound":3901.933800413491,"upper_bound":3945.746873920936},"point_estimate":3918.873402726467,"standard_error":11.713699148865128},"std_dev":{"confidence_interval":{"confidence_level":0.95,"lower_bound":36.40787082788664,"upper_bound":77.26707141639231},"point_estimate":54.93716890690844,"standard_error":12.288695663344537}}