{"mean":{"confidence_interval":{"confidence_level":0.95,"lower_bound":7137.768243365771,"upper_bound":7504.850365498142},"point_estimate":7304.645262760539,"standard_error":93.86130839636287},"median":{"confidence_interval":{"confidence_level":0.95,"lower_bound":6989.54185451708,"upper_bound":7187.266826923077},"point_estimate":7103.271117424243,"standard_error":52.78729584426057},"median_abs_dev":{"confidence_interval":{"confidence_level":0.95,"lower_bound":294.25822988365866,"upper_bound":470.3391183749246},"point_estimate":366.9540834852626,"standard_error":43.55551690861176},"slope":{"confidence_interval":{"confidence_level":0.95,"lower_bound":7100.25580412232,"upper_bound":7409.429820150569},"point_estimate":7241.677832495936,"standard_error":78.69253797430127},"std_dev":{"confidence_interval":{"confidence_level":0.95,"lower_bound":527.6855377631086,"upper_bound":1341.1459595561885},"point_estimate":943.9062955450463,"standard_error":213.92230851465692}}