{"mean":{"confidence_interval":{"confidence_level":0.95,"lower_bound":6707.130570504752,"upper_bound":6864.97360176341},"point_estimate":6783.846738273462,"standard_error":40.15208541620956},"median":{"confidence_interval":{"confidence_level":0.95,"lower_bound":6694.7143559928445,"upper_bound":6810.327439309057},"point_estimate":6763.14762734362,"standard_error":30.53457669368071},"median_abs_dev":{"confidence_interval":{"confidence_level":0.95,"lower_bound":178.9185832747595,"upper_bound":347.8101289918024},"point_estimate":226.21519755724404,"standard_error":42.33331425617798},"slope":{"confidence_interval":{"confidence_level":0.95,"lower_bound":6660.873439813316,"upper_bound":6795.448935711794},"point_estimate":6726.490351953105,"standard_error":34.41250520515543},"std_dev":{"confidence_interval":{"confidence_level":0.95,"lower_bound":307.1154832391723,"upper_bound":492.65747888586384},"point_estimate":404.04947497132775,"standard_error":47.519786279055275}}