{"mean":{"confidence_interval":{"confidence_level":0.95,"lower_bound":7541.930377767207,"upper_bound":7554.570798684089},"point_estimate":7547.86007192962,"standard_error":3.218947991136722},"median":{"confidence_interval":{"confidence_level":0.95,"lower_bound":7540.587752525253,"upper_bound":7548.415051538908},"point_estimate":7545.181013906185,"standard_error":1.7945800768898024},"median_abs_dev":{"confidence_interval":{"confidence_level":0.95,"lower_bound":15.485662346602744,"upper_bound":26.12920107698021},"point_estimate":20.833122683660527,"standard_error":2.7253171181825406},"slope":{"confidence_interval":{"confidence_level":0.95,"lower_bound":7529.654508489018,"upper_bound":7542.853115484052},"point_estimate":7536.026251416187,"standard_error":3.35626672260051},"std_dev":{"confidence_interval":{"confidence_level":0.95,"lower_bound":21.795676965353017,"upper_bound":43.83263387712727},"point_estimate":32.284035172772185,"standard_error":5.949871182988187}}