{"mean":{"confidence_interval":{"confidence_level":0.95,"lower_bound":3905.19003288341,"upper_bound":3921.779160421312},"point_estimate":3913.1091467910906,"standard_error":4.237287210869281},"median":{"confidence_interval":{"confidence_level":0.95,"lower_bound":3897.8221362229106,"upper_bound":3912.8359375},"point_estimate":3903.142023058731,"standard_error":3.9691591107250095},"median_abs_dev":{"confidence_interval":{"confidence_level":0.95,"lower_bound":21.264070969471042,"upper_bound":35.197758549044885},"point_estimate":29.066891876728544,"standard_error":3.573867076416147},"slope":{"confidence_interval":{"confidence_level":0.95,"lower_bound":3900.006156396812,"upper_bound":3916.860138591628},"point_estimate":3907.7650537535096,"standard_error":4.316509002991463},"std_dev":{"confidence_interval":{"confidence_level":0.95,"lower_bound":31.38574501327892,"upper_bound":52.78064834270671},"point_estimate":42.53168834066383,"standard_error":5.4783765054829665}}