{"mean":{"confidence_interval":{"confidence_level":0.95,"lower_bound":23716.58451593319,"upper_bound":23754.953710979273},"point_estimate":23735.741282983872,"standard_error":9.748663682906013},"median":{"confidence_interval":{"confidence_level":0.95,"lower_bound":23725.671902439026,"upper_bound":23746.526573426574},"point_estimate":23740.726248399485,"standard_error":7.0684062279155775},"median_abs_dev":{"confidence_interval":{"confidence_level":0.95,"lower_bound":35.50176673813987,"upper_bound":75.89493545371785},"point_estimate":52.30434000891358,"standard_error":10.926953650476749},"slope":{"confidence_interval":{"confidence_level":0.95,"lower_bound":23721.115583373256,"upper_bound":23748.41665499993},"point_estimate":23735.22651573814,"standard_error":6.952941291428977},"std_dev":{"confidence_interval":{"confidence_level":0.95,"lower_bound":73.05301508916419,"upper_bound":121.88463638594814},"point_estimate":98.12736077693711,"standard_error":12.511875662542064}}