{"mean":{"confidence_interval":{"confidence_level":0.95,"lower_bound":3977.757620419803,"upper_bound":4006.9665922549366},"point_estimate":3991.863616117885,"standard_error":7.457866302244848},"median":{"confidence_interval":{"confidence_level":0.95,"lower_bound":3981.5015873015873,"upper_bound":4001.7869565217393},"point_estimate":3994.5769444444445,"standard_error":5.082154244367004},"median_abs_dev":{"confidence_interval":{"confidence_level":0.95,"lower_bound":39.09115987838414,"upper_bound":75.96968316457958},"point_estimate":52.12865482876876,"standard_error":9.472951316809132},"slope":{"confidence_interval":{"confidence_level":0.95,"lower_bound":3944.398547764732,"upper_bound":3982.2879194095244},"point_estimate":3961.3338353775675,"standard_error":9.671163405633868},"std_dev":{"confidence_interval":{"confidence_level":0.95,"lower_bound":55.2889293685034,"upper_bound":95.21882493013685},"point_estimate":75.18844051575698,"standard_error":10.338030141203232}}