{"mean":{"confidence_interval":{"confidence_level":0.95,"lower_bound":28560.719011367924,"upper_bound":28577.99558295243},"point_estimate":28569.461810060413,"standard_error":4.389122739350669},"median":{"confidence_interval":{"confidence_level":0.95,"lower_bound":28560.159778342182,"upper_bound":28576.442760942762},"point_estimate":28568.355879059352,"standard_error":4.330681319575567},"median_abs_dev":{"confidence_interval":{"confidence_level":0.95,"lower_bound":25.431382013778368,"upper_bound":40.413668392977634},"point_estimate":33.91158904500466,"standard_error":3.6956642379435456},"slope":{"confidence_interval":{"confidence_level":0.95,"lower_bound":28563.395406297066,"upper_bound":28576.451807169637},"point_estimate":28569.81754987439,"standard_error":3.3300606571359705},"std_dev":{"confidence_interval":{"confidence_level":0.95,"lower_bound":31.57098987683664,"upper_bound":56.52886967044035},"point_estimate":44.14581654203347,"standard_error":6.4241400992942514}}