{"mean":{"confidence_interval":{"confidence_level":0.95,"lower_bound":3924.906168775319,"upper_bound":3949.8534130368776},"point_estimate":3936.632439420555,"standard_error":6.401648915910292},"median":{"confidence_interval":{"confidence_level":0.95,"lower_bound":3911.7506548111387,"upper_bound":3928.5454545454545},"point_estimate":3918.543401937046,"standard_error":4.1593111438969546},"median_abs_dev":{"confidence_interval":{"confidence_level":0.95,"lower_bound":22.263585909729496,"upper_bound":38.13032141344658},"point_estimate":29.97717495744108,"standard_error":4.140446637473388},"slope":{"confidence_interval":{"confidence_level":0.95,"lower_bound":3922.2324462819543,"upper_bound":3965.653300542673},"point_estimate":3942.786065957342,"standard_error":11.091583865151902},"std_dev":{"confidence_interval":{"confidence_level":0.95,"lower_bound":44.60705247527598,"upper_bound":80.5609572544597},"point_estimate":64.29803564516254,"standard_error":9.158913412595087}}