{"mean":{"confidence_interval":{"confidence_level":0.95,"lower_bound":6937.188837907146,"upper_bound":6947.9036319682245},"point_estimate":6942.0379440745955,"standard_error":2.75027313208808},"median":{"confidence_interval":{"confidence_level":0.95,"lower_bound":6932.579738562092,"upper_bound":6937.113799283154},"point_estimate":6934.900352733686,"standard_error":1.3181020280283737},"median_abs_dev":{"confidence_interval":{"confidence_level":0.95,"lower_bound":8.594316191199804,"upper_bound":15.129736715569488},"point_estimate":11.33965105576242,"standard_error":1.7183708504727642},"slope":{"confidence_interval":{"confidence_level":0.95,"lower_bound":6937.614717950477,"upper_bound":6945.709861213732},"point_estimate":6941.469137480913,"standard_error":2.056077473241225},"std_dev":{"confidence_interval":{"confidence_level":0.95,"lower_bound":15.034251103129284,"upper_bound":38.49162830536853},"point_estimate":27.621625701491002,"standard_error":6.049191973456008}}