{"mean":{"confidence_interval":{"confidence_level":0.95,"lower_bound":3854.7282827427593,"upper_bound":3873.354579091928},"point_estimate":3863.8511654145627,"standard_error":4.722462202126606},"median":{"confidence_interval":{"confidence_level":0.95,"lower_bound":3847.0849673202615,"upper_bound":3869.4987510766578},"point_estimate":3858.1511926675867,"standard_error":5.326008683187795},"median_abs_dev":{"confidence_interval":{"confidence_level":0.95,"lower_bound":34.33430499764686,"upper_bound":65.26574639796563},"point_estimate":51.942658873155025,"standard_error":8.468474585033494},"slope":{"confidence_interval":{"confidence_level":0.95,"lower_bound":3871.1460782464374,"upper_bound":3893.1439542293942},"point_estimate":3881.9147421309294,"standard_error":5.5894277088197875},"std_dev":{"confidence_interval":{"confidence_level":0.95,"lower_bound":40.50567499495963,"upper_bound":54.296761284527236},"point_estimate":47.49267228472605,"standard_error":3.521348204404021}}