{"mean":{"confidence_interval":{"confidence_level":0.95,"lower_bound":3991.776562870363,"upper_bound":4027.3165333163124},"point_estimate":4008.59303978298,"standard_error":9.058211080409132},"median":{"confidence_interval":{"confidence_level":0.95,"lower_bound":3984.476041666667,"upper_bound":4004.1967518962565},"point_estimate":3997.915335699497,"standard_error":4.423018028970982},"median_abs_dev":{"confidence_interval":{"confidence_level":0.95,"lower_bound":37.296483717822824,"upper_bound":64.94877165861588},"point_estimate":48.802226631135284,"standard_error":6.730689615151596},"slope":{"confidence_interval":{"confidence_level":0.95,"lower_bound":3972.058908891242,"upper_bound":4027.2845935113164},"point_estimate":3997.145531254618,"standard_error":14.09295804887499},"std_dev":{"confidence_interval":{"confidence_level":0.95,"lower_bound":63.16100623207478,"upper_bound":115.07180682826184},"point_estimate":90.98040612030624,"standard_error":13.339339771614068}}