{"mean":{"confidence_interval":{"confidence_level":0.95,"lower_bound":6276.928214021984,"upper_bound":6340.617945110858},"point_estimate":6308.064507100083,"standard_error":16.23349336434707},"median":{"confidence_interval":{"confidence_level":0.95,"lower_bound":6337.570214338507,"upper_bound":6365.698515769945},"point_estimate":6352.413397129187,"standard_error":7.012521782267303},"median_abs_dev":{"confidence_interval":{"confidence_level":0.95,"lower_bound":37.85746574280305,"upper_bound":117.19275827883838},"point_estimate":56.62892307958853,"standard_error":21.74781405865701},"slope":{"confidence_interval":{"confidence_level":0.95,"lower_bound":6297.86359667076,"upper_bound":6394.105836286173},"point_estimate":6340.449438316966,"standard_error":24.73769154956852},"std_dev":{"confidence_interval":{"confidence_level":0.95,"lower_bound":124.70108514874048,"upper_bound":206.07909143226374},"point_estimate":162.60548910988632,"standard_error":21.627858653013014}}