{"mean":{"confidence_interval":{"confidence_level":0.95,"lower_bound":4000.1615060710114,"upper_bound":4017.342774874569},"point_estimate":4008.6190415523843,"standard_error":4.392796827767637},"median":{"confidence_interval":{"confidence_level":0.95,"lower_bound":3990.1264705882354,"upper_bound":4012.5974576271187},"point_estimate":3999.6125186636805,"standard_error":5.95614284360203},"median_abs_dev":{"confidence_interval":{"confidence_level":0.95,"lower_bound":28.504188582932496,"upper_bound":50.16516004689038},"point_estimate":38.2449294917892,"standard_error":5.680836886330124},"slope":{"confidence_interval":{"confidence_level":0.95,"lower_bound":3992.787139342175,"upper_bound":4016.817832633853},"point_estimate":4003.970507856756,"standard_error":6.149187626553463},"std_dev":{"confidence_interval":{"confidence_level":0.95,"lower_bound":36.5284005247636,"upper_bound":51.40604868632219},"point_estimate":44.158518317216384,"standard_error":3.8158930414002277}}