{"mean":{"confidence_interval":{"confidence_level":0.95,"lower_bound":1897915.9540444438,"upper_bound":1907429.3020611105},"point_estimate":1901521.6649158588,"standard_error":2552.0100482853054},"median":{"confidence_interval":{"confidence_level":0.95,"lower_bound":1896720.75,"upper_bound":1897688.1789473684},"point_estimate":1897197.230882353,"standard_error":241.1560358671652},"median_abs_dev":{"confidence_interval":{"confidence_level":0.95,"lower_bound":1912.4502166956408,"upper_bound":3278.0983019923383},"point_estimate":2394.6877325604632,"standard_error":352.3455304647638},"slope":{"confidence_interval":{"confidence_level":0.95,"lower_bound":1898066.1896410743,"upper_bound":1907705.3954787515},"point_estimate":1901607.2928328654,"standard_error":2612.48031228193},"std_dev":{"confidence_interval":{"confidence_level":0.95,"lower_bound":5118.948230073824,"upper_bound":42888.102605533415},"point_estimate":25761.105364930798,"standard_error":12223.305526074486}}