{"mean":{"confidence_interval":{"confidence_level":0.95,"lower_bound":3427322.597233333,"upper_bound":3454841.577066667},"point_estimate":3440032.7853333335,"standard_error":7064.153955051097},"median":{"confidence_interval":{"confidence_level":0.95,"lower_bound":3411037.066666667,"upper_bound":3432300.4333333336},"point_estimate":3424593.7333333334,"standard_error":5439.518314276482},"median_abs_dev":{"confidence_interval":{"confidence_level":0.95,"lower_bound":26508.986369371392,"upper_bound":41942.901515364785},"point_estimate":31999.49885189538,"standard_error":3979.158130394362},"slope":null,"std_dev":{"confidence_interval":{"confidence_level":0.95,"lower_bound":44270.36733250203,"upper_bound":95354.26380422321},"point_estimate":71140.98270888497,"standard_error":13153.326385356337}}