{"mean":{"confidence_interval":{"confidence_level":0.95,"lower_bound":1977697.7564641843,"upper_bound":1983876.6233990816},"point_estimate":1980310.9350113142,"standard_error":1608.3762567821084},"median":{"confidence_interval":{"confidence_level":0.95,"lower_bound":1976359.101088101,"upper_bound":1977663.1333333333},"point_estimate":1976970.3013329552,"standard_error":348.7954533545927},"median_abs_dev":{"confidence_interval":{"confidence_level":0.95,"lower_bound":1806.7742734380301,"upper_bound":3323.77292849135},"point_estimate":2502.300617403201,"standard_error":387.53209400779724},"slope":{"confidence_interval":{"confidence_level":0.95,"lower_bound":1978101.2266246884,"upper_bound":1981508.9602671962},"point_estimate":1979636.6964060883,"standard_error":875.4726202674268},"std_dev":{"confidence_interval":{"confidence_level":0.95,"lower_bound":3916.926587122009,"upper_bound":24837.072521437614},"point_estimate":16208.686916612853,"standard_error":5597.405668898296}}