{"mean":{"confidence_interval":{"confidence_level":0.95,"lower_bound":3212112.510984375,"upper_bound":3213053.5255},"point_estimate":3212590.52625,"standard_error":238.9180166778748},"median":{"confidence_interval":{"confidence_level":0.95,"lower_bound":3211885.375,"upper_bound":3213039.9375},"point_estimate":3212578.28125,"standard_error":310.202049641821},"median_abs_dev":{"confidence_interval":{"confidence_level":0.95,"lower_bound":1576.6524095088243,"upper_bound":2549.6549734845757},"point_estimate":2023.5173078253865,"standard_error":246.97205909511663},"slope":null,"std_dev":{"confidence_interval":{"confidence_level":0.95,"lower_bound":1932.6792594060362,"upper_bound":2911.8462387477443},"point_estimate":2417.9409589883967,"standard_error":252.1024793627566}}