{"mean":{"confidence_interval":{"confidence_level":0.95,"lower_bound":4636331.55740909,"upper_bound":4640598.455545453},"point_estimate":4638305.969090908,"standard_error":1092.382217485033},"median":{"confidence_interval":{"confidence_level":0.95,"lower_bound":4634843.660227274,"upper_bound":4638512.681818182},"point_estimate":4636839.954545455,"standard_error":991.0090501826601},"median_abs_dev":{"confidence_interval":{"confidence_level":0.95,"lower_bound":5472.2765028476715,"upper_bound":9643.640604473598},"point_estimate":7386.178287051756,"standard_error":1036.1654671393837},"slope":null,"std_dev":{"confidence_interval":{"confidence_level":0.95,"lower_bound":6809.117334113881,"upper_bound":15126.113800889896},"point_estimate":10993.654120650166,"standard_error":2180.2181563838108}}