{"mean":{"confidence_interval":{"confidence_level":0.95,"lower_bound":2664699.408263158,"upper_bound":2666292.5574210514},"point_estimate":2665460.5089473682,"standard_error":406.8993820044532},"median":{"confidence_interval":{"confidence_level":0.95,"lower_bound":2664172.3157894737,"upper_bound":2665487.8421052634},"point_estimate":2664627.5789473685,"standard_error":292.65084904628156},"median_abs_dev":{"confidence_interval":{"confidence_level":0.95,"lower_bound":2356.5536423730455,"upper_bound":4108.362558641168},"point_estimate":3168.1210648075116,"standard_error":460.70621556174507},"slope":null,"std_dev":{"confidence_interval":{"confidence_level":0.95,"lower_bound":2859.0593027291106,"upper_bound":5259.930143231589},"point_estimate":4094.392506497254,"standard_error":621.7960915124654}}