{"mean":{"confidence_interval":{"confidence_level":0.95,"lower_bound":2931228.5012916676,"upper_bound":2933344.3651805567},"point_estimate":2932275.8483333336,"standard_error":538.646650496854},"median":{"confidence_interval":{"confidence_level":0.95,"lower_bound":2931908.888888889,"upper_bound":2933834.777777778},"point_estimate":2933150.5555555555,"standard_error":501.32081543482036},"median_abs_dev":{"confidence_interval":{"confidence_level":0.95,"lower_bound":2816.857583324191,"upper_bound":4575.344702105034},"point_estimate":3735.2459003529493,"standard_error":465.060873867919},"slope":null,"std_dev":{"confidence_interval":{"confidence_level":0.95,"lower_bound":4296.263452702711,"upper_bound":6536.442514291368},"point_estimate":5431.415787323391,"standard_error":573.0782709868968}}