{"mean":{"confidence_interval":{"confidence_level":0.95,"lower_bound":1856585.2917639685,"upper_bound":1880323.5084930453},"point_estimate":1866983.8566437634,"standard_error":6069.688644449477},"median":{"confidence_interval":{"confidence_level":0.95,"lower_bound":1858939.261403509,"upper_bound":1882872.0682539684},"point_estimate":1875324.6659644195,"standard_error":6778.476135727667},"median_abs_dev":{"confidence_interval":{"confidence_level":0.95,"lower_bound":25239.280350850488,"upper_bound":50435.23125753697},"point_estimate":35336.19924005866,"standard_error":6999.398932085599},"slope":{"confidence_interval":{"confidence_level":0.95,"lower_bound":1853191.9081708635,"upper_bound":1871204.2857946323},"point_estimate":1862417.3539382296,"standard_error":4600.368086614647},"std_dev":{"confidence_interval":{"confidence_level":0.95,"lower_bound":33095.82550211475,"upper_bound":92826.6502263634},"point_estimate":60907.068161066665,"standard_error":19080.554576879884}}