{"mean":{"confidence_interval":{"confidence_level":0.95,"lower_bound":2683603.648947368,"upper_bound":2689773.4356447365},"point_estimate":2686392.3257894735,"standard_error":1585.8557247384695},"median":{"confidence_interval":{"confidence_level":0.95,"lower_bound":2684576.3157894737,"upper_bound":2687931.5789473685},"point_estimate":2686286.842105263,"standard_error":779.2281952146595},"median_abs_dev":{"confidence_interval":{"confidence_level":0.95,"lower_bound":6406.548580998232,"upper_bound":13741.594903405836},"point_estimate":10702.186925787966,"standard_error":1830.0066786823556},"slope":null,"std_dev":{"confidence_interval":{"confidence_level":0.95,"lower_bound":9314.76880740925,"upper_bound":23455.81484833544},"point_estimate":16012.184833978328,"standard_error":4234.159751828598}}