{"mean":{"confidence_interval":{"confidence_level":0.95,"lower_bound":2470071.558059523,"upper_bound":2502953.739595237},"point_estimate":2486326.1580952387,"standard_error":8420.259002036706},"median":{"confidence_interval":{"confidence_level":0.95,"lower_bound":2462593.904761905,"upper_bound":2510211.3333333335},"point_estimate":2486547.904761905,"standard_error":10588.996566184725},"median_abs_dev":{"confidence_interval":{"confidence_level":0.95,"lower_bound":65245.16534166666,"upper_bound":105733.91162284777},"point_estimate":85336.26588497839,"standard_error":10244.728253583877},"slope":null,"std_dev":{"confidence_interval":{"confidence_level":0.95,"lower_bound":72523.10903484318,"upper_bound":95385.14879906367},"point_estimate":84500.40240576492,"standard_error":5848.190632428144}}