{"mean":{"confidence_interval":{"confidence_level":0.95,"lower_bound":2980608.9387352928,"upper_bound":2981327.049455882},"point_estimate":2980963.757058821,"standard_error":182.7899995636773},"median":{"confidence_interval":{"confidence_level":0.95,"lower_bound":2980305.2647058824,"upper_bound":2981184.647058823},"point_estimate":2980784.6470588236,"standard_error":214.55617509021795},"median_abs_dev":{"confidence_interval":{"confidence_level":0.95,"lower_bound":1273.291742100151,"upper_bound":2062.558198676329},"point_estimate":1674.4658526250876,"standard_error":209.65961839224374},"slope":null,"std_dev":{"confidence_interval":{"confidence_level":0.95,"lower_bound":1517.7115087432885,"upper_bound":2129.4076575186523},"point_estimate":1836.8840180928792,"standard_error":155.38594298516728}}