{"mean":{"confidence_interval":{"confidence_level":0.95,"lower_bound":1895731.3476835266,"upper_bound":1901291.0328555508},"point_estimate":1898068.5796487238,"standard_error":1440.2636234275083},"median":{"confidence_interval":{"confidence_level":0.95,"lower_bound":1894527.076923077,"upper_bound":1895315.4814814816},"point_estimate":1894846.1174096386,"standard_error":185.9424640629601},"median_abs_dev":{"confidence_interval":{"confidence_level":0.95,"lower_bound":1173.9152936782311,"upper_bound":2244.915632558594},"point_estimate":1613.976125698289,"standard_error":263.7393595799874},"slope":{"confidence_interval":{"confidence_level":0.95,"lower_bound":1895385.8315371778,"upper_bound":1899105.9895324865},"point_estimate":1896792.9710979755,"standard_error":989.5491529062978},"std_dev":{"confidence_interval":{"confidence_level":0.95,"lower_bound":4417.48907477552,"upper_bound":22739.2626451475},"point_estimate":14460.853965161205,"standard_error":5002.470820696422}}