{"mean":{"confidence_interval":{"confidence_level":0.95,"lower_bound":5186333.668250001,"upper_bound":5188204.121074999},"point_estimate":5187216.743000002,"standard_error":477.8362840182777},"median":{"confidence_interval":{"confidence_level":0.95,"lower_bound":5185749.0,"upper_bound":5186954.0},"point_estimate":5186113.9,"standard_error":309.3887590819961},"median_abs_dev":{"confidence_interval":{"confidence_level":0.95,"lower_bound":1905.585746168814,"upper_bound":3484.3323281405974},"point_estimate":2869.0533390632927,"standard_error":390.8957596439001},"slope":null,"std_dev":{"confidence_interval":{"confidence_level":0.95,"lower_bound":3266.092352230526,"upper_bound":6396.28107041258},"point_estimate":4820.719701586444,"standard_error":817.9937501356675}}