{"mean":{"confidence_interval":{"confidence_level":0.95,"lower_bound":1797958.9060271173,"upper_bound":1800716.572041733},"point_estimate":1799185.9111371648,"standard_error":707.6911178230793},"median":{"confidence_interval":{"confidence_level":0.95,"lower_bound":1797181.085106383,"upper_bound":1798684.0694444445},"point_estimate":1797689.2241200828,"standard_error":410.03349166082063},"median_abs_dev":{"confidence_interval":{"confidence_level":0.95,"lower_bound":2480.1113890336273,"upper_bound":3861.85929346852},"point_estimate":3231.086067788253,"standard_error":350.28236723700604},"slope":{"confidence_interval":{"confidence_level":0.95,"lower_bound":1797755.1642730907,"upper_bound":1799887.8415578178},"point_estimate":1798746.2311216197,"standard_error":542.9929325278633},"std_dev":{"confidence_interval":{"confidence_level":0.95,"lower_bound":3746.663278374734,"upper_bound":10524.61619092281},"point_estimate":7116.98507394577,"standard_error":1923.2019794777063}}