{"mean":{"confidence_interval":{"confidence_level":0.95,"lower_bound":1974400.3037189182,"upper_bound":1980227.657292274},"point_estimate":1976612.1822024586,"standard_error":1565.3224131808781},"median":{"confidence_interval":{"confidence_level":0.95,"lower_bound":1973873.515625,"upper_bound":1975458.7057894738},"point_estimate":1974545.6166666667,"standard_error":376.27038311474575},"median_abs_dev":{"confidence_interval":{"confidence_level":0.95,"lower_bound":1992.985014617443,"upper_bound":3019.5527983071165},"point_estimate":2572.2549786190675,"standard_error":271.91327701947415},"slope":{"confidence_interval":{"confidence_level":0.95,"lower_bound":1974504.3736293893,"upper_bound":1978173.7529106506},"point_estimate":1976062.7603457957,"standard_error":952.7278537471261},"std_dev":{"confidence_interval":{"confidence_level":0.95,"lower_bound":2689.7401995084997,"upper_bound":26132.458935156952},"point_estimate":15704.490750686144,"standard_error":7372.406016706078}}