{"mean":{"confidence_interval":{"confidence_level":0.95,"lower_bound":2799906.324361114,"upper_bound":2808458.1227916665},"point_estimate":2804029.563333334,"standard_error":2170.778315576624},"median":{"confidence_interval":{"confidence_level":0.95,"lower_bound":2798186.888888889,"upper_bound":2803198.0555555555},"point_estimate":2800467.4444444445,"standard_error":1244.5708056375972},"median_abs_dev":{"confidence_interval":{"confidence_level":0.95,"lower_bound":7524.275173917675,"upper_bound":13314.694980283732},"point_estimate":10164.17003621673,"standard_error":1496.2309225020697},"slope":null,"std_dev":{"confidence_interval":{"confidence_level":0.95,"lower_bound":15302.085466095596,"upper_bound":27809.17150658607},"point_estimate":21811.170787776577,"standard_error":3208.19208242152}}