{"mean":{"confidence_interval":{"confidence_level":0.95,"lower_bound":2393687.2170595243,"upper_bound":2394751.277071428},"point_estimate":2394200.4419047623,"standard_error":269.8714105082731},"median":{"confidence_interval":{"confidence_level":0.95,"lower_bound":2393171.0,"upper_bound":2394268.2857142854},"point_estimate":2393663.880952381,"standard_error":257.3355620975963},"median_abs_dev":{"confidence_interval":{"confidence_level":0.95,"lower_bound":1531.9493728020675,"upper_bound":2696.4257521285776},"point_estimate":2053.9304635356425,"standard_error":289.92160161019075},"slope":null,"std_dev":{"confidence_interval":{"confidence_level":0.95,"lower_bound":2136.07447420054,"upper_bound":3232.5882043185225},"point_estimate":2705.580635617782,"standard_error":281.3447534769607}}