{"mean":{"confidence_interval":{"confidence_level":0.95,"lower_bound":1900289.4951795181,"upper_bound":1906336.3318371393},"point_estimate":1902779.8616014388,"standard_error":1580.5681402311207},"median":{"confidence_interval":{"confidence_level":0.95,"lower_bound":1898492.3023255814,"upper_bound":1900683.273607748},"point_estimate":1899222.115301724,"standard_error":638.4391639414877},"median_abs_dev":{"confidence_interval":{"confidence_level":0.95,"lower_bound":2322.2013777394486,"upper_bound":4087.2252905951773},"point_estimate":2838.630398881582,"standard_error":456.2621837792975},"slope":{"confidence_interval":{"confidence_level":0.95,"lower_bound":1899723.310516461,"upper_bound":1902570.4172095763},"point_estimate":1901056.2468568052,"standard_error":729.0154097842947},"std_dev":{"confidence_interval":{"confidence_level":0.95,"lower_bound":5063.712137981628,"upper_bound":25360.04673166654},"point_estimate":15836.088723069313,"standard_error":6075.939944714936}}