{"mean":{"confidence_interval":{"confidence_level":0.95,"lower_bound":5147199.815000005,"upper_bound":5148570.505575007},"point_estimate":5147835.109000007,"standard_error":349.94312821720143},"median":{"confidence_interval":{"confidence_level":0.95,"lower_bound":5146681.1,"upper_bound":5148366.1},"point_estimate":5147301.1,"standard_error":417.04967472848955},"median_abs_dev":{"confidence_interval":{"confidence_level":0.95,"lower_bound":2134.943962097168,"upper_bound":3239.4809424877167},"point_estimate":2661.266952753067,"standard_error":282.7471776101013},"slope":null,"std_dev":{"confidence_interval":{"confidence_level":0.95,"lower_bound":2347.541179063744,"upper_bound":4858.8328765196375},"point_estimate":3515.5871658983483,"standard_error":716.5133167594622}}