{"mean":{"confidence_interval":{"confidence_level":0.95,"lower_bound":4699975.42965909,"upper_bound":4701645.807545455},"point_estimate":4700714.444545454,"standard_error":427.5240336997987},"median":{"confidence_interval":{"confidence_level":0.95,"lower_bound":4699425.227272727,"upper_bound":4700307.090909091},"point_estimate":4699638.7727272725,"standard_error":237.71108558337338},"median_abs_dev":{"confidence_interval":{"confidence_level":0.95,"lower_bound":1381.5136118364276,"upper_bound":3073.2275727115293},"point_estimate":2378.696875950942,"standard_error":450.6598016685698},"slope":null,"std_dev":{"confidence_interval":{"confidence_level":0.95,"lower_bound":2470.779653411462,"upper_bound":6325.821423521035},"point_estimate":4288.8640939582865,"standard_error":1188.116947773879}}