{"mean":{"confidence_interval":{"confidence_level":0.95,"lower_bound":1973497.3156792915,"upper_bound":1978783.6105417674},"point_estimate":1975770.9633359197,"standard_error":1363.992379842984},"median":{"confidence_interval":{"confidence_level":0.95,"lower_bound":1972245.1259649121,"upper_bound":1973899.889943074},"point_estimate":1973008.0302083334,"standard_error":425.4310558166863},"median_abs_dev":{"confidence_interval":{"confidence_level":0.95,"lower_bound":2498.2716673572545,"upper_bound":4473.824236953104},"point_estimate":3208.879303076765,"standard_error":511.9907399863734},"slope":{"confidence_interval":{"confidence_level":0.95,"lower_bound":1973077.2957478878,"upper_bound":1977836.9328224377},"point_estimate":1974943.0607477464,"standard_error":1267.9944709796437},"std_dev":{"confidence_interval":{"confidence_level":0.95,"lower_bound":4659.1979165591865,"upper_bound":21179.77280705116},"point_estimate":13705.926824907541,"standard_error":4316.193277095366}}