{"mean":{"confidence_interval":{"confidence_level":0.95,"lower_bound":5912898.255805557,"upper_bound":6019558.403083335},"point_estimate":5964825.126666666,"standard_error":27261.81175319609},"median":{"confidence_interval":{"confidence_level":0.95,"lower_bound":5841820.0,"upper_bound":5971287.111111111},"point_estimate":5917425.722222222,"standard_error":34820.03659190031},"median_abs_dev":{"confidence_interval":{"confidence_level":0.95,"lower_bound":179065.7890876138,"upper_bound":320596.84174160147},"point_estimate":266457.1503361068,"standard_error":37203.794396063124},"slope":null,"std_dev":{"confidence_interval":{"confidence_level":0.95,"lower_bound":224298.26090733477,"upper_bound":320153.3155764552},"point_estimate":274177.0126853853,"standard_error":24520.53062765417}}