{"mean":{"confidence_interval":{"confidence_level":0.95,"lower_bound":1780784.1590109712,"upper_bound":1786190.391075007},"point_estimate":1782925.0906982152,"standard_error":1423.1856708248533},"median":{"confidence_interval":{"confidence_level":0.95,"lower_bound":1779661.7272727273,"upper_bound":1781170.4821428573},"point_estimate":1780130.1988095238,"standard_error":448.4699353090283},"median_abs_dev":{"confidence_interval":{"confidence_level":0.95,"lower_bound":2106.231185457224,"upper_bound":3607.6009758858254},"point_estimate":2703.926000239076,"standard_error":393.805177745099},"slope":{"confidence_interval":{"confidence_level":0.95,"lower_bound":1780397.085397401,"upper_bound":1782459.2397783548},"point_estimate":1781356.1740416728,"standard_error":528.4405609913923},"std_dev":{"confidence_interval":{"confidence_level":0.95,"lower_bound":3642.937432912314,"upper_bound":23405.98282311219},"point_estimate":14310.617465000945,"standard_error":6082.649957821033}}