{"mean":{"confidence_interval":{"confidence_level":0.95,"lower_bound":1795432.822476497,"upper_bound":1803156.985148007},"point_estimate":1798646.8554220456,"standard_error":2010.688328739756},"median":{"confidence_interval":{"confidence_level":0.95,"lower_bound":1794629.7717391304,"upper_bound":1795347.5984848486},"point_estimate":1795090.611873041,"standard_error":182.97691850587276},"median_abs_dev":{"confidence_interval":{"confidence_level":0.95,"lower_bound":1418.8247074894448,"upper_bound":2291.0573588368743},"point_estimate":1860.7635932299168,"standard_error":203.48623849080883},"slope":{"confidence_interval":{"confidence_level":0.95,"lower_bound":1795421.5764504136,"upper_bound":1798198.6642219825},"point_estimate":1796634.9226156347,"standard_error":712.1281601412338},"std_dev":{"confidence_interval":{"confidence_level":0.95,"lower_bound":3650.2315960437836,"upper_bound":32151.660286896942},"point_estimate":20234.528313148752,"standard_error":7385.604585892278}}