{"mean":{"confidence_interval":{"confidence_level":0.95,"lower_bound":1797072.5369617646,"upper_bound":1803381.5827859188},"point_estimate":1799811.3906130278,"standard_error":1633.2406224609917},"median":{"confidence_interval":{"confidence_level":0.95,"lower_bound":1795360.1077586208,"upper_bound":1797429.4242424243},"point_estimate":1796491.8728553923,"standard_error":478.43641138749007},"median_abs_dev":{"confidence_interval":{"confidence_level":0.95,"lower_bound":3023.0142184462334,"upper_bound":5808.68785807894},"point_estimate":4173.934780634243,"standard_error":716.095618876997},"slope":{"confidence_interval":{"confidence_level":0.95,"lower_bound":1794949.6315841547,"upper_bound":1798996.1474530152},"point_estimate":1796715.1589123688,"standard_error":1037.1460205901808},"std_dev":{"confidence_interval":{"confidence_level":0.95,"lower_bound":5839.710617197075,"upper_bound":24944.377074294352},"point_estimate":16384.503117485845,"standard_error":4921.204121199257}}