{"mean":{"confidence_interval":{"confidence_level":0.95,"lower_bound":27798.354175265293,"upper_bound":27820.030686432383},"point_estimate":27807.48619874564,"standard_error":5.619399652122865},"median":{"confidence_interval":{"confidence_level":0.95,"lower_bound":27793.555555555555,"upper_bound":27805.086720173043},"point_estimate":27799.878167641327,"standard_error":2.9872267015941576},"median_abs_dev":{"confidence_interval":{"confidence_level":0.95,"lower_bound":15.70823823964039,"upper_bound":30.979281821193},"point_estimate":22.645379033311208,"standard_error":3.7640709386679343},"slope":{"confidence_interval":{"confidence_level":0.95,"lower_bound":27798.111196239617,"upper_bound":27806.569328712325},"point_estimate":27802.389935142768,"standard_error":2.1531340008382243},"std_dev":{"confidence_interval":{"confidence_level":0.95,"lower_bound":23.86128869244048,"upper_bound":88.70331300070615},"point_estimate":56.37901458732904,"standard_error":20.272918809829477}}