{"mean":{"confidence_interval":{"confidence_level":0.95,"lower_bound":6542.436980315046,"upper_bound":6620.083413554199},"point_estimate":6576.605714526224,"standard_error":20.03229294168807},"median":{"confidence_interval":{"confidence_level":0.95,"lower_bound":6512.6916363636365,"upper_bound":6531.504463109354},"point_estimate":6522.842513227513,"standard_error":4.373086157739185},"median_abs_dev":{"confidence_interval":{"confidence_level":0.95,"lower_bound":28.47913182395955,"upper_bound":51.298940330520836},"point_estimate":41.209136377703295,"standard_error":6.1874342129548285},"slope":{"confidence_interval":{"confidence_level":0.95,"lower_bound":6528.35166263391,"upper_bound":6654.292415941347},"point_estimate":6581.332074183538,"standard_error":32.51565439107082},"std_dev":{"confidence_interval":{"confidence_level":0.95,"lower_bound":87.03524085490648,"upper_bound":298.2194998685725},"point_estimate":201.38185825981836,"standard_error":54.96633838870685}}