{"mean":{"confidence_interval":{"confidence_level":0.95,"lower_bound":6601.236376441872,"upper_bound":6621.404174969607},"point_estimate":6611.018765040629,"standard_error":5.132540952047587},"median":{"confidence_interval":{"confidence_level":0.95,"lower_bound":6603.855254237288,"upper_bound":6620.231440990516},"point_estimate":6611.409592731829,"standard_error":4.259993432005256},"median_abs_dev":{"confidence_interval":{"confidence_level":0.95,"lower_bound":32.96361536922309,"upper_bound":53.136901687226555},"point_estimate":42.847013681588294,"standard_error":5.04164229731532},"slope":{"confidence_interval":{"confidence_level":0.95,"lower_bound":6613.87527942827,"upper_bound":6629.960200314837},"point_estimate":6621.657715679031,"standard_error":4.097738630365864},"std_dev":{"confidence_interval":{"confidence_level":0.95,"lower_bound":39.09778233151348,"upper_bound":65.97579861412949},"point_estimate":51.54914600725381,"standard_error":7.147450852317943}}