{"mean":{"confidence_interval":{"confidence_level":0.95,"lower_bound":6646.079052986912,"upper_bound":6679.544780905857},"point_estimate":6661.89567584742,"standard_error":8.536822145884491},"median":{"confidence_interval":{"confidence_level":0.95,"lower_bound":6629.963651732883,"upper_bound":6652.1248185776485},"point_estimate":6644.489536309007,"standard_error":6.629257883544989},"median_abs_dev":{"confidence_interval":{"confidence_level":0.95,"lower_bound":40.876041581997335,"upper_bound":75.76908503594854},"point_estimate":59.58794207343503,"standard_error":9.012410083685003},"slope":{"confidence_interval":{"confidence_level":0.95,"lower_bound":6645.946381200167,"upper_bound":6672.363742517869},"point_estimate":6658.492764206386,"standard_error":6.709354790380607},"std_dev":{"confidence_interval":{"confidence_level":0.95,"lower_bound":58.712584170446355,"upper_bound":110.74139923307993},"point_estimate":86.27662537773988,"standard_error":13.277632451990314}}