{"mean":{"confidence_interval":{"confidence_level":0.95,"lower_bound":31303.154962628403,"upper_bound":31798.98769303792},"point_estimate":31554.65149189411,"standard_error":126.62904519972005},"median":{"confidence_interval":{"confidence_level":0.95,"lower_bound":31374.03861003861,"upper_bound":31975.33814102564},"point_estimate":31684.343728502638,"standard_error":151.83722330314967},"median_abs_dev":{"confidence_interval":{"confidence_level":0.95,"lower_bound":949.8613999844151,"upper_bound":1525.4714099380296},"point_estimate":1216.8428514589398,"standard_error":144.72506679604953},"slope":{"confidence_interval":{"confidence_level":0.95,"lower_bound":31580.577510153158,"upper_bound":32131.070675215622},"point_estimate":31867.03334248137,"standard_error":140.24619228858276},"std_dev":{"confidence_interval":{"confidence_level":0.95,"lower_bound":1049.9031787791916,"upper_bound":1477.693373803736},"point_estimate":1269.3982715892112,"standard_error":109.6471273014515}}