{"mean":{"confidence_interval":{"confidence_level":0.95,"lower_bound":6739.892303075291,"upper_bound":6762.514494863843},"point_estimate":6750.538438517056,"standard_error":5.763712601776867},"median":{"confidence_interval":{"confidence_level":0.95,"lower_bound":6740.755952380952,"upper_bound":6761.678571428572},"point_estimate":6751.944562547242,"standard_error":5.569228931104424},"median_abs_dev":{"confidence_interval":{"confidence_level":0.95,"lower_bound":29.469733724881745,"upper_bound":46.77012482442695},"point_estimate":36.31379762085142,"standard_error":4.6002956512142985},"slope":{"confidence_interval":{"confidence_level":0.95,"lower_bound":6714.8218529552805,"upper_bound":6740.219561560488},"point_estimate":6726.605812451181,"standard_error":6.469785976854474},"std_dev":{"confidence_interval":{"confidence_level":0.95,"lower_bound":37.96294177261308,"upper_bound":80.9261341173161},"point_estimate":57.73152029321941,"standard_error":12.337951898706653}}