{"mean":{"confidence_interval":{"confidence_level":0.95,"lower_bound":6569.503663868334,"upper_bound":6597.90925430522},"point_estimate":6582.47778713366,"standard_error":7.266745404020285},"median":{"confidence_interval":{"confidence_level":0.95,"lower_bound":6554.924185463659,"upper_bound":6577.890873015873},"point_estimate":6562.617447769622,"standard_error":6.679987435279137},"median_abs_dev":{"confidence_interval":{"confidence_level":0.95,"lower_bound":28.634959104755087,"upper_bound":53.26562258375851},"point_estimate":38.78557714305098,"standard_error":6.333116234246931},"slope":{"confidence_interval":{"confidence_level":0.95,"lower_bound":6584.849496777894,"upper_bound":6605.581085790698},"point_estimate":6595.502189828791,"standard_error":5.296135461006271},"std_dev":{"confidence_interval":{"confidence_level":0.95,"lower_bound":41.1235987808776,"upper_bound":103.79484127456496},"point_estimate":73.13726584927764,"standard_error":16.72993760584798}}