{"mean":{"confidence_interval":{"confidence_level":0.95,"lower_bound":6590.760683769937,"upper_bound":6625.449176071873},"point_estimate":6606.620546928302,"standard_error":8.86421531045227},"median":{"confidence_interval":{"confidence_level":0.95,"lower_bound":6582.318604651163,"upper_bound":6602.181352657005},"point_estimate":6589.562159442725,"standard_error":5.125957217160529},"median_abs_dev":{"confidence_interval":{"confidence_level":0.95,"lower_bound":33.373563858304486,"upper_bound":55.02218333895033},"point_estimate":41.90476758933462,"standard_error":5.319908024112821},"slope":{"confidence_interval":{"confidence_level":0.95,"lower_bound":6586.46890927476,"upper_bound":6604.828481993641},"point_estimate":6595.073758829614,"standard_error":4.684675042313389},"std_dev":{"confidence_interval":{"confidence_level":0.95,"lower_bound":47.8072001186551,"upper_bound":121.7383836093924},"point_estimate":89.01315641480672,"standard_error":18.427142614921916}}