{"mean":{"confidence_interval":{"confidence_level":0.95,"lower_bound":6593.107059080566,"upper_bound":6610.851024138104},"point_estimate":6601.647007300946,"standard_error":4.522436432104547},"median":{"confidence_interval":{"confidence_level":0.95,"lower_bound":6584.407675438597,"upper_bound":6603.1947702834805},"point_estimate":6597.566910866911,"standard_error":4.170776260275387},"median_abs_dev":{"confidence_interval":{"confidence_level":0.95,"lower_bound":30.67790254403677,"upper_bound":45.51437686466648},"point_estimate":37.38696831973409,"standard_error":3.8424045758403307},"slope":{"confidence_interval":{"confidence_level":0.95,"lower_bound":6586.861296657957,"upper_bound":6610.681509994607},"point_estimate":6597.734989803458,"standard_error":6.132869418783088},"std_dev":{"confidence_interval":{"confidence_level":0.95,"lower_bound":35.12522966438351,"upper_bound":55.10253526067645},"point_estimate":45.49194099427873,"standard_error":5.11546823756531}}