{"mean":{"confidence_interval":{"confidence_level":0.95,"lower_bound":27914.188838927574,"upper_bound":27951.338935521075},"point_estimate":27931.1173463524,"standard_error":9.540200847677948},"median":{"confidence_interval":{"confidence_level":0.95,"lower_bound":27908.926914355485,"upper_bound":27918.736507936508},"point_estimate":27913.15936908761,"standard_error":2.4293875167688674},"median_abs_dev":{"confidence_interval":{"confidence_level":0.95,"lower_bound":18.209419730194067,"upper_bound":36.89268778142419},"point_estimate":25.537061181811502,"standard_error":4.641964105183108},"slope":{"confidence_interval":{"confidence_level":0.95,"lower_bound":27915.592485555688,"upper_bound":27928.24240651233},"point_estimate":27921.338607621958,"standard_error":3.241375154133854},"std_dev":{"confidence_interval":{"confidence_level":0.95,"lower_bound":52.934534722261134,"upper_bound":134.05335872288768},"point_estimate":95.83180561451388,"standard_error":21.034915299283867}}