{"mean":{"confidence_interval":{"confidence_level":0.95,"lower_bound":27082.131287866247,"upper_bound":27108.26270317003},"point_estimate":27094.755236516114,"standard_error":6.674412829214415},"median":{"confidence_interval":{"confidence_level":0.95,"lower_bound":27073.75833333333,"upper_bound":27092.138451086954},"point_estimate":27083.631524725275,"standard_error":4.998160702443623},"median_abs_dev":{"confidence_interval":{"confidence_level":0.95,"lower_bound":33.95371969131758,"upper_bound":70.25789542065894},"point_estimate":51.79193307441305,"standard_error":9.112126798360489},"slope":{"confidence_interval":{"confidence_level":0.95,"lower_bound":27089.258898912718,"upper_bound":27125.237330257463},"point_estimate":27106.433029776857,"standard_error":9.18529338923036},"std_dev":{"confidence_interval":{"confidence_level":0.95,"lower_bound":53.12621214981501,"upper_bound":81.9353118670114},"point_estimate":67.19194288406864,"standard_error":7.4900068355157625}}