{"mean":{"confidence_interval":{"confidence_level":0.95,"lower_bound":21813.97329518716,"upper_bound":21870.607295990485},"point_estimate":21837.770550437042,"standard_error":14.668989433536883},"median":{"confidence_interval":{"confidence_level":0.95,"lower_bound":21807.549253731344,"upper_bound":21825.482352941177},"point_estimate":21819.470174418602,"standard_error":4.53637020365154},"median_abs_dev":{"confidence_interval":{"confidence_level":0.95,"lower_bound":31.643315205195027,"upper_bound":58.88482963175826},"point_estimate":41.89278678510112,"standard_error":6.853117566497964},"slope":{"confidence_interval":{"confidence_level":0.95,"lower_bound":21822.685466293267,"upper_bound":21855.564179794146},"point_estimate":21837.14298980346,"standard_error":8.413513292872974},"std_dev":{"confidence_interval":{"confidence_level":0.95,"lower_bound":53.541994882394306,"upper_bound":233.07430090252362},"point_estimate":147.7480672866945,"standard_error":52.17502019955794}}