{"mean":{"confidence_interval":{"confidence_level":0.95,"lower_bound":24608.53906438648,"upper_bound":24676.72137980903},"point_estimate":24642.228124138288,"standard_error":17.332020166992887},"median":{"confidence_interval":{"confidence_level":0.95,"lower_bound":24629.060317460317,"upper_bound":24682.52497194164},"point_estimate":24659.642648287387,"standard_error":15.152019831735592},"median_abs_dev":{"confidence_interval":{"confidence_level":0.95,"lower_bound":71.74331045862266,"upper_bound":140.53709166451205},"point_estimate":90.08302444237543,"standard_error":17.57182421943953},"slope":{"confidence_interval":{"confidence_level":0.95,"lower_bound":24604.370286257174,"upper_bound":24672.33900018487},"point_estimate":24638.699077877936,"standard_error":17.356202736239045},"std_dev":{"confidence_interval":{"confidence_level":0.95,"lower_bound":128.49708670818677,"upper_bound":221.374419667175},"point_estimate":174.41692434390785,"standard_error":23.870029116370485}}