{"mean":{"confidence_interval":{"confidence_level":0.95,"lower_bound":6686.834218130744,"upper_bound":6712.263366916283},"point_estimate":6699.211078252739,"standard_error":6.467578565648221},"median":{"confidence_interval":{"confidence_level":0.95,"lower_bound":6684.944570358084,"upper_bound":6705.531176470588},"point_estimate":6693.395697674418,"standard_error":4.942969516973369},"median_abs_dev":{"confidence_interval":{"confidence_level":0.95,"lower_bound":41.012735046806995,"upper_bound":63.0991846463054},"point_estimate":52.16750397384136,"standard_error":5.577167883427192},"slope":{"confidence_interval":{"confidence_level":0.95,"lower_bound":6690.643928261112,"upper_bound":6709.56206127687},"point_estimate":6699.943541007832,"standard_error":4.826244182557221},"std_dev":{"confidence_interval":{"confidence_level":0.95,"lower_bound":50.9851427985974,"upper_bound":80.26049688970252},"point_estimate":65.12839474618616,"standard_error":7.627660365192409}}