{"mean":{"confidence_interval":{"confidence_level":0.95,"lower_bound":6560.885733037261,"upper_bound":6579.14063941207},"point_estimate":6569.542270341766,"standard_error":4.64595852649662},"median":{"confidence_interval":{"confidence_level":0.95,"lower_bound":6551.418284936479,"upper_bound":6567.921739130435},"point_estimate":6559.9322820037105,"standard_error":4.928691403282841},"median_abs_dev":{"confidence_interval":{"confidence_level":0.95,"lower_bound":25.38224828455279,"upper_bound":40.667516966306955},"point_estimate":36.83678889662968,"standard_error":3.7541130307881527},"slope":{"confidence_interval":{"confidence_level":0.95,"lower_bound":6551.331058934342,"upper_bound":6570.500296217433},"point_estimate":6559.8287784838185,"standard_error":4.913209526089414},"std_dev":{"confidence_interval":{"confidence_level":0.95,"lower_bound":33.745021808411465,"upper_bound":59.18194387541774},"point_estimate":46.59338925301651,"standard_error":6.601454031098297}}