{"mean":{"confidence_interval":{"confidence_level":0.95,"lower_bound":6716.994092748288,"upper_bound":6756.004329317956},"point_estimate":6736.0498598195545,"standard_error":9.942411928565459},"median":{"confidence_interval":{"confidence_level":0.95,"lower_bound":6704.685152057245,"upper_bound":6757.551282051282},"point_estimate":6731.35054945055,"standard_error":12.432433021650782},"median_abs_dev":{"confidence_interval":{"confidence_level":0.95,"lower_bound":72.8117288471941,"upper_bound":114.61861183773043},"point_estimate":90.77098931551413,"standard_error":10.433236887538008},"slope":{"confidence_interval":{"confidence_level":0.95,"lower_bound":6658.124814812974,"upper_bound":6701.556384387444},"point_estimate":6677.753764081345,"standard_error":11.11948239990143},"std_dev":{"confidence_interval":{"confidence_level":0.95,"lower_bound":80.5447762885644,"upper_bound":120.66862038353855},"point_estimate":100.19567354075876,"standard_error":10.376091603170453}}