{"mean":{"confidence_interval":{"confidence_level":0.95,"lower_bound":145996.6944973267,"upper_bound":146552.4324779714},"point_estimate":146268.32306026717,"standard_error":141.9723486785788},"median":{"confidence_interval":{"confidence_level":0.95,"lower_bound":145842.05651913874,"upper_bound":146376.1947257384},"point_estimate":146106.83329959514,"standard_error":130.15887836321468},"median_abs_dev":{"confidence_interval":{"confidence_level":0.95,"lower_bound":666.6501884072162,"upper_bound":1049.3115178957412},"point_estimate":829.2919878610476,"standard_error":96.7790441300885},"slope":{"confidence_interval":{"confidence_level":0.95,"lower_bound":146160.89169376774,"upper_bound":146628.33791629339},"point_estimate":146383.53848307964,"standard_error":118.97944174667664},"std_dev":{"confidence_interval":{"confidence_level":0.95,"lower_bound":1118.7396624465634,"upper_bound":1707.377433279351},"point_estimate":1435.2310087140022,"standard_error":150.0999405349096}}