{"mean":{"confidence_interval":{"confidence_level":0.95,"lower_bound":6681.586813531619,"upper_bound":6714.211432818989},"point_estimate":6697.392892118806,"standard_error":8.292641504319516},"median":{"confidence_interval":{"confidence_level":0.95,"lower_bound":6683.907323232323,"upper_bound":6713.199848053182},"point_estimate":6696.086477174849,"standard_error":8.054991664514265},"median_abs_dev":{"confidence_interval":{"confidence_level":0.95,"lower_bound":36.30752553723077,"upper_bound":63.470409183519656},"point_estimate":46.04092966164044,"standard_error":7.062618070605096},"slope":{"confidence_interval":{"confidence_level":0.95,"lower_bound":6705.776317084891,"upper_bound":6731.7919849114305},"point_estimate":6718.095799320231,"standard_error":6.668343720651685},"std_dev":{"confidence_interval":{"confidence_level":0.95,"lower_bound":59.87973869874722,"upper_bound":108.95812425485443},"point_estimate":83.19765325170586,"standard_error":13.066627270339843}}