{"mean":{"confidence_interval":{"confidence_level":0.95,"lower_bound":27875.067057570755,"upper_bound":27955.897125340416},"point_estimate":27905.126704413673,"standard_error":22.14732708688761},"median":{"confidence_interval":{"confidence_level":0.95,"lower_bound":27867.3231292517,"upper_bound":27883.341945288754},"point_estimate":27875.210566280566,"standard_error":4.382666256925442},"median_abs_dev":{"confidence_interval":{"confidence_level":0.95,"lower_bound":23.950521499129707,"upper_bound":40.674745636425776},"point_estimate":32.03222800274365,"standard_error":4.290629874517564},"slope":{"confidence_interval":{"confidence_level":0.95,"lower_bound":27879.68007503637,"upper_bound":27915.688190657704},"point_estimate":27894.526270345585,"standard_error":9.28475758701996},"std_dev":{"confidence_interval":{"confidence_level":0.95,"lower_bound":40.13272556669373,"upper_bound":370.3603404476711},"point_estimate":221.00838639101752,"standard_error":109.1550923762902}}