{"mean":{"confidence_interval":{"confidence_level":0.95,"lower_bound":31394.03627224547,"upper_bound":31419.75221873389},"point_estimate":31406.36215347845,"standard_error":6.55203443535572},"median":{"confidence_interval":{"confidence_level":0.95,"lower_bound":31380.912847891566,"upper_bound":31398.497655677656},"point_estimate":31390.932646791436,"standard_error":4.699065647755013},"median_abs_dev":{"confidence_interval":{"confidence_level":0.95,"lower_bound":32.483588205990785,"upper_bound":52.15546814318985},"point_estimate":43.97975563790269,"standard_error":5.250722390004816},"slope":{"confidence_interval":{"confidence_level":0.95,"lower_bound":31383.629394688498,"upper_bound":31401.81056755971},"point_estimate":31392.055885072517,"standard_error":4.641691819607174},"std_dev":{"confidence_interval":{"confidence_level":0.95,"lower_bound":49.97984542044194,"upper_bound":80.39785971559498},"point_estimate":65.82939630985518,"standard_error":7.7882768925911625}}