{"mean":{"confidence_interval":{"confidence_level":0.95,"lower_bound":31295.178893704462,"upper_bound":31341.944075989148},"point_estimate":31316.075353951994,"standard_error":11.951357055140173},"median":{"confidence_interval":{"confidence_level":0.95,"lower_bound":31288.42513227513,"upper_bound":31308.152130206923},"point_estimate":31301.417111459967,"standard_error":6.052807918590832},"median_abs_dev":{"confidence_interval":{"confidence_level":0.95,"lower_bound":41.48942954243637,"upper_bound":70.64982636274206},"point_estimate":58.59142126223756,"standard_error":7.769857079402385},"slope":{"confidence_interval":{"confidence_level":0.95,"lower_bound":31298.624033059423,"upper_bound":31323.221175974326},"point_estimate":31310.439933289705,"standard_error":6.2783332124956015},"std_dev":{"confidence_interval":{"confidence_level":0.95,"lower_bound":64.3369285890547,"upper_bound":176.88504115751084},"point_estimate":119.7680820892411,"standard_error":32.1453752598723}}