{"mean":{"confidence_interval":{"confidence_level":0.95,"lower_bound":33696.49301492349,"upper_bound":33727.48994043198},"point_estimate":33711.111941271105,"standard_error":7.906484136087171},"median":{"confidence_interval":{"confidence_level":0.95,"lower_bound":33682.92647058824,"upper_bound":33721.795454545456},"point_estimate":33704.68085106383,"standard_error":10.01905411516514},"median_abs_dev":{"confidence_interval":{"confidence_level":0.95,"lower_bound":44.81608186894401,"upper_bound":68.18385414391312},"point_estimate":56.90789287409551,"standard_error":5.861981378612953},"slope":{"confidence_interval":{"confidence_level":0.95,"lower_bound":33694.771830065874,"upper_bound":33716.68030661787},"point_estimate":33705.54691702379,"standard_error":5.583317090189504},"std_dev":{"confidence_interval":{"confidence_level":0.95,"lower_bound":54.9932818020904,"upper_bound":103.70112269320464},"point_estimate":79.33353355057388,"standard_error":12.686135777538652}}