{"mean":{"confidence_interval":{"confidence_level":0.95,"lower_bound":27495.711494353938,"upper_bound":27568.9685463563},"point_estimate":27530.42585794869,"standard_error":18.75916137673697},"median":{"confidence_interval":{"confidence_level":0.95,"lower_bound":27459.516873718025,"upper_bound":27486.675324675325},"point_estimate":27470.923361522197,"standard_error":6.588182506097952},"median_abs_dev":{"confidence_interval":{"confidence_level":0.95,"lower_bound":47.320553520623434,"upper_bound":93.91806677794618},"point_estimate":70.30970527177318,"standard_error":12.449574155582878},"slope":{"confidence_interval":{"confidence_level":0.95,"lower_bound":27539.581633158465,"upper_bound":27698.33516800778},"point_estimate":27618.651854588443,"standard_error":40.636393637783},"std_dev":{"confidence_interval":{"confidence_level":0.95,"lower_bound":133.68104858370307,"upper_bound":230.71414168225692},"point_estimate":188.20522814100076,"standard_error":24.760364761419737}}