{"mean":{"confidence_interval":{"confidence_level":0.95,"lower_bound":6665.430360708631,"upper_bound":6689.646977202524},"point_estimate":6677.72634933674,"standard_error":6.1846961822986675},"median":{"confidence_interval":{"confidence_level":0.95,"lower_bound":6674.884615384615,"upper_bound":6696.928571428572},"point_estimate":6690.735936443543,"standard_error":5.45210628311762},"median_abs_dev":{"confidence_interval":{"confidence_level":0.95,"lower_bound":32.071084577008406,"upper_bound":55.68773088873029},"point_estimate":40.00529269857716,"standard_error":6.264118134436481},"slope":{"confidence_interval":{"confidence_level":0.95,"lower_bound":6694.096455815195,"upper_bound":6712.083284301422},"point_estimate":6702.849129599527,"standard_error":4.590324654768127},"std_dev":{"confidence_interval":{"confidence_level":0.95,"lower_bound":52.50777581982805,"upper_bound":70.17280119874508},"point_estimate":62.08613174331834,"standard_error":4.5125734660096075}}