{"mean":{"confidence_interval":{"confidence_level":0.95,"lower_bound":6554.8763442397085,"upper_bound":6594.562012930407},"point_estimate":6572.703784645728,"standard_error":10.181630665758025},"median":{"confidence_interval":{"confidence_level":0.95,"lower_bound":6542.364864864865,"upper_bound":6559.659848484848},"point_estimate":6553.213541666666,"standard_error":4.2607573745456255},"median_abs_dev":{"confidence_interval":{"confidence_level":0.95,"lower_bound":28.883084116906037,"upper_bound":50.630357840968884},"point_estimate":40.257475586515966,"standard_error":5.477199878076774},"slope":{"confidence_interval":{"confidence_level":0.95,"lower_bound":6558.855778648118,"upper_bound":6598.312851440654},"point_estimate":6576.701451455593,"standard_error":10.08760647040184},"std_dev":{"confidence_interval":{"confidence_level":0.95,"lower_bound":56.41730880013665,"upper_bound":147.08602271434157},"point_estimate":102.09041668221646,"standard_error":24.77597852589681}}