{"mean":{"confidence_interval":{"confidence_level":0.95,"lower_bound":6555.888302289916,"upper_bound":6579.537914858041},"point_estimate":6566.7412885185495,"standard_error":6.063371903587377},"median":{"confidence_interval":{"confidence_level":0.95,"lower_bound":6551.572027027027,"upper_bound":6562.796428571429},"point_estimate":6555.339840283939,"standard_error":2.992641294715898},"median_abs_dev":{"confidence_interval":{"confidence_level":0.95,"lower_bound":22.325300200662493,"upper_bound":41.60432165164482},"point_estimate":30.415919819417766,"standard_error":5.011206725276939},"slope":{"confidence_interval":{"confidence_level":0.95,"lower_bound":6558.229511187995,"upper_bound":6585.84418873761},"point_estimate":6570.712242057041,"standard_error":7.079290242997296},"std_dev":{"confidence_interval":{"confidence_level":0.95,"lower_bound":34.39216204856836,"upper_bound":84.13729228357725},"point_estimate":61.10446786679403,"standard_error":12.796612253665785}}