{"mean":{"confidence_interval":{"confidence_level":0.95,"lower_bound":21810.060498743976,"upper_bound":21845.866595897267},"point_estimate":21826.832009931306,"standard_error":9.130295142321671},"median":{"confidence_interval":{"confidence_level":0.95,"lower_bound":21805.569273504276,"upper_bound":21816.03746246246},"point_estimate":21810.38727656405,"standard_error":2.6266274660947833},"median_abs_dev":{"confidence_interval":{"confidence_level":0.95,"lower_bound":28.741290136479712,"upper_bound":59.142588932619795},"point_estimate":44.927669353279065,"standard_error":8.292553155551296},"slope":{"confidence_interval":{"confidence_level":0.95,"lower_bound":21817.88924686773,"upper_bound":21854.622597071753},"point_estimate":21833.74907846904,"standard_error":9.385751691020507},"std_dev":{"confidence_interval":{"confidence_level":0.95,"lower_bound":59.203882605837855,"upper_bound":120.17167742399295},"point_estimate":91.62705876709208,"standard_error":15.57349462200569}}