{"mean":{"confidence_interval":{"confidence_level":0.95,"lower_bound":33815.557055158715,"upper_bound":34689.466979122735},"point_estimate":34230.49821169106,"standard_error":222.66594061260977},"median":{"confidence_interval":{"confidence_level":0.95,"lower_bound":33500.34750337382,"upper_bound":34175.09111111111},"point_estimate":33883.23049242425,"standard_error":141.6126637976438},"median_abs_dev":{"confidence_interval":{"confidence_level":0.95,"lower_bound":1105.1760008920257,"upper_bound":2159.8060631263684},"point_estimate":1537.0931412411805,"standard_error":287.200281609005},"slope":{"confidence_interval":{"confidence_level":0.95,"lower_bound":34115.133483586884,"upper_bound":35596.982964302755},"point_estimate":34800.70163686518,"standard_error":381.0813185110425},"std_dev":{"confidence_interval":{"confidence_level":0.95,"lower_bound":1656.6488225407165,"upper_bound":2851.766578210666},"point_estimate":2240.8828117001594,"standard_error":312.56630419311307}}